complexity,cost,feature_based_cost
12.0,0.0,0.0
12.0,0.281808,0.056361607142857144
11.0,0.247073,0.049414555117671
16.0,0.247073,0.098829110235342
12.0,0.615719,0.14051159540474562
16.0,0.247073,0.098829110235342
15.0,0.494146,0.197658220470684
11.0,0.247073,0.049414555117671
11.0,0.494146,0.098829110235342
12.0,0.615719,0.14051159540474562
12.0,0.218192,0.04363839285714286
11.0,0.5,0.1
13.0,0.565194,0.13302473161089146
13.0,0.565194,0.13302473161089146
9.0,0.994146,0.19882911023534203
12.0,0.0,0.028180803571428572
13.0,0.247073,0.12700991380677057
9.0,0.247073,0.07759535868909957
11.0,0.218192,0.07181919642857143
11.0,0.565194,0.16120553518232003
14.0,0.0,0.0
14.0,0.247073,0.049414555117671
12.0,0.247073,0.098829110235342
13.0,0.218192,0.04363839285714286
13.0,0.565194,0.13302473161089146
12.0,0.281808,0.08454241071428571
10.0,0.5,0.12818080357142858
11.0,0.0,0.0
11.0,0.281808,0.056361607142857144
14.0,0.247073,0.098829110235342
11.0,0.247073,0.049414555117671
11.0,0.615719,0.14051159540474562
12.0,0.247073,0.07759535868909957
10.0,0.494146,0.12700991380677057
15.0,0.247073,0.098829110235342
15.0,0.494146,0.197658220470684
12.0,0.615719,0.1686923989761742
13.0,0.0,0.0
12.0,0.281808,0.056361607142857144
13.0,0.247073,0.049414555117671
15.0,0.247073,0.098829110235342
13.0,0.615719,0.14051159540474562
14.0,0.247073,0.12700991380677057
15.0,0.494146,0.22583902404211256
14.0,0.247073,0.049414555117671
13.0,0.494146,0.098829110235342
9.0,0.615719,0.1686923989761742
12.0,0.218192,0.04363839285714286
10.0,0.5,0.1
12.0,0.565194,0.16120553518232003
13.0,0.565194,0.13302473161089146
9.0,0.994146,0.2270099138067706
14.0,0.0,0.0
12.0,0.247073,0.098829110235342
14.0,0.247073,0.049414555117671
13.0,0.218192,0.04363839285714286
13.0,0.565194,0.13302473161089146
15.0,0.0,0.0
12.0,0.218192,0.04363839285714286
14.0,0.0,0.0
12.0,0.247073,0.049414555117671
15.0,0.247073,0.098829110235342
15.0,0.0,0.0
14.0,0.247073,0.098829110235342
15.0,0.247073,0.049414555117671
14.0,0.218192,0.04363839285714286
13.0,0.565194,0.13302473161089146
11.0,0.0,0.028180803571428572
9.0,0.247073,0.07759535868909957
13.0,0.247073,0.12700991380677057
11.0,0.218192,0.07181919642857143
11.0,0.565194,0.16120553518232003
11.0,0.0,0.056361607142857144
9.0,0.218192,0.1
11.0,0.0,0.028180803571428572
12.0,0.247073,0.12700991380677057
10.0,0.247073,0.10577616226052813
13.0,0.0,0.028180803571428572
11.0,0.247073,0.07759535868909957
13.0,0.247073,0.15519071737819914
11.0,0.218192,0.07181919642857143
10.0,0.565194,0.1893863387537486
12.0,0.281808,0.08454241071428571
10.0,0.5,0.12818080357142858
11.0,0.281808,0.08454241071428571
13.0,0.281808,0.08454241071428571
11.0,0.5,0.12818080357142858
13.0,0.0,0.0
12.0,0.281808,0.056361607142857144
16.0,0.247073,0.098829110235342
13.0,0.247073,0.049414555117671
13.0,0.615719,0.14051159540474562
13.0,0.0,0.028180803571428572
11.0,0.247073,0.07759535868909957
15.0,0.0,0.0
14.0,0.247073,0.098829110235342
13.0,0.281808,0.08454241071428571
13.0,0.0,0.0
12.0,0.281808,0.056361607142857144
14.0,0.247073,0.12700991380677057
14.0,0.247073,0.049414555117671
11.0,0.615719,0.1686923989761742
14.0,0.247073,0.049414555117671
13.0,0.494146,0.098829110235342
15.0,0.247073,0.049414555117671
14.0,0.247073,0.049414555117671
14.0,0.494146,0.098829110235342
14.0,0.247073,0.12700991380677057
15.0,0.494146,0.22583902404211256
13.0,0.247073,0.15519071737819914
14.0,0.247073,0.12700991380677057
14.0,0.494146,0.25401982761354114
9.0,0.615719,0.1686923989761742
11.0,0.615719,0.1686923989761742
11.0,0.0,0.0
11.0,0.281808,0.056361607142857144
11.0,0.247073,0.049414555117671
14.0,0.247073,0.098829110235342
11.0,0.615719,0.14051159540474562
11.0,0.0,0.028180803571428572
12.0,0.247073,0.12700991380677057
14.0,0.0,0.0
12.0,0.247073,0.049414555117671
11.0,0.281808,0.08454241071428571
9.0,0.0,0.0
9.0,0.281808,0.056361607142857144
10.0,0.247073,0.07759535868909957
13.0,0.247073,0.098829110235342
10.0,0.615719,0.1686923989761742
15.0,0.247073,0.098829110235342
15.0,0.494146,0.197658220470684
15.0,0.247073,0.098829110235342
13.0,0.247073,0.098829110235342
11.0,0.494146,0.197658220470684
12.0,0.247073,0.07759535868909957
10.0,0.494146,0.12700991380677057
10.0,0.247073,0.10577616226052813
10.0,0.247073,0.07759535868909957
8.0,0.494146,0.15519071737819914
12.0,0.615719,0.1686923989761742
10.0,0.615719,0.1686923989761742
12.0,0.218192,0.04363839285714286
10.0,0.5,0.1
11.0,0.218192,0.07181919642857143
14.0,0.218192,0.04363839285714286
11.0,0.5,0.12818080357142858
13.0,0.565194,0.13302473161089146
13.0,0.565194,0.13302473161089146
12.0,0.565194,0.16120553518232003
10.0,0.565194,0.1893863387537486
9.0,0.994146,0.2270099138067706
12.0,0.281808,0.056361607142857144
11.0,0.563616,0.11272321428571429
11.0,0.528881,0.10577616226052813
13.0,0.528881,0.15519071737819914
10.0,0.897527,0.19687320254760277
13.0,0.528881,0.15519071737819914
12.0,0.775954,0.25401982761354114
11.0,0.528881,0.10577616226052813
9.0,0.775954,0.15519071737819914
10.0,0.897527,0.19687320254760277
10.0,0.5,0.1
9.0,0.781808,0.15636160714285716
10.0,0.847002,0.1893863387537486
10.0,0.847002,0.1893863387537486
7.0,1.275954,0.25519071737819915
13.0,0.281808,0.08454241071428571
13.0,0.528881,0.18337152094962772
11.0,0.528881,0.1339569658319567
10.0,0.5,0.12818080357142858
9.0,0.847002,0.21756714232517718
13.0,0.281808,0.08454241071428571
11.0,0.528881,0.1339569658319567
13.0,0.528881,0.18337152094962772
10.0,0.5,0.12818080357142858
9.0,0.847002,0.21756714232517718
9.0,0.563616,0.16908482142857142
7.0,0.781808,0.2127232142857143
12.0,0.281808,0.056361607142857144
10.0,0.563616,0.11272321428571429
14.0,0.528881,0.15519071737819914
11.0,0.528881,0.10577616226052813
11.0,0.897527,0.19687320254760277
12.0,0.528881,0.1339569658319567
10.0,0.775954,0.18337152094962772
13.0,0.528881,0.18337152094962772
13.0,0.775954,0.2822006311849697
9.0,0.897527,0.2532348096904599
12.0,0.281808,0.056361607142857144
10.0,0.563616,0.11272321428571429
11.0,0.528881,0.10577616226052813
14.0,0.528881,0.15519071737819914
11.0,0.897527,0.19687320254760277
13.0,0.528881,0.18337152094962772
13.0,0.775954,0.2822006311849697
12.0,0.528881,0.1339569658319567
10.0,0.775954,0.18337152094962772
9.0,0.897527,0.2532348096904599
8.0,0.5,0.1
7.0,0.781808,0.15636160714285716
9.0,0.847002,0.21756714232517718
9.0,0.847002,0.21756714232517718
7.0,1.275954,0.3115523245210563
12.0,0.0,0.0
14.0,0.247073,0.098829110235342
11.0,0.247073,0.049414555117671
11.0,0.218192,0.04363839285714286
12.0,0.565194,0.13302473161089146
14.0,0.0,0.0
13.0,0.218192,0.04363839285714286
11.0,0.0,0.0
9.0,0.247073,0.049414555117671
13.0,0.247073,0.098829110235342
12.0,0.0,0.0
14.0,0.247073,0.098829110235342
12.0,0.247073,0.049414555117671
11.0,0.218192,0.04363839285714286
11.0,0.565194,0.13302473161089146
11.0,0.0,0.028180803571428572
10.0,0.218192,0.07181919642857143
9.0,0.0,0.028180803571428572
12.0,0.0,0.028180803571428572
9.0,0.218192,0.07181919642857143
12.0,0.0,0.0
12.0,0.247073,0.049414555117671
14.0,0.0,0.0
12.0,0.0,0.0
13.0,0.247073,0.049414555117671
12.0,0.247073,0.12700991380677057
13.0,0.247073,0.12700991380677057
11.0,0.0,0.0
12.0,0.247073,0.098829110235342
12.0,0.0,0.0
8.0,0.0,0.0
11.0,0.247073,0.098829110235342
11.0,0.247073,0.07759535868909957
9.0,0.247073,0.07759535868909957
11.0,0.218192,0.04363839285714286
12.0,0.218192,0.04363839285714286
11.0,0.565194,0.16120553518232003
11.0,0.281808,0.056361607142857144
13.0,0.528881,0.15519071737819914
10.0,0.528881,0.10577616226052813
9.0,0.5,0.1
10.0,0.847002,0.1893863387537486
12.0,0.281808,0.08454241071428571
10.0,0.5,0.12818080357142858
11.0,0.281808,0.056361607142857144
9.0,0.528881,0.10577616226052813
11.0,0.528881,0.18337152094962772
11.0,0.281808,0.056361607142857144
12.0,0.528881,0.15519071737819914
11.0,0.528881,0.1339569658319567
7.0,0.5,0.1
8.0,0.847002,0.21756714232517718
16.0,0.0,0.0
14.0,0.247073,0.049414555117671
16.0,0.247073,0.098829110235342
14.0,0.218192,0.04363839285714286
14.0,0.565194,0.13302473161089146
14.0,0.0,0.028180803571428572
13.0,0.218192,0.07181919642857143
14.0,0.0,0.0
14.0,0.247073,0.098829110235342
14.0,0.247073,0.07759535868909957
14.0,0.0,0.0
14.0,0.247073,0.049414555117671
15.0,0.247073,0.12700991380677057
13.0,0.218192,0.04363839285714286
13.0,0.565194,0.16120553518232003
16.0,0.0,0.0
14.0,0.218192,0.04363839285714286
14.0,0.0,0.0
15.0,0.0,0.0
13.0,0.218192,0.04363839285714286
14.0,0.0,0.0
15.0,0.247073,0.098829110235342
14.0,0.0,0.028180803571428572
14.0,0.0,0.0
15.0,0.247073,0.12700991380677057
15.0,0.247073,0.049414555117671
15.0,0.247073,0.049414555117671
14.0,0.0,0.0
13.0,0.247073,0.049414555117671
13.0,0.0,0.028180803571428572
12.0,0.0,0.0
13.0,0.247073,0.07759535868909957
16.0,0.247073,0.098829110235342
14.0,0.247073,0.098829110235342
13.0,0.218192,0.04363839285714286
12.0,0.218192,0.07181919642857143
14.0,0.565194,0.13302473161089146
14.0,0.281808,0.056361607142857144
12.0,0.528881,0.10577616226052813
14.0,0.528881,0.15519071737819914
12.0,0.5,0.1
12.0,0.847002,0.1893863387537486
14.0,0.281808,0.08454241071428571
12.0,0.5,0.12818080357142858
13.0,0.281808,0.056361607142857144
13.0,0.528881,0.15519071737819914
13.0,0.528881,0.1339569658319567
13.0,0.281808,0.056361607142857144
12.0,0.528881,0.10577616226052813
14.0,0.528881,0.18337152094962772
10.0,0.5,0.1
10.0,0.847002,0.21756714232517718
12.0,0.281808,0.056361607142857144
11.0,0.5,0.1
11.0,0.281808,0.056361607142857144
12.0,0.281808,0.056361607142857144
9.0,0.5,0.1
12.0,0.281808,0.056361607142857144
12.0,0.281808,0.056361607142857144
11.0,0.281808,0.056361607142857144
9.0,0.281808,0.056361607142857144
11.0,0.5,0.1
11.0,0.563616,0.11272321428571429
9.0,0.781808,0.15636160714285716
9.0,0.563616,0.11272321428571429
11.0,0.563616,0.11272321428571429
7.0,0.781808,0.15636160714285716
11.0,0.0,0.02181919642857143
11.0,0.281808,0.07818080357142858
14.0,0.247073,0.12064830666391342
10.0,0.247073,0.07123375154624242
11.0,0.615719,0.16233079183331706
10.0,0.0,0.05
8.0,0.247073,0.099414555117671
14.0,0.0,0.02181919642857143
12.0,0.247073,0.12064830666391342
11.0,0.281808,0.10636160714285714
13.0,0.0,0.02181919642857143
12.0,0.281808,0.07818080357142858
13.0,0.247073,0.148829110235342
13.0,0.247073,0.07123375154624242
8.0,0.615719,0.1905115954047456
13.0,0.0,0.02181919642857143
12.0,0.247073,0.07123375154624242
13.0,0.0,0.02181919642857143
14.0,0.0,0.02181919642857143
14.0,0.247073,0.07123375154624242
11.0,0.0,0.05
12.0,0.247073,0.148829110235342
9.0,0.0,0.07818080357142858
12.0,0.0,0.05
11.0,0.247073,0.17700991380677056
10.0,0.281808,0.10636160714285714
12.0,0.281808,0.10636160714285714
11.0,0.0,0.02181919642857143
10.0,0.281808,0.07818080357142858
9.0,0.0,0.05
13.0,0.0,0.02181919642857143
9.0,0.281808,0.10636160714285714
14.0,0.247073,0.12064830666391342
14.0,0.247073,0.12064830666391342
11.0,0.247073,0.099414555117671
9.0,0.247073,0.12759535868909958
11.0,0.615719,0.1905115954047456
11.0,0.281808,0.07818080357142858
9.0,0.563616,0.13454241071428572
12.0,0.528881,0.17700991380677059
10.0,0.528881,0.12759535868909958
9.0,0.897527,0.2186923989761742
11.0,0.281808,0.10636160714285714
9.0,0.528881,0.15577616226052815
11.0,0.281808,0.10636160714285714
12.0,0.528881,0.20519071737819916
7.0,0.563616,0.19090401785714287
11.0,0.281808,0.07818080357142858
10.0,0.563616,0.13454241071428572
11.0,0.528881,0.20519071737819916
11.0,0.528881,0.15577616226052815
8.0,0.897527,0.27505400611903136
12.0,0.247073,0.07123375154624242
11.0,0.494146,0.12064830666391342
14.0,0.247073,0.07123375154624242
13.0,0.247073,0.07123375154624242
13.0,0.494146,0.12064830666391342
10.0,0.247073,0.099414555117671
12.0,0.247073,0.099414555117671
11.0,0.247073,0.07123375154624242
13.0,0.247073,0.07123375154624242
11.0,0.494146,0.148829110235342
12.0,0.528881,0.12759535868909958
10.0,0.775954,0.17700991380677059
11.0,0.528881,0.15577616226052815
11.0,0.528881,0.12759535868909958
11.0,0.775954,0.20519071737819916
15.0,0.247073,0.12064830666391342
15.0,0.494146,0.21947741689925543
13.0,0.247073,0.148829110235342
15.0,0.247073,0.12064830666391342
14.0,0.494146,0.24765822047068398
15.0,0.247073,0.12064830666391342
16.0,0.247073,0.12064830666391342
14.0,0.247073,0.12064830666391342
12.0,0.247073,0.148829110235342
14.0,0.494146,0.21947741689925543
14.0,0.528881,0.17700991380677059
14.0,0.775954,0.2758390240421126
12.0,0.528881,0.20519071737819916
13.0,0.528881,0.17700991380677059
12.0,0.775954,0.3040198276135411
12.0,0.615719,0.16233079183331706
13.0,0.615719,0.16233079183331706
11.0,0.615719,0.16233079183331706
11.0,0.897527,0.2186923989761742
11.0,0.897527,0.2186923989761742
14.0,0.0,0.0
13.0,0.281808,0.056361607142857144
14.0,0.247073,0.049414555117671
16.0,0.247073,0.098829110235342
14.0,0.615719,0.14051159540474562
13.0,0.0,0.028180803571428572
13.0,0.247073,0.12700991380677057
14.0,0.0,0.0
13.0,0.247073,0.049414555117671
12.0,0.281808,0.08454241071428571
14.0,0.0,0.0
13.0,0.281808,0.056361607142857144
13.0,0.247073,0.07759535868909957
15.0,0.247073,0.098829110235342
13.0,0.615719,0.1686923989761742
14.0,0.0,0.0
12.0,0.247073,0.098829110235342
14.0,0.0,0.0
12.0,0.0,0.0
15.0,0.247073,0.098829110235342
14.0,0.0,0.028180803571428572
12.0,0.247073,0.07759535868909957
12.0,0.0,0.056361607142857144
13.0,0.0,0.028180803571428572
12.0,0.247073,0.10577616226052813
13.0,0.281808,0.08454241071428571
12.0,0.281808,0.08454241071428571
16.0,0.0,0.0
14.0,0.281808,0.056361607142857144
14.0,0.0,0.028180803571428572
15.0,0.0,0.0
13.0,0.281808,0.08454241071428571
15.0,0.247073,0.049414555117671
15.0,0.247073,0.049414555117671
16.0,0.247073,0.12700991380677057
14.0,0.247073,0.15519071737819914
12.0,0.615719,0.1686923989761742
13.0,0.281808,0.056361607142857144
12.0,0.563616,0.11272321428571429
13.0,0.528881,0.10577616226052813
13.0,0.528881,0.15519071737819914
12.0,0.897527,0.19687320254760277
13.0,0.281808,0.08454241071428571
12.0,0.528881,0.18337152094962772
13.0,0.281808,0.08454241071428571
12.0,0.528881,0.1339569658319567
10.0,0.563616,0.16908482142857142
14.0,0.281808,0.056361607142857144
13.0,0.563616,0.11272321428571429
13.0,0.528881,0.1339569658319567
14.0,0.528881,0.18337152094962772
10.0,0.897527,0.2532348096904599
15.0,0.247073,0.098829110235342
15.0,0.494146,0.197658220470684
15.0,0.247073,0.098829110235342
13.0,0.247073,0.098829110235342
14.0,0.494146,0.197658220470684
14.0,0.247073,0.12700991380677057
12.0,0.247073,0.12700991380677057
15.0,0.247073,0.098829110235342
16.0,0.247073,0.098829110235342
14.0,0.494146,0.22583902404211256
14.0,0.528881,0.15519071737819914
13.0,0.775954,0.25401982761354114
13.0,0.528881,0.18337152094962772
13.0,0.528881,0.15519071737819914
11.0,0.775954,0.2822006311849697
15.0,0.247073,0.049414555117671
13.0,0.494146,0.098829110235342
13.0,0.247073,0.07759535868909957
14.0,0.247073,0.049414555117671
13.0,0.494146,0.12700991380677057
15.0,0.247073,0.049414555117671
14.0,0.247073,0.049414555117671
15.0,0.247073,0.049414555117671
14.0,0.247073,0.07759535868909957
15.0,0.494146,0.098829110235342
14.0,0.528881,0.10577616226052813
12.0,0.775954,0.15519071737819914
13.0,0.528881,0.1339569658319567
13.0,0.528881,0.10577616226052813
12.0,0.775954,0.18337152094962772
12.0,0.615719,0.14051159540474562
11.0,0.615719,0.14051159540474562
13.0,0.615719,0.14051159540474562
11.0,0.897527,0.19687320254760277
11.0,0.897527,0.19687320254760277
13.0,0.218192,0.0654575892857143
11.0,0.5,0.12181919642857143
11.0,0.218192,0.09363839285714287
13.0,0.218192,0.0654575892857143
9.0,0.5,0.15000000000000002
13.0,0.218192,0.0654575892857143
12.0,0.218192,0.0654575892857143
11.0,0.218192,0.09363839285714287
9.0,0.218192,0.12181919642857145
11.0,0.5,0.15000000000000002
10.0,0.5,0.12181919642857143
9.0,0.781808,0.1781808035714286
9.0,0.5,0.15000000000000002
11.0,0.5,0.15000000000000002
7.0,0.781808,0.23454241071428572
13.0,0.565194,0.1548439280394629
13.0,0.565194,0.1548439280394629
11.0,0.565194,0.18302473161089144
10.0,0.847002,0.21120553518232005
10.0,0.847002,0.2393863387537486
12.0,0.565194,0.1548439280394629
10.0,0.565194,0.18302473161089144
14.0,0.565194,0.1548439280394629
11.0,0.847002,0.21120553518232005
10.0,0.847002,0.2393863387537486
10.0,0.994146,0.22064830666391347
8.0,1.275954,0.2770099138067706
11.0,0.247073,0.049414555117671
11.0,0.528881,0.10577616226052813
10.0,0.494146,0.098829110235342
14.0,0.494146,0.14824366535301298
11.0,0.862792,0.18992615052241663
14.0,0.494146,0.14824366535301298
14.0,0.741218,0.247072775588355
11.0,0.494146,0.098829110235342
9.0,0.741218,0.14824366535301298
10.0,0.862792,0.18992615052241663
11.0,0.465265,0.09305294797481387
9.0,0.747073,0.149414555117671
11.0,0.812267,0.18243928672856247
11.0,0.812267,0.18243928672856247
7.0,1.241218,0.248243665353013
14.0,0.247073,0.049414555117671
12.0,0.494146,0.14824366535301298
12.0,0.494146,0.098829110235342
13.0,0.465265,0.09305294797481387
12.0,0.812267,0.18243928672856247
10.0,0.247073,0.07759535868909957
8.0,0.494146,0.12700991380677057
12.0,0.494146,0.17642446892444155
10.0,0.465265,0.12123375154624244
9.0,0.812267,0.21062009029999104
11.0,0.528881,0.1339569658319567
9.0,0.747073,0.17759535868909956
13.0,0.247073,0.049414555117671
12.0,0.528881,0.10577616226052813
14.0,0.494146,0.14824366535301298
12.0,0.494146,0.098829110235342
12.0,0.862792,0.18992615052241663
13.0,0.494146,0.098829110235342
11.0,0.741218,0.14824366535301298
13.0,0.494146,0.17642446892444155
14.0,0.741218,0.27525357915978355
8.0,0.862792,0.2181069540938452
11.0,0.247073,0.049414555117671
10.0,0.528881,0.10577616226052813
9.0,0.494146,0.098829110235342
13.0,0.494146,0.14824366535301298
9.0,0.862792,0.18992615052241663
14.0,0.494146,0.14824366535301298
14.0,0.741218,0.247072775588355
11.0,0.494146,0.12700991380677057
9.0,0.741218,0.17642446892444155
11.0,0.862792,0.2181069540938452
11.0,0.465265,0.09305294797481387
10.0,0.747073,0.149414555117671
11.0,0.812267,0.18243928672856247
11.0,0.812267,0.21062009029999104
8.0,1.241218,0.27642446892444156
12.0,0.247073,0.07759535868909957
14.0,0.494146,0.17642446892444155
10.0,0.494146,0.12700991380677057
12.0,0.465265,0.12123375154624244
11.0,0.812267,0.21062009029999104
11.0,0.247073,0.10577616226052813
10.0,0.465265,0.14941455511767102
13.0,0.247073,0.07759535868909957
12.0,0.494146,0.12700991380677057
13.0,0.494146,0.20460527249587013
11.0,0.247073,0.07759535868909957
13.0,0.494146,0.17642446892444155
11.0,0.494146,0.15519071737819914
11.0,0.465265,0.12123375154624244
11.0,0.812267,0.23880089387141962
15.0,0.247073,0.049414555117671
13.0,0.494146,0.098829110235342
15.0,0.494146,0.14824366535301298
14.0,0.465265,0.09305294797481387
12.0,0.812267,0.18243928672856247
15.0,0.247073,0.049414555117671
14.0,0.465265,0.09305294797481387
15.0,0.247073,0.049414555117671
16.0,0.494146,0.14824366535301298
14.0,0.494146,0.098829110235342
14.0,0.247073,0.049414555117671
12.0,0.494146,0.098829110235342
14.0,0.494146,0.14824366535301298
13.0,0.465265,0.09305294797481387
12.0,0.812267,0.18243928672856247
12.0,0.528881,0.1339569658319567
11.0,0.747073,0.17759535868909956
13.0,0.528881,0.1339569658319567
11.0,0.528881,0.1339569658319567
11.0,0.747073,0.17759535868909956
12.0,0.247073,0.07123375154624242
11.0,0.528881,0.12759535868909958
13.0,0.494146,0.17006286178158442
11.0,0.494146,0.12064830666391342
10.0,0.862792,0.21174534695098807
13.0,0.247073,0.07123375154624242
12.0,0.494146,0.12064830666391342
11.0,0.247073,0.099414555117671
12.0,0.494146,0.19824366535301297
10.0,0.528881,0.15577616226052815
10.0,0.247073,0.07123375154624242
10.0,0.528881,0.12759535868909958
13.0,0.494146,0.17006286178158442
11.0,0.494146,0.148829110235342
10.0,0.862792,0.23992615052241661
9.0,0.494146,0.148829110235342
7.0,0.741218,0.19824366535301297
7.0,0.494146,0.17700991380677056
7.0,0.494146,0.148829110235342
7.0,0.741218,0.22642446892444157
10.0,0.862792,0.23992615052241661
8.0,0.862792,0.23992615052241661
14.0,0.247073,0.049414555117671
13.0,0.528881,0.10577616226052813
13.0,0.494146,0.098829110235342
16.0,0.494146,0.14824366535301298
13.0,0.862792,0.18992615052241663
15.0,0.247073,0.049414555117671
12.0,0.494146,0.14824366535301298
13.0,0.247073,0.07759535868909957
11.0,0.494146,0.12700991380677057
14.0,0.528881,0.1339569658319567
14.0,0.247073,0.049414555117671
13.0,0.528881,0.10577616226052813
12.0,0.494146,0.098829110235342
13.0,0.494146,0.17642446892444155
11.0,0.862792,0.2181069540938452
13.0,0.494146,0.098829110235342
11.0,0.741218,0.14824366535301298
13.0,0.494146,0.098829110235342
13.0,0.494146,0.098829110235342
13.0,0.741218,0.14824366535301298
11.0,0.862792,0.2181069540938452
12.0,0.862792,0.2181069540938452
12.0,0.465265,0.11487214440338529
10.0,0.747073,0.17123375154624243
13.0,0.465265,0.11487214440338529
11.0,0.465265,0.14305294797481388
10.0,0.747073,0.19941455511767098
10.0,0.812267,0.23243928672856246
8.0,0.812267,0.26062009029999106
13.0,0.812267,0.2042584831571339
13.0,0.812267,0.2042584831571339
7.0,1.241218,0.298243665353013
16.0,0.247073,0.098829110235342
13.0,0.528881,0.15519071737819914
14.0,0.494146,0.14824366535301298
14.0,0.494146,0.197658220470684
12.0,0.862792,0.2393407056400876
14.0,0.494146,0.197658220470684
14.0,0.741218,0.29648733070602595
14.0,0.494146,0.14824366535301298
12.0,0.741218,0.197658220470684
13.0,0.862792,0.2393407056400876
13.0,0.465265,0.14246750309248485
12.0,0.747073,0.198829110235342
13.0,0.812267,0.23185384184623345
13.0,0.812267,0.23185384184623345
10.0,1.241218,0.297658220470684
14.0,0.247073,0.12700991380677057
13.0,0.494146,0.22583902404211256
12.0,0.494146,0.17642446892444155
12.0,0.465265,0.17064830666391342
12.0,0.812267,0.260034645417662
16.0,0.247073,0.098829110235342
14.0,0.494146,0.14824366535301298
14.0,0.494146,0.197658220470684
14.0,0.465265,0.14246750309248485
12.0,0.812267,0.23185384184623345
14.0,0.528881,0.18337152094962772
12.0,0.747073,0.22700991380677057
14.0,0.247073,0.098829110235342
13.0,0.528881,0.15519071737819914
13.0,0.494146,0.197658220470684
13.0,0.494146,0.14824366535301298
12.0,0.862792,0.2393407056400876
13.0,0.494146,0.17642446892444155
12.0,0.741218,0.22583902404211256
15.0,0.494146,0.197658220470684
15.0,0.741218,0.29648733070602595
13.0,0.862792,0.2675215092115162
16.0,0.247073,0.098829110235342
14.0,0.528881,0.15519071737819914
14.0,0.494146,0.14824366535301298
15.0,0.494146,0.197658220470684
13.0,0.862792,0.2393407056400876
15.0,0.494146,0.22583902404211256
15.0,0.741218,0.3246681342774545
16.0,0.494146,0.14824366535301298
14.0,0.741218,0.197658220470684
12.0,0.862792,0.2675215092115162
14.0,0.465265,0.14246750309248485
13.0,0.747073,0.198829110235342
13.0,0.812267,0.260034645417662
14.0,0.812267,0.23185384184623345
10.0,1.241218,0.32583902404211257
15.0,0.247073,0.098829110235342
15.0,0.494146,0.197658220470684
14.0,0.494146,0.14824366535301298
14.0,0.465265,0.14246750309248485
13.0,0.812267,0.23185384184623345
15.0,0.247073,0.098829110235342
13.0,0.465265,0.14246750309248485
13.0,0.247073,0.098829110235342
12.0,0.494146,0.14824366535301298
14.0,0.494146,0.197658220470684
15.0,0.247073,0.098829110235342
16.0,0.494146,0.197658220470684
14.0,0.494146,0.14824366535301298
13.0,0.465265,0.14246750309248485
11.0,0.812267,0.23185384184623345
15.0,0.247073,0.12700991380677057
13.0,0.494146,0.17642446892444155
15.0,0.494146,0.22583902404211256
14.0,0.465265,0.17064830666391342
13.0,0.812267,0.260034645417662
13.0,0.247073,0.15519071737819914
12.0,0.465265,0.198829110235342
14.0,0.247073,0.12700991380677057
14.0,0.494146,0.22583902404211256
13.0,0.494146,0.20460527249587013
15.0,0.247073,0.12700991380677057
14.0,0.494146,0.17642446892444155
15.0,0.494146,0.25401982761354114
13.0,0.465265,0.17064830666391342
12.0,0.812267,0.2882154489890906
12.0,0.528881,0.18337152094962772
11.0,0.747073,0.22700991380677057
11.0,0.528881,0.18337152094962772
13.0,0.528881,0.18337152094962772
11.0,0.747073,0.22700991380677057
14.0,0.247073,0.12064830666391342
13.0,0.528881,0.17700991380677059
15.0,0.494146,0.21947741689925543
13.0,0.494146,0.17006286178158442
14.0,0.862792,0.261159902068659
13.0,0.247073,0.148829110235342
11.0,0.494146,0.19824366535301297
16.0,0.247073,0.12064830666391342
12.0,0.494146,0.21947741689925543
13.0,0.528881,0.20519071737819916
14.0,0.247073,0.12064830666391342
13.0,0.528881,0.17700991380677059
12.0,0.494146,0.24765822047068398
13.0,0.494146,0.17006286178158442
11.0,0.862792,0.2893407056400876
13.0,0.494146,0.24765822047068398
13.0,0.741218,0.34648733070602594
11.0,0.494146,0.2758390240421126
13.0,0.494146,0.24765822047068398
13.0,0.741218,0.37466813427745455
11.0,0.862792,0.2893407056400876
12.0,0.862792,0.2893407056400876
15.0,0.247073,0.098829110235342
14.0,0.528881,0.15519071737819914
14.0,0.494146,0.14824366535301298
15.0,0.494146,0.197658220470684
12.0,0.862792,0.2393407056400876
14.0,0.247073,0.12700991380677057
14.0,0.494146,0.22583902404211256
15.0,0.247073,0.098829110235342
14.0,0.494146,0.14824366535301298
12.0,0.528881,0.18337152094962772
13.0,0.247073,0.098829110235342
12.0,0.528881,0.15519071737819914
13.0,0.494146,0.17642446892444155
14.0,0.494146,0.197658220470684
11.0,0.862792,0.2675215092115162
13.0,0.494146,0.197658220470684
11.0,0.741218,0.29648733070602595
11.0,0.494146,0.197658220470684
10.0,0.494146,0.197658220470684
12.0,0.741218,0.29648733070602595
13.0,0.862792,0.2675215092115162
11.0,0.862792,0.2675215092115162
13.0,0.465265,0.1642866995210563
11.0,0.747073,0.22064830666391344
11.0,0.465265,0.19246750309248484
14.0,0.465265,0.1642866995210563
11.0,0.747073,0.248829110235342
13.0,0.812267,0.25367303827480486
12.0,0.812267,0.25367303827480486
13.0,0.812267,0.28185384184623347
11.0,0.812267,0.310034645417662
13.0,0.615719,0.14051159540474562
11.0,0.897527,0.19687320254760277
11.0,0.862792,0.18992615052241663
13.0,0.862792,0.2393407056400876
9.0,1.231439,0.28102319080949123
13.0,0.862792,0.2393407056400876
12.0,1.109865,0.3381698158754296
11.0,0.862792,0.18992615052241663
9.0,1.109865,0.2393407056400876
11.0,1.231439,0.28102319080949123
10.0,0.833911,0.18414998826188847
9.0,1.115719,0.24051159540474562
9.0,1.180914,0.27353632701563707
11.0,1.180914,0.27353632701563707
7.0,1.609865,0.33934070564008767
13.0,0.615719,0.1686923989761742
14.0,0.862792,0.2675215092115162
11.0,0.862792,0.2181069540938452
10.0,0.833911,0.21233079183331705
10.0,1.180914,0.3017171305870656
12.0,0.615719,0.1686923989761742
10.0,0.862792,0.2181069540938452
14.0,0.862792,0.2675215092115162
11.0,0.833911,0.21233079183331705
10.0,1.180914,0.3017171305870656
10.0,0.897527,0.2532348096904599
8.0,1.115719,0.29687320254760274
12.0,0.615719,0.16233079183331706
10.0,0.897527,0.2186923989761742
13.0,0.862792,0.261159902068659
11.0,0.862792,0.21174534695098807
10.0,1.231439,0.30284238723806267
10.0,0.862792,0.23992615052241661
8.0,1.109865,0.2893407056400876
13.0,0.862792,0.2893407056400876
13.0,1.109865,0.3881698158754296
7.0,1.231439,0.3592039943809198
13.0,0.615719,0.14051159540474562
11.0,0.897527,0.19687320254760277
11.0,0.862792,0.18992615052241663
14.0,0.862792,0.2393407056400876
11.0,1.231439,0.28102319080949123
13.0,0.862792,0.2675215092115162
12.0,1.109865,0.36635061944685815
13.0,0.862792,0.2181069540938452
11.0,1.109865,0.2675215092115162
9.0,0.833911,0.2059691846904599
8.0,1.115719,0.26233079183331703
7.0,1.180914,0.32353632701563706
7.0,1.609865,0.41752150921151626
16.0,0.0,0.0
16.0,0.247073,0.098829110235342
14.0,0.247073,0.049414555117671
14.0,0.218192,0.04363839285714286
14.0,0.565194,0.13302473161089146
15.0,0.0,0.0
14.0,0.218192,0.04363839285714286
14.0,0.0,0.0
13.0,0.247073,0.049414555117671
16.0,0.247073,0.098829110235342
14.0,0.0,0.0
15.0,0.247073,0.098829110235342
15.0,0.247073,0.049414555117671
13.0,0.218192,0.04363839285714286
14.0,0.565194,0.13302473161089146
14.0,0.0,0.028180803571428572
13.0,0.218192,0.07181919642857143
13.0,0.0,0.028180803571428572
14.0,0.0,0.028180803571428572
12.0,0.218192,0.07181919642857143
14.0,0.0,0.0
14.0,0.247073,0.049414555117671
15.0,0.0,0.0
14.0,0.0,0.0
15.0,0.247073,0.049414555117671
15.0,0.247073,0.12700991380677057
15.0,0.247073,0.12700991380677057
14.0,0.0,0.0
14.0,0.247073,0.098829110235342
14.0,0.0,0.0
12.0,0.0,0.0
14.0,0.247073,0.098829110235342
14.0,0.247073,0.07759535868909957
13.0,0.247073,0.07759535868909957
13.0,0.218192,0.04363839285714286
13.0,0.218192,0.04363839285714286
13.0,0.565194,0.16120553518232003
14.0,0.281808,0.056361607142857144
14.0,0.528881,0.15519071737819914
12.0,0.528881,0.10577616226052813
12.0,0.5,0.1
12.0,0.847002,0.1893863387537486
14.0,0.281808,0.08454241071428571
12.0,0.5,0.12818080357142858
13.0,0.281808,0.056361607142857144
12.0,0.528881,0.10577616226052813
14.0,0.528881,0.18337152094962772
13.0,0.281808,0.056361607142857144
13.0,0.528881,0.15519071737819914
13.0,0.528881,0.1339569658319567
10.0,0.5,0.1
10.0,0.847002,0.21756714232517718
12.0,0.0,0.0
11.0,0.218192,0.04363839285714286
12.0,0.0,0.0
12.0,0.0,0.0
11.0,0.218192,0.04363839285714286
12.0,0.0,0.0
12.0,0.0,0.0
12.0,0.0,0.0
10.0,0.0,0.0
11.0,0.218192,0.04363839285714286
11.0,0.281808,0.056361607142857144
10.0,0.5,0.1
11.0,0.281808,0.056361607142857144
11.0,0.281808,0.056361607142857144
8.0,0.5,0.1
14.0,0.0,0.02181919642857143
12.0,0.247073,0.07123375154624242
14.0,0.0,0.02181919642857143
14.0,0.0,0.02181919642857143
13.0,0.247073,0.07123375154624242
13.0,0.0,0.05
13.0,0.0,0.05
13.0,0.0,0.02181919642857143
13.0,0.0,0.02181919642857143
13.0,0.247073,0.099414555117671
13.0,0.281808,0.07818080357142858
11.0,0.528881,0.12759535868909958
12.0,0.281808,0.10636160714285714
12.0,0.281808,0.07818080357142858
11.0,0.528881,0.15577616226052815
15.0,0.247073,0.12064830666391342
15.0,0.247073,0.12064830666391342
13.0,0.247073,0.12064830666391342
13.0,0.528881,0.17700991380677059
12.0,0.528881,0.17700991380677059
16.0,0.0,0.0
17.0,0.247073,0.098829110235342
14.0,0.0,0.0
14.0,0.0,0.0
15.0,0.247073,0.098829110235342
14.0,0.0,0.028180803571428572
13.0,0.0,0.028180803571428572
15.0,0.0,0.0
15.0,0.0,0.0
15.0,0.247073,0.12700991380677057
14.0,0.281808,0.056361607142857144
15.0,0.528881,0.15519071737819914
13.0,0.281808,0.08454241071428571
13.0,0.281808,0.056361607142857144
13.0,0.528881,0.18337152094962772
15.0,0.247073,0.049414555117671
13.0,0.247073,0.049414555117671
15.0,0.247073,0.049414555117671
13.0,0.528881,0.10577616226052813
12.0,0.528881,0.10577616226052813
14.0,0.218192,0.0654575892857143
13.0,0.218192,0.0654575892857143
12.0,0.218192,0.09363839285714287
12.0,0.5,0.12181919642857143
10.0,0.5,0.15000000000000002
11.0,0.565194,0.1548439280394629
10.0,0.847002,0.21120553518232005
14.0,0.247073,0.049414555117671
15.0,0.494146,0.14824366535301298
13.0,0.494146,0.098829110235342
12.0,0.465265,0.09305294797481387
12.0,0.812267,0.18243928672856247
12.0,0.247073,0.07759535868909957
11.0,0.465265,0.12123375154624244
14.0,0.247073,0.049414555117671
13.0,0.494146,0.098829110235342
13.0,0.494146,0.17642446892444155
13.0,0.247073,0.049414555117671
13.0,0.494146,0.14824366535301298
13.0,0.494146,0.12700991380677057
12.0,0.465265,0.09305294797481387
11.0,0.812267,0.21062009029999104
15.0,0.247073,0.049414555117671
13.0,0.465265,0.09305294797481387
15.0,0.247073,0.049414555117671
13.0,0.247073,0.049414555117671
12.0,0.465265,0.09305294797481387
14.0,0.247073,0.07123375154624242
13.0,0.494146,0.12064830666391342
13.0,0.247073,0.099414555117671
13.0,0.247073,0.07123375154624242
12.0,0.494146,0.148829110235342
15.0,0.247073,0.049414555117671
15.0,0.494146,0.14824366535301298
13.0,0.247073,0.07759535868909957
15.0,0.247073,0.049414555117671
13.0,0.494146,0.17642446892444155
12.0,0.494146,0.098829110235342
12.0,0.494146,0.098829110235342
13.0,0.465265,0.11487214440338529
11.0,0.465265,0.14305294797481388
12.0,0.812267,0.2042584831571339
16.0,0.247073,0.098829110235342
14.0,0.494146,0.197658220470684
14.0,0.494146,0.14824366535301298
14.0,0.465265,0.14246750309248485
13.0,0.812267,0.23185384184623345
16.0,0.247073,0.098829110235342
15.0,0.465265,0.14246750309248485
14.0,0.247073,0.098829110235342
13.0,0.494146,0.14824366535301298
15.0,0.494146,0.197658220470684
15.0,0.247073,0.098829110235342
15.0,0.494146,0.197658220470684
15.0,0.494146,0.14824366535301298
13.0,0.465265,0.14246750309248485
13.0,0.812267,0.23185384184623345
15.0,0.247073,0.12700991380677057
13.0,0.465265,0.17064830666391342
13.0,0.247073,0.12700991380677057
15.0,0.247073,0.12700991380677057
12.0,0.465265,0.17064830666391342
15.0,0.247073,0.12064830666391342
13.0,0.494146,0.17006286178158442
15.0,0.247073,0.12064830666391342
15.0,0.247073,0.12064830666391342
13.0,0.494146,0.17006286178158442
12.0,0.494146,0.24765822047068398
12.0,0.494146,0.24765822047068398
16.0,0.247073,0.098829110235342
15.0,0.494146,0.197658220470684
15.0,0.247073,0.098829110235342
14.0,0.247073,0.098829110235342
14.0,0.494146,0.197658220470684
14.0,0.465265,0.1642866995210563
13.0,0.465265,0.1642866995210563
12.0,0.812267,0.28185384184623347
14.0,0.615719,0.14051159540474562
13.0,0.862792,0.2393407056400876
12.0,0.862792,0.18992615052241663
12.0,0.833911,0.18414998826188847
10.0,1.180914,0.27353632701563707
11.0,0.615719,0.1686923989761742
10.0,0.833911,0.21233079183331705
13.0,0.615719,0.16233079183331706
11.0,0.862792,0.21174534695098807
12.0,0.862792,0.2893407056400876
14.0,0.615719,0.14051159540474562
13.0,0.862792,0.2393407056400876
12.0,0.862792,0.2181069540938452
10.0,0.833911,0.2059691846904599
12.0,0.0,0.0
11.0,0.247073,0.049414555117671
14.0,0.247073,0.098829110235342
11.0,0.218192,0.04363839285714286
12.0,0.565194,0.13302473161089146
11.0,0.0,0.028180803571428572
10.0,0.218192,0.07181919642857143
11.0,0.0,0.0
12.0,0.247073,0.098829110235342
11.0,0.247073,0.07759535868909957
12.0,0.0,0.0
12.0,0.247073,0.049414555117671
12.0,0.247073,0.12700991380677057
11.0,0.218192,0.04363839285714286
11.0,0.565194,0.16120553518232003
14.0,0.0,0.0
13.0,0.218192,0.04363839285714286
12.0,0.0,0.0
14.0,0.0,0.0
12.0,0.218192,0.04363839285714286
12.0,0.0,0.0
14.0,0.247073,0.098829110235342
12.0,0.0,0.028180803571428572
12.0,0.0,0.0
13.0,0.247073,0.12700991380677057
12.0,0.247073,0.049414555117671
13.0,0.247073,0.049414555117671
11.0,0.0,0.0
9.0,0.247073,0.049414555117671
9.0,0.0,0.028180803571428572
8.0,0.0,0.0
9.0,0.247073,0.07759535868909957
13.0,0.247073,0.098829110235342
11.0,0.247073,0.098829110235342
11.0,0.218192,0.04363839285714286
9.0,0.218192,0.07181919642857143
11.0,0.565194,0.13302473161089146
11.0,0.281808,0.056361607142857144
10.0,0.528881,0.10577616226052813
13.0,0.528881,0.15519071737819914
9.0,0.5,0.1
10.0,0.847002,0.1893863387537486
12.0,0.281808,0.08454241071428571
10.0,0.5,0.12818080357142858
11.0,0.281808,0.056361607142857144
12.0,0.528881,0.15519071737819914
11.0,0.528881,0.1339569658319567
11.0,0.281808,0.056361607142857144
9.0,0.528881,0.10577616226052813
11.0,0.528881,0.18337152094962772
7.0,0.5,0.1
8.0,0.847002,0.21756714232517718
9.0,0.0,0.0
9.0,0.218192,0.04363839285714286
8.0,0.0,0.0
11.0,0.0,0.0
9.0,0.218192,0.04363839285714286
11.0,0.0,0.0
11.0,0.0,0.0
8.0,0.0,0.0
6.0,0.0,0.0
9.0,0.218192,0.04363839285714286
9.0,0.281808,0.056361607142857144
7.0,0.5,0.1
9.0,0.281808,0.056361607142857144
9.0,0.281808,0.056361607142857144
5.0,0.5,0.1
11.0,0.0,0.02181919642857143
13.0,0.247073,0.12064830666391342
9.0,0.0,0.05
12.0,0.0,0.02181919642857143
11.0,0.247073,0.148829110235342
12.0,0.0,0.02181919642857143
13.0,0.0,0.02181919642857143
9.0,0.0,0.02181919642857143
7.0,0.0,0.05
12.0,0.247073,0.12064830666391342
10.0,0.281808,0.07818080357142858
11.0,0.528881,0.17700991380677059
10.0,0.281808,0.10636160714285714
9.0,0.281808,0.07818080357142858
9.0,0.528881,0.20519071737819916
10.0,0.247073,0.07123375154624242
12.0,0.247073,0.07123375154624242
9.0,0.247073,0.07123375154624242
10.0,0.528881,0.12759535868909958
9.0,0.528881,0.12759535868909958
14.0,0.0,0.0
13.0,0.247073,0.049414555117671
12.0,0.0,0.028180803571428572
12.0,0.0,0.0
12.0,0.247073,0.07759535868909957
12.0,0.0,0.0
11.0,0.0,0.0
14.0,0.0,0.0
13.0,0.0,0.028180803571428572
14.0,0.247073,0.049414555117671
13.0,0.281808,0.056361607142857144
11.0,0.528881,0.10577616226052813
12.0,0.281808,0.08454241071428571
12.0,0.281808,0.056361607142857144
12.0,0.528881,0.1339569658319567
13.0,0.247073,0.098829110235342
11.0,0.247073,0.098829110235342
14.0,0.247073,0.098829110235342
11.0,0.528881,0.15519071737819914
11.0,0.528881,0.15519071737819914
12.0,0.218192,0.0654575892857143
10.0,0.218192,0.09363839285714287
12.0,0.218192,0.0654575892857143
10.0,0.5,0.12181919642857143
7.0,0.5,0.15000000000000002
10.0,0.565194,0.1548439280394629
8.0,0.847002,0.21120553518232005
11.0,0.247073,0.049414555117671
9.0,0.494146,0.098829110235342
12.0,0.494146,0.14824366535301298
10.0,0.465265,0.09305294797481387
10.0,0.812267,0.18243928672856247
13.0,0.247073,0.049414555117671
11.0,0.465265,0.09305294797481387
12.0,0.247073,0.049414555117671
13.0,0.494146,0.14824366535301298
11.0,0.494146,0.098829110235342
9.0,0.247073,0.049414555117671
7.0,0.494146,0.098829110235342
12.0,0.494146,0.14824366535301298
9.0,0.465265,0.09305294797481387
9.0,0.812267,0.18243928672856247
10.0,0.247073,0.07759535868909957
10.0,0.465265,0.12123375154624244
12.0,0.247073,0.07759535868909957
9.0,0.247073,0.07759535868909957
9.0,0.465265,0.12123375154624244
11.0,0.247073,0.07123375154624242
12.0,0.494146,0.17006286178158442
12.0,0.247073,0.07123375154624242
9.0,0.247073,0.07123375154624242
11.0,0.494146,0.17006286178158442
7.0,0.494146,0.148829110235342
5.0,0.494146,0.148829110235342
12.0,0.247073,0.049414555117671
11.0,0.494146,0.098829110235342
14.0,0.247073,0.049414555117671
13.0,0.247073,0.049414555117671
11.0,0.494146,0.098829110235342
11.0,0.465265,0.11487214440338529
12.0,0.465265,0.11487214440338529
8.0,0.812267,0.23243928672856246
14.0,0.247073,0.098829110235342
12.0,0.494146,0.14824366535301298
13.0,0.494146,0.197658220470684
13.0,0.465265,0.14246750309248485
12.0,0.812267,0.23185384184623345
13.0,0.247073,0.12700991380677057
11.0,0.465265,0.17064830666391342
12.0,0.247073,0.098829110235342
11.0,0.494146,0.197658220470684
12.0,0.494146,0.17642446892444155
14.0,0.247073,0.098829110235342
13.0,0.494146,0.14824366535301298
14.0,0.494146,0.22583902404211256
12.0,0.465265,0.14246750309248485
12.0,0.812267,0.260034645417662
13.0,0.247073,0.098829110235342
11.0,0.465265,0.14246750309248485
11.0,0.247073,0.098829110235342
14.0,0.247073,0.098829110235342
11.0,0.465265,0.14246750309248485
12.0,0.247073,0.12064830666391342
14.0,0.494146,0.21947741689925543
11.0,0.247073,0.148829110235342
13.0,0.247073,0.12064830666391342
11.0,0.494146,0.24765822047068398
13.0,0.247073,0.098829110235342
12.0,0.494146,0.14824366535301298
12.0,0.247073,0.12700991380677057
11.0,0.247073,0.098829110235342
11.0,0.494146,0.17642446892444155
10.0,0.494146,0.197658220470684
8.0,0.494146,0.197658220470684
11.0,0.465265,0.1642866995210563
9.0,0.465265,0.19246750309248484
11.0,0.812267,0.25367303827480486
12.0,0.615719,0.14051159540474562
10.0,0.862792,0.18992615052241663
12.0,0.862792,0.2393407056400876
10.0,0.833911,0.18414998826188847
7.0,1.180914,0.27353632701563707
10.0,0.615719,0.1686923989761742
8.0,0.833911,0.21233079183331705
11.0,0.615719,0.16233079183331706
12.0,0.862792,0.261159902068659
8.0,0.862792,0.23992615052241661
11.0,0.615719,0.14051159540474562
9.0,0.862792,0.18992615052241663
11.0,0.862792,0.2675215092115162
8.0,0.833911,0.2059691846904599
5.0,1.180914,0.32353632701563706
12.0,0.281808,0.056361607142857144
11.0,0.5,0.1
11.0,0.281808,0.056361607142857144
12.0,0.281808,0.056361607142857144
11.0,0.5,0.1
12.0,0.281808,0.056361607142857144
12.0,0.281808,0.056361607142857144
11.0,0.281808,0.056361607142857144
9.0,0.281808,0.056361607142857144
9.0,0.5,0.1
11.0,0.563616,0.11272321428571429
9.0,0.781808,0.15636160714285716
11.0,0.563616,0.11272321428571429
9.0,0.563616,0.11272321428571429
7.0,0.781808,0.15636160714285716
11.0,0.281808,0.07818080357142858
12.0,0.281808,0.07818080357142858
9.0,0.281808,0.07818080357142858
9.0,0.563616,0.13454241071428572
7.0,0.563616,0.13454241071428572
13.0,0.281808,0.056361607142857144
12.0,0.281808,0.056361607142857144
14.0,0.281808,0.056361607142857144
12.0,0.563616,0.11272321428571429
11.0,0.563616,0.11272321428571429
10.0,0.5,0.12181919642857143
8.0,0.781808,0.1781808035714286
11.0,0.528881,0.10577616226052813
9.0,0.747073,0.149414555117671
12.0,0.528881,0.10577616226052813
9.0,0.528881,0.10577616226052813
7.0,0.747073,0.149414555117671
11.0,0.528881,0.12759535868909958
9.0,0.528881,0.12759535868909958
11.0,0.528881,0.10577616226052813
12.0,0.528881,0.10577616226052813
10.0,0.747073,0.17123375154624243
13.0,0.528881,0.15519071737819914
12.0,0.747073,0.198829110235342
12.0,0.528881,0.15519071737819914
14.0,0.528881,0.15519071737819914
11.0,0.747073,0.198829110235342
11.0,0.528881,0.17700991380677059
12.0,0.528881,0.17700991380677059
13.0,0.528881,0.15519071737819914
11.0,0.528881,0.15519071737819914
11.0,0.747073,0.22064830666391344
10.0,0.897527,0.19687320254760277
8.0,1.115719,0.24051159540474562
10.0,0.897527,0.2186923989761742
11.0,0.897527,0.19687320254760277
7.0,1.115719,0.26233079183331703
15.0,0.0,0.0
13.0,0.281808,0.056361607142857144
16.0,0.247073,0.098829110235342
14.0,0.247073,0.049414555117671
14.0,0.615719,0.14051159540474562
14.0,0.0,0.028180803571428572
12.0,0.247073,0.07759535868909957
14.0,0.0,0.0
13.0,0.247073,0.098829110235342
13.0,0.281808,0.08454241071428571
16.0,0.0,0.0
14.0,0.281808,0.056361607142857144
16.0,0.247073,0.12700991380677057
15.0,0.247073,0.049414555117671
12.0,0.615719,0.1686923989761742
14.0,0.0,0.0
13.0,0.247073,0.049414555117671
14.0,0.0,0.0
15.0,0.0,0.0
15.0,0.247073,0.049414555117671
13.0,0.0,0.028180803571428572
13.0,0.247073,0.12700991380677057
12.0,0.0,0.056361607142857144
14.0,0.0,0.028180803571428572
14.0,0.247073,0.15519071737819914
12.0,0.281808,0.08454241071428571
13.0,0.281808,0.08454241071428571
14.0,0.0,0.0
13.0,0.281808,0.056361607142857144
13.0,0.0,0.028180803571428572
12.0,0.0,0.0
12.0,0.281808,0.08454241071428571
15.0,0.247073,0.098829110235342
15.0,0.247073,0.098829110235342
13.0,0.247073,0.07759535868909957
12.0,0.247073,0.10577616226052813
13.0,0.615719,0.1686923989761742
13.0,0.281808,0.056361607142857144
12.0,0.563616,0.11272321428571429
13.0,0.528881,0.15519071737819914
13.0,0.528881,0.10577616226052813
12.0,0.897527,0.19687320254760277
13.0,0.281808,0.08454241071428571
12.0,0.528881,0.1339569658319567
13.0,0.281808,0.08454241071428571
12.0,0.528881,0.18337152094962772
10.0,0.563616,0.16908482142857142
14.0,0.281808,0.056361607142857144
13.0,0.563616,0.11272321428571429
14.0,0.528881,0.18337152094962772
13.0,0.528881,0.1339569658319567
10.0,0.897527,0.2532348096904599
14.0,0.0,0.0
13.0,0.247073,0.049414555117671
12.0,0.0,0.0
14.0,0.0,0.0
14.0,0.247073,0.049414555117671
12.0,0.0,0.028180803571428572
13.0,0.0,0.028180803571428572
12.0,0.0,0.0
11.0,0.0,0.0
12.0,0.247073,0.07759535868909957
13.0,0.281808,0.056361607142857144
11.0,0.528881,0.10577616226052813
12.0,0.281808,0.08454241071428571
12.0,0.281808,0.056361607142857144
12.0,0.528881,0.1339569658319567
16.0,0.0,0.0
17.0,0.247073,0.098829110235342
14.0,0.0,0.028180803571428572
15.0,0.0,0.0
15.0,0.247073,0.12700991380677057
14.0,0.0,0.0
15.0,0.0,0.0
14.0,0.0,0.0
13.0,0.0,0.028180803571428572
15.0,0.247073,0.098829110235342
14.0,0.281808,0.056361607142857144
15.0,0.528881,0.15519071737819914
13.0,0.281808,0.08454241071428571
13.0,0.281808,0.056361607142857144
13.0,0.528881,0.18337152094962772
13.0,0.281808,0.056361607142857144
14.0,0.281808,0.056361607142857144
12.0,0.281808,0.056361607142857144
12.0,0.563616,0.11272321428571429
11.0,0.563616,0.11272321428571429
15.0,0.0,0.0
14.0,0.281808,0.056361607142857144
13.0,0.0,0.028180803571428572
14.0,0.0,0.0
12.0,0.281808,0.08454241071428571
14.0,0.0,0.0
13.0,0.0,0.0
13.0,0.0,0.028180803571428572
11.0,0.0,0.056361607142857144
12.0,0.281808,0.08454241071428571
12.0,0.281808,0.056361607142857144
11.0,0.563616,0.11272321428571429
12.0,0.281808,0.08454241071428571
12.0,0.281808,0.08454241071428571
9.0,0.563616,0.16908482142857142
15.0,0.247073,0.098829110235342
14.0,0.247073,0.098829110235342
13.0,0.247073,0.12700991380677057
13.0,0.528881,0.15519071737819914
11.0,0.528881,0.18337152094962772
15.0,0.247073,0.049414555117671
14.0,0.247073,0.07759535868909957
15.0,0.247073,0.049414555117671
14.0,0.528881,0.10577616226052813
12.0,0.528881,0.1339569658319567
13.0,0.615719,0.14051159540474562
11.0,0.897527,0.19687320254760277
14.0,0.247073,0.049414555117671
12.0,0.528881,0.10577616226052813
14.0,0.494146,0.14824366535301298
12.0,0.494146,0.098829110235342
12.0,0.862792,0.18992615052241663
13.0,0.247073,0.049414555117671
12.0,0.494146,0.098829110235342
12.0,0.247073,0.07759535868909957
12.0,0.494146,0.17642446892444155
11.0,0.528881,0.1339569658319567
12.0,0.247073,0.049414555117671
11.0,0.528881,0.10577616226052813
14.0,0.494146,0.14824366535301298
12.0,0.494146,0.12700991380677057
11.0,0.862792,0.2181069540938452
14.0,0.247073,0.07759535868909957
13.0,0.494146,0.12700991380677057
13.0,0.247073,0.10577616226052813
13.0,0.247073,0.07759535868909957
12.0,0.494146,0.15519071737819914
15.0,0.247073,0.049414555117671
15.0,0.494146,0.14824366535301298
15.0,0.247073,0.049414555117671
14.0,0.247073,0.049414555117671
13.0,0.494146,0.14824366535301298
14.0,0.528881,0.1339569658319567
12.0,0.528881,0.1339569658319567
15.0,0.247073,0.049414555117671
14.0,0.528881,0.10577616226052813
15.0,0.247073,0.049414555117671
14.0,0.247073,0.07759535868909957
12.0,0.528881,0.1339569658319567
13.0,0.494146,0.098829110235342
12.0,0.494146,0.098829110235342
13.0,0.862792,0.2181069540938452
12.0,0.247073,0.098829110235342
11.0,0.528881,0.15519071737819914
13.0,0.494146,0.197658220470684
12.0,0.494146,0.14824366535301298
11.0,0.862792,0.2393407056400876
12.0,0.247073,0.12700991380677057
10.0,0.494146,0.17642446892444155
14.0,0.247073,0.098829110235342
10.0,0.494146,0.197658220470684
11.0,0.528881,0.18337152094962772
14.0,0.247073,0.098829110235342
13.0,0.528881,0.15519071737819914
12.0,0.494146,0.22583902404211256
12.0,0.494146,0.14824366535301298
10.0,0.862792,0.2675215092115162
15.0,0.247073,0.098829110235342
14.0,0.494146,0.14824366535301298
14.0,0.247073,0.098829110235342
16.0,0.247073,0.098829110235342
13.0,0.494146,0.14824366535301298
15.0,0.247073,0.12700991380677057
15.0,0.494146,0.22583902404211256
14.0,0.247073,0.15519071737819914
16.0,0.247073,0.12700991380677057
14.0,0.494146,0.25401982761354114
11.0,0.528881,0.18337152094962772
12.0,0.528881,0.18337152094962772
15.0,0.247073,0.098829110235342
13.0,0.528881,0.15519071737819914
14.0,0.247073,0.12700991380677057
15.0,0.247073,0.098829110235342
11.0,0.528881,0.18337152094962772
11.0,0.494146,0.197658220470684
10.0,0.494146,0.197658220470684
12.0,0.862792,0.2675215092115162
13.0,0.615719,0.14051159540474562
12.0,0.897527,0.19687320254760277
12.0,0.862792,0.2393407056400876
12.0,0.862792,0.18992615052241663
9.0,1.231439,0.28102319080949123
14.0,0.615719,0.1686923989761742
11.0,0.862792,0.2181069540938452
14.0,0.615719,0.1686923989761742
13.0,0.862792,0.2675215092115162
10.0,0.897527,0.2532348096904599
13.0,0.615719,0.14051159540474562
11.0,0.897527,0.19687320254760277
12.0,0.862792,0.2675215092115162
13.0,0.862792,0.2181069540938452
15.0,0.247073,0.049414555117671
13.0,0.494146,0.098829110235342
15.0,0.247073,0.049414555117671
15.0,0.247073,0.049414555117671
15.0,0.494146,0.098829110235342
13.0,0.247073,0.07759535868909957
14.0,0.247073,0.07759535868909957
14.0,0.247073,0.049414555117671
14.0,0.247073,0.049414555117671
13.0,0.494146,0.12700991380677057
14.0,0.528881,0.10577616226052813
12.0,0.775954,0.15519071737819914
13.0,0.528881,0.1339569658319567
13.0,0.528881,0.10577616226052813
12.0,0.775954,0.18337152094962772
15.0,0.247073,0.049414555117671
15.0,0.247073,0.049414555117671
13.0,0.247073,0.049414555117671
13.0,0.528881,0.10577616226052813
12.0,0.528881,0.10577616226052813
15.0,0.247073,0.049414555117671
15.0,0.247073,0.049414555117671
14.0,0.247073,0.07759535868909957
14.0,0.528881,0.10577616226052813
12.0,0.528881,0.1339569658319567
14.0,0.494146,0.098829110235342
12.0,0.775954,0.15519071737819914
13.0,0.494146,0.098829110235342
12.0,0.741218,0.14824366535301298
11.0,0.494146,0.12700991380677057
12.0,0.494146,0.098829110235342
11.0,0.741218,0.17642446892444155
14.0,0.494146,0.098829110235342
12.0,0.494146,0.098829110235342
14.0,0.494146,0.098829110235342
12.0,0.494146,0.12700991380677057
13.0,0.741218,0.14824366535301298
15.0,0.494146,0.14824366535301298
14.0,0.741218,0.197658220470684
15.0,0.494146,0.14824366535301298
16.0,0.494146,0.14824366535301298
14.0,0.741218,0.197658220470684
10.0,0.494146,0.17642446892444155
10.0,0.494146,0.17642446892444155
14.0,0.494146,0.14824366535301298
13.0,0.494146,0.14824366535301298
12.0,0.862792,0.18992615052241663
10.0,1.109865,0.2393407056400876
12.0,0.862792,0.2181069540938452
12.0,0.862792,0.18992615052241663
11.0,1.109865,0.2675215092115162
15.0,0.247073,0.098829110235342
15.0,0.494146,0.197658220470684
14.0,0.247073,0.12700991380677057
15.0,0.247073,0.098829110235342
14.0,0.494146,0.22583902404211256
15.0,0.247073,0.098829110235342
16.0,0.247073,0.098829110235342
13.0,0.247073,0.098829110235342
12.0,0.247073,0.12700991380677057
14.0,0.494146,0.197658220470684
13.0,0.528881,0.15519071737819914
13.0,0.775954,0.25401982761354114
13.0,0.528881,0.18337152094962772
13.0,0.528881,0.15519071737819914
11.0,0.775954,0.2822006311849697
13.0,0.247073,0.098829110235342
14.0,0.247073,0.098829110235342
11.0,0.247073,0.098829110235342
11.0,0.528881,0.15519071737819914
11.0,0.528881,0.15519071737819914
15.0,0.247073,0.098829110235342
13.0,0.247073,0.12700991380677057
15.0,0.247073,0.098829110235342
13.0,0.528881,0.15519071737819914
11.0,0.528881,0.18337152094962772
13.0,0.494146,0.197658220470684
11.0,0.775954,0.25401982761354114
14.0,0.494146,0.14824366535301298
13.0,0.741218,0.247072775588355
14.0,0.494146,0.14824366535301298
12.0,0.494146,0.14824366535301298
12.0,0.741218,0.247072775588355
13.0,0.494146,0.17642446892444155
11.0,0.494146,0.17642446892444155
14.0,0.494146,0.14824366535301298
13.0,0.494146,0.14824366535301298
15.0,0.494146,0.197658220470684
15.0,0.741218,0.29648733070602595
14.0,0.494146,0.22583902404211256
16.0,0.494146,0.197658220470684
13.0,0.741218,0.3246681342774545
10.0,0.494146,0.197658220470684
11.0,0.494146,0.197658220470684
14.0,0.494146,0.197658220470684
12.0,0.494146,0.22583902404211256
11.0,0.741218,0.29648733070602595
13.0,0.862792,0.2393407056400876
11.0,1.109865,0.3381698158754296
12.0,0.862792,0.2675215092115162
11.0,0.862792,0.2393407056400876
10.0,1.109865,0.36635061944685815
12.0,0.615719,0.14051159540474562
13.0,0.615719,0.14051159540474562
11.0,0.615719,0.14051159540474562
11.0,0.897527,0.19687320254760277
11.0,0.897527,0.19687320254760277
13.0,0.615719,0.14051159540474562
11.0,0.897527,0.19687320254760277
11.0,0.862792,0.18992615052241663
9.0,0.862792,0.18992615052241663
12.0,0.862792,0.18992615052241663
11.0,0.862792,0.2393407056400876
12.0,0.862792,0.2393407056400876
11.0,0.862792,0.2393407056400876
10.0,1.231439,0.28102319080949123
9.0,1.231439,0.28102319080949123
12.0,0.0,0.02181919642857143
11.0,0.281808,0.07818080357142858
10.0,0.247073,0.07123375154624242
14.0,0.247073,0.12064830666391342
11.0,0.615719,0.16233079183331706
11.0,0.0,0.05
12.0,0.247073,0.148829110235342
13.0,0.0,0.02181919642857143
12.0,0.247073,0.07123375154624242
10.0,0.281808,0.10636160714285714
11.0,0.0,0.02181919642857143
10.0,0.281808,0.07818080357142858
11.0,0.247073,0.099414555117671
14.0,0.247073,0.12064830666391342
11.0,0.615719,0.1905115954047456
14.0,0.0,0.02181919642857143
12.0,0.247073,0.12064830666391342
13.0,0.0,0.02181919642857143
13.0,0.0,0.02181919642857143
14.0,0.247073,0.12064830666391342
10.0,0.0,0.05
8.0,0.247073,0.099414555117671
9.0,0.0,0.07818080357142858
9.0,0.0,0.05
9.0,0.247073,0.12759535868909958
11.0,0.281808,0.10636160714285714
9.0,0.281808,0.10636160714285714
13.0,0.0,0.02181919642857143
12.0,0.281808,0.07818080357142858
12.0,0.0,0.05
14.0,0.0,0.02181919642857143
12.0,0.281808,0.10636160714285714
13.0,0.247073,0.07123375154624242
14.0,0.247073,0.07123375154624242
13.0,0.247073,0.148829110235342
11.0,0.247073,0.17700991380677056
8.0,0.615719,0.1905115954047456
11.0,0.281808,0.07818080357142858
9.0,0.563616,0.13454241071428572
10.0,0.528881,0.12759535868909958
12.0,0.528881,0.17700991380677059
9.0,0.897527,0.2186923989761742
11.0,0.281808,0.10636160714285714
12.0,0.528881,0.20519071737819916
11.0,0.281808,0.10636160714285714
9.0,0.528881,0.15577616226052815
7.0,0.563616,0.19090401785714287
11.0,0.281808,0.07818080357142858
10.0,0.563616,0.13454241071428572
11.0,0.528881,0.15577616226052815
11.0,0.528881,0.20519071737819916
8.0,0.897527,0.27505400611903136
11.0,0.0,0.02181919642857143
13.0,0.247073,0.12064830666391342
12.0,0.0,0.02181919642857143
9.0,0.0,0.02181919642857143
12.0,0.247073,0.12064830666391342
9.0,0.0,0.05
7.0,0.0,0.05
12.0,0.0,0.02181919642857143
13.0,0.0,0.02181919642857143
11.0,0.247073,0.148829110235342
10.0,0.281808,0.07818080357142858
11.0,0.528881,0.17700991380677059
10.0,0.281808,0.10636160714285714
9.0,0.281808,0.07818080357142858
9.0,0.528881,0.20519071737819916
14.0,0.0,0.02181919642857143
12.0,0.247073,0.07123375154624242
13.0,0.0,0.05
13.0,0.0,0.02181919642857143
13.0,0.247073,0.099414555117671
14.0,0.0,0.02181919642857143
13.0,0.0,0.02181919642857143
14.0,0.0,0.02181919642857143
13.0,0.0,0.05
13.0,0.247073,0.07123375154624242
13.0,0.281808,0.07818080357142858
11.0,0.528881,0.12759535868909958
12.0,0.281808,0.10636160714285714
12.0,0.281808,0.07818080357142858
11.0,0.528881,0.15577616226052815
11.0,0.281808,0.07818080357142858
9.0,0.281808,0.07818080357142858
12.0,0.281808,0.07818080357142858
9.0,0.563616,0.13454241071428572
7.0,0.563616,0.13454241071428572
11.0,0.0,0.04363839285714286
9.0,0.281808,0.1
9.0,0.0,0.07181919642857143
12.0,0.0,0.04363839285714286
9.0,0.281808,0.12818080357142858
12.0,0.0,0.04363839285714286
11.0,0.0,0.04363839285714286
9.0,0.0,0.07181919642857143
7.0,0.0,0.1
9.0,0.281808,0.12818080357142858
9.0,0.281808,0.1
7.0,0.563616,0.15636160714285716
9.0,0.281808,0.12818080357142858
9.0,0.281808,0.12818080357142858
5.0,0.563616,0.21272321428571428
11.0,0.247073,0.09305294797481387
13.0,0.247073,0.09305294797481387
9.0,0.247073,0.12123375154624243
10.0,0.528881,0.149414555117671
9.0,0.528881,0.17759535868909956
13.0,0.247073,0.14246750309248485
12.0,0.247073,0.17064830666391342
14.0,0.247073,0.14246750309248485
12.0,0.528881,0.198829110235342
10.0,0.528881,0.22700991380677057
11.0,0.615719,0.18414998826188847
9.0,0.897527,0.24051159540474562
9.0,0.247073,0.07123375154624242
9.0,0.528881,0.12759535868909958
8.0,0.494146,0.12064830666391342
12.0,0.494146,0.17006286178158442
9.0,0.862792,0.21174534695098807
12.0,0.247073,0.07123375154624242
10.0,0.494146,0.17006286178158442
8.0,0.247073,0.099414555117671
6.0,0.494146,0.148829110235342
9.0,0.528881,0.15577616226052815
11.0,0.247073,0.07123375154624242
10.0,0.528881,0.12759535868909958
11.0,0.494146,0.12064830666391342
11.0,0.494146,0.19824366535301297
6.0,0.862792,0.23992615052241661
10.0,0.247073,0.099414555117671
13.0,0.494146,0.19824366535301297
9.0,0.247073,0.12759535868909958
12.0,0.247073,0.099414555117671
11.0,0.494146,0.22642446892444157
13.0,0.247073,0.07123375154624242
11.0,0.494146,0.12064830666391342
14.0,0.247073,0.07123375154624242
14.0,0.247073,0.07123375154624242
12.0,0.494146,0.12064830666391342
10.0,0.528881,0.15577616226052815
11.0,0.528881,0.15577616226052815
10.0,0.247073,0.09305294797481387
9.0,0.528881,0.149414555117671
12.0,0.247073,0.09305294797481387
9.0,0.247073,0.12123375154624243
8.0,0.528881,0.17759535868909956
7.0,0.494146,0.17064830666391342
5.0,0.494146,0.198829110235342
8.0,0.862792,0.26174534695098806
13.0,0.247073,0.12064830666391342
12.0,0.528881,0.17700991380677059
12.0,0.494146,0.17006286178158442
13.0,0.494146,0.21947741689925543
11.0,0.862792,0.261159902068659
12.0,0.247073,0.148829110235342
12.0,0.494146,0.24765822047068398
13.0,0.247073,0.12064830666391342
12.0,0.494146,0.17006286178158442
12.0,0.528881,0.20519071737819916
12.0,0.247073,0.12064830666391342
11.0,0.528881,0.17700991380677059
12.0,0.494146,0.19824366535301297
14.0,0.494146,0.21947741689925543
11.0,0.862792,0.2893407056400876
14.0,0.247073,0.12064830666391342
14.0,0.494146,0.21947741689925543
13.0,0.247073,0.12064830666391342
12.0,0.247073,0.12064830666391342
12.0,0.494146,0.21947741689925543
13.0,0.247073,0.148829110235342
11.0,0.494146,0.19824366535301297
12.0,0.247073,0.17700991380677056
12.0,0.247073,0.148829110235342
11.0,0.494146,0.22642446892444157
11.0,0.528881,0.20519071737819916
9.0,0.528881,0.20519071737819916
13.0,0.247073,0.14246750309248485
12.0,0.528881,0.198829110235342
11.0,0.247073,0.17064830666391342
14.0,0.247073,0.14246750309248485
11.0,0.528881,0.22700991380677057
11.0,0.494146,0.2694774168992554
9.0,0.494146,0.297658220470684
10.0,0.862792,0.31115990206865907
11.0,0.615719,0.16233079183331706
10.0,0.897527,0.2186923989761742
9.0,0.862792,0.21174534695098807
12.0,0.862792,0.261159902068659
7.0,1.231439,0.30284238723806267
11.0,0.615719,0.1905115954047456
11.0,0.862792,0.2893407056400876
10.0,0.615719,0.1905115954047456
8.0,0.862792,0.23992615052241661
8.0,0.897527,0.27505400611903136
10.0,0.615719,0.18414998826188847
8.0,0.897527,0.24051159540474562
8.0,0.862792,0.26174534695098806
11.0,0.862792,0.31115990206865907
5.0,1.231439,0.3810231908094912
15.0,0.247073,0.12064830666391342
15.0,0.494146,0.21947741689925543
15.0,0.247073,0.12064830666391342
14.0,0.247073,0.12064830666391342
14.0,0.494146,0.21947741689925543
13.0,0.247073,0.148829110235342
12.0,0.247073,0.148829110235342
15.0,0.247073,0.12064830666391342
16.0,0.247073,0.12064830666391342
14.0,0.494146,0.24765822047068398
14.0,0.528881,0.17700991380677059
14.0,0.775954,0.2758390240421126
12.0,0.528881,0.20519071737819916
13.0,0.528881,0.17700991380677059
12.0,0.775954,0.3040198276135411
15.0,0.247073,0.12064830666391342
13.0,0.247073,0.12064830666391342
15.0,0.247073,0.12064830666391342
13.0,0.528881,0.17700991380677059
12.0,0.528881,0.17700991380677059
13.0,0.247073,0.14246750309248485
14.0,0.247073,0.14246750309248485
12.0,0.247073,0.17064830666391342
12.0,0.528881,0.198829110235342
10.0,0.528881,0.22700991380677057
14.0,0.494146,0.24129661332782684
12.0,0.775954,0.297658220470684
13.0,0.494146,0.17006286178158442
14.0,0.741218,0.26889197201692644
11.0,0.494146,0.19824366535301297
14.0,0.494146,0.17006286178158442
12.0,0.741218,0.297072775588355
10.0,0.494146,0.17006286178158442
10.0,0.494146,0.17006286178158442
13.0,0.494146,0.19188205821015583
11.0,0.494146,0.2200628617815844
15.0,0.494146,0.21947741689925543
15.0,0.741218,0.3183065271345974
15.0,0.494146,0.21947741689925543
14.0,0.494146,0.21947741689925543
13.0,0.741218,0.3183065271345974
14.0,0.494146,0.24765822047068398
12.0,0.494146,0.24765822047068398
15.0,0.494146,0.24129661332782684
14.0,0.494146,0.24129661332782684
13.0,0.741218,0.3683065271345974
13.0,0.862792,0.261159902068659
12.0,1.109865,0.35998901230400104
12.0,0.862792,0.2893407056400876
12.0,0.862792,0.28297909849723046
11.0,1.109865,0.40998901230400103
12.0,0.247073,0.07123375154624242
11.0,0.494146,0.12064830666391342
10.0,0.247073,0.099414555117671
11.0,0.247073,0.07123375154624242
11.0,0.494146,0.148829110235342
14.0,0.247073,0.07123375154624242
13.0,0.247073,0.07123375154624242
13.0,0.247073,0.07123375154624242
12.0,0.247073,0.099414555117671
13.0,0.494146,0.12064830666391342
12.0,0.528881,0.12759535868909958
10.0,0.775954,0.17700991380677059
11.0,0.528881,0.15577616226052815
11.0,0.528881,0.12759535868909958
11.0,0.775954,0.20519071737819916
10.0,0.247073,0.07123375154624242
9.0,0.247073,0.07123375154624242
12.0,0.247073,0.07123375154624242
10.0,0.528881,0.12759535868909958
9.0,0.528881,0.12759535868909958
11.0,0.247073,0.09305294797481387
9.0,0.247073,0.12123375154624243
13.0,0.247073,0.09305294797481387
10.0,0.528881,0.149414555117671
9.0,0.528881,0.17759535868909956
9.0,0.494146,0.14246750309248485
7.0,0.775954,0.198829110235342
10.0,0.494146,0.12064830666391342
9.0,0.741218,0.17006286178158442
13.0,0.494146,0.12064830666391342
12.0,0.494146,0.12064830666391342
11.0,0.741218,0.17006286178158442
8.0,0.494146,0.148829110235342
9.0,0.494146,0.148829110235342
11.0,0.494146,0.14246750309248485
12.0,0.494146,0.14246750309248485
7.0,0.741218,0.2200628617815844
14.0,0.494146,0.17006286178158442
13.0,0.741218,0.21947741689925543
13.0,0.494146,0.19824366535301297
13.0,0.494146,0.17006286178158442
12.0,0.741218,0.24765822047068398
13.0,0.494146,0.17006286178158442
11.0,0.494146,0.17006286178158442
13.0,0.494146,0.19188205821015583
11.0,0.494146,0.2200628617815844
11.0,0.862792,0.21174534695098807
9.0,1.109865,0.261159902068659
10.0,0.862792,0.23992615052241661
11.0,0.862792,0.23356454337955948
7.0,1.109865,0.31115990206865907
12.0,0.615719,0.16233079183331706
11.0,0.615719,0.16233079183331706
13.0,0.615719,0.16233079183331706
11.0,0.897527,0.2186923989761742
11.0,0.897527,0.2186923989761742
11.0,0.615719,0.18414998826188847
9.0,0.897527,0.24051159540474562
10.0,0.862792,0.21174534695098807
11.0,0.862792,0.21174534695098807
10.0,0.862792,0.23356454337955948
14.0,0.862792,0.261159902068659
12.0,0.862792,0.261159902068659
12.0,0.862792,0.28297909849723046
11.0,1.231439,0.30284238723806267
9.0,1.231439,0.3246615836666341
13.0,0.218192,0.0654575892857143
11.0,0.5,0.12181919642857143
11.0,0.218192,0.09363839285714287
13.0,0.218192,0.0654575892857143
11.0,0.5,0.15000000000000002
13.0,0.218192,0.0654575892857143
12.0,0.218192,0.0654575892857143
11.0,0.218192,0.09363839285714287
9.0,0.218192,0.12181919642857145
9.0,0.5,0.15000000000000002
10.0,0.5,0.12181919642857143
9.0,0.781808,0.1781808035714286
11.0,0.5,0.15000000000000002
9.0,0.5,0.15000000000000002
7.0,0.781808,0.23454241071428572
12.0,0.218192,0.0654575892857143
12.0,0.218192,0.0654575892857143
10.0,0.218192,0.09363839285714287
10.0,0.5,0.12181919642857143
7.0,0.5,0.15000000000000002
14.0,0.218192,0.0654575892857143
12.0,0.218192,0.09363839285714287
13.0,0.218192,0.0654575892857143
12.0,0.5,0.12181919642857143
10.0,0.5,0.15000000000000002
10.0,0.5,0.12181919642857143
8.0,0.781808,0.1781808035714286
11.0,0.465265,0.11487214440338529
10.0,0.747073,0.17123375154624243
12.0,0.465265,0.11487214440338529
9.0,0.465265,0.14305294797481388
7.0,0.747073,0.19941455511767098
11.0,0.465265,0.14305294797481388
9.0,0.465265,0.17123375154624243
13.0,0.465265,0.11487214440338529
12.0,0.465265,0.11487214440338529
11.0,0.747073,0.19941455511767098
13.0,0.465265,0.1642866995210563
12.0,0.747073,0.22064830666391344
12.0,0.465265,0.19246750309248484
12.0,0.465265,0.1642866995210563
9.0,0.747073,0.248829110235342
13.0,0.465265,0.1642866995210563
11.0,0.465265,0.1642866995210563
12.0,0.465265,0.19246750309248484
10.0,0.465265,0.22064830666391344
10.0,0.747073,0.248829110235342
9.0,0.833911,0.2059691846904599
7.0,1.115719,0.26233079183331703
10.0,0.833911,0.2341499882618885
10.0,0.833911,0.2341499882618885
7.0,1.115719,0.3186923989761742
12.0,0.565194,0.1548439280394629
14.0,0.565194,0.1548439280394629
10.0,0.565194,0.18302473161089144
11.0,0.847002,0.21120553518232005
10.0,0.847002,0.2393863387537486
11.0,0.565194,0.1548439280394629
10.0,0.847002,0.21120553518232005
10.0,0.812267,0.2042584831571339
8.0,0.812267,0.23243928672856246
12.0,0.812267,0.2042584831571339
14.0,0.812267,0.25367303827480486
13.0,0.812267,0.25367303827480486
12.0,0.812267,0.28185384184623347
10.0,1.180914,0.2953555234442085
6.0,1.180914,0.32353632701563706
13.0,0.565194,0.1548439280394629
11.0,0.565194,0.18302473161089144
13.0,0.565194,0.1548439280394629
10.0,0.847002,0.21120553518232005
10.0,0.847002,0.2393863387537486
10.0,0.565194,0.1548439280394629
8.0,0.847002,0.21120553518232005
11.0,0.812267,0.2042584831571339
11.0,0.812267,0.2042584831571339
10.0,0.812267,0.23243928672856246
13.0,0.812267,0.25367303827480486
11.0,0.812267,0.28185384184623347
12.0,0.812267,0.25367303827480486
10.0,1.180914,0.2953555234442085
6.0,1.180914,0.32353632701563706
10.0,0.994146,0.22064830666391347
8.0,1.275954,0.2770099138067706
8.0,1.241218,0.27006286178158445
10.0,1.241218,0.31947741689925546
7.0,1.609865,0.3611599020686591
16.0,0.247073,0.098829110235342
13.0,0.528881,0.15519071737819914
14.0,0.494146,0.14824366535301298
14.0,0.494146,0.197658220470684
13.0,0.862792,0.2393407056400876
14.0,0.494146,0.197658220470684
14.0,0.741218,0.29648733070602595
14.0,0.494146,0.14824366535301298
12.0,0.741218,0.197658220470684
12.0,0.862792,0.2393407056400876
13.0,0.465265,0.14246750309248485
12.0,0.747073,0.198829110235342
13.0,0.812267,0.23185384184623345
13.0,0.812267,0.23185384184623345
10.0,1.241218,0.297658220470684
16.0,0.247073,0.098829110235342
12.0,0.494146,0.197658220470684
14.0,0.494146,0.14824366535301298
14.0,0.465265,0.14246750309248485
12.0,0.812267,0.23185384184623345
14.0,0.247073,0.12700991380677057
12.0,0.494146,0.17642446892444155
13.0,0.494146,0.22583902404211256
12.0,0.465265,0.17064830666391342
12.0,0.812267,0.260034645417662
14.0,0.528881,0.18337152094962772
12.0,0.747073,0.22700991380677057
16.0,0.247073,0.098829110235342
14.0,0.528881,0.15519071737819914
15.0,0.494146,0.197658220470684
14.0,0.494146,0.14824366535301298
13.0,0.862792,0.2393407056400876
16.0,0.494146,0.14824366535301298
14.0,0.741218,0.197658220470684
15.0,0.494146,0.22583902404211256
15.0,0.741218,0.3246681342774545
12.0,0.862792,0.2675215092115162
14.0,0.247073,0.098829110235342
13.0,0.528881,0.15519071737819914
13.0,0.494146,0.14824366535301298
12.0,0.494146,0.197658220470684
12.0,0.862792,0.2393407056400876
15.0,0.494146,0.197658220470684
15.0,0.741218,0.29648733070602595
13.0,0.494146,0.17642446892444155
12.0,0.741218,0.22583902404211256
13.0,0.862792,0.2675215092115162
14.0,0.465265,0.14246750309248485
13.0,0.747073,0.198829110235342
14.0,0.812267,0.23185384184623345
13.0,0.812267,0.260034645417662
10.0,1.241218,0.32583902404211257
14.0,0.247073,0.098829110235342
13.0,0.494146,0.197658220470684
12.0,0.494146,0.14824366535301298
13.0,0.465265,0.14246750309248485
12.0,0.812267,0.23185384184623345
13.0,0.247073,0.12700991380677057
11.0,0.465265,0.17064830666391342
14.0,0.247073,0.098829110235342
13.0,0.494146,0.14824366535301298
14.0,0.494146,0.22583902404211256
12.0,0.247073,0.098829110235342
11.0,0.494146,0.197658220470684
12.0,0.494146,0.17642446892444155
12.0,0.465265,0.14246750309248485
12.0,0.812267,0.260034645417662
16.0,0.247073,0.098829110235342
15.0,0.494146,0.14824366535301298
14.0,0.494146,0.197658220470684
14.0,0.465265,0.14246750309248485
13.0,0.812267,0.23185384184623345
16.0,0.247073,0.098829110235342
15.0,0.465265,0.14246750309248485
15.0,0.247073,0.098829110235342
15.0,0.494146,0.197658220470684
15.0,0.494146,0.14824366535301298
14.0,0.247073,0.098829110235342
13.0,0.494146,0.14824366535301298
15.0,0.494146,0.197658220470684
13.0,0.465265,0.14246750309248485
13.0,0.812267,0.23185384184623345
13.0,0.528881,0.15519071737819914
12.0,0.747073,0.198829110235342
14.0,0.528881,0.15519071737819914
12.0,0.528881,0.15519071737819914
11.0,0.747073,0.198829110235342
13.0,0.247073,0.12064830666391342
12.0,0.528881,0.17700991380677059
13.0,0.494146,0.21947741689925543
12.0,0.494146,0.17006286178158442
11.0,0.862792,0.261159902068659
13.0,0.247073,0.12064830666391342
12.0,0.494146,0.17006286178158442
12.0,0.247073,0.148829110235342
12.0,0.494146,0.24765822047068398
12.0,0.528881,0.20519071737819916
12.0,0.247073,0.12064830666391342
11.0,0.528881,0.17700991380677059
14.0,0.494146,0.21947741689925543
12.0,0.494146,0.19824366535301297
11.0,0.862792,0.2893407056400876
14.0,0.494146,0.17006286178158442
13.0,0.741218,0.21947741689925543
13.0,0.494146,0.19824366535301297
13.0,0.494146,0.17006286178158442
12.0,0.741218,0.24765822047068398
15.0,0.494146,0.21947741689925543
15.0,0.741218,0.3183065271345974
15.0,0.494146,0.21947741689925543
14.0,0.494146,0.21947741689925543
13.0,0.741218,0.3183065271345974
14.0,0.862792,0.261159902068659
12.0,0.862792,0.261159902068659
12.0,0.247073,0.098829110235342
11.0,0.528881,0.15519071737819914
12.0,0.494146,0.14824366535301298
14.0,0.494146,0.197658220470684
11.0,0.862792,0.2393407056400876
12.0,0.247073,0.098829110235342
10.0,0.494146,0.197658220470684
12.0,0.247073,0.12700991380677057
10.0,0.494146,0.17642446892444155
11.0,0.528881,0.18337152094962772
14.0,0.247073,0.098829110235342
13.0,0.528881,0.15519071737819914
12.0,0.494146,0.14824366535301298
12.0,0.494146,0.22583902404211256
10.0,0.862792,0.2675215092115162
15.0,0.494146,0.197658220470684
14.0,0.741218,0.29648733070602595
14.0,0.494146,0.22583902404211256
16.0,0.494146,0.197658220470684
13.0,0.741218,0.3246681342774545
15.0,0.494146,0.14824366535301298
14.0,0.741218,0.197658220470684
15.0,0.494146,0.14824366535301298
16.0,0.494146,0.14824366535301298
14.0,0.741218,0.197658220470684
11.0,0.862792,0.2393407056400876
12.0,0.862792,0.2393407056400876
13.0,0.465265,0.1642866995210563
12.0,0.747073,0.22064830666391344
12.0,0.465265,0.1642866995210563
12.0,0.465265,0.19246750309248484
9.0,0.747073,0.248829110235342
13.0,0.812267,0.25367303827480486
11.0,0.812267,0.28185384184623347
14.0,0.812267,0.25367303827480486
13.0,0.812267,0.25367303827480486
10.0,1.241218,0.31947741689925546
15.0,0.494146,0.197658220470684
14.0,0.775954,0.25401982761354114
14.0,0.741218,0.247072775588355
14.0,0.741218,0.29648733070602595
12.0,1.109865,0.3381698158754296
14.0,0.741218,0.29648733070602595
13.0,0.988291,0.395316440941368
14.0,0.741218,0.247072775588355
11.0,0.988291,0.29648733070602595
12.0,1.109865,0.3381698158754296
12.0,0.712338,0.24129661332782684
11.0,0.994146,0.297658220470684
12.0,1.05934,0.33068295208157544
12.0,1.05934,0.33068295208157544
9.0,1.488291,0.39648733070602604
15.0,0.494146,0.197658220470684
14.0,0.741218,0.29648733070602595
13.0,0.741218,0.247072775588355
13.0,0.712338,0.24129661332782684
11.0,1.05934,0.33068295208157544
15.0,0.494146,0.22583902404211256
14.0,0.741218,0.27525357915978355
15.0,0.741218,0.3246681342774545
14.0,0.712338,0.2694774168992554
12.0,1.05934,0.358863755653004
13.0,0.775954,0.2822006311849697
11.0,0.994146,0.32583902404211257
15.0,0.494146,0.21947741689925543
14.0,0.775954,0.2758390240421126
15.0,0.741218,0.3183065271345974
14.0,0.741218,0.26889197201692644
12.0,1.109865,0.35998901230400104
13.0,0.741218,0.34648733070602594
12.0,0.988291,0.44531644094136796
13.0,1.109865,0.3881698158754296
15.0,0.494146,0.197658220470684
13.0,0.775954,0.25401982761354114
14.0,0.741218,0.247072775588355
15.0,0.741218,0.29648733070602595
11.0,1.109865,0.3381698158754296
11.0,0.741218,0.29648733070602595
10.0,0.988291,0.395316440941368
12.0,1.109865,0.36635061944685815
13.0,0.712338,0.26311580975639826
11.0,0.994146,0.31947741689925546
12.0,1.05934,0.3525021485101469
13.0,1.05934,0.38068295208157543
15.0,0.247073,0.12700991380677057
15.0,0.494146,0.22583902404211256
13.0,0.494146,0.17642446892444155
14.0,0.465265,0.17064830666391342
13.0,0.812267,0.260034645417662
13.0,0.247073,0.15519071737819914
12.0,0.465265,0.198829110235342
15.0,0.247073,0.12700991380677057
14.0,0.494146,0.17642446892444155
15.0,0.494146,0.25401982761354114
14.0,0.247073,0.12700991380677057
14.0,0.494146,0.22583902404211256
13.0,0.494146,0.20460527249587013
13.0,0.465265,0.17064830666391342
12.0,0.812267,0.2882154489890906
15.0,0.247073,0.12700991380677057
13.0,0.465265,0.17064830666391342
15.0,0.247073,0.12700991380677057
13.0,0.247073,0.12700991380677057
12.0,0.465265,0.17064830666391342
13.0,0.247073,0.148829110235342
11.0,0.494146,0.19824366535301297
12.0,0.247073,0.17700991380677056
12.0,0.247073,0.148829110235342
11.0,0.494146,0.22642446892444157
14.0,0.494146,0.24765822047068398
12.0,0.494146,0.24765822047068398
15.0,0.247073,0.12700991380677057
15.0,0.494146,0.22583902404211256
14.0,0.247073,0.15519071737819914
16.0,0.247073,0.12700991380677057
14.0,0.494146,0.25401982761354114
10.0,0.494146,0.17642446892444155
10.0,0.494146,0.17642446892444155
12.0,0.465265,0.19246750309248484
10.0,0.465265,0.22064830666391344
12.0,0.812267,0.28185384184623347
15.0,0.494146,0.22583902404211256
15.0,0.741218,0.3246681342774545
14.0,0.741218,0.27525357915978355
14.0,0.712338,0.2694774168992554
12.0,1.05934,0.358863755653004
14.0,0.494146,0.25401982761354114
12.0,0.712338,0.29765822047068397
14.0,0.494146,0.24765822047068398
12.0,0.741218,0.297072775588355
13.0,0.741218,0.37466813427745455
14.0,0.494146,0.22583902404211256
13.0,0.741218,0.3246681342774545
12.0,0.712338,0.29129661332782686
11.0,1.05934,0.40886375565300404
15.0,0.247073,0.098829110235342
14.0,0.494146,0.14824366535301298
15.0,0.494146,0.197658220470684
13.0,0.465265,0.14246750309248485
13.0,0.812267,0.23185384184623345
15.0,0.247073,0.098829110235342
13.0,0.465265,0.14246750309248485
15.0,0.247073,0.098829110235342
16.0,0.494146,0.197658220470684
14.0,0.494146,0.14824366535301298
13.0,0.247073,0.098829110235342
12.0,0.494146,0.14824366535301298
14.0,0.494146,0.197658220470684
13.0,0.465265,0.14246750309248485
11.0,0.812267,0.23185384184623345
13.0,0.247073,0.098829110235342
11.0,0.465265,0.14246750309248485
14.0,0.247073,0.098829110235342
11.0,0.247073,0.098829110235342
11.0,0.465265,0.14246750309248485
14.0,0.247073,0.12064830666391342
14.0,0.494146,0.21947741689925543
13.0,0.247073,0.12064830666391342
12.0,0.247073,0.12064830666391342
12.0,0.494146,0.21947741689925543
13.0,0.494146,0.17006286178158442
11.0,0.494146,0.17006286178158442
15.0,0.247073,0.098829110235342
14.0,0.494146,0.14824366535301298
15.0,0.247073,0.098829110235342
16.0,0.247073,0.098829110235342
13.0,0.494146,0.14824366535301298
10.0,0.494146,0.197658220470684
11.0,0.494146,0.197658220470684
13.0,0.465265,0.1642866995210563
11.0,0.465265,0.1642866995210563
12.0,0.812267,0.25367303827480486
15.0,0.494146,0.197658220470684
13.0,0.741218,0.247072775588355
15.0,0.741218,0.29648733070602595
13.0,0.712338,0.24129661332782684
11.0,1.05934,0.33068295208157544
13.0,0.494146,0.197658220470684
11.0,0.712338,0.24129661332782684
14.0,0.494146,0.21947741689925543
13.0,0.741218,0.3183065271345974
14.0,0.494146,0.197658220470684
12.0,0.741218,0.247072775588355
11.0,0.741218,0.29648733070602595
11.0,0.712338,0.26311580975639826
10.0,1.05934,0.3525021485101469
12.0,0.528881,0.18337152094962772
11.0,0.747073,0.22700991380677057
13.0,0.528881,0.18337152094962772
11.0,0.528881,0.18337152094962772
11.0,0.747073,0.22700991380677057
11.0,0.528881,0.20519071737819916
9.0,0.528881,0.20519071737819916
11.0,0.528881,0.18337152094962772
12.0,0.528881,0.18337152094962772
10.0,0.747073,0.248829110235342
13.0,0.775954,0.2822006311849697
11.0,0.994146,0.32583902404211257
12.0,0.775954,0.3040198276135411
11.0,0.775954,0.2822006311849697
9.0,0.994146,0.347658220470684
15.0,0.247073,0.098829110235342
14.0,0.528881,0.15519071737819914
15.0,0.494146,0.197658220470684
14.0,0.494146,0.14824366535301298
12.0,0.862792,0.2393407056400876
15.0,0.247073,0.098829110235342
14.0,0.494146,0.14824366535301298
14.0,0.247073,0.12700991380677057
14.0,0.494146,0.22583902404211256
12.0,0.528881,0.18337152094962772
13.0,0.247073,0.098829110235342
12.0,0.528881,0.15519071737819914
14.0,0.494146,0.197658220470684
13.0,0.494146,0.17642446892444155
11.0,0.862792,0.2675215092115162
13.0,0.247073,0.098829110235342
12.0,0.494146,0.14824366535301298
12.0,0.247073,0.12700991380677057
11.0,0.247073,0.098829110235342
11.0,0.494146,0.17642446892444155
16.0,0.247073,0.098829110235342
15.0,0.494146,0.197658220470684
15.0,0.247073,0.098829110235342
14.0,0.247073,0.098829110235342
14.0,0.494146,0.197658220470684
13.0,0.528881,0.15519071737819914
11.0,0.528881,0.15519071737819914
15.0,0.247073,0.098829110235342
13.0,0.528881,0.15519071737819914
15.0,0.247073,0.098829110235342
14.0,0.247073,0.12700991380677057
11.0,0.528881,0.18337152094962772
14.0,0.494146,0.197658220470684
12.0,0.494146,0.22583902404211256
14.0,0.494146,0.14824366535301298
13.0,0.494146,0.14824366535301298
11.0,0.862792,0.2393407056400876
15.0,0.494146,0.197658220470684
13.0,0.775954,0.25401982761354114
15.0,0.741218,0.29648733070602595
14.0,0.741218,0.247072775588355
11.0,1.109865,0.3381698158754296
14.0,0.494146,0.197658220470684
12.0,0.741218,0.247072775588355
14.0,0.494146,0.22583902404211256
13.0,0.741218,0.3246681342774545
11.0,0.775954,0.2822006311849697
11.0,0.494146,0.197658220470684
9.0,0.775954,0.25401982761354114
12.0,0.741218,0.29648733070602595
10.0,1.109865,0.36635061944685815
13.0,0.494146,0.197658220470684
11.0,0.741218,0.29648733070602595
11.0,0.494146,0.197658220470684
10.0,0.494146,0.197658220470684
12.0,0.741218,0.29648733070602595
10.0,0.494146,0.197658220470684
8.0,0.494146,0.197658220470684
11.0,0.494146,0.197658220470684
10.0,0.494146,0.197658220470684
11.0,0.741218,0.29648733070602595
11.0,0.741218,0.29648733070602595
10.0,0.988291,0.395316440941368
11.0,0.741218,0.29648733070602595
12.0,0.741218,0.29648733070602595
6.0,0.988291,0.395316440941368
13.0,0.862792,0.2675215092115162
11.0,0.862792,0.2675215092115162
12.0,0.862792,0.2675215092115162
12.0,1.109865,0.36635061944685815
10.0,1.109865,0.36635061944685815
14.0,0.247073,0.12064830666391342
13.0,0.528881,0.17700991380677059
13.0,0.494146,0.17006286178158442
15.0,0.494146,0.21947741689925543
14.0,0.862792,0.261159902068659
16.0,0.247073,0.12064830666391342
12.0,0.494146,0.21947741689925543
13.0,0.247073,0.148829110235342
11.0,0.494146,0.19824366535301297
13.0,0.528881,0.20519071737819916
14.0,0.247073,0.12064830666391342
13.0,0.528881,0.17700991380677059
13.0,0.494146,0.17006286178158442
12.0,0.494146,0.24765822047068398
11.0,0.862792,0.2893407056400876
12.0,0.247073,0.12064830666391342
14.0,0.494146,0.21947741689925543
11.0,0.247073,0.148829110235342
13.0,0.247073,0.12064830666391342
11.0,0.494146,0.24765822047068398
15.0,0.247073,0.12064830666391342
13.0,0.494146,0.17006286178158442
15.0,0.247073,0.12064830666391342
15.0,0.247073,0.12064830666391342
13.0,0.494146,0.17006286178158442
11.0,0.528881,0.17700991380677059
12.0,0.528881,0.17700991380677059
13.0,0.247073,0.14246750309248485
12.0,0.528881,0.198829110235342
14.0,0.247073,0.14246750309248485
11.0,0.247073,0.17064830666391342
11.0,0.528881,0.22700991380677057
13.0,0.494146,0.19188205821015583
11.0,0.494146,0.2200628617815844
15.0,0.494146,0.24129661332782684
14.0,0.494146,0.24129661332782684
12.0,0.862792,0.28297909849723046
15.0,0.494146,0.21947741689925543
14.0,0.775954,0.2758390240421126
14.0,0.741218,0.26889197201692644
15.0,0.741218,0.3183065271345974
12.0,1.109865,0.35998901230400104
14.0,0.494146,0.21947741689925543
13.0,0.741218,0.3183065271345974
14.0,0.494146,0.24765822047068398
12.0,0.741218,0.297072775588355
12.0,0.775954,0.3040198276135411
14.0,0.494146,0.24129661332782684
12.0,0.775954,0.297658220470684
13.0,0.741218,0.3683065271345974
11.0,1.109865,0.40998901230400103
13.0,0.494146,0.24765822047068398
13.0,0.741218,0.34648733070602594
11.0,0.494146,0.2758390240421126
13.0,0.494146,0.24765822047068398
13.0,0.741218,0.37466813427745455
12.0,0.494146,0.24765822047068398
12.0,0.494146,0.24765822047068398
11.0,0.494146,0.2694774168992554
9.0,0.494146,0.297658220470684
13.0,0.741218,0.3683065271345974
13.0,0.741218,0.34648733070602594
12.0,0.988291,0.44531644094136796
13.0,0.741218,0.37466813427745455
13.0,0.741218,0.3683065271345974
9.0,0.988291,0.49531644094136795
11.0,0.862792,0.2893407056400876
12.0,0.862792,0.2893407056400876
10.0,0.862792,0.31115990206865907
13.0,1.109865,0.3881698158754296
11.0,1.109865,0.40998901230400103
13.0,0.465265,0.1642866995210563
11.0,0.747073,0.22064830666391344
14.0,0.465265,0.1642866995210563
11.0,0.465265,0.19246750309248484
11.0,0.747073,0.248829110235342
11.0,0.465265,0.1642866995210563
9.0,0.465265,0.19246750309248484
14.0,0.465265,0.1642866995210563
13.0,0.465265,0.1642866995210563
11.0,0.747073,0.22064830666391344
13.0,0.712338,0.26311580975639826
11.0,0.994146,0.31947741689925546
11.0,0.712338,0.26311580975639826
12.0,0.712338,0.29129661332782686
9.0,0.994146,0.347658220470684
13.0,0.812267,0.28185384184623347
11.0,0.812267,0.310034645417662
12.0,0.812267,0.28185384184623347
13.0,1.05934,0.38068295208157543
11.0,1.05934,0.40886375565300404
13.0,0.812267,0.25367303827480486
12.0,0.812267,0.25367303827480486
11.0,0.812267,0.25367303827480486
12.0,1.05934,0.3525021485101469
10.0,1.05934,0.3525021485101469
11.0,0.247073,0.049414555117671
11.0,0.528881,0.10577616226052813
11.0,0.494146,0.098829110235342
14.0,0.494146,0.14824366535301298
10.0,0.862792,0.18992615052241663
14.0,0.494146,0.14824366535301298
14.0,0.741218,0.247072775588355
10.0,0.494146,0.098829110235342
9.0,0.741218,0.14824366535301298
11.0,0.862792,0.18992615052241663
11.0,0.465265,0.09305294797481387
9.0,0.747073,0.149414555117671
11.0,0.812267,0.18243928672856247
11.0,0.812267,0.18243928672856247
7.0,1.241218,0.248243665353013
10.0,0.247073,0.07759535868909957
12.0,0.494146,0.17642446892444155
8.0,0.494146,0.12700991380677057
10.0,0.465265,0.12123375154624244
9.0,0.812267,0.21062009029999104
14.0,0.247073,0.049414555117671
12.0,0.494146,0.098829110235342
12.0,0.494146,0.14824366535301298
13.0,0.465265,0.09305294797481387
12.0,0.812267,0.18243928672856247
11.0,0.528881,0.1339569658319567
9.0,0.747073,0.17759535868909956
11.0,0.247073,0.049414555117671
10.0,0.528881,0.10577616226052813
13.0,0.494146,0.14824366535301298
9.0,0.494146,0.098829110235342
9.0,0.862792,0.18992615052241663
11.0,0.494146,0.12700991380677057
9.0,0.741218,0.17642446892444155
14.0,0.494146,0.14824366535301298
14.0,0.741218,0.247072775588355
11.0,0.862792,0.2181069540938452
13.0,0.247073,0.049414555117671
12.0,0.528881,0.10577616226052813
12.0,0.494146,0.098829110235342
14.0,0.494146,0.14824366535301298
12.0,0.862792,0.18992615052241663
13.0,0.494146,0.17642446892444155
14.0,0.741218,0.27525357915978355
13.0,0.494146,0.098829110235342
11.0,0.741218,0.14824366535301298
8.0,0.862792,0.2181069540938452
11.0,0.465265,0.09305294797481387
10.0,0.747073,0.149414555117671
11.0,0.812267,0.21062009029999104
11.0,0.812267,0.18243928672856247
8.0,1.241218,0.27642446892444156
11.0,0.247073,0.049414555117671
12.0,0.494146,0.14824366535301298
9.0,0.494146,0.098829110235342
10.0,0.465265,0.09305294797481387
10.0,0.812267,0.18243928672856247
13.0,0.247073,0.049414555117671
11.0,0.465265,0.09305294797481387
9.0,0.247073,0.049414555117671
7.0,0.494146,0.098829110235342
12.0,0.494146,0.14824366535301298
12.0,0.247073,0.049414555117671
13.0,0.494146,0.14824366535301298
11.0,0.494146,0.098829110235342
9.0,0.465265,0.09305294797481387
9.0,0.812267,0.18243928672856247
14.0,0.247073,0.049414555117671
13.0,0.494146,0.098829110235342
14.0,0.494146,0.14824366535301298
12.0,0.465265,0.09305294797481387
12.0,0.812267,0.18243928672856247
12.0,0.247073,0.07759535868909957
11.0,0.465265,0.12123375154624244
13.0,0.247073,0.049414555117671
13.0,0.494146,0.14824366535301298
13.0,0.494146,0.12700991380677057
14.0,0.247073,0.049414555117671
13.0,0.494146,0.098829110235342
13.0,0.494146,0.17642446892444155
12.0,0.465265,0.09305294797481387
11.0,0.812267,0.21062009029999104
11.0,0.528881,0.10577616226052813
9.0,0.747073,0.149414555117671
9.0,0.528881,0.10577616226052813
12.0,0.528881,0.10577616226052813
7.0,0.747073,0.149414555117671
9.0,0.247073,0.07123375154624242
9.0,0.528881,0.12759535868909958
12.0,0.494146,0.17006286178158442
8.0,0.494146,0.12064830666391342
9.0,0.862792,0.21174534695098807
8.0,0.247073,0.099414555117671
6.0,0.494146,0.148829110235342
12.0,0.247073,0.07123375154624242
10.0,0.494146,0.17006286178158442
9.0,0.528881,0.15577616226052815
11.0,0.247073,0.07123375154624242
10.0,0.528881,0.12759535868909958
11.0,0.494146,0.19824366535301297
11.0,0.494146,0.12064830666391342
6.0,0.862792,0.23992615052241661
10.0,0.494146,0.12064830666391342
9.0,0.741218,0.17006286178158442
13.0,0.494146,0.12064830666391342
12.0,0.494146,0.12064830666391342
11.0,0.741218,0.17006286178158442
13.0,0.494146,0.17006286178158442
14.0,0.741218,0.26889197201692644
11.0,0.494146,0.19824366535301297
14.0,0.494146,0.17006286178158442
12.0,0.741218,0.297072775588355
10.0,0.862792,0.21174534695098807
11.0,0.862792,0.21174534695098807
14.0,0.247073,0.049414555117671
12.0,0.528881,0.10577616226052813
12.0,0.494146,0.098829110235342
14.0,0.494146,0.14824366535301298
12.0,0.862792,0.18992615052241663
12.0,0.247073,0.07759535868909957
12.0,0.494146,0.17642446892444155
13.0,0.247073,0.049414555117671
12.0,0.494146,0.098829110235342
11.0,0.528881,0.1339569658319567
12.0,0.247073,0.049414555117671
11.0,0.528881,0.10577616226052813
12.0,0.494146,0.12700991380677057
14.0,0.494146,0.14824366535301298
11.0,0.862792,0.2181069540938452
14.0,0.494146,0.14824366535301298
13.0,0.741218,0.247072775588355
14.0,0.494146,0.14824366535301298
12.0,0.494146,0.14824366535301298
12.0,0.741218,0.247072775588355
13.0,0.494146,0.098829110235342
12.0,0.741218,0.14824366535301298
11.0,0.494146,0.12700991380677057
12.0,0.494146,0.098829110235342
11.0,0.741218,0.17642446892444155
11.0,0.862792,0.18992615052241663
9.0,0.862792,0.18992615052241663
11.0,0.465265,0.11487214440338529
10.0,0.747073,0.17123375154624243
9.0,0.465265,0.14305294797481388
12.0,0.465265,0.11487214440338529
7.0,0.747073,0.19941455511767098
11.0,0.812267,0.2042584831571339
11.0,0.812267,0.2042584831571339
10.0,0.812267,0.2042584831571339
8.0,0.812267,0.23243928672856246
8.0,1.241218,0.27006286178158445
11.0,0.494146,0.098829110235342
9.0,0.775954,0.15519071737819914
9.0,0.741218,0.14824366535301298
12.0,0.741218,0.197658220470684
9.0,1.109865,0.2393407056400876
12.0,0.741218,0.197658220470684
11.0,0.988291,0.29648733070602595
9.0,0.741218,0.14824366535301298
7.0,0.988291,0.197658220470684
9.0,1.109865,0.2393407056400876
9.0,0.712338,0.14246750309248485
7.0,0.994146,0.198829110235342
9.0,1.05934,0.23185384184623345
9.0,1.05934,0.23185384184623345
5.0,1.488291,0.297658220470684
11.0,0.494146,0.12700991380677057
13.0,0.741218,0.22583902404211256
9.0,0.741218,0.17642446892444155
10.0,0.712338,0.17064830666391342
9.0,1.05934,0.260034645417662
13.0,0.494146,0.098829110235342
12.0,0.741218,0.14824366535301298
14.0,0.741218,0.197658220470684
12.0,0.712338,0.14246750309248485
10.0,1.05934,0.23185384184623345
11.0,0.775954,0.18337152094962772
9.0,0.994146,0.22700991380677057
10.0,0.494146,0.12064830666391342
9.0,0.775954,0.17700991380677059
12.0,0.741218,0.21947741689925543
9.0,0.741218,0.17006286178158442
8.0,1.109865,0.261159902068659
7.0,0.741218,0.19824366535301297
5.0,0.988291,0.24765822047068398
8.0,1.109865,0.2893407056400876
13.0,0.494146,0.098829110235342
12.0,0.775954,0.15519071737819914
11.0,0.741218,0.14824366535301298
14.0,0.741218,0.197658220470684
11.0,1.109865,0.2393407056400876
11.0,0.741218,0.14824366535301298
9.0,0.988291,0.197658220470684
10.0,1.109865,0.2675215092115162
10.0,0.712338,0.1642866995210563
8.0,0.994146,0.22064830666391344
8.0,1.05934,0.28185384184623347
11.0,1.05934,0.25367303827480486
5.0,1.488291,0.347658220470684
15.0,0.247073,0.049414555117671
15.0,0.494146,0.14824366535301298
13.0,0.494146,0.098829110235342
14.0,0.465265,0.09305294797481387
12.0,0.812267,0.18243928672856247
15.0,0.247073,0.049414555117671
14.0,0.465265,0.09305294797481387
14.0,0.247073,0.049414555117671
12.0,0.494146,0.098829110235342
14.0,0.494146,0.14824366535301298
15.0,0.247073,0.049414555117671
16.0,0.494146,0.14824366535301298
14.0,0.494146,0.098829110235342
13.0,0.465265,0.09305294797481387
12.0,0.812267,0.18243928672856247
15.0,0.247073,0.049414555117671
13.0,0.465265,0.09305294797481387
13.0,0.247073,0.049414555117671
15.0,0.247073,0.049414555117671
12.0,0.465265,0.09305294797481387
13.0,0.247073,0.07123375154624242
11.0,0.494146,0.12064830666391342
14.0,0.247073,0.07123375154624242
14.0,0.247073,0.07123375154624242
12.0,0.494146,0.12064830666391342
10.0,0.494146,0.17006286178158442
10.0,0.494146,0.17006286178158442
15.0,0.247073,0.049414555117671
15.0,0.494146,0.14824366535301298
15.0,0.247073,0.049414555117671
14.0,0.247073,0.049414555117671
13.0,0.494146,0.14824366535301298
14.0,0.494146,0.098829110235342
12.0,0.494146,0.098829110235342
13.0,0.465265,0.11487214440338529
12.0,0.465265,0.11487214440338529
12.0,0.812267,0.2042584831571339
13.0,0.494146,0.098829110235342
14.0,0.741218,0.197658220470684
12.0,0.741218,0.14824366535301298
12.0,0.712338,0.14246750309248485
10.0,1.05934,0.23185384184623345
14.0,0.494146,0.098829110235342
12.0,0.712338,0.14246750309248485
13.0,0.494146,0.12064830666391342
11.0,0.741218,0.17006286178158442
15.0,0.494146,0.098829110235342
14.0,0.741218,0.197658220470684
13.0,0.741218,0.14824366535301298
12.0,0.712338,0.1642866995210563
11.0,1.05934,0.25367303827480486
12.0,0.247073,0.07759535868909957
10.0,0.494146,0.12700991380677057
14.0,0.494146,0.17642446892444155
12.0,0.465265,0.12123375154624244
11.0,0.812267,0.21062009029999104
11.0,0.247073,0.10577616226052813
10.0,0.465265,0.14941455511767102
11.0,0.247073,0.07759535868909957
13.0,0.494146,0.17642446892444155
11.0,0.494146,0.15519071737819914
13.0,0.247073,0.07759535868909957
12.0,0.494146,0.12700991380677057
13.0,0.494146,0.20460527249587013
11.0,0.465265,0.12123375154624244
11.0,0.812267,0.23880089387141962
10.0,0.247073,0.07759535868909957
10.0,0.465265,0.12123375154624244
9.0,0.247073,0.07759535868909957
12.0,0.247073,0.07759535868909957
9.0,0.465265,0.12123375154624244
10.0,0.247073,0.099414555117671
13.0,0.494146,0.19824366535301297
9.0,0.247073,0.12759535868909958
12.0,0.247073,0.099414555117671
11.0,0.494146,0.22642446892444157
8.0,0.494146,0.148829110235342
9.0,0.494146,0.148829110235342
14.0,0.247073,0.07759535868909957
13.0,0.494146,0.12700991380677057
13.0,0.247073,0.10577616226052813
13.0,0.247073,0.07759535868909957
12.0,0.494146,0.15519071737819914
13.0,0.494146,0.17642446892444155
11.0,0.494146,0.17642446892444155
11.0,0.465265,0.14305294797481388
9.0,0.465265,0.17123375154624243
10.0,0.812267,0.23243928672856246
11.0,0.494146,0.12700991380677057
9.0,0.741218,0.17642446892444155
13.0,0.741218,0.22583902404211256
10.0,0.712338,0.17064830666391342
9.0,1.05934,0.260034645417662
9.0,0.494146,0.15519071737819914
7.0,0.712338,0.198829110235342
11.0,0.494146,0.148829110235342
12.0,0.741218,0.24765822047068398
7.0,0.741218,0.22642446892444157
13.0,0.494146,0.12700991380677057
11.0,0.741218,0.17642446892444155
11.0,0.712338,0.19246750309248484
7.0,1.05934,0.310034645417662
12.0,0.528881,0.1339569658319567
11.0,0.747073,0.17759535868909956
11.0,0.528881,0.1339569658319567
13.0,0.528881,0.1339569658319567
11.0,0.747073,0.17759535868909956
10.0,0.528881,0.15577616226052815
11.0,0.528881,0.15577616226052815
14.0,0.528881,0.1339569658319567
12.0,0.528881,0.1339569658319567
11.0,0.747073,0.19941455511767098
11.0,0.775954,0.18337152094962772
9.0,0.994146,0.22700991380677057
10.0,0.775954,0.20519071737819916
12.0,0.775954,0.18337152094962772
9.0,0.994146,0.248829110235342
14.0,0.247073,0.049414555117671
13.0,0.528881,0.10577616226052813
16.0,0.494146,0.14824366535301298
13.0,0.494146,0.098829110235342
13.0,0.862792,0.18992615052241663
13.0,0.247073,0.07759535868909957
11.0,0.494146,0.12700991380677057
15.0,0.247073,0.049414555117671
12.0,0.494146,0.14824366535301298
14.0,0.528881,0.1339569658319567
14.0,0.247073,0.049414555117671
13.0,0.528881,0.10577616226052813
13.0,0.494146,0.17642446892444155
12.0,0.494146,0.098829110235342
11.0,0.862792,0.2181069540938452
12.0,0.247073,0.049414555117671
11.0,0.494146,0.098829110235342
14.0,0.247073,0.049414555117671
13.0,0.247073,0.049414555117671
11.0,0.494146,0.098829110235342
15.0,0.247073,0.049414555117671
15.0,0.494146,0.14824366535301298
13.0,0.247073,0.07759535868909957
15.0,0.247073,0.049414555117671
13.0,0.494146,0.17642446892444155
11.0,0.528881,0.10577616226052813
12.0,0.528881,0.10577616226052813
15.0,0.247073,0.049414555117671
14.0,0.528881,0.10577616226052813
14.0,0.247073,0.07759535868909957
15.0,0.247073,0.049414555117671
12.0,0.528881,0.1339569658319567
14.0,0.494146,0.14824366535301298
13.0,0.494146,0.14824366535301298
14.0,0.494146,0.098829110235342
12.0,0.494146,0.12700991380677057
12.0,0.862792,0.18992615052241663
13.0,0.494146,0.098829110235342
12.0,0.775954,0.15519071737819914
14.0,0.741218,0.197658220470684
11.0,0.741218,0.14824366535301298
11.0,1.109865,0.2393407056400876
13.0,0.494146,0.12700991380677057
11.0,0.741218,0.17642446892444155
15.0,0.494146,0.098829110235342
14.0,0.741218,0.197658220470684
12.0,0.775954,0.18337152094962772
14.0,0.494146,0.098829110235342
12.0,0.775954,0.15519071737819914
13.0,0.741218,0.14824366535301298
11.0,1.109865,0.2675215092115162
13.0,0.494146,0.098829110235342
11.0,0.741218,0.14824366535301298
13.0,0.494146,0.098829110235342
13.0,0.494146,0.098829110235342
13.0,0.741218,0.14824366535301298
12.0,0.494146,0.098829110235342
12.0,0.494146,0.098829110235342
13.0,0.494146,0.098829110235342
12.0,0.494146,0.098829110235342
13.0,0.741218,0.14824366535301298
11.0,0.741218,0.14824366535301298
9.0,0.988291,0.197658220470684
13.0,0.741218,0.14824366535301298
13.0,0.741218,0.14824366535301298
9.0,0.988291,0.197658220470684
11.0,0.862792,0.2181069540938452
12.0,0.862792,0.2181069540938452
13.0,0.862792,0.2181069540938452
10.0,1.109865,0.2675215092115162
11.0,1.109865,0.2675215092115162
12.0,0.247073,0.07123375154624242
11.0,0.528881,0.12759535868909958
11.0,0.494146,0.12064830666391342
13.0,0.494146,0.17006286178158442
10.0,0.862792,0.21174534695098807
11.0,0.247073,0.099414555117671
12.0,0.494146,0.19824366535301297
13.0,0.247073,0.07123375154624242
12.0,0.494146,0.12064830666391342
10.0,0.528881,0.15577616226052815
10.0,0.247073,0.07123375154624242
10.0,0.528881,0.12759535868909958
11.0,0.494146,0.148829110235342
13.0,0.494146,0.17006286178158442
10.0,0.862792,0.23992615052241661
11.0,0.247073,0.07123375154624242
12.0,0.494146,0.17006286178158442
12.0,0.247073,0.07123375154624242
9.0,0.247073,0.07123375154624242
11.0,0.494146,0.17006286178158442
14.0,0.247073,0.07123375154624242
13.0,0.494146,0.12064830666391342
13.0,0.247073,0.099414555117671
13.0,0.247073,0.07123375154624242
12.0,0.494146,0.148829110235342
11.0,0.528881,0.12759535868909958
9.0,0.528881,0.12759535868909958
10.0,0.247073,0.09305294797481387
9.0,0.528881,0.149414555117671
9.0,0.247073,0.12123375154624243
12.0,0.247073,0.09305294797481387
8.0,0.528881,0.17759535868909956
11.0,0.494146,0.14246750309248485
12.0,0.494146,0.14246750309248485
13.0,0.494146,0.19188205821015583
11.0,0.494146,0.2200628617815844
10.0,0.862792,0.23356454337955948
10.0,0.494146,0.12064830666391342
9.0,0.775954,0.17700991380677059
9.0,0.741218,0.17006286178158442
12.0,0.741218,0.21947741689925543
8.0,1.109865,0.261159902068659
11.0,0.494146,0.148829110235342
12.0,0.741218,0.24765822047068398
13.0,0.494146,0.12064830666391342
11.0,0.741218,0.17006286178158442
10.0,0.775954,0.20519071737819916
8.0,0.494146,0.14246750309248485
7.0,0.775954,0.198829110235342
7.0,0.741218,0.2200628617815844
7.0,1.109865,0.31115990206865907
9.0,0.494146,0.148829110235342
7.0,0.741218,0.19824366535301297
7.0,0.494146,0.17700991380677056
7.0,0.494146,0.148829110235342
7.0,0.741218,0.22642446892444157
7.0,0.494146,0.148829110235342
5.0,0.494146,0.148829110235342
7.0,0.494146,0.17064830666391342
5.0,0.494146,0.198829110235342
7.0,0.741218,0.2200628617815844
7.0,0.741218,0.19824366535301297
5.0,0.988291,0.24765822047068398
7.0,0.741218,0.22642446892444157
7.0,0.741218,0.2200628617815844
3.0,0.988291,0.297658220470684
10.0,0.862792,0.23992615052241661
8.0,0.862792,0.23992615052241661
8.0,0.862792,0.26174534695098806
8.0,1.109865,0.2893407056400876
7.0,1.109865,0.31115990206865907
12.0,0.465265,0.11487214440338529
10.0,0.747073,0.17123375154624243
11.0,0.465265,0.14305294797481388
13.0,0.465265,0.11487214440338529
10.0,0.747073,0.19941455511767098
11.0,0.465265,0.11487214440338529
12.0,0.465265,0.11487214440338529
13.0,0.465265,0.11487214440338529
11.0,0.465265,0.14305294797481388
10.0,0.747073,0.17123375154624243
10.0,0.712338,0.1642866995210563
8.0,0.994146,0.22064830666391344
11.0,0.712338,0.19246750309248484
12.0,0.712338,0.1642866995210563
9.0,0.994146,0.248829110235342
13.0,0.812267,0.2042584831571339
13.0,0.812267,0.2042584831571339
12.0,0.812267,0.2042584831571339
11.0,1.05934,0.25367303827480486
11.0,1.05934,0.25367303827480486
10.0,0.812267,0.23243928672856246
8.0,0.812267,0.26062009029999106
8.0,0.812267,0.23243928672856246
8.0,1.05934,0.28185384184623347
7.0,1.05934,0.310034645417662
7.0,1.241218,0.298243665353013
5.0,1.488291,0.347658220470684
13.0,0.615719,0.14051159540474562
11.0,0.897527,0.19687320254760277
11.0,0.862792,0.18992615052241663
13.0,0.862792,0.2393407056400876
11.0,1.231439,0.28102319080949123
13.0,0.862792,0.2393407056400876
12.0,1.109865,0.3381698158754296
11.0,0.862792,0.18992615052241663
9.0,1.109865,0.2393407056400876
9.0,1.231439,0.28102319080949123
10.0,0.833911,0.18414998826188847
9.0,1.115719,0.24051159540474562
11.0,1.180914,0.27353632701563707
9.0,1.180914,0.27353632701563707
7.0,1.609865,0.33934070564008767
12.0,0.615719,0.14051159540474562
12.0,0.862792,0.2393407056400876
10.0,0.862792,0.18992615052241663
10.0,0.833911,0.18414998826188847
7.0,1.180914,0.27353632701563707
14.0,0.615719,0.14051159540474562
12.0,0.862792,0.18992615052241663
13.0,0.862792,0.2393407056400876
12.0,0.833911,0.18414998826188847
10.0,1.180914,0.27353632701563707
10.0,0.897527,0.19687320254760277
8.0,1.115719,0.24051159540474562
11.0,0.615719,0.16233079183331706
10.0,0.897527,0.2186923989761742
12.0,0.862792,0.261159902068659
9.0,0.862792,0.21174534695098807
7.0,1.231439,0.30284238723806267
11.0,0.862792,0.21174534695098807
9.0,1.109865,0.261159902068659
13.0,0.862792,0.261159902068659
12.0,1.109865,0.35998901230400104
11.0,1.231439,0.30284238723806267
13.0,0.615719,0.14051159540474562
12.0,0.897527,0.19687320254760277
12.0,0.862792,0.18992615052241663
12.0,0.862792,0.2393407056400876
9.0,1.231439,0.28102319080949123
13.0,0.862792,0.2393407056400876
11.0,1.109865,0.3381698158754296
12.0,0.862792,0.18992615052241663
10.0,1.109865,0.2393407056400876
10.0,1.231439,0.28102319080949123
9.0,0.833911,0.2059691846904599
7.0,1.115719,0.26233079183331703
10.0,1.180914,0.2953555234442085
10.0,1.180914,0.2953555234442085
7.0,1.609865,0.3611599020686591
12.0,0.615719,0.1686923989761742
14.0,0.862792,0.2675215092115162
10.0,0.862792,0.2181069540938452
11.0,0.833911,0.21233079183331705
10.0,1.180914,0.3017171305870656
11.0,0.615719,0.1686923989761742
10.0,0.833911,0.21233079183331705
10.0,0.615719,0.1905115954047456
8.0,0.862792,0.23992615052241661
12.0,0.862792,0.2893407056400876
14.0,0.615719,0.1686923989761742
13.0,0.862792,0.2675215092115162
12.0,0.862792,0.2181069540938452
10.0,0.833911,0.2341499882618885
6.0,1.180914,0.32353632701563706
13.0,0.615719,0.1686923989761742
11.0,0.862792,0.2181069540938452
14.0,0.862792,0.2675215092115162
10.0,0.833911,0.21233079183331705
10.0,1.180914,0.3017171305870656
10.0,0.615719,0.1686923989761742
8.0,0.833911,0.21233079183331705
11.0,0.615719,0.1905115954047456
11.0,0.862792,0.2893407056400876
10.0,0.862792,0.23992615052241661
14.0,0.615719,0.1686923989761742
11.0,0.862792,0.2181069540938452
12.0,0.862792,0.2675215092115162
10.0,0.833911,0.2341499882618885
6.0,1.180914,0.32353632701563706
10.0,0.897527,0.2532348096904599
8.0,1.115719,0.29687320254760274
8.0,0.897527,0.27505400611903136
10.0,0.897527,0.2532348096904599
7.0,1.115719,0.3186923989761742
13.0,0.615719,0.14051159540474562
11.0,0.897527,0.19687320254760277
14.0,0.862792,0.2393407056400876
11.0,0.862792,0.18992615052241663
11.0,1.231439,0.28102319080949123
11.0,0.615719,0.14051159540474562
9.0,0.862792,0.18992615052241663
14.0,0.615719,0.14051159540474562
13.0,0.862792,0.2393407056400876
11.0,0.897527,0.19687320254760277
13.0,0.615719,0.14051159540474562
11.0,0.897527,0.19687320254760277
11.0,0.862792,0.2393407056400876
12.0,0.862792,0.18992615052241663
9.0,1.231439,0.28102319080949123
13.0,0.862792,0.2181069540938452
11.0,1.109865,0.2675215092115162
12.0,0.862792,0.2181069540938452
13.0,0.862792,0.2181069540938452
11.0,1.109865,0.2675215092115162
13.0,0.862792,0.2675215092115162
12.0,1.109865,0.36635061944685815
11.0,0.862792,0.2675215092115162
12.0,0.862792,0.2675215092115162
10.0,1.109865,0.36635061944685815
12.0,0.615719,0.16233079183331706
10.0,0.897527,0.2186923989761742
11.0,0.862792,0.21174534695098807
13.0,0.862792,0.261159902068659
10.0,1.231439,0.30284238723806267
11.0,0.615719,0.16233079183331706
12.0,0.862792,0.261159902068659
13.0,0.615719,0.16233079183331706
11.0,0.862792,0.21174534695098807
10.0,0.897527,0.2186923989761742
10.0,0.615719,0.18414998826188847
8.0,0.897527,0.24051159540474562
11.0,0.862792,0.23356454337955948
12.0,0.862792,0.28297909849723046
9.0,1.231439,0.3246615836666341
13.0,0.862792,0.2893407056400876
13.0,1.109865,0.3881698158754296
12.0,0.862792,0.2893407056400876
11.0,0.862792,0.31115990206865907
11.0,1.109865,0.40998901230400103
10.0,0.862792,0.23992615052241661
8.0,1.109865,0.2893407056400876
8.0,0.862792,0.23992615052241661
8.0,0.862792,0.26174534695098806
7.0,1.109865,0.31115990206865907
7.0,1.231439,0.3592039943809198
5.0,1.231439,0.3810231908094912
9.0,0.833911,0.2059691846904599
8.0,1.115719,0.26233079183331703
8.0,0.833911,0.2059691846904599
10.0,0.833911,0.2059691846904599
7.0,1.115719,0.26233079183331703
7.0,1.180914,0.32353632701563706
5.0,1.180914,0.32353632701563706
7.0,1.609865,0.41752150921151626
12.0,0.218192,0.04363839285714286
10.0,0.5,0.1
11.0,0.465265,0.09305294797481387
13.0,0.465265,0.14246750309248485
10.0,0.833911,0.18414998826188847
13.0,0.465265,0.14246750309248485
14.0,0.712338,0.24129661332782684
11.0,0.465265,0.09305294797481387
9.0,0.712338,0.14246750309248485
10.0,0.833911,0.18414998826188847
11.0,0.436384,0.08727678571428572
9.0,0.718192,0.14363839285714286
11.0,0.783386,0.1766631244680343
11.0,0.783386,0.1766631244680343
7.0,1.212338,0.24246750309248488
11.0,0.218192,0.07181919642857143
12.0,0.465265,0.17064830666391342
9.0,0.465265,0.12123375154624244
9.0,0.436384,0.1154575892857143
10.0,0.783386,0.20484392803946289
13.0,0.218192,0.04363839285714286
12.0,0.465265,0.09305294797481387
11.0,0.465265,0.14246750309248485
12.0,0.436384,0.08727678571428572
12.0,0.783386,0.1766631244680343
10.0,0.5,0.12818080357142858
9.0,0.718192,0.17181919642857144
11.0,0.218192,0.04363839285714286
9.0,0.5,0.1
13.0,0.465265,0.14246750309248485
10.0,0.465265,0.09305294797481387
10.0,0.833911,0.18414998826188847
11.0,0.465265,0.12123375154624244
9.0,0.712338,0.17064830666391342
14.0,0.465265,0.14246750309248485
13.0,0.712338,0.24129661332782684
10.0,0.833911,0.21233079183331705
12.0,0.218192,0.04363839285714286
11.0,0.5,0.1
12.0,0.465265,0.09305294797481387
14.0,0.465265,0.14246750309248485
12.0,0.833911,0.18414998826188847
13.0,0.465265,0.17064830666391342
14.0,0.712338,0.2694774168992554
13.0,0.465265,0.09305294797481387
12.0,0.712338,0.14246750309248485
9.0,0.833911,0.21233079183331705
10.0,0.436384,0.08727678571428572
9.0,0.718192,0.14363839285714286
10.0,0.783386,0.20484392803946289
11.0,0.783386,0.1766631244680343
8.0,1.212338,0.27064830666391343
13.0,0.218192,0.04363839285714286
11.0,0.465265,0.14246750309248485
12.0,0.465265,0.09305294797481387
12.0,0.436384,0.08727678571428572
12.0,0.783386,0.1766631244680343
13.0,0.218192,0.04363839285714286
11.0,0.436384,0.08727678571428572
13.0,0.218192,0.04363839285714286
11.0,0.465265,0.09305294797481387
13.0,0.465265,0.14246750309248485
14.0,0.218192,0.04363839285714286
13.0,0.465265,0.14246750309248485
14.0,0.465265,0.09305294797481387
13.0,0.436384,0.08727678571428572
11.0,0.783386,0.1766631244680343
11.0,0.218192,0.07181919642857143
9.0,0.465265,0.12123375154624244
12.0,0.465265,0.17064830666391342
9.0,0.436384,0.1154575892857143
10.0,0.783386,0.20484392803946289
9.0,0.218192,0.1
7.0,0.436384,0.14363839285714286
10.0,0.218192,0.07181919642857143
11.0,0.465265,0.17064830666391342
9.0,0.465265,0.14941455511767102
12.0,0.218192,0.07181919642857143
10.0,0.465265,0.12123375154624244
12.0,0.465265,0.198829110235342
10.0,0.436384,0.1154575892857143
8.0,0.783386,0.23302473161089146
10.0,0.5,0.12818080357142858
9.0,0.718192,0.17181919642857144
10.0,0.5,0.12818080357142858
12.0,0.5,0.12818080357142858
9.0,0.718192,0.17181919642857144
12.0,0.218192,0.04363839285714286
11.0,0.5,0.1
14.0,0.465265,0.14246750309248485
12.0,0.465265,0.09305294797481387
12.0,0.833911,0.18414998826188847
12.0,0.218192,0.07181919642857143
10.0,0.465265,0.12123375154624244
14.0,0.218192,0.04363839285714286
13.0,0.465265,0.14246750309248485
12.0,0.5,0.12818080357142858
12.0,0.218192,0.04363839285714286
11.0,0.5,0.1
13.0,0.465265,0.17064830666391342
13.0,0.465265,0.09305294797481387
10.0,0.833911,0.21233079183331705
13.0,0.465265,0.09305294797481387
12.0,0.712338,0.14246750309248485
14.0,0.465265,0.09305294797481387
13.0,0.465265,0.09305294797481387
12.0,0.712338,0.14246750309248485
13.0,0.465265,0.17064830666391342
14.0,0.712338,0.2694774168992554
12.0,0.465265,0.198829110235342
13.0,0.465265,0.17064830666391342
12.0,0.712338,0.29765822047068397
9.0,0.833911,0.21233079183331705
10.0,0.833911,0.21233079183331705
11.0,0.218192,0.04363839285714286
9.0,0.5,0.1
10.0,0.465265,0.09305294797481387
13.0,0.465265,0.14246750309248485
10.0,0.833911,0.18414998826188847
10.0,0.218192,0.07181919642857143
11.0,0.465265,0.17064830666391342
13.0,0.218192,0.04363839285714286
11.0,0.465265,0.09305294797481387
10.0,0.5,0.12818080357142858
9.0,0.218192,0.04363839285714286
7.0,0.5,0.1
10.0,0.465265,0.12123375154624244
12.0,0.465265,0.14246750309248485
9.0,0.833911,0.21233079183331705
14.0,0.465265,0.14246750309248485
13.0,0.712338,0.24129661332782684
13.0,0.465265,0.14246750309248485
12.0,0.465265,0.14246750309248485
9.0,0.712338,0.24129661332782684
11.0,0.465265,0.12123375154624244
9.0,0.712338,0.17064830666391342
9.0,0.465265,0.14941455511767102
10.0,0.465265,0.12123375154624244
7.0,0.712338,0.198829110235342
10.0,0.833911,0.21233079183331705
9.0,0.833911,0.21233079183331705
10.0,0.436384,0.08727678571428572
9.0,0.718192,0.14363839285714286
10.0,0.436384,0.1154575892857143
13.0,0.436384,0.08727678571428572
9.0,0.718192,0.17181919642857144
11.0,0.783386,0.1766631244680343
11.0,0.783386,0.1766631244680343
10.0,0.783386,0.20484392803946289
8.0,0.783386,0.23302473161089146
8.0,1.212338,0.27064830666391343
11.0,0.5,0.1
9.0,0.781808,0.15636160714285716
9.0,0.747073,0.149414555117671
12.0,0.747073,0.198829110235342
9.0,1.115719,0.24051159540474562
12.0,0.747073,0.198829110235342
11.0,0.994146,0.297658220470684
9.0,0.747073,0.149414555117671
7.0,0.994146,0.198829110235342
9.0,1.115719,0.24051159540474562
9.0,0.718192,0.14363839285714286
7.0,1.0,0.2
9.0,1.065194,0.23302473161089146
9.0,1.065194,0.23302473161089146
5.0,1.494146,0.29882911023534203
11.0,0.5,0.12818080357142858
12.0,0.747073,0.22700991380677057
10.0,0.747073,0.17759535868909956
9.0,0.718192,0.17181919642857144
7.0,1.065194,0.26120553518232004
11.0,0.5,0.12818080357142858
10.0,0.747073,0.17759535868909956
12.0,0.747073,0.22700991380677057
9.0,0.718192,0.17181919642857144
7.0,1.065194,0.26120553518232004
7.0,0.781808,0.2127232142857143
5.0,1.0,0.25636160714285716
10.0,0.5,0.1
9.0,0.781808,0.15636160714285716
13.0,0.747073,0.198829110235342
10.0,0.747073,0.149414555117671
9.0,1.115719,0.24051159540474562
10.0,0.747073,0.17759535868909956
8.0,0.994146,0.22700991380677057
11.0,0.747073,0.22700991380677057
11.0,0.994146,0.32583902404211257
8.0,1.115719,0.29687320254760274
10.0,0.5,0.1
9.0,0.781808,0.15636160714285716
10.0,0.747073,0.149414555117671
13.0,0.747073,0.198829110235342
9.0,1.115719,0.24051159540474562
11.0,0.747073,0.22700991380677057
11.0,0.994146,0.32583902404211257
10.0,0.747073,0.17759535868909956
8.0,0.994146,0.22700991380677057
8.0,1.115719,0.29687320254760274
7.0,0.718192,0.14363839285714286
5.0,1.0,0.2
8.0,1.065194,0.26120553518232004
8.0,1.065194,0.26120553518232004
5.0,1.494146,0.3551907173781992
12.0,0.218192,0.04363839285714286
13.0,0.465265,0.14246750309248485
11.0,0.465265,0.09305294797481387
11.0,0.436384,0.08727678571428572
10.0,0.783386,0.1766631244680343
13.0,0.218192,0.04363839285714286
12.0,0.436384,0.08727678571428572
11.0,0.218192,0.04363839285714286
9.0,0.465265,0.09305294797481387
13.0,0.465265,0.14246750309248485
12.0,0.218192,0.04363839285714286
14.0,0.465265,0.14246750309248485
11.0,0.465265,0.09305294797481387
9.0,0.436384,0.08727678571428572
11.0,0.783386,0.1766631244680343
11.0,0.218192,0.07181919642857143
9.0,0.436384,0.1154575892857143
9.0,0.218192,0.07181919642857143
12.0,0.218192,0.07181919642857143
7.0,0.436384,0.1154575892857143
12.0,0.218192,0.04363839285714286
12.0,0.465265,0.09305294797481387
14.0,0.218192,0.04363839285714286
12.0,0.218192,0.04363839285714286
12.0,0.465265,0.09305294797481387
11.0,0.465265,0.17064830666391342
12.0,0.465265,0.17064830666391342
11.0,0.218192,0.04363839285714286
12.0,0.465265,0.14246750309248485
12.0,0.218192,0.04363839285714286
9.0,0.218192,0.04363839285714286
11.0,0.465265,0.14246750309248485
11.0,0.465265,0.12123375154624244
9.0,0.465265,0.12123375154624244
11.0,0.436384,0.08727678571428572
11.0,0.436384,0.08727678571428572
10.0,0.783386,0.20484392803946289
11.0,0.5,0.1
12.0,0.747073,0.198829110235342
9.0,0.747073,0.149414555117671
9.0,0.718192,0.14363839285714286
8.0,1.065194,0.23302473161089146
10.0,0.5,0.12818080357142858
8.0,0.718192,0.17181919642857144
9.0,0.5,0.1
7.0,0.747073,0.149414555117671
11.0,0.747073,0.22700991380677057
11.0,0.5,0.1
11.0,0.747073,0.198829110235342
10.0,0.747073,0.17759535868909956
7.0,0.718192,0.14363839285714286
7.0,1.065194,0.26120553518232004
12.0,0.218192,0.04363839285714286
11.0,0.465265,0.09305294797481387
13.0,0.465265,0.14246750309248485
11.0,0.436384,0.08727678571428572
10.0,0.783386,0.1766631244680343
11.0,0.218192,0.07181919642857143
9.0,0.436384,0.1154575892857143
11.0,0.218192,0.04363839285714286
12.0,0.465265,0.14246750309248485
11.0,0.465265,0.12123375154624244
12.0,0.218192,0.04363839285714286
12.0,0.465265,0.09305294797481387
11.0,0.465265,0.17064830666391342
11.0,0.436384,0.08727678571428572
10.0,0.783386,0.20484392803946289
13.0,0.218192,0.04363839285714286
12.0,0.436384,0.08727678571428572
12.0,0.218192,0.04363839285714286
14.0,0.218192,0.04363839285714286
11.0,0.436384,0.08727678571428572
12.0,0.218192,0.04363839285714286
14.0,0.465265,0.14246750309248485
12.0,0.218192,0.07181919642857143
12.0,0.218192,0.04363839285714286
12.0,0.465265,0.17064830666391342
11.0,0.465265,0.09305294797481387
12.0,0.465265,0.09305294797481387
11.0,0.218192,0.04363839285714286
9.0,0.465265,0.09305294797481387
9.0,0.218192,0.07181919642857143
9.0,0.218192,0.04363839285714286
9.0,0.465265,0.12123375154624244
13.0,0.465265,0.14246750309248485
11.0,0.465265,0.14246750309248485
9.0,0.436384,0.08727678571428572
7.0,0.436384,0.1154575892857143
11.0,0.783386,0.1766631244680343
11.0,0.5,0.1
9.0,0.747073,0.149414555117671
12.0,0.747073,0.198829110235342
9.0,0.718192,0.14363839285714286
8.0,1.065194,0.23302473161089146
10.0,0.5,0.12818080357142858
8.0,0.718192,0.17181919642857144
11.0,0.5,0.1
11.0,0.747073,0.198829110235342
10.0,0.747073,0.17759535868909956
9.0,0.5,0.1
7.0,0.747073,0.149414555117671
11.0,0.747073,0.22700991380677057
7.0,0.718192,0.14363839285714286
7.0,1.065194,0.26120553518232004
8.0,0.5,0.1
7.0,0.718192,0.14363839285714286
7.0,0.5,0.1
9.0,0.5,0.1
7.0,0.718192,0.14363839285714286
9.0,0.5,0.1
9.0,0.5,0.1
7.0,0.5,0.1
5.0,0.5,0.1
7.0,0.718192,0.14363839285714286
7.0,0.781808,0.15636160714285716
5.0,1.0,0.2
7.0,0.781808,0.15636160714285716
7.0,0.781808,0.15636160714285716
3.0,1.0,0.2
12.0,0.218192,0.0654575892857143
10.0,0.5,0.12181919642857143
14.0,0.465265,0.1642866995210563
11.0,0.465265,0.11487214440338529
10.0,0.833911,0.2059691846904599
11.0,0.218192,0.09363839285714287
9.0,0.465265,0.14305294797481388
13.0,0.218192,0.0654575892857143
11.0,0.465265,0.1642866995210563
9.0,0.5,0.15000000000000002
13.0,0.218192,0.0654575892857143
12.0,0.5,0.12181919642857143
13.0,0.465265,0.19246750309248484
14.0,0.465265,0.11487214440338529
9.0,0.833911,0.2341499882618885
12.0,0.218192,0.0654575892857143
11.0,0.465265,0.11487214440338529
12.0,0.218192,0.0654575892857143
13.0,0.218192,0.0654575892857143
12.0,0.465265,0.11487214440338529
10.0,0.218192,0.09363839285714287
12.0,0.465265,0.19246750309248484
9.0,0.218192,0.12181919642857145
12.0,0.218192,0.09363839285714287
11.0,0.465265,0.22064830666391344
10.0,0.5,0.15000000000000002
10.0,0.5,0.15000000000000002
11.0,0.218192,0.0654575892857143
10.0,0.5,0.12181919642857143
9.0,0.218192,0.09363839285714287
12.0,0.218192,0.0654575892857143
7.0,0.5,0.15000000000000002
12.0,0.465265,0.1642866995210563
11.0,0.465265,0.1642866995210563
10.0,0.465265,0.14305294797481388
8.0,0.465265,0.17123375154624243
10.0,0.833911,0.2341499882618885
10.0,0.5,0.12181919642857143
9.0,0.781808,0.1781808035714286
12.0,0.747073,0.22064830666391344
9.0,0.747073,0.17123375154624243
8.0,1.115719,0.26233079183331703
9.0,0.5,0.15000000000000002
7.0,0.747073,0.19941455511767098
11.0,0.5,0.15000000000000002
9.0,0.747073,0.248829110235342
7.0,0.781808,0.23454241071428572
11.0,0.5,0.12181919642857143
9.0,0.781808,0.1781808035714286
11.0,0.747073,0.248829110235342
10.0,0.747073,0.19941455511767098
7.0,1.115719,0.3186923989761742
12.0,0.465265,0.11487214440338529
11.0,0.712338,0.1642866995210563
14.0,0.465265,0.11487214440338529
13.0,0.465265,0.11487214440338529
12.0,0.712338,0.1642866995210563
10.0,0.465265,0.14305294797481388
11.0,0.465265,0.14305294797481388
11.0,0.465265,0.11487214440338529
12.0,0.465265,0.11487214440338529
10.0,0.712338,0.19246750309248484
11.0,0.747073,0.17123375154624243
9.0,0.994146,0.22064830666391344
11.0,0.747073,0.19941455511767098
11.0,0.747073,0.17123375154624243
9.0,0.994146,0.248829110235342
12.0,0.465265,0.1642866995210563
13.0,0.712338,0.26311580975639826
11.0,0.465265,0.19246750309248484
13.0,0.465265,0.1642866995210563
12.0,0.712338,0.29129661332782686
11.0,0.465265,0.1642866995210563
12.0,0.465265,0.1642866995210563
11.0,0.465265,0.1642866995210563
9.0,0.465265,0.19246750309248484
11.0,0.712338,0.26311580975639826
11.0,0.747073,0.22064830666391344
11.0,0.994146,0.31947741689925546
10.0,0.747073,0.248829110235342
11.0,0.747073,0.22064830666391344
9.0,0.994146,0.347658220470684
9.0,0.833911,0.2059691846904599
10.0,0.833911,0.2059691846904599
8.0,0.833911,0.2059691846904599
8.0,1.115719,0.26233079183331703
7.0,1.115719,0.26233079183331703
12.0,0.218192,0.0654575892857143
10.0,0.5,0.12181919642857143
11.0,0.465265,0.11487214440338529
14.0,0.465265,0.1642866995210563
10.0,0.833911,0.2059691846904599
10.0,0.218192,0.09363839285714287
12.0,0.465265,0.19246750309248484
12.0,0.218192,0.0654575892857143
11.0,0.465265,0.11487214440338529
10.0,0.5,0.15000000000000002
11.0,0.218192,0.0654575892857143
10.0,0.5,0.12181919642857143
10.0,0.465265,0.14305294797481388
12.0,0.465265,0.1642866995210563
10.0,0.833911,0.2341499882618885
13.0,0.218192,0.0654575892857143
11.0,0.465265,0.1642866995210563
12.0,0.218192,0.0654575892857143
12.0,0.218192,0.0654575892857143
11.0,0.465265,0.1642866995210563
11.0,0.218192,0.09363839285714287
9.0,0.465265,0.14305294797481388
9.0,0.218192,0.12181919642857145
9.0,0.218192,0.09363839285714287
8.0,0.465265,0.17123375154624243
9.0,0.5,0.15000000000000002
7.0,0.5,0.15000000000000002
13.0,0.218192,0.0654575892857143
12.0,0.5,0.12181919642857143
12.0,0.218192,0.09363839285714287
13.0,0.218192,0.0654575892857143
10.0,0.5,0.15000000000000002
14.0,0.465265,0.11487214440338529
12.0,0.465265,0.11487214440338529
13.0,0.465265,0.19246750309248484
11.0,0.465265,0.22064830666391344
9.0,0.833911,0.2341499882618885
10.0,0.5,0.12181919642857143
9.0,0.781808,0.1781808035714286
9.0,0.747073,0.17123375154624243
12.0,0.747073,0.22064830666391344
8.0,1.115719,0.26233079183331703
11.0,0.5,0.15000000000000002
9.0,0.747073,0.248829110235342
9.0,0.5,0.15000000000000002
7.0,0.747073,0.19941455511767098
7.0,0.781808,0.23454241071428572
11.0,0.5,0.12181919642857143
9.0,0.781808,0.1781808035714286
10.0,0.747073,0.19941455511767098
11.0,0.747073,0.248829110235342
7.0,1.115719,0.3186923989761742
12.0,0.465265,0.1642866995210563
13.0,0.712338,0.26311580975639826
11.0,0.465265,0.1642866995210563
11.0,0.465265,0.1642866995210563
11.0,0.712338,0.26311580975639826
11.0,0.465265,0.19246750309248484
9.0,0.465265,0.19246750309248484
13.0,0.465265,0.1642866995210563
12.0,0.465265,0.1642866995210563
12.0,0.712338,0.29129661332782686
11.0,0.747073,0.22064830666391344
11.0,0.994146,0.31947741689925546
10.0,0.747073,0.248829110235342
11.0,0.747073,0.22064830666391344
9.0,0.994146,0.347658220470684
12.0,0.465265,0.11487214440338529
11.0,0.712338,0.1642866995210563
10.0,0.465265,0.14305294797481388
11.0,0.465265,0.11487214440338529
10.0,0.712338,0.19246750309248484
14.0,0.465265,0.11487214440338529
12.0,0.465265,0.11487214440338529
13.0,0.465265,0.11487214440338529
11.0,0.465265,0.14305294797481388
12.0,0.712338,0.1642866995210563
11.0,0.747073,0.17123375154624243
9.0,0.994146,0.22064830666391344
11.0,0.747073,0.19941455511767098
11.0,0.747073,0.17123375154624243
9.0,0.994146,0.248829110235342
9.0,0.833911,0.2059691846904599
8.0,0.833911,0.2059691846904599
10.0,0.833911,0.2059691846904599
8.0,1.115719,0.26233079183331703
7.0,1.115719,0.26233079183331703
9.0,0.436384,0.1309151785714286
7.0,0.718192,0.18727678571428572
7.0,0.436384,0.15909598214285714
10.0,0.436384,0.1309151785714286
7.0,0.718192,0.2154575892857143
10.0,0.436384,0.1309151785714286
9.0,0.436384,0.1309151785714286
7.0,0.436384,0.15909598214285714
5.0,0.436384,0.18727678571428574
7.0,0.718192,0.2154575892857143
7.0,0.718192,0.18727678571428572
5.0,1.0,0.24363839285714287
7.0,0.718192,0.2154575892857143
7.0,0.718192,0.2154575892857143
3.0,1.0,0.30000000000000004
10.0,0.783386,0.22030151732517717
10.0,0.783386,0.22030151732517717
8.0,0.783386,0.24848232089660574
8.0,1.065194,0.2766631244680343
7.0,1.065194,0.3048439280394629
10.0,0.783386,0.22030151732517717
8.0,0.783386,0.24848232089660574
10.0,0.783386,0.22030151732517717
8.0,1.065194,0.2766631244680343
7.0,1.065194,0.3048439280394629
7.0,1.212338,0.28610589594962776
5.0,1.494146,0.3424675030924849
12.0,0.565194,0.13302473161089146
10.0,0.847002,0.1893863387537486
11.0,0.812267,0.18243928672856247
13.0,0.812267,0.23185384184623345
9.0,1.180914,0.27353632701563707
12.0,0.812267,0.23185384184623345
12.0,1.05934,0.33068295208157544
10.0,0.812267,0.18243928672856247
9.0,1.05934,0.23185384184623345
10.0,1.180914,0.27353632701563707
10.0,0.783386,0.1766631244680343
9.0,1.065194,0.23302473161089146
9.0,1.130388,0.2660494632217829
11.0,1.130388,0.2660494632217829
7.0,1.55934,0.33185384184623345
14.0,0.565194,0.13302473161089146
11.0,0.812267,0.23185384184623345
12.0,0.812267,0.18243928672856247
12.0,0.783386,0.1766631244680343
9.0,1.130388,0.2660494632217829
11.0,0.565194,0.16120553518232003
9.0,0.812267,0.21062009029999104
11.0,0.812267,0.260034645417662
9.0,0.783386,0.20484392803946289
7.0,1.130388,0.29423026679321146
10.0,0.847002,0.21756714232517718
8.0,1.065194,0.26120553518232004
13.0,0.565194,0.13302473161089146
12.0,0.847002,0.1893863387537486
13.0,0.812267,0.23185384184623345
12.0,0.812267,0.18243928672856247
10.0,1.180914,0.27353632701563707
13.0,0.812267,0.18243928672856247
11.0,1.05934,0.23185384184623345
14.0,0.812267,0.260034645417662
12.0,1.05934,0.358863755653004
9.0,1.180914,0.3017171305870656
11.0,0.565194,0.13302473161089146
10.0,0.847002,0.1893863387537486
9.0,0.812267,0.18243928672856247
12.0,0.812267,0.23185384184623345
7.0,1.180914,0.27353632701563707
12.0,0.812267,0.23185384184623345
11.0,1.05934,0.33068295208157544
10.0,0.812267,0.21062009029999104
8.0,1.05934,0.260034645417662
10.0,1.180914,0.3017171305870656
11.0,0.783386,0.1766631244680343
9.0,1.065194,0.23302473161089146
11.0,1.130388,0.2660494632217829
10.0,1.130388,0.29423026679321146
7.0,1.55934,0.360034645417662
12.0,0.565194,0.16120553518232003
14.0,0.812267,0.260034645417662
10.0,0.812267,0.21062009029999104
11.0,0.783386,0.20484392803946289
11.0,1.130388,0.29423026679321146
11.0,0.565194,0.1893863387537486
9.0,0.783386,0.23302473161089146
13.0,0.565194,0.16120553518232003
11.0,0.812267,0.21062009029999104
12.0,0.812267,0.2882154489890906
11.0,0.565194,0.16120553518232003
12.0,0.812267,0.260034645417662
10.0,0.812267,0.23880089387141962
11.0,0.783386,0.20484392803946289
9.0,1.130388,0.32241107036464006
12.0,0.565194,0.13302473161089146
11.0,0.812267,0.18243928672856247
11.0,0.812267,0.23185384184623345
11.0,0.783386,0.1766631244680343
10.0,1.130388,0.2660494632217829
13.0,0.565194,0.13302473161089146
11.0,0.783386,0.1766631244680343
13.0,0.565194,0.13302473161089146
12.0,0.812267,0.23185384184623345
12.0,0.812267,0.18243928672856247
11.0,0.565194,0.13302473161089146
9.0,0.812267,0.18243928672856247
11.0,0.812267,0.23185384184623345
11.0,0.783386,0.1766631244680343
9.0,1.130388,0.2660494632217829
9.0,0.847002,0.21756714232517718
8.0,1.065194,0.26120553518232004
10.0,0.847002,0.21756714232517718
8.0,0.847002,0.21756714232517718
7.0,1.065194,0.26120553518232004
12.0,0.565194,0.1548439280394629
10.0,0.847002,0.21120553518232005
13.0,0.812267,0.25367303827480486
11.0,0.812267,0.2042584831571339
10.0,1.180914,0.2953555234442085
13.0,0.565194,0.1548439280394629
11.0,0.812267,0.2042584831571339
11.0,0.565194,0.18302473161089144
11.0,0.812267,0.28185384184623347
10.0,0.847002,0.2393863387537486
10.0,0.565194,0.1548439280394629
9.0,0.847002,0.21120553518232005
11.0,0.812267,0.25367303827480486
10.0,0.812267,0.23243928672856246
8.0,1.180914,0.32353632701563706
10.0,0.812267,0.23243928672856246
8.0,1.05934,0.28185384184623347
8.0,0.812267,0.26062009029999106
8.0,0.812267,0.23243928672856246
7.0,1.05934,0.310034645417662
13.0,0.812267,0.25367303827480486
12.0,1.05934,0.3525021485101469
12.0,0.812267,0.25367303827480486
11.0,0.812267,0.25367303827480486
10.0,1.05934,0.3525021485101469
7.0,1.180914,0.32353632701563706
5.0,1.180914,0.32353632701563706
9.0,0.565194,0.1548439280394629
9.0,0.847002,0.21120553518232005
8.0,0.812267,0.2042584831571339
12.0,0.812267,0.25367303827480486
9.0,1.180914,0.2953555234442085
12.0,0.565194,0.1548439280394629
10.0,0.812267,0.25367303827480486
8.0,0.565194,0.18302473161089144
6.0,0.812267,0.23243928672856246
9.0,0.847002,0.2393863387537486
11.0,0.565194,0.1548439280394629
10.0,0.847002,0.21120553518232005
11.0,0.812267,0.2042584831571339
11.0,0.812267,0.28185384184623347
6.0,1.180914,0.32353632701563706
11.0,0.812267,0.28185384184623347
13.0,1.05934,0.38068295208157543
10.0,0.812267,0.310034645417662
12.0,0.812267,0.28185384184623347
11.0,1.05934,0.40886375565300404
11.0,0.812267,0.2042584831571339
10.0,1.05934,0.25367303827480486
13.0,0.812267,0.2042584831571339
12.0,0.812267,0.2042584831571339
11.0,1.05934,0.25367303827480486
9.0,0.783386,0.22030151732517717
8.0,1.065194,0.2766631244680343
10.0,0.783386,0.22030151732517717
8.0,0.783386,0.24848232089660574
7.0,1.065194,0.3048439280394629
7.0,1.130388,0.33786865965035434
5.0,1.130388,0.3660494632217829
7.0,1.55934,0.4036730382748049
12.0,0.565194,0.13302473161089146
10.0,0.847002,0.1893863387537486
10.0,0.812267,0.18243928672856247
12.0,0.812267,0.23185384184623345
10.0,1.180914,0.27353632701563707
13.0,0.812267,0.23185384184623345
12.0,1.05934,0.33068295208157544
11.0,0.812267,0.18243928672856247
9.0,1.05934,0.23185384184623345
9.0,1.180914,0.27353632701563707
10.0,0.783386,0.1766631244680343
9.0,1.065194,0.23302473161089146
11.0,1.130388,0.2660494632217829
9.0,1.130388,0.2660494632217829
7.0,1.55934,0.33185384184623345
11.0,0.565194,0.16120553518232003
11.0,0.812267,0.260034645417662
9.0,0.812267,0.21062009029999104
9.0,0.783386,0.20484392803946289
7.0,1.130388,0.29423026679321146
14.0,0.565194,0.13302473161089146
12.0,0.812267,0.18243928672856247
11.0,0.812267,0.23185384184623345
12.0,0.783386,0.1766631244680343
9.0,1.130388,0.2660494632217829
10.0,0.847002,0.21756714232517718
8.0,1.065194,0.26120553518232004
11.0,0.565194,0.13302473161089146
10.0,0.847002,0.1893863387537486
12.0,0.812267,0.23185384184623345
9.0,0.812267,0.18243928672856247
7.0,1.180914,0.27353632701563707
10.0,0.812267,0.21062009029999104
8.0,1.05934,0.260034645417662
12.0,0.812267,0.23185384184623345
11.0,1.05934,0.33068295208157544
10.0,1.180914,0.3017171305870656
13.0,0.565194,0.13302473161089146
12.0,0.847002,0.1893863387537486
12.0,0.812267,0.18243928672856247
13.0,0.812267,0.23185384184623345
10.0,1.180914,0.27353632701563707
14.0,0.812267,0.260034645417662
12.0,1.05934,0.358863755653004
13.0,0.812267,0.18243928672856247
11.0,1.05934,0.23185384184623345
9.0,1.180914,0.3017171305870656
11.0,0.783386,0.1766631244680343
9.0,1.065194,0.23302473161089146
10.0,1.130388,0.29423026679321146
11.0,1.130388,0.2660494632217829
7.0,1.55934,0.360034645417662
12.0,0.565194,0.13302473161089146
11.0,0.812267,0.23185384184623345
11.0,0.812267,0.18243928672856247
11.0,0.783386,0.1766631244680343
10.0,1.130388,0.2660494632217829
13.0,0.565194,0.13302473161089146
11.0,0.783386,0.1766631244680343
11.0,0.565194,0.13302473161089146
9.0,0.812267,0.18243928672856247
11.0,0.812267,0.23185384184623345
13.0,0.565194,0.13302473161089146
12.0,0.812267,0.23185384184623345
12.0,0.812267,0.18243928672856247
11.0,0.783386,0.1766631244680343
9.0,1.130388,0.2660494632217829
12.0,0.565194,0.16120553518232003
10.0,0.812267,0.21062009029999104
14.0,0.812267,0.260034645417662
11.0,0.783386,0.20484392803946289
11.0,1.130388,0.29423026679321146
11.0,0.565194,0.1893863387537486
9.0,0.783386,0.23302473161089146
11.0,0.565194,0.16120553518232003
12.0,0.812267,0.260034645417662
10.0,0.812267,0.23880089387141962
13.0,0.565194,0.16120553518232003
11.0,0.812267,0.21062009029999104
12.0,0.812267,0.2882154489890906
11.0,0.783386,0.20484392803946289
9.0,1.130388,0.32241107036464006
9.0,0.847002,0.21756714232517718
8.0,1.065194,0.26120553518232004
8.0,0.847002,0.21756714232517718
10.0,0.847002,0.21756714232517718
7.0,1.065194,0.26120553518232004
9.0,0.565194,0.1548439280394629
9.0,0.847002,0.21120553518232005
12.0,0.812267,0.25367303827480486
8.0,0.812267,0.2042584831571339
9.0,1.180914,0.2953555234442085
8.0,0.565194,0.18302473161089144
6.0,0.812267,0.23243928672856246
12.0,0.565194,0.1548439280394629
10.0,0.812267,0.25367303827480486
9.0,0.847002,0.2393863387537486
11.0,0.565194,0.1548439280394629
10.0,0.847002,0.21120553518232005
11.0,0.812267,0.28185384184623347
11.0,0.812267,0.2042584831571339
6.0,1.180914,0.32353632701563706
11.0,0.812267,0.2042584831571339
10.0,1.05934,0.25367303827480486
13.0,0.812267,0.2042584831571339
12.0,0.812267,0.2042584831571339
11.0,1.05934,0.25367303827480486
11.0,0.812267,0.28185384184623347
13.0,1.05934,0.38068295208157543
10.0,0.812267,0.310034645417662
12.0,0.812267,0.28185384184623347
11.0,1.05934,0.40886375565300404
12.0,0.565194,0.1548439280394629
10.0,0.847002,0.21120553518232005
11.0,0.812267,0.2042584831571339
13.0,0.812267,0.25367303827480486
10.0,1.180914,0.2953555234442085
11.0,0.565194,0.18302473161089144
11.0,0.812267,0.28185384184623347
13.0,0.565194,0.1548439280394629
11.0,0.812267,0.2042584831571339
10.0,0.847002,0.2393863387537486
10.0,0.565194,0.1548439280394629
9.0,0.847002,0.21120553518232005
10.0,0.812267,0.23243928672856246
11.0,0.812267,0.25367303827480486
8.0,1.180914,0.32353632701563706
13.0,0.812267,0.25367303827480486
12.0,1.05934,0.3525021485101469
12.0,0.812267,0.25367303827480486
11.0,0.812267,0.25367303827480486
10.0,1.05934,0.3525021485101469
10.0,0.812267,0.23243928672856246
8.0,1.05934,0.28185384184623347
8.0,0.812267,0.26062009029999106
8.0,0.812267,0.23243928672856246
7.0,1.05934,0.310034645417662
7.0,1.180914,0.32353632701563706
5.0,1.180914,0.32353632701563706
9.0,0.783386,0.22030151732517717
8.0,1.065194,0.2766631244680343
8.0,0.783386,0.24848232089660574
10.0,0.783386,0.22030151732517717
7.0,1.065194,0.3048439280394629
7.0,1.130388,0.33786865965035434
5.0,1.130388,0.3660494632217829
7.0,1.55934,0.4036730382748049
9.0,0.994146,0.19882911023534203
7.0,1.275954,0.25519071737819915
7.0,1.241218,0.248243665353013
10.0,1.241218,0.297658220470684
7.0,1.609865,0.33934070564008767
10.0,1.241218,0.297658220470684
9.0,1.488291,0.39648733070602604
7.0,1.241218,0.248243665353013
5.0,1.488291,0.297658220470684
7.0,1.609865,0.33934070564008767
7.0,1.212338,0.24246750309248488
5.0,1.494146,0.29882911023534203
7.0,1.55934,0.33185384184623345
7.0,1.55934,0.33185384184623345
3.0,1.988291,0.39765822047068405
10.0,0.994146,0.2270099138067706
10.0,1.241218,0.32583902404211257
8.0,1.241218,0.27642446892444156
8.0,1.212338,0.27064830666391343
7.0,1.55934,0.360034645417662
10.0,0.994146,0.2270099138067706
8.0,1.241218,0.27642446892444156
10.0,1.241218,0.32583902404211257
8.0,1.212338,0.27064830666391343
7.0,1.55934,0.360034645417662
7.0,1.275954,0.3115523245210563
5.0,1.494146,0.3551907173781992
9.0,0.994146,0.22064830666391347
8.0,1.275954,0.2770099138067706
10.0,1.241218,0.31947741689925546
8.0,1.241218,0.27006286178158445
7.0,1.609865,0.3611599020686591
7.0,1.241218,0.298243665353013
5.0,1.488291,0.347658220470684
7.0,1.609865,0.41752150921151626
9.0,0.994146,0.22064830666391347
8.0,1.275954,0.2770099138067706
8.0,1.241218,0.27006286178158445
10.0,1.241218,0.31947741689925546
7.0,1.609865,0.3611599020686591
7.0,1.241218,0.298243665353013
5.0,1.488291,0.347658220470684
7.0,1.609865,0.41752150921151626
7.0,1.212338,0.28610589594962776
5.0,1.494146,0.3424675030924849
7.0,1.55934,0.4036730382748049
7.0,1.55934,0.4036730382748049
1.0,1.988291,0.4976582204706841
