complexity,cost,feature_based_cost
16.0,0.0,0.0
15.0,0.00841,0.0004204625087596356
16.0,0.00841,0.0004204625087596356
16.0,0.019994,0.0009996259640147444
16.0,0.00841,0.0004204625087596356
13.0,0.01682,0.0008409250175192712
16.0,0.019994,0.0009996259640147444
15.0,0.00841,0.0004204625087596356
14.0,0.01682,0.0008409250175192712
16.0,0.019994,0.0009996259640147444
16.0,0.019994,0.0009996259640147444
12.0,0.03364,0.0016818500350385423
15.0,0.007663,0.003831230667920996
14.0,0.016073,0.004251693176680631
14.0,0.016073,0.004251693176680631
15.0,0.027657,0.00483085663193574
16.0,0.018822,0.0056263762502330355
15.0,0.027232,0.006046838758992671
16.0,0.007663,0.003831230667920995
14.0,0.016073,0.004251693176680631
15.0,0.016073,0.004251693176680631
15.0,0.027657,0.0048308566319357395
16.0,0.018822,0.0056263762502330355
14.0,0.027232,0.0060468387589926705
16.0,0.018822,0.005626376250233036
15.0,0.027232,0.006046838758992671
16.0,0.03217,0.007087094250249105
15.0,0.047119,0.008420710710215495
15.0,0.007008,0.00035038542396636303
12.0,0.015418,0.0007708479327259985
14.0,0.015418,0.0007708479327259985
14.0,0.027002,0.0013500113879811074
14.0,0.015418,0.0007708479327259986
12.0,0.023828,0.001191310441485634
14.0,0.027002,0.0013500113879811074
14.0,0.015418,0.0007708479327259986
11.0,0.023828,0.001191310441485634
15.0,0.027002,0.0013500113879811074
15.0,0.027002,0.0013500113879811072
11.0,0.040648,0.002032235459004905
16.0,0.01771,0.0057011016281707915
15.0,0.02612,0.006121564136930427
15.0,0.02612,0.006121564136930427
16.0,0.037704,0.006700727592185537
15.0,0.007663,0.003831230667920996
14.0,0.015326,0.007662461335841992
14.0,0.016073,0.004251693176680631
14.0,0.015326,0.007662461335841991
15.0,0.026485,0.009457606918154032
14.0,0.016073,0.004251693176680631
13.0,0.023736,0.008082923844601627
15.0,0.027657,0.00483085663193574
15.0,0.026485,0.009457606918154032
15.0,0.039833,0.0109183249181701
16.0,0.018822,0.0056263762502330355
15.0,0.026485,0.009457606918154032
15.0,0.027232,0.006046838758992671
16.0,0.037645,0.011252752500466073
16.0,0.01183,0.005701101628170792
15.0,0.02024,0.006121564136930427
15.0,0.02024,0.006121564136930428
16.0,0.031824,0.006700727592185537
11.0,0.030744,0.00843330926856799
10.0,0.039154,0.008853771777327626
16.0,0.01771,0.005701101628170792
14.0,0.02612,0.006121564136930427
15.0,0.02612,0.006121564136930427
14.0,0.037704,0.006700727592185537
14.0,0.045453,0.010574961227777067
16.0,0.007663,0.003831230667920995
14.0,0.015326,0.007662461335841991
15.0,0.016073,0.004251693176680631
13.0,0.015326,0.007662461335841991
14.0,0.026485,0.009457606918154032
14.0,0.016073,0.00425169317668063
12.0,0.023736,0.008082923844601625
15.0,0.026485,0.009457606918154032
15.0,0.027657,0.0048308566319357395
16.0,0.01771,0.005701101628170792
14.0,0.02612,0.006121564136930427
15.0,0.02612,0.006121564136930427
14.0,0.037704,0.006700727592185537
16.0,0.018822,0.0056263762502330355
15.0,0.026485,0.00945760691815403
14.0,0.027232,0.0060468387589926705
14.0,0.026485,0.00945760691815403
12.0,0.037645,0.011252752500466073
14.0,0.045453,0.010574961227777067
16.0,0.018822,0.005626376250233036
15.0,0.026485,0.009457606918154032
15.0,0.027232,0.006046838758992671
16.0,0.037645,0.011252752500466073
12.0,0.030744,0.00843330926856799
11.0,0.039154,0.008853771777327626
16.0,0.03217,0.007087094250249105
15.0,0.039833,0.010918324918170099
15.0,0.047119,0.0084207107102155
11.0,0.061473,0.012444062941951706
16.0,0.007663,0.003831230667920996
14.0,0.014671,0.004181616091887359
13.0,0.015326,0.007662461335841992
14.0,0.025373,0.009532332296091788
15.0,0.015326,0.007662461335841991
12.0,0.022989,0.011493692003762986
15.0,0.025373,0.009532332296091788
14.0,0.016073,0.004251693176680631
13.0,0.023081,0.004602078600646994
14.0,0.026485,0.00945760691815403
15.0,0.026485,0.00945760691815403
11.0,0.038407,0.012264539936488985
14.0,0.015326,0.007662461335841992
12.0,0.022989,0.011493692003762986
13.0,0.023736,0.008082923844601627
13.0,0.034148,0.013288837586075027
15.0,0.019493,0.009532332296091788
14.0,0.027903,0.009952794804851423
15.0,0.016073,0.004251693176680631
14.0,0.023081,0.004602078600646994
13.0,0.023736,0.008082923844601627
13.0,0.033783,0.009952794804851423
15.0,0.026485,0.00945760691815403
12.0,0.034148,0.013288837586075027
15.0,0.027657,0.00483085663193574
14.0,0.034665,0.005181242055902103
15.0,0.039833,0.0109183249181701
16.0,0.007008,0.00035038542396636303
14.0,0.015418,0.0007708479327259985
13.0,0.015418,0.0007708479327259985
14.0,0.027002,0.0013500113879811074
15.0,0.015418,0.0007708479327259986
12.0,0.023828,0.001191310441485634
15.0,0.027002,0.0013500113879811074
15.0,0.015418,0.0007708479327259986
13.0,0.023828,0.001191310441485634
14.0,0.027002,0.0013500113879811074
15.0,0.027002,0.0013500113879811072
11.0,0.040648,0.002032235459004905
14.0,0.014671,0.004181616091887359
12.0,0.023081,0.004602078600646995
13.0,0.023081,0.004602078600646995
13.0,0.034665,0.005181242055902103
15.0,0.02583,0.005976761674199399
14.0,0.03424,0.006397224182959034
15.0,0.014671,0.004181616091887359
14.0,0.023081,0.004602078600646994
13.0,0.023081,0.004602078600646994
13.0,0.034665,0.005181242055902103
15.0,0.02583,0.005976761674199399
12.0,0.03424,0.006397224182959034
15.0,0.02583,0.005976761674199399
14.0,0.03424,0.006397224182959034
15.0,0.039178,0.0074374796742154685
13.0,0.054127,0.008771096134181864
16.0,0.01771,0.0057011016281707915
15.0,0.025373,0.009532332296091788
15.0,0.02612,0.006121564136930427
15.0,0.025373,0.009532332296091788
15.0,0.036533,0.011327477878403828
15.0,0.02612,0.006121564136930427
14.0,0.033783,0.009952794804851423
15.0,0.037704,0.006700727592185537
15.0,0.036533,0.011327477878403828
15.0,0.04988,0.012788195878419898
16.0,0.018822,0.0056263762502330355
14.0,0.02583,0.005976761674199399
14.0,0.026485,0.009457606918154032
11.0,0.036533,0.011327477878403828
15.0,0.026485,0.009457606918154032
12.0,0.034148,0.013288837586075028
13.0,0.036533,0.011327477878403828
15.0,0.027232,0.006046838758992671
12.0,0.03424,0.006397224182959034
14.0,0.037645,0.011252752500466073
15.0,0.037645,0.011252752500466073
10.0,0.049566,0.014059685518801027
16.0,0.016661,0.0008330216366789541
14.0,0.025071,0.0012534841454385896
14.0,0.025071,0.0012534841454385896
11.0,0.036655,0.0018326476006936983
15.0,0.025071,0.0012534841454385896
12.0,0.033481,0.001673946654198225
13.0,0.036655,0.0018326476006936983
15.0,0.025071,0.0012534841454385896
12.0,0.033481,0.001673946654198225
14.0,0.036655,0.0018326476006936983
15.0,0.036655,0.0018326476006936983
10.0,0.050301,0.0025148716717174964
14.0,0.043824,0.010629466491490446
12.0,0.052234,0.011049929000250083
15.0,0.007663,0.003831230667920996
14.0,0.015326,0.007662461335841992
14.0,0.016073,0.004251693176680631
15.0,0.026485,0.009457606918154032
14.0,0.014671,0.00418161609188736
11.0,0.023081,0.004602078600646995
15.0,0.025373,0.009532332296091788
14.0,0.015326,0.007662461335841992
13.0,0.022989,0.011493692003762986
15.0,0.026485,0.009457606918154032
15.0,0.019493,0.009532332296091788
10.0,0.038407,0.012264539936488988
14.0,0.016073,0.004251693176680631
13.0,0.023736,0.008082923844601627
13.0,0.023081,0.004602078600646995
14.0,0.033783,0.009952794804851423
15.0,0.027657,0.00483085663193574
13.0,0.034665,0.005181242055902104
14.0,0.015326,0.007662461335841991
13.0,0.022989,0.011493692003762986
13.0,0.023736,0.008082923844601627
14.0,0.034148,0.013288837586075027
15.0,0.025373,0.009532332296091788
13.0,0.033783,0.009952794804851423
15.0,0.026485,0.009457606918154032
14.0,0.034148,0.013288837586075027
13.0,0.053116,0.014406191895698063
16.0,0.018822,0.0056263762502330355
15.0,0.026485,0.009457606918154032
14.0,0.027232,0.0060468387589926705
15.0,0.026485,0.009457606918154032
14.0,0.037645,0.011252752500466073
15.0,0.02583,0.005976761674199399
13.0,0.03424,0.006397224182959034
16.0,0.030653,0.011327477878403828
15.0,0.036533,0.011327477878403828
16.0,0.01771,0.005701101628170792
15.0,0.025373,0.009532332296091788
15.0,0.02612,0.006121564136930427
14.0,0.025373,0.009532332296091788
14.0,0.036533,0.011327477878403828
15.0,0.02612,0.006121564136930427
13.0,0.033783,0.009952794804851423
16.0,0.036533,0.011327477878403828
15.0,0.037704,0.006700727592185537
12.0,0.030744,0.00843330926856799
11.0,0.038407,0.012264539936488988
11.0,0.039154,0.008853771777327626
11.0,0.038407,0.012264539936488988
11.0,0.049566,0.014059685518801029
16.0,0.03217,0.007087094250249105
14.0,0.039178,0.0074374796742154685
15.0,0.039833,0.0109183249181701
13.0,0.04988,0.012788195878419896
16.0,0.029364,0.007183943830056407
14.0,0.037774,0.007604406338816042
15.0,0.037774,0.007604406338816042
13.0,0.049358,0.00818356979407115
10.0,0.059644,0.013326339604456686
16.0,0.018822,0.0056263762502330355
15.0,0.026485,0.00945760691815403
15.0,0.027232,0.0060468387589926705
14.0,0.037645,0.011252752500466073
15.0,0.02583,0.005976761674199399
12.0,0.03424,0.006397224182959034
15.0,0.036533,0.011327477878403828
15.0,0.026485,0.00945760691815403
14.0,0.034148,0.013288837586075025
15.0,0.037645,0.011252752500466073
16.0,0.030653,0.011327477878403828
11.0,0.049566,0.014059685518801029
15.0,0.047119,0.0084207107102155
13.0,0.054127,0.008771096134181864
12.0,0.061473,0.012444062941951706
11.0,0.076573,0.01565020018755217
16.0,0.007663,0.003831230667920996
15.0,0.015326,0.007662461335841992
15.0,0.016073,0.004251693176680631
15.0,0.015326,0.007662461335841992
15.0,0.026485,0.009457606918154032
13.0,0.015326,0.007662461335841992
12.0,0.022989,0.011493692003762986
15.0,0.014671,0.004181616091887359
13.0,0.023081,0.004602078600646995
14.0,0.025373,0.009532332296091788
14.0,0.015326,0.007662461335841992
13.0,0.022989,0.011493692003762986
14.0,0.026485,0.009457606918154032
15.0,0.025373,0.009532332296091788
11.0,0.038407,0.012264539936488988
14.0,0.014671,0.004181616091887359
14.0,0.023081,0.004602078600646995
12.0,0.022334,0.008012846759808356
13.0,0.022334,0.008012846759808356
13.0,0.033493,0.009807992342120396
15.0,0.025373,0.009532332296091788
14.0,0.033036,0.013363562964012785
15.0,0.025373,0.009532332296091788
12.0,0.033036,0.013363562964012782
15.0,0.024324,0.00466425230459995
13.0,0.032734,0.005084714813359585
15.0,0.037027,0.011015174497977403
13.0,0.015326,0.007662461335841992
12.0,0.022989,0.011493692003762986
13.0,0.023736,0.008082923844601627
12.0,0.022989,0.011493692003762986
12.0,0.034148,0.013288837586075027
12.0,0.022989,0.011493692003762986
9.0,0.030652,0.01532492267168398
13.0,0.022334,0.008012846759808356
11.0,0.030744,0.00843330926856799
12.0,0.033036,0.013363562964012785
12.0,0.022989,0.011493692003762986
11.0,0.030652,0.01532492267168398
12.0,0.034148,0.013288837586075027
12.0,0.033036,0.013363562964012782
8.0,0.04607,0.016095770604409983
14.0,0.025373,0.009532332296091788
13.0,0.033783,0.009952794804851423
12.0,0.033036,0.013363562964012782
13.0,0.033036,0.013363562964012782
12.0,0.044196,0.015158708546324822
15.0,0.016073,0.004251693176680632
13.0,0.023736,0.008082923844601627
12.0,0.023736,0.008082923844601627
14.0,0.023081,0.004602078600646995
13.0,0.033783,0.009952794804851423
13.0,0.023081,0.004602078600646995
10.0,0.030744,0.00843330926856799
14.0,0.033783,0.009952794804851424
14.0,0.032734,0.005084714813359586
15.0,0.027657,0.00483085663193574
14.0,0.034665,0.005181242055902103
13.0,0.034665,0.005181242055902103
12.0,0.044318,0.0056638782686146945
15.0,0.026485,0.009457606918154032
12.0,0.034148,0.013288837586075027
15.0,0.039833,0.0109183249181701
14.0,0.026485,0.00945760691815403
13.0,0.034148,0.013288837586075025
12.0,0.034148,0.013288837586075027
13.0,0.033493,0.009807992342120394
12.0,0.044196,0.015158708546324822
11.0,0.038407,0.012264539936488985
8.0,0.04607,0.01609577060440998
15.0,0.026485,0.00945760691815403
14.0,0.034148,0.013288837586075025
14.0,0.033493,0.009807992342120394
14.0,0.044196,0.015158708546324822
16.0,0.018822,0.0056263762502330355
14.0,0.02583,0.005976761674199399
15.0,0.026485,0.009457606918154032
13.0,0.036533,0.011327477878403828
14.0,0.026485,0.009457606918154032
12.0,0.034148,0.013288837586075028
11.0,0.036533,0.011327477878403828
15.0,0.027232,0.006046838758992671
12.0,0.03424,0.006397224182959035
15.0,0.037645,0.011252752500466073
14.0,0.037645,0.011252752500466073
10.0,0.049566,0.014059685518801027
15.0,0.02583,0.005976761674199399
13.0,0.033493,0.009807992342120396
14.0,0.03424,0.006397224182959035
12.0,0.044653,0.011603137924432436
14.0,0.035484,0.0064593978869119896
11.0,0.043894,0.0068798603956716255
15.0,0.026485,0.009457606918154032
13.0,0.033493,0.009807992342120396
13.0,0.034148,0.013288837586075028
10.0,0.044196,0.015158708546324822
15.0,0.036533,0.011327477878403828
12.0,0.044196,0.015158708546324822
13.0,0.048186,0.012810320080289444
16.0,0.037645,0.011252752500466073
13.0,0.044653,0.011603137924432436
16.0,0.007008,0.00035038542396636303
14.0,0.014671,0.004181616091887359
15.0,0.015418,0.0007708479327259985
15.0,0.014671,0.004181616091887358
15.0,0.02583,0.005976761674199399
15.0,0.014671,0.004181616091887359
13.0,0.022334,0.008012846759808354
13.0,0.014016,0.0007007708479327261
12.0,0.022426,0.0011212333566923615
14.0,0.024718,0.006051487052137155
14.0,0.014671,0.004181616091887359
13.0,0.022334,0.008012846759808354
15.0,0.02583,0.005976761674199399
14.0,0.024718,0.006051487052137155
11.0,0.037752,0.008783694692534354
14.0,0.015418,0.0007708479327259985
14.0,0.023081,0.004602078600646994
12.0,0.022426,0.0011212333566923618
13.0,0.023081,0.004602078600646994
13.0,0.033128,0.00647194956089679
15.0,0.02583,0.005976761674199399
14.0,0.033493,0.009807992342120396
15.0,0.027002,0.0013500113879811074
12.0,0.03401,0.0017003968119474705
15.0,0.02583,0.005976761674199398
13.0,0.033493,0.009807992342120394
15.0,0.039178,0.0074374796742154685
13.0,0.015418,0.0007708479327259985
12.0,0.023081,0.004602078600646994
12.0,0.023828,0.0011913104414856342
13.0,0.023081,0.004602078600646994
12.0,0.03424,0.006397224182959034
13.0,0.023081,0.004602078600646995
11.0,0.030744,0.00843330926856799
12.0,0.022426,0.0011212333566923615
9.0,0.030836,0.0015416958654519972
12.0,0.033128,0.006471949560896791
12.0,0.023081,0.004602078600646995
11.0,0.030744,0.00843330926856799
12.0,0.03424,0.006397224182959034
12.0,0.033128,0.00647194956089679
8.0,0.046162,0.00920415720129399
14.0,0.027002,0.0013500113879811074
13.0,0.034665,0.005181242055902102
12.0,0.03401,0.0017003968119474705
13.0,0.034665,0.005181242055902103
12.0,0.044712,0.0070511130161519005
15.0,0.015418,0.0007708479327259986
13.0,0.023081,0.004602078600646995
14.0,0.023081,0.004602078600646995
12.0,0.022426,0.0011212333566923615
13.0,0.033128,0.00647194956089679
13.0,0.023828,0.0011913104414856342
11.0,0.030836,0.0015416958654519972
14.0,0.03424,0.006397224182959034
14.0,0.03424,0.006397224182959034
15.0,0.027002,0.0013500113879811074
12.0,0.03401,0.0017003968119474705
15.0,0.02583,0.005976761674199398
14.0,0.03424,0.006397224182959034
13.0,0.033493,0.009807992342120394
12.0,0.044653,0.011603137924432436
15.0,0.039178,0.007437479674215468
14.0,0.027002,0.0013500113879811074
13.0,0.034665,0.005181242055902103
13.0,0.034665,0.005181242055902103
12.0,0.03401,0.0017003968119474705
12.0,0.044712,0.0070511130161519
11.0,0.040648,0.002032235459004905
8.0,0.047656,0.002382620882971268
13.0,0.054127,0.008771096134181859
15.0,0.02583,0.005976761674199399
14.0,0.033493,0.009807992342120394
14.0,0.03424,0.006397224182959034
13.0,0.044653,0.011603137924432436
13.0,0.054127,0.008771096134181864
9.0,0.068481,0.01279444836591807
16.0,0.016661,0.0008330216366789541
14.0,0.025071,0.0012534841454385896
15.0,0.025071,0.0012534841454385896
13.0,0.036655,0.0018326476006936983
14.0,0.025071,0.0012534841454385896
12.0,0.033481,0.001673946654198225
11.0,0.036655,0.0018326476006936983
15.0,0.025071,0.0012534841454385896
12.0,0.033481,0.001673946654198225
15.0,0.036655,0.0018326476006936983
14.0,0.036655,0.0018326476006936983
10.0,0.050301,0.0025148716717174964
15.0,0.024324,0.00466425230459995
13.0,0.032734,0.005084714813359586
14.0,0.032734,0.005084714813359586
12.0,0.044318,0.0056638782686146945
14.0,0.035484,0.0064593978869119896
11.0,0.043894,0.006879860395671625
15.0,0.024324,0.004664252304599949
13.0,0.032734,0.005084714813359584
13.0,0.032734,0.005084714813359584
10.0,0.044318,0.005663878268614694
15.0,0.035484,0.006459397886911989
12.0,0.043894,0.006879860395671625
13.0,0.048831,0.007920115886928059
16.0,0.035484,0.0064593978869119896
13.0,0.043894,0.006879860395671625
11.0,0.06378,0.009253732346894456
16.0,0.01771,0.0057011016281707915
15.0,0.025373,0.009532332296091788
15.0,0.02612,0.006121564136930427
15.0,0.025373,0.009532332296091788
15.0,0.036533,0.011327477878403828
14.0,0.025373,0.009532332296091788
12.0,0.033036,0.013363562964012782
14.0,0.024718,0.006051487052137155
12.0,0.033128,0.006471949560896791
12.0,0.03542,0.011402203256341583
15.0,0.025373,0.009532332296091788
14.0,0.033036,0.013363562964012782
14.0,0.036533,0.011327477878403828
14.0,0.03542,0.011402203256341583
11.0,0.048454,0.014134410896738784
15.0,0.02612,0.006121564136930427
14.0,0.033783,0.009952794804851423
13.0,0.033783,0.009952794804851423
13.0,0.033128,0.006471949560896791
11.0,0.04383,0.011822665765101218
15.0,0.037704,0.006700727592185537
12.0,0.044712,0.0070511130161519
15.0,0.036533,0.011327477878403828
12.0,0.044196,0.015158708546324822
15.0,0.04988,0.012788195878419896
16.0,0.036533,0.011327477878403828
15.0,0.044196,0.015158708546324822
14.0,0.043824,0.010629466491490446
13.0,0.051487,0.014460697159411444
12.0,0.052234,0.011049929000250083
13.0,0.062647,0.016255842741723484
15.0,0.007008,0.00035038542396636303
14.0,0.015418,0.0007708479327259985
15.0,0.015418,0.0007708479327259985
15.0,0.027002,0.0013500113879811074
15.0,0.015418,0.0007708479327259985
12.0,0.023828,0.001191310441485634
15.0,0.027002,0.0013500113879811074
12.0,0.015418,0.0007708479327259985
11.0,0.023828,0.001191310441485634
14.0,0.027002,0.0013500113879811074
14.0,0.027002,0.0013500113879811074
11.0,0.040648,0.002032235459004905
14.0,0.014671,0.004181616091887359
13.0,0.023081,0.004602078600646994
11.0,0.023081,0.004602078600646994
13.0,0.034665,0.005181242055902103
15.0,0.02583,0.005976761674199399
12.0,0.03424,0.006397224182959034
15.0,0.014671,0.004181616091887359
13.0,0.023081,0.004602078600646994
14.0,0.023081,0.004602078600646994
14.0,0.034665,0.005181242055902103
15.0,0.02583,0.005976761674199399
13.0,0.03424,0.006397224182959034
14.0,0.02583,0.005976761674199399
12.0,0.03424,0.006397224182959035
14.0,0.039178,0.007437479674215468
13.0,0.054127,0.008771096134181859
14.0,0.014016,0.0007007708479327261
11.0,0.022426,0.0011212333566923618
13.0,0.022426,0.0011212333566923615
12.0,0.03401,0.0017003968119474705
13.0,0.022426,0.0011212333566923615
11.0,0.030836,0.0015416958654519972
12.0,0.03401,0.0017003968119474705
11.0,0.022426,0.0011212333566923615
8.0,0.030836,0.0015416958654519972
12.0,0.03401,0.0017003968119474705
12.0,0.03401,0.0017003968119474705
8.0,0.047656,0.002382620882971268
15.0,0.024718,0.006051487052137155
14.0,0.033128,0.00647194956089679
12.0,0.033128,0.00647194956089679
13.0,0.044712,0.0070511130161519
14.0,0.014671,0.004181616091887359
13.0,0.022334,0.008012846759808354
13.0,0.023081,0.004602078600646994
13.0,0.022334,0.008012846759808354
14.0,0.033493,0.009807992342120396
11.0,0.023081,0.004602078600646994
10.0,0.030744,0.008433309268567989
13.0,0.034665,0.005181242055902103
13.0,0.033493,0.009807992342120396
13.0,0.046841,0.011268710342136464
15.0,0.02583,0.005976761674199398
14.0,0.033493,0.009807992342120394
12.0,0.03424,0.006397224182959034
13.0,0.044653,0.011603137924432436
15.0,0.018838,0.006051487052137155
14.0,0.027248,0.00647194956089679
12.0,0.027248,0.00647194956089679
13.0,0.038832,0.0070511130161519
10.0,0.037752,0.008783694692534353
7.0,0.046162,0.00920415720129399
15.0,0.024718,0.006051487052137155
12.0,0.033128,0.00647194956089679
14.0,0.033128,0.00647194956089679
11.0,0.044712,0.0070511130161519
12.0,0.052461,0.01092534665174343
15.0,0.014671,0.004181616091887358
13.0,0.022334,0.008012846759808354
14.0,0.023081,0.004602078600646994
12.0,0.022334,0.008012846759808354
13.0,0.033493,0.009807992342120396
13.0,0.023081,0.004602078600646993
10.0,0.030744,0.008433309268567989
14.0,0.033493,0.009807992342120394
14.0,0.034665,0.005181242055902102
15.0,0.024718,0.006051487052137155
12.0,0.033128,0.00647194956089679
14.0,0.033128,0.00647194956089679
11.0,0.044712,0.0070511130161519
15.0,0.02583,0.005976761674199399
14.0,0.033493,0.009807992342120394
13.0,0.03424,0.006397224182959034
13.0,0.033493,0.009807992342120394
11.0,0.044653,0.011603137924432436
12.0,0.052461,0.01092534665174343
14.0,0.02583,0.005976761674199399
13.0,0.033493,0.009807992342120394
12.0,0.03424,0.006397224182959034
13.0,0.044653,0.011603137924432436
11.0,0.037752,0.008783694692534353
7.0,0.046162,0.009204157201293988
14.0,0.039178,0.007437479674215468
13.0,0.046841,0.011268710342136463
13.0,0.054127,0.008771096134181864
8.0,0.068481,0.01279444836591807
16.0,0.01771,0.0057011016281707915
15.0,0.024718,0.006051487052137155
14.0,0.025373,0.009532332296091788
14.0,0.03542,0.011402203256341583
15.0,0.025373,0.009532332296091788
12.0,0.033036,0.013363562964012782
15.0,0.03542,0.011402203256341583
14.0,0.02612,0.006121564136930428
12.0,0.033128,0.00647194956089679
11.0,0.036533,0.011327477878403828
13.0,0.036533,0.011327477878403828
10.0,0.048454,0.01413441089673878
15.0,0.025373,0.009532332296091788
13.0,0.033036,0.013363562964012782
13.0,0.033783,0.009952794804851423
10.0,0.044196,0.015158708546324826
16.0,0.02954,0.011402203256341583
13.0,0.03795,0.011822665765101218
15.0,0.02612,0.006121564136930428
14.0,0.033128,0.00647194956089679
13.0,0.033783,0.009952794804851423
12.0,0.04383,0.011822665765101218
15.0,0.036533,0.011327477878403828
12.0,0.044196,0.015158708546324826
14.0,0.037704,0.006700727592185537
11.0,0.044712,0.0070511130161519
13.0,0.04988,0.012788195878419895
16.0,0.016661,0.0008330216366789541
15.0,0.025071,0.0012534841454385896
14.0,0.025071,0.0012534841454385896
14.0,0.036655,0.0018326476006936983
15.0,0.025071,0.0012534841454385896
12.0,0.033481,0.001673946654198225
15.0,0.036655,0.0018326476006936983
14.0,0.025071,0.0012534841454385896
12.0,0.033481,0.001673946654198225
11.0,0.036655,0.0018326476006936983
13.0,0.036655,0.0018326476006936983
10.0,0.050301,0.0025148716717174964
15.0,0.024324,0.004664252304599949
13.0,0.032734,0.005084714813359585
13.0,0.032734,0.005084714813359585
10.0,0.044318,0.005663878268614694
16.0,0.035484,0.0064593978869119896
13.0,0.043894,0.006879860395671625
15.0,0.024324,0.004664252304599949
14.0,0.032734,0.005084714813359584
13.0,0.032734,0.005084714813359585
12.0,0.044318,0.005663878268614694
15.0,0.035484,0.006459397886911989
12.0,0.043894,0.006879860395671625
14.0,0.035484,0.0064593978869119896
11.0,0.043894,0.006879860395671625
13.0,0.048831,0.007920115886928059
11.0,0.06378,0.009253732346894456
16.0,0.029364,0.007183943830056407
15.0,0.037027,0.011015174497977403
15.0,0.037774,0.007604406338816042
15.0,0.037027,0.011015174497977401
15.0,0.048186,0.012810320080289444
14.0,0.037774,0.007604406338816042
13.0,0.045437,0.011435637006737038
13.0,0.049358,0.00818356979407115
13.0,0.048186,0.01281032008028944
12.0,0.061534,0.01427103808030551
16.0,0.01771,0.0057011016281707915
15.0,0.024718,0.006051487052137155
15.0,0.025373,0.009532332296091788
15.0,0.03542,0.011402203256341583
14.0,0.025373,0.009532332296091788
12.0,0.033036,0.013363562964012782
14.0,0.03542,0.011402203256341583
14.0,0.02612,0.006121564136930428
12.0,0.033128,0.006471949560896791
13.0,0.036533,0.011327477878403828
11.0,0.036533,0.011327477878403828
10.0,0.048454,0.01413441089673878
15.0,0.025373,0.009532332296091788
13.0,0.033036,0.013363562964012782
13.0,0.033783,0.009952794804851423
10.0,0.044196,0.015158708546324822
16.0,0.03542,0.011402203256341583
13.0,0.04383,0.011822665765101218
15.0,0.02612,0.006121564136930427
14.0,0.033128,0.00647194956089679
13.0,0.033783,0.009952794804851423
12.0,0.04383,0.011822665765101218
15.0,0.036533,0.011327477878403828
12.0,0.044196,0.015158708546324826
14.0,0.037704,0.006700727592185537
11.0,0.044712,0.0070511130161519
13.0,0.04988,0.012788195878419896
12.0,0.030744,0.00843330926856799
11.0,0.037752,0.008783694692534354
11.0,0.038407,0.012264539936488987
10.0,0.048454,0.014134410896738786
11.0,0.038407,0.012264539936488988
8.0,0.04607,0.016095770604409983
10.0,0.048454,0.014134410896738786
11.0,0.039154,0.008853771777327627
7.0,0.046162,0.009204157201293991
10.0,0.049566,0.014059685518801027
10.0,0.049566,0.014059685518801029
5.0,0.061488,0.01686661853713598
16.0,0.016661,0.0008330216366789541
15.0,0.025071,0.0012534841454385896
15.0,0.025071,0.0012534841454385896
15.0,0.036655,0.0018326476006936985
14.0,0.025071,0.0012534841454385896
12.0,0.033481,0.001673946654198225
14.0,0.036655,0.0018326476006936983
14.0,0.025071,0.0012534841454385896
12.0,0.033481,0.001673946654198225
13.0,0.036655,0.0018326476006936983
11.0,0.036655,0.0018326476006936983
10.0,0.050301,0.0025148716717174964
15.0,0.024324,0.00466425230459995
13.0,0.032734,0.005084714813359585
13.0,0.032734,0.005084714813359585
10.0,0.044318,0.0056638782686146945
16.0,0.035484,0.0064593978869119896
13.0,0.043894,0.0068798603956716255
15.0,0.024324,0.004664252304599949
14.0,0.032734,0.005084714813359585
13.0,0.032734,0.005084714813359585
12.0,0.044318,0.005663878268614694
15.0,0.035484,0.0064593978869119896
12.0,0.043894,0.0068798603956716255
14.0,0.035484,0.00645939788691199
11.0,0.043894,0.0068798603956716255
13.0,0.048831,0.007920115886928059
11.0,0.06378,0.009253732346894451
12.0,0.028032,0.0014015416958654521
11.0,0.036442,0.0018220042046250876
11.0,0.036442,0.0018220042046250876
10.0,0.048026,0.0024011676598801966
11.0,0.036442,0.0018220042046250876
8.0,0.044852,0.0022424667133847235
10.0,0.048026,0.0024011676598801966
11.0,0.036442,0.0018220042046250876
8.0,0.044852,0.0022424667133847235
10.0,0.048026,0.0024011676598801966
10.0,0.048026,0.0024011676598801966
5.0,0.061672,0.0030833917309039944
15.0,0.042233,0.008501435097965738
13.0,0.050643,0.008921897606725373
13.0,0.050643,0.008921897606725373
11.0,0.062227,0.009501061061980483
16.0,0.029364,0.007183943830056407
15.0,0.037027,0.011015174497977401
15.0,0.037774,0.007604406338816042
15.0,0.037027,0.011015174497977401
15.0,0.048186,0.012810320080289442
14.0,0.037774,0.007604406338816042
13.0,0.045437,0.011435637006737037
13.0,0.049358,0.00818356979407115
13.0,0.048186,0.012810320080289442
12.0,0.061534,0.014271038080305512
15.0,0.042233,0.008501435097965738
13.0,0.050643,0.008921897606725373
13.0,0.050643,0.008921897606725373
11.0,0.062227,0.009501061061980481
11.0,0.057846,0.012523436613033942
8.0,0.066256,0.012943899121793577
16.0,0.01771,0.0057011016281707915
15.0,0.025373,0.009532332296091788
15.0,0.02612,0.0061215641369304265
15.0,0.036533,0.011327477878403828
15.0,0.024718,0.006051487052137155
12.0,0.033128,0.00647194956089679
14.0,0.03542,0.011402203256341583
15.0,0.025373,0.009532332296091788
14.0,0.033036,0.013363562964012782
16.0,0.036533,0.011327477878403828
15.0,0.02954,0.011402203256341583
11.0,0.048454,0.014134410896738786
15.0,0.02612,0.006121564136930427
14.0,0.033783,0.009952794804851423
14.0,0.033128,0.006471949560896791
13.0,0.04383,0.011822665765101218
16.0,0.037704,0.006700727592185537
13.0,0.044712,0.0070511130161519005
15.0,0.025373,0.009532332296091788
14.0,0.033036,0.013363562964012782
14.0,0.033783,0.009952794804851423
14.0,0.044196,0.015158708546324826
16.0,0.03542,0.011402203256341583
13.0,0.04383,0.011822665765101218
16.0,0.036533,0.011327477878403828
15.0,0.044196,0.015158708546324822
13.0,0.063164,0.01627606285594786
15.0,0.042233,0.008501435097965738
13.0,0.050643,0.008921897606725373
13.0,0.050643,0.008921897606725373
11.0,0.062227,0.009501061061980485
12.0,0.057846,0.012523436613033945
9.0,0.066256,0.01294389912179358
11.0,0.074604,0.015689196246827422
15.0,0.007663,0.003831230667920996
14.0,0.015326,0.007662461335841992
14.0,0.016073,0.004251693176680631
14.0,0.015326,0.007662461335841992
15.0,0.026485,0.009457606918154032
14.0,0.015326,0.007662461335841992
12.0,0.022989,0.011493692003762986
14.0,0.014671,0.00418161609188736
12.0,0.023081,0.004602078600646995
15.0,0.025373,0.009532332296091788
13.0,0.015326,0.007662461335841992
12.0,0.022989,0.011493692003762986
14.0,0.026485,0.009457606918154032
14.0,0.025373,0.009532332296091788
11.0,0.038407,0.012264539936488988
14.0,0.016073,0.004251693176680631
13.0,0.023736,0.008082923844601627
13.0,0.023081,0.004602078600646995
12.0,0.023736,0.008082923844601627
13.0,0.033783,0.009952794804851423
15.0,0.026485,0.009457606918154032
14.0,0.034148,0.01328883758607503
15.0,0.027657,0.00483085663193574
13.0,0.034665,0.005181242055902104
15.0,0.026485,0.009457606918154032
13.0,0.034148,0.013288837586075028
14.0,0.039833,0.0109183249181701
14.0,0.014671,0.00418161609188736
13.0,0.023081,0.004602078600646995
13.0,0.022334,0.008012846759808356
12.0,0.022334,0.008012846759808356
13.0,0.033493,0.009807992342120396
11.0,0.023081,0.004602078600646995
10.0,0.030744,0.00843330926856799
13.0,0.034665,0.005181242055902104
13.0,0.033493,0.009807992342120396
12.0,0.046841,0.011268710342136464
15.0,0.025373,0.009532332296091788
14.0,0.033036,0.013363562964012782
14.0,0.015326,0.007662461335841992
13.0,0.022989,0.011493692003762986
13.0,0.023736,0.008082923844601627
13.0,0.022989,0.011493692003762986
14.0,0.034148,0.013288837586075027
13.0,0.022989,0.011493692003762986
11.0,0.030652,0.01532492267168398
13.0,0.022334,0.008012846759808356
11.0,0.030744,0.00843330926856799
14.0,0.033036,0.013363562964012785
12.0,0.022989,0.011493692003762986
11.0,0.030652,0.01532492267168398
12.0,0.034148,0.013288837586075027
12.0,0.033036,0.013363562964012782
10.0,0.04607,0.016095770604409983
15.0,0.026485,0.009457606918154032
14.0,0.034148,0.013288837586075028
14.0,0.033493,0.009807992342120396
14.0,0.034148,0.01328883758607503
14.0,0.044196,0.015158708546324826
15.0,0.019493,0.009532332296091788
14.0,0.027903,0.009952794804851423
14.0,0.027156,0.013363562964012782
14.0,0.027156,0.013363562964012782
14.0,0.038316,0.015158708546324822
10.0,0.038407,0.012264539936488988
9.0,0.04607,0.016095770604409986
15.0,0.025373,0.009532332296091788
13.0,0.033783,0.009952794804851423
13.0,0.033036,0.013363562964012782
10.0,0.044196,0.015158708546324822
13.0,0.053116,0.014406191895698063
15.0,0.024324,0.004664252304599949
13.0,0.032734,0.005084714813359584
13.0,0.032734,0.005084714813359584
10.0,0.044318,0.005663878268614694
13.0,0.051487,0.014460697159411444
14.0,0.037027,0.011015174497977403
12.0,0.045437,0.011435637006737038
9.0,0.067307,0.017157570272377683
16.0,0.018822,0.0056263762502330355
15.0,0.026485,0.00945760691815403
14.0,0.027232,0.0060468387589926705
15.0,0.026485,0.00945760691815403
14.0,0.037645,0.011252752500466073
14.0,0.026485,0.00945760691815403
12.0,0.034148,0.013288837586075027
15.0,0.02583,0.005976761674199399
12.0,0.03424,0.006397224182959034
14.0,0.036533,0.011327477878403828
14.0,0.026485,0.009457606918154032
12.0,0.034148,0.013288837586075027
11.0,0.037645,0.011252752500466073
14.0,0.036533,0.011327477878403828
10.0,0.049566,0.014059685518801029
15.0,0.02583,0.005976761674199399
13.0,0.03424,0.006397224182959034
13.0,0.033493,0.009807992342120394
13.0,0.033493,0.009807992342120396
10.0,0.044653,0.011603137924432436
16.0,0.036533,0.011327477878403828
14.0,0.044196,0.015158708546324822
15.0,0.036533,0.011327477878403828
12.0,0.044196,0.015158708546324822
15.0,0.035484,0.006459397886911989
12.0,0.043894,0.006879860395671624
14.0,0.048186,0.012810320080289444
16.0,0.03217,0.007087094250249105
15.0,0.039833,0.0109183249181701
15.0,0.039178,0.0074374796742154685
14.0,0.039833,0.0109183249181701
14.0,0.04988,0.012788195878419896
14.0,0.039178,0.0074374796742154685
12.0,0.046841,0.011268710342136464
13.0,0.04988,0.012788195878419896
13.0,0.048831,0.007920115886928059
10.0,0.061534,0.014271038080305512
16.0,0.01771,0.005701101628170792
15.0,0.025373,0.009532332296091788
15.0,0.02612,0.006121564136930427
14.0,0.025373,0.009532332296091788
14.0,0.036533,0.011327477878403828
15.0,0.025373,0.009532332296091788
12.0,0.033036,0.013363562964012782
14.0,0.024718,0.006051487052137156
12.0,0.033128,0.006471949560896791
14.0,0.03542,0.011402203256341583
14.0,0.025373,0.009532332296091788
12.0,0.033036,0.013363562964012782
14.0,0.036533,0.011327477878403828
11.0,0.03542,0.011402203256341583
10.0,0.048454,0.014134410896738784
15.0,0.02612,0.006121564136930427
13.0,0.033783,0.009952794804851423
13.0,0.033128,0.006471949560896791
13.0,0.033783,0.009952794804851423
10.0,0.04383,0.011822665765101218
16.0,0.036533,0.011327477878403828
14.0,0.044196,0.015158708546324826
15.0,0.037704,0.006700727592185537
12.0,0.044712,0.0070511130161519005
15.0,0.036533,0.01132747787840383
12.0,0.044196,0.015158708546324822
14.0,0.04988,0.012788195878419898
16.0,0.029364,0.007183943830056407
15.0,0.037774,0.007604406338816042
15.0,0.037027,0.011015174497977403
14.0,0.037027,0.011015174497977403
14.0,0.048186,0.012810320080289445
14.0,0.037774,0.007604406338816042
12.0,0.045437,0.011435637006737038
13.0,0.049358,0.00818356979407115
13.0,0.048186,0.012810320080289445
10.0,0.061534,0.014271038080305512
12.0,0.030744,0.00843330926856799
11.0,0.038407,0.012264539936488985
11.0,0.039154,0.008853771777327626
11.0,0.038407,0.012264539936488987
11.0,0.049566,0.014059685518801029
11.0,0.038407,0.012264539936488987
8.0,0.04607,0.016095770604409983
11.0,0.037752,0.008783694692534354
8.0,0.046162,0.00920415720129399
11.0,0.048454,0.014134410896738784
11.0,0.038407,0.012264539936488988
10.0,0.04607,0.016095770604409983
10.0,0.049566,0.014059685518801029
10.0,0.048454,0.014134410896738784
7.0,0.061488,0.016866618537135985
10.0,0.059644,0.013326339604456686
9.0,0.067307,0.017157570272377683
16.0,0.018822,0.0056263762502330355
15.0,0.026485,0.00945760691815403
15.0,0.027232,0.0060468387589926705
15.0,0.037645,0.011252752500466073
15.0,0.02583,0.005976761674199399
12.0,0.03424,0.006397224182959034
16.0,0.036533,0.011327477878403828
15.0,0.026485,0.00945760691815403
14.0,0.034148,0.013288837586075025
14.0,0.037645,0.011252752500466073
15.0,0.030653,0.011327477878403828
11.0,0.049566,0.014059685518801029
15.0,0.026485,0.00945760691815403
14.0,0.033493,0.009807992342120394
14.0,0.034148,0.013288837586075025
14.0,0.038316,0.015158708546324822
15.0,0.02583,0.005976761674199399
14.0,0.03424,0.006397224182959034
14.0,0.033493,0.009807992342120394
13.0,0.044653,0.011603137924432436
16.0,0.036533,0.011327477878403828
15.0,0.044196,0.015158708546324822
16.0,0.037645,0.011252752500466073
13.0,0.044653,0.011603137924432436
16.0,0.035484,0.006459397886911989
13.0,0.043894,0.006879860395671624
13.0,0.062647,0.016255842741723484
15.0,0.047119,0.0084207107102155
13.0,0.054127,0.008771096134181864
13.0,0.054127,0.008771096134181864
11.0,0.06378,0.009253732346894455
12.0,0.061473,0.012444062941951706
9.0,0.068481,0.01279444836591807
11.0,0.076573,0.01565020018755217
16.0,0.01771,0.005701101628170792
15.0,0.025373,0.009532332296091788
15.0,0.02612,0.006121564136930427
16.0,0.036533,0.011327477878403828
15.0,0.024718,0.006051487052137156
12.0,0.033128,0.006471949560896791
15.0,0.03542,0.011402203256341583
15.0,0.025373,0.009532332296091788
14.0,0.033036,0.013363562964012782
15.0,0.036533,0.01132747787840383
14.0,0.02954,0.011402203256341583
11.0,0.048454,0.014134410896738786
15.0,0.02612,0.006121564136930427
14.0,0.033128,0.006471949560896791
14.0,0.033783,0.009952794804851423
13.0,0.03795,0.011822665765101218
15.0,0.025373,0.009532332296091788
14.0,0.033783,0.009952794804851423
14.0,0.033036,0.013363562964012782
14.0,0.044196,0.015158708546324826
16.0,0.036533,0.011327477878403828
15.0,0.044196,0.015158708546324822
16.0,0.037704,0.006700727592185537
13.0,0.044712,0.0070511130161519005
16.0,0.03542,0.011402203256341583
13.0,0.04383,0.011822665765101218
13.0,0.063164,0.01627606285594786
15.0,0.042233,0.008501435097965738
13.0,0.050643,0.008921897606725373
13.0,0.050643,0.008921897606725373
11.0,0.062227,0.009501061061980481
12.0,0.057846,0.012523436613033945
9.0,0.066256,0.01294389912179358
11.0,0.074604,0.015689196246827422
11.0,0.030744,0.00843330926856799
10.0,0.038407,0.012264539936488985
10.0,0.039154,0.008853771777327626
11.0,0.049566,0.014059685518801029
10.0,0.037752,0.008783694692534354
7.0,0.046162,0.00920415720129399
11.0,0.048454,0.01413441089673878
10.0,0.038407,0.012264539936488985
9.0,0.04607,0.01609577060440998
11.0,0.049566,0.014059685518801029
11.0,0.042574,0.01413441089673878
6.0,0.061488,0.016866618537135985
14.0,0.045453,0.01057496122777707
12.0,0.052461,0.010925346651743434
12.0,0.053116,0.014406191895698065
12.0,0.057283,0.016276062855947862
14.0,0.043824,0.010629466491490448
12.0,0.052234,0.011049929000250083
12.0,0.051487,0.014460697159411442
12.0,0.062647,0.016255842741723488
10.0,0.059644,0.013326339604456686
9.0,0.067307,0.01715757027237768
14.0,0.045453,0.01057496122777707
12.0,0.053116,0.014406191895698065
12.0,0.052461,0.010925346651743434
12.0,0.063164,0.016276062855947862
10.0,0.061473,0.01244406294195171
7.0,0.068481,0.012794448365918074
11.0,0.076573,0.01565020018755217
14.0,0.043824,0.010629466491490448
12.0,0.051487,0.014460697159411442
12.0,0.052234,0.011049929000250083
12.0,0.062647,0.016255842741723484
10.0,0.057846,0.012523436613033944
7.0,0.066256,0.012943899121793579
11.0,0.074604,0.015689196246827422
10.0,0.059644,0.013326339604456686
9.0,0.067307,0.01715757027237768
11.0,0.076573,0.01565020018755217
11.0,0.074604,0.015689196246827426
4.0,0.092324,0.018408314402587975
16.0,0.070461,0.004124433185447395
13.0,0.077469,0.0044748186094137575
15.0,0.077469,0.0044748186094137575
14.0,0.087122,0.004957454822126349
15.0,0.077469,0.0044748186094137575
12.0,0.084477,0.00482520403338012
14.0,0.087122,0.004957454822126349
15.0,0.077469,0.0044748186094137575
12.0,0.084477,0.00482520403338012
15.0,0.087122,0.004957454822126349
15.0,0.087122,0.004957454822126349
11.0,0.098493,0.005525974881312846
16.0,0.078124,0.00795566385336839
14.0,0.085132,0.008306049277334753
15.0,0.085132,0.008306049277334753
14.0,0.094785,0.008788685490047344
15.0,0.088171,0.009825534813618185
13.0,0.095179,0.010175920237584549
15.0,0.078124,0.00795566385336839
12.0,0.085132,0.008306049277334753
14.0,0.085132,0.008306049277334753
13.0,0.094785,0.008788685490047344
15.0,0.088171,0.009825534813618185
13.0,0.095179,0.010175920237584549
14.0,0.099825,0.011308377015503801
16.0,0.088171,0.009825534813618185
13.0,0.095179,0.010175920237584549
13.0,0.112694,0.012625868283413132
16.0,0.078124,0.00795566385336839
13.0,0.085787,0.011786894521289384
14.0,0.085132,0.008306049277334753
14.0,0.085787,0.011786894521289384
14.0,0.095834,0.01365676548153918
15.0,0.085132,0.008306049277334752
12.0,0.092795,0.012137279945255748
14.0,0.094785,0.008788685490047344
15.0,0.095834,0.013656765481539181
15.0,0.088171,0.009825534813618185
14.0,0.095834,0.013656765481539183
13.0,0.095179,0.010175920237584549
13.0,0.105881,0.015526636441788979
15.0,0.078871,0.00454489569420703
12.0,0.085879,0.004895281118173393
14.0,0.085879,0.004895281118173393
12.0,0.095532,0.005377917330885984
14.0,0.085879,0.0048952811181733925
11.0,0.092887,0.005245666542139756
12.0,0.095532,0.005377917330885984
12.0,0.085879,0.0048952811181733925
9.0,0.092887,0.005245666542139756
13.0,0.095532,0.005377917330885984
13.0,0.095532,0.005377917330885984
8.0,0.106903,0.005946437390072481
16.0,0.089283,0.00975080943568043
14.0,0.096291,0.010101194859646794
14.0,0.096291,0.010101194859646794
11.0,0.105944,0.010583831072359383
16.0,0.089283,0.00975080943568043
14.0,0.096291,0.010101194859646794
14.0,0.096291,0.010101194859646794
11.0,0.105944,0.010583831072359384
12.0,0.101205,0.012557742454015385
9.0,0.108213,0.012908127877981746
16.0,0.089283,0.00975080943568043
13.0,0.096291,0.010101194859646794
15.0,0.096291,0.010101194859646794
13.0,0.105944,0.010583831072359384
15.0,0.078124,0.00795566385336839
14.0,0.085787,0.011786894521289386
14.0,0.085132,0.008306049277334753
13.0,0.085787,0.011786894521289386
14.0,0.095834,0.013656765481539183
12.0,0.085132,0.008306049277334753
11.0,0.092795,0.01213727994525575
14.0,0.095834,0.013656765481539183
13.0,0.094785,0.008788685490047344
12.0,0.107488,0.015139607683424797
15.0,0.088171,0.009825534813618187
14.0,0.095834,0.013656765481539181
13.0,0.095179,0.01017592023758455
14.0,0.095834,0.013656765481539181
10.0,0.105881,0.015526636441788979
14.0,0.099825,0.011308377015503801
12.0,0.107488,0.015139607683424797
16.0,0.089283,0.00975080943568043
13.0,0.096291,0.010101194859646794
15.0,0.096291,0.010101194859646794
13.0,0.105944,0.010583831072359384
16.0,0.088171,0.009825534813618187
13.0,0.095179,0.01017592023758455
15.0,0.095834,0.013656765481539181
13.0,0.105881,0.015526636441788979
13.0,0.112694,0.012625868283413132
11.0,0.101205,0.012557742454015385
8.0,0.108213,0.012908127877981748
13.0,0.114285,0.014753899676937842
13.0,0.114285,0.014753899676937842
7.0,0.128307,0.01664786979848134
12.0,0.131169,0.031818204882306536
11.0,0.138832,0.03564943555022753
11.0,0.139579,0.03223866739106617
12.0,0.149992,0.03744458113253957
11.0,0.138177,0.0321685903062729
8.0,0.146587,0.032589052815032535
12.0,0.14888,0.03751930651047732
11.0,0.138832,0.03564943555022753
10.0,0.146495,0.039480666218148525
12.0,0.149992,0.03744458113253957
12.0,0.14888,0.03751930651047733
7.0,0.161913,0.04025151415087452
15.0,0.105765,0.006186699642868698
13.0,0.112773,0.0065370850668350616
13.0,0.112773,0.0065370850668350616
12.0,0.122426,0.007019721279547652
14.0,0.112773,0.0065370850668350616
11.0,0.119781,0.006887470490801424
13.0,0.122426,0.007019721279547652
14.0,0.112773,0.0065370850668350616
11.0,0.119781,0.006887470490801424
13.0,0.122426,0.007019721279547652
14.0,0.122426,0.007019721279547652
9.0,0.133797,0.00758824133873415
15.0,0.113428,0.010017930310789694
12.0,0.120436,0.010368315734756058
14.0,0.120436,0.010368315734756058
12.0,0.130089,0.01085095194746865
14.0,0.123475,0.011887801271039491
12.0,0.130483,0.012238186695005851
14.0,0.113428,0.010017930310789694
12.0,0.120436,0.010368315734756058
12.0,0.120436,0.010368315734756058
11.0,0.130089,0.010850951947468648
15.0,0.123475,0.01188780127103949
12.0,0.130483,0.012238186695005853
14.0,0.135129,0.013370643472925105
16.0,0.123475,0.01188780127103949
13.0,0.130483,0.012238186695005853
10.0,0.147998,0.014688134740834436
15.0,0.100798,0.019540405809670956
13.0,0.107806,0.01989079123363732
13.0,0.108461,0.02337163647759195
12.0,0.118508,0.025241507437841742
14.0,0.108461,0.02337163647759195
11.0,0.116124,0.027202867145512944
13.0,0.118508,0.025241507437841745
14.0,0.109208,0.01996086831843059
11.0,0.116216,0.020311253742396954
13.0,0.119621,0.025166782059903994
14.0,0.119621,0.025166782059903994
9.0,0.131542,0.027973715078238943
15.0,0.107806,0.01989079123363732
12.0,0.115469,0.023722021901558314
14.0,0.116216,0.020311253742396954
12.0,0.126629,0.025517167483870357
14.0,0.117459,0.02037342744634991
12.0,0.125869,0.020793889955109546
14.0,0.108461,0.02337163647759195
12.0,0.115469,0.023722021901558314
12.0,0.116124,0.027202867145512944
11.0,0.126171,0.029072738105762736
15.0,0.118508,0.025241507437841745
12.0,0.126171,0.02907273810576274
14.0,0.130162,0.026724349639727366
16.0,0.119621,0.02516678205990399
13.0,0.126629,0.025517167483870354
15.0,0.131169,0.031818204882306536
14.0,0.138832,0.03564943555022753
14.0,0.139579,0.03223866739106617
14.0,0.138832,0.03564943555022753
14.0,0.149992,0.037444581132539574
14.0,0.138832,0.03564943555022754
11.0,0.146495,0.03948066621814853
14.0,0.138177,0.0321685903062729
11.0,0.146587,0.032589052815032535
14.0,0.14888,0.03751930651047732
14.0,0.138832,0.03564943555022754
13.0,0.146495,0.03948066621814853
14.0,0.149992,0.037444581132539574
13.0,0.14888,0.03751930651047733
10.0,0.161913,0.04025151415087453
15.0,0.105765,0.006186699642868698
13.0,0.112773,0.0065370850668350616
14.0,0.112773,0.0065370850668350616
13.0,0.122426,0.007019721279547652
13.0,0.112773,0.0065370850668350616
11.0,0.119781,0.006887470490801424
12.0,0.122426,0.007019721279547652
14.0,0.112773,0.0065370850668350616
11.0,0.119781,0.006887470490801424
14.0,0.122426,0.007019721279547652
13.0,0.122426,0.007019721279547652
9.0,0.133797,0.00758824133873415
15.0,0.113428,0.010017930310789694
12.0,0.120436,0.010368315734756056
14.0,0.120436,0.010368315734756056
12.0,0.130089,0.010850951947468648
14.0,0.123475,0.011887801271039491
12.0,0.130483,0.012238186695005851
14.0,0.113428,0.010017930310789694
12.0,0.120436,0.010368315734756058
12.0,0.120436,0.010368315734756058
11.0,0.130089,0.010850951947468648
15.0,0.123475,0.011887801271039491
12.0,0.130483,0.012238186695005851
14.0,0.135129,0.013370643472925105
16.0,0.123475,0.01188780127103949
13.0,0.130483,0.012238186695005853
10.0,0.147998,0.014688134740834437
15.0,0.105765,0.006186699642868698
14.0,0.112773,0.0065370850668350616
13.0,0.112773,0.0065370850668350616
13.0,0.122426,0.007019721279547652
14.0,0.112773,0.0065370850668350616
11.0,0.119781,0.006887470490801425
14.0,0.122426,0.007019721279547652
13.0,0.112773,0.0065370850668350616
11.0,0.119781,0.006887470490801425
12.0,0.122426,0.007019721279547652
13.0,0.122426,0.007019721279547652
9.0,0.133797,0.00758824133873415
14.0,0.113428,0.010017930310789694
12.0,0.120436,0.010368315734756058
12.0,0.120436,0.010368315734756058
11.0,0.130089,0.010850951947468648
16.0,0.117595,0.011887801271039488
13.0,0.124603,0.012238186695005851
15.0,0.113428,0.010017930310789694
14.0,0.120436,0.010368315734756058
12.0,0.120436,0.010368315734756058
12.0,0.130089,0.010850951947468648
15.0,0.123475,0.011887801271039491
12.0,0.130483,0.012238186695005855
14.0,0.123475,0.011887801271039491
12.0,0.130483,0.012238186695005855
14.0,0.135129,0.013370643472925103
10.0,0.147998,0.014688134740834436
15.0,0.105765,0.006186699642868698
14.0,0.112773,0.0065370850668350616
14.0,0.112773,0.0065370850668350616
14.0,0.122426,0.007019721279547652
13.0,0.112773,0.0065370850668350616
11.0,0.119781,0.006887470490801425
13.0,0.122426,0.007019721279547652
13.0,0.112773,0.0065370850668350616
11.0,0.119781,0.006887470490801425
13.0,0.122426,0.007019721279547652
12.0,0.122426,0.007019721279547652
9.0,0.133797,0.00758824133873415
14.0,0.113428,0.010017930310789692
12.0,0.120436,0.010368315734756056
12.0,0.120436,0.010368315734756056
11.0,0.130089,0.010850951947468646
16.0,0.123475,0.01188780127103949
13.0,0.130483,0.012238186695005853
15.0,0.113428,0.010017930310789694
14.0,0.120436,0.010368315734756058
12.0,0.120436,0.010368315734756058
12.0,0.130089,0.010850951947468648
15.0,0.123475,0.01188780127103949
12.0,0.130483,0.012238186695005853
14.0,0.123475,0.01188780127103949
12.0,0.130483,0.012238186695005853
14.0,0.135129,0.013370643472925105
10.0,0.147998,0.014688134740834437
13.0,0.141118,0.008249024830553595
11.0,0.148126,0.008599410254519959
12.0,0.148126,0.008599410254519957
11.0,0.157779,0.00908204646723255
12.0,0.148126,0.008599410254519957
9.0,0.155134,0.008949795678486321
11.0,0.157779,0.00908204646723255
11.0,0.148126,0.008599410254519957
8.0,0.155134,0.008949795678486321
11.0,0.157779,0.00908204646723255
11.0,0.157779,0.009082046467232548
6.0,0.16915,0.009650566526419047
15.0,0.171536,0.023701553549244837
13.0,0.178544,0.0240519389732112
13.0,0.178544,0.0240519389732112
11.0,0.188198,0.024534575185923793
13.0,0.131169,0.031818204882306536
12.0,0.139579,0.03223866739106618
12.0,0.138832,0.03564943555022753
11.0,0.149992,0.037444581132539574
12.0,0.138832,0.03564943555022753
9.0,0.146495,0.039480666218148525
11.0,0.149992,0.037444581132539574
12.0,0.138177,0.0321685903062729
8.0,0.146587,0.03258905281503254
11.0,0.14888,0.03751930651047733
11.0,0.14888,0.03751930651047732
6.0,0.161913,0.04025151415087452
15.0,0.171536,0.023701553549244837
13.0,0.178544,0.024051938973211198
13.0,0.178544,0.0240519389732112
11.0,0.188198,0.024534575185923793
11.0,0.201988,0.0360156922389962
8.0,0.208996,0.036366077662962557
15.0,0.171536,0.023701553549244837
13.0,0.178544,0.0240519389732112
13.0,0.178544,0.024051938973211204
11.0,0.188198,0.024534575185923793
12.0,0.201988,0.0360156922389962
9.0,0.208996,0.036366077662962557
10.0,0.232473,0.047154564190565705
15.0,0.100798,0.019540405809670956
13.0,0.107806,0.01989079123363732
14.0,0.108461,0.02337163647759195
13.0,0.118508,0.025241507437841742
13.0,0.108461,0.02337163647759195
11.0,0.116124,0.02720286714551294
12.0,0.118508,0.025241507437841742
14.0,0.109208,0.01996086831843059
11.0,0.116216,0.020311253742396954
14.0,0.119621,0.025166782059903994
13.0,0.119621,0.025166782059903994
9.0,0.131542,0.027973715078238943
15.0,0.107806,0.01989079123363732
12.0,0.115469,0.023722021901558314
14.0,0.116216,0.020311253742396954
12.0,0.126629,0.025517167483870357
14.0,0.117459,0.02037342744634991
12.0,0.125869,0.020793889955109546
14.0,0.108461,0.023371636477591946
12.0,0.115469,0.02372202190155831
12.0,0.116124,0.027202867145512944
11.0,0.126171,0.029072738105762736
15.0,0.118508,0.025241507437841745
12.0,0.126171,0.029072738105762736
14.0,0.130162,0.026724349639727366
16.0,0.119621,0.02516678205990399
13.0,0.126629,0.025517167483870354
15.0,0.095833,0.02971913699763302
14.0,0.102841,0.030069522421599385
13.0,0.103495,0.03355036766555401
13.0,0.113543,0.035420238625803804
14.0,0.103495,0.03355036766555401
11.0,0.111158,0.03738159833347502
14.0,0.113543,0.03542023862580381
13.0,0.104243,0.030139599506392657
11.0,0.111251,0.03048998493035902
12.0,0.114655,0.035345513247866056
13.0,0.114655,0.035345513247866056
9.0,0.126576,0.03815244626620101
14.0,0.103495,0.03355036766555401
12.0,0.111158,0.037381598333475013
12.0,0.111905,0.03397083017431365
11.0,0.122318,0.03917674391578704
16.0,0.107663,0.035420238625803804
13.0,0.116073,0.03584070113456344
15.0,0.104243,0.030139599506392657
14.0,0.111251,0.03048998493035902
12.0,0.111905,0.03397083017431365
12.0,0.121953,0.03584070113456344
15.0,0.114655,0.035345513247866056
12.0,0.122318,0.03917674391578705
14.0,0.115827,0.030718762961647765
12.0,0.122835,0.03106914838561413
14.0,0.128002,0.03680623124788213
15.0,0.095833,0.02971913699763302
14.0,0.102841,0.030069522421599385
14.0,0.103495,0.03355036766555402
14.0,0.113543,0.035420238625803804
13.0,0.103495,0.03355036766555401
11.0,0.111158,0.03738159833347502
13.0,0.113543,0.03542023862580381
13.0,0.104243,0.030139599506392657
11.0,0.111251,0.03048998493035902
13.0,0.114655,0.03534551324786605
12.0,0.114655,0.035345513247866056
9.0,0.126576,0.03815244626620101
14.0,0.103495,0.03355036766555402
12.0,0.111158,0.037381598333475013
12.0,0.111905,0.033970830174313654
11.0,0.122318,0.03917674391578706
16.0,0.113543,0.03542023862580382
13.0,0.121953,0.035840701134563446
15.0,0.104243,0.030139599506392657
14.0,0.111251,0.03048998493035902
12.0,0.111905,0.033970830174313654
12.0,0.121953,0.035840701134563446
15.0,0.114655,0.035345513247866056
12.0,0.122318,0.03917674391578705
14.0,0.115827,0.030718762961647765
12.0,0.122835,0.03106914838561413
14.0,0.128002,0.03680623124788213
13.0,0.131169,0.03181820488230648
12.0,0.138177,0.032168590306272844
12.0,0.138832,0.03564943555022748
11.0,0.14888,0.037519306510477274
12.0,0.138832,0.03564943555022748
9.0,0.146495,0.03948066621814849
11.0,0.14888,0.037519306510477274
12.0,0.139579,0.032238667391066116
8.0,0.146587,0.03258905281503248
11.0,0.149992,0.03744458113253952
11.0,0.149992,0.03744458113253952
6.0,0.161913,0.04025151415087448
13.0,0.121226,0.048994405197244656
12.0,0.129636,0.049414867706004305
12.0,0.129636,0.04941486770600429
11.0,0.14122,0.0499940311612594
12.0,0.129636,0.0494148677060043
9.0,0.138046,0.04983533021476393
11.0,0.14122,0.04999403116125939
12.0,0.129636,0.049414867706004284
9.0,0.138046,0.04983533021476393
11.0,0.14122,0.04999403116125939
11.0,0.14122,0.04999403116125939
6.0,0.154866,0.0506762552322832
15.0,0.131169,0.031818204882306536
14.0,0.138832,0.03564943555022754
14.0,0.139579,0.03223866739106617
14.0,0.138832,0.03564943555022754
14.0,0.149992,0.03744458113253957
14.0,0.138832,0.03564943555022753
11.0,0.146495,0.03948066621814853
14.0,0.138177,0.03216859030627289
11.0,0.146587,0.032589052815032535
14.0,0.14888,0.03751930651047733
14.0,0.138832,0.03564943555022753
13.0,0.146495,0.03948066621814853
14.0,0.149992,0.037444581132539574
13.0,0.14888,0.03751930651047733
10.0,0.161913,0.04025151415087453
15.0,0.171536,0.023701553549244837
13.0,0.178544,0.0240519389732112
13.0,0.178544,0.024051938973211204
11.0,0.188198,0.024534575185923793
12.0,0.201988,0.0360156922389962
9.0,0.208996,0.036366077662962557
10.0,0.232473,0.047154564190565705
12.0,0.131169,0.03181820488230649
11.0,0.138832,0.03564943555022749
11.0,0.139579,0.03223866739106613
12.0,0.149992,0.03744458113253952
11.0,0.138177,0.032168590306272844
8.0,0.146587,0.032589052815032486
12.0,0.14888,0.03751930651047728
11.0,0.138832,0.03564943555022749
10.0,0.146495,0.03948066621814849
12.0,0.149992,0.03744458113253952
12.0,0.142999,0.03751930651047728
7.0,0.161913,0.040251514150874475
12.0,0.201988,0.03601569223899616
9.0,0.208996,0.036366077662962515
11.0,0.232473,0.0471545641905657
11.0,0.232473,0.0471545641905657
5.0,0.262991,0.057535384475032605
16.0,0.059469,0.003475040873864071
13.0,0.067879,0.0038955033826237064
15.0,0.067879,0.0038955033826237064
14.0,0.079464,0.004474666837878815
15.0,0.067879,0.003895503382623707
12.0,0.076289,0.004315965891383342
14.0,0.079464,0.004474666837878815
15.0,0.067879,0.003895503382623706
12.0,0.076289,0.004315965891383342
15.0,0.079464,0.0044746668378788145
15.0,0.079464,0.0044746668378788145
11.0,0.093109,0.005156890908902614
16.0,0.067132,0.007306271541785066
14.0,0.075542,0.007726734050544701
15.0,0.075542,0.007726734050544702
14.0,0.087127,0.00830589750579981
15.0,0.078292,0.009101417124097106
13.0,0.086702,0.009521879632856743
15.0,0.067132,0.007306271541785066
12.0,0.075542,0.007726734050544701
14.0,0.075542,0.007726734050544701
13.0,0.087127,0.008305897505799811
15.0,0.078292,0.009101417124097106
13.0,0.086702,0.009521879632856741
14.0,0.091639,0.010562135124113177
16.0,0.078292,0.009101417124097106
13.0,0.086702,0.009521879632856741
13.0,0.106588,0.011895751584079574
16.0,0.067132,0.007306271541785066
14.0,0.075542,0.007726734050544702
13.0,0.074795,0.011137502209706062
15.0,0.074795,0.011137502209706062
14.0,0.085955,0.012932647792018102
15.0,0.075542,0.007726734050544702
12.0,0.083205,0.011557964718465697
14.0,0.087127,0.008305897505799811
16.0,0.085955,0.012932647792018104
15.0,0.078292,0.009101417124097106
14.0,0.085955,0.012932647792018106
13.0,0.086702,0.009521879632856743
14.0,0.097114,0.014727793374330146
15.0,0.066477,0.0038254262978304338
12.0,0.074887,0.00424588880659007
14.0,0.074887,0.004245888806590069
12.0,0.086472,0.004825052261845178
14.0,0.074887,0.00424588880659007
11.0,0.083297,0.004666351315349705
12.0,0.086472,0.004825052261845178
12.0,0.074887,0.004245888806590069
9.0,0.083297,0.004666351315349705
13.0,0.086472,0.004825052261845178
13.0,0.086472,0.004825052261845178
8.0,0.100117,0.0055072763328689765
16.0,0.07718,0.009176142502034863
14.0,0.08559,0.009596605010794498
14.0,0.08559,0.009596605010794498
11.0,0.097174,0.010175768466049607
16.0,0.07718,0.009176142502034863
14.0,0.08559,0.009596605010794498
14.0,0.08559,0.0095966050107945
11.0,0.097174,0.010175768466049607
12.0,0.090213,0.011908350142432063
9.0,0.098623,0.0123288126511917
16.0,0.07718,0.009176142502034863
13.0,0.08559,0.009596605010794498
15.0,0.08559,0.009596605010794498
13.0,0.097174,0.010175768466049607
15.0,0.067132,0.007306271541785066
14.0,0.075542,0.007726734050544701
15.0,0.074795,0.011137502209706062
13.0,0.074795,0.011137502209706066
14.0,0.085955,0.012932647792018106
12.0,0.075542,0.007726734050544701
11.0,0.083205,0.0115579647184657
13.0,0.087127,0.008305897505799811
14.0,0.085955,0.012932647792018106
13.0,0.099302,0.014393365792034174
15.0,0.078292,0.009101417124097106
13.0,0.086702,0.009521879632856741
14.0,0.085955,0.012932647792018102
14.0,0.085955,0.012932647792018106
11.0,0.097114,0.014727793374330146
14.0,0.091639,0.010562135124113177
13.0,0.099302,0.014393365792034174
16.0,0.078292,0.009101417124097106
13.0,0.086702,0.009521879632856741
16.0,0.085955,0.012932647792018104
14.0,0.097114,0.014727793374330146
13.0,0.106588,0.011895751584079574
16.0,0.07718,0.009176142502034863
13.0,0.08559,0.009596605010794498
15.0,0.08559,0.009596605010794498
13.0,0.097174,0.010175768466049607
11.0,0.090213,0.011908350142432064
8.0,0.098623,0.0123288126511917
13.0,0.104923,0.014050002101641144
13.0,0.104923,0.014050002101641144
8.0,0.120942,0.015919103815815783
13.0,0.12993,0.007599474059311465
12.0,0.137593,0.011430704727232462
12.0,0.13834,0.0080199365680711
13.0,0.148753,0.013225850309544502
12.0,0.136938,0.007949859483277828
9.0,0.145348,0.008370321992037463
13.0,0.14764,0.013300575687482257
12.0,0.137593,0.011430704727232462
11.0,0.145256,0.01526193539515346
13.0,0.148753,0.013225850309544502
13.0,0.14764,0.013300575687482259
8.0,0.160674,0.016032783327879458
13.0,0.165234,0.009661740516732768
11.0,0.172242,0.010012125940699132
12.0,0.172897,0.013492971184653766
13.0,0.182945,0.015362842144903563
14.0,0.160267,0.023015446683535026
12.0,0.168677,0.02343590919229466
13.0,0.16793,0.02684667735145602
14.0,0.17909,0.02864182293376806
13.0,0.165234,0.009661740516732768
12.0,0.172897,0.013492971184653766
11.0,0.172242,0.010012125940699132
13.0,0.182945,0.015362842144903563
14.0,0.165234,0.00966174051673277
14.0,0.172897,0.013492971184653764
12.0,0.172242,0.010012125940699132
13.0,0.182945,0.015362842144903563
14.0,0.165234,0.00966174051673277
14.0,0.172897,0.013492971184653764
12.0,0.172242,0.010012125940699133
13.0,0.182945,0.015362842144903563
11.0,0.200587,0.011724065704417665
8.0,0.207595,0.012074451128384029
13.0,0.231006,0.027176594423108907
14.0,0.160267,0.023015446683535026
13.0,0.16793,0.026846677351456016
12.0,0.168677,0.02343590919229466
14.0,0.17909,0.02864182293376806
15.0,0.155302,0.03319417787149709
14.0,0.163712,0.03361464038025672
13.0,0.163712,0.03361464038025672
13.0,0.175296,0.034193803835511835
15.0,0.155302,0.033194177871497095
14.0,0.163712,0.03361464038025673
13.0,0.163712,0.03361464038025673
13.0,0.175296,0.034193803835511835
12.0,0.190639,0.03529324575617056
9.0,0.199049,0.03571370826493019
13.0,0.231006,0.027176594423108907
12.0,0.190639,0.035293245756170565
9.0,0.199049,0.035713708264930207
9.0,0.261458,0.039490733112860235
12.0,0.128824,0.034957748923476625
11.0,0.136487,0.03878897959139762
11.0,0.137234,0.03537821143223626
12.0,0.147646,0.04058412517370966
11.0,0.135832,0.03530813434744299
8.0,0.144242,0.035728596856202624
12.0,0.146534,0.04065885055164742
11.0,0.136487,0.03878897959139762
10.0,0.14415,0.04262021025931862
12.0,0.147646,0.04058412517370966
12.0,0.146534,0.04065885055164742
7.0,0.159568,0.04339105819204462
8.0,0.259993,0.0667759538057831
16.0,0.967165,0.4835817989011829
15.0,0.975575,0.4840022614099425
16.0,0.975575,0.4840022614099425
16.0,0.987159,0.4845814248651976
16.0,0.975575,0.4840022614099425
13.0,0.983985,0.4844227239187021
16.0,0.987159,0.4845814248651976
15.0,0.975575,0.4840022614099425
14.0,0.983985,0.4844227239187021
16.0,0.987159,0.4845814248651976
16.0,0.987159,0.4845814248651976
12.0,1.000805,0.4852636489362214
15.0,0.974827,0.48741302956910393
14.0,0.983237,0.48783349207786353
14.0,0.983237,0.48783349207786353
15.0,0.994822,0.48841265553311863
16.0,0.985987,0.4892081751514159
15.0,0.994397,0.4896286376601755
15.0,0.974827,0.48741302956910393
14.0,0.983237,0.48783349207786353
15.0,0.983237,0.48783349207786353
15.0,0.994822,0.48841265553311863
16.0,0.985987,0.4892081751514159
14.0,0.994397,0.4896286376601755
16.0,0.985987,0.4892081751514159
15.0,0.994397,0.4896286376601755
16.0,0.999334,0.490668893151432
14.0,1.014283,0.4920025096113983
15.0,0.974173,0.4839321843251493
12.0,0.982583,0.4843526468339089
14.0,0.982583,0.4843526468339089
14.0,0.994167,0.484931810289164
14.0,0.982583,0.4843526468339089
12.0,0.990993,0.4847731093426685
14.0,0.994167,0.484931810289164
14.0,0.982583,0.4843526468339089
11.0,0.990993,0.4847731093426685
15.0,0.994167,0.484931810289164
15.0,0.994167,0.484931810289164
11.0,1.007813,0.4856140343601878
16.0,0.984875,0.4892829005293537
15.0,0.993285,0.4897033630381133
15.0,0.993285,0.4897033630381133
16.0,1.004869,0.4902825264933684
15.0,0.974827,0.48741302956910393
13.0,0.98249,0.49124426023702494
14.0,0.983237,0.48783349207786353
14.0,0.98249,0.49124426023702494
14.0,0.99365,0.4930394058193369
14.0,0.983237,0.48783349207786353
12.0,0.9909,0.49166472274578454
15.0,0.994822,0.48841265553311863
15.0,0.99365,0.4930394058193369
14.0,1.006997,0.494500123819353
16.0,0.985987,0.4892081751514159
15.0,0.99365,0.4930394058193369
15.0,0.994397,0.4896286376601755
16.0,1.004809,0.4948345514016489
16.0,0.978995,0.4892829005293537
15.0,0.987405,0.4897033630381133
15.0,0.987405,0.4897033630381133
16.0,0.998989,0.4902825264933684
11.0,0.997908,0.4920151081697509
10.0,1.006318,0.4924355706785105
16.0,0.984875,0.48928290052935375
14.0,0.993285,0.48970336303811335
15.0,0.993285,0.48970336303811335
14.0,1.004869,0.49028252649336845
14.0,1.012618,0.4941567601289599
15.0,0.974827,0.48741302956910393
14.0,0.98249,0.49124426023702494
15.0,0.983237,0.48783349207786353
13.0,0.98249,0.49124426023702494
14.0,0.99365,0.4930394058193369
14.0,0.983237,0.48783349207786353
12.0,0.9909,0.49166472274578454
15.0,0.99365,0.4930394058193369
15.0,0.994822,0.48841265553311863
16.0,0.984875,0.48928290052935375
14.0,0.993285,0.48970336303811335
15.0,0.993285,0.48970336303811335
14.0,1.004869,0.49028252649336845
16.0,0.985987,0.4892081751514159
14.0,0.99365,0.4930394058193369
14.0,0.994397,0.4896286376601755
14.0,0.99365,0.4930394058193369
11.0,1.004809,0.4948345514016489
14.0,1.012618,0.4941567601289599
16.0,0.985987,0.4892081751514159
15.0,0.99365,0.4930394058193369
15.0,0.994397,0.4896286376601755
16.0,1.004809,0.4948345514016489
12.0,0.997908,0.4920151081697509
11.0,1.006318,0.4924355706785105
16.0,0.999334,0.490668893151432
14.0,1.006997,0.494500123819353
14.0,1.014283,0.4920025096113983
10.0,1.028637,0.4960258618431346
15.0,0.974827,0.48741302956910393
14.0,0.981835,0.4877634149930703
13.0,0.98249,0.49124426023702494
14.0,0.992538,0.49311413119727465
15.0,0.98249,0.49124426023702494
12.0,0.990153,0.49507549090494596
15.0,0.992538,0.49311413119727465
15.0,0.983237,0.48783349207786353
13.0,0.990245,0.4881838775018299
14.0,0.99365,0.4930394058193369
15.0,0.99365,0.4930394058193369
11.0,1.005571,0.49584633883767193
14.0,0.98249,0.49124426023702494
12.0,0.990153,0.49507549090494596
13.0,0.9909,0.49166472274578454
13.0,1.001313,0.49687063648725793
15.0,0.986658,0.4931141311972747
14.0,0.995068,0.4935345937060343
15.0,0.983237,0.48783349207786353
14.0,0.990245,0.4881838775018299
13.0,0.9909,0.49166472274578454
13.0,1.000948,0.49353459370603436
15.0,0.99365,0.4930394058193369
12.0,1.001313,0.49687063648725793
15.0,0.994822,0.48841265553311863
14.0,1.00183,0.488763040957085
15.0,1.006997,0.494500123819353
16.0,0.974173,0.4839321843251493
14.0,0.982583,0.4843526468339089
13.0,0.982583,0.4843526468339089
14.0,0.994167,0.484931810289164
15.0,0.982583,0.4843526468339089
12.0,0.990993,0.4847731093426685
15.0,0.994167,0.484931810289164
15.0,0.982583,0.4843526468339089
13.0,0.990993,0.4847731093426685
14.0,0.994167,0.484931810289164
15.0,0.994167,0.484931810289164
11.0,1.007813,0.4856140343601878
14.0,0.981835,0.4877634149930703
12.0,0.990245,0.4881838775018299
13.0,0.990245,0.4881838775018299
13.0,1.00183,0.488763040957085
15.0,0.992995,0.4895585605753823
14.0,1.001405,0.4899790230841419
15.0,0.981835,0.4877634149930703
14.0,0.990245,0.4881838775018299
13.0,0.990245,0.4881838775018299
13.0,1.00183,0.488763040957085
15.0,0.992995,0.4895585605753823
12.0,1.001405,0.4899790230841419
15.0,0.992995,0.4895585605753823
14.0,1.001405,0.4899790230841419
15.0,1.006342,0.49101927857539834
12.0,1.021291,0.49235289503536467
16.0,0.984875,0.48928290052935364
14.0,0.992538,0.49311413119727465
15.0,0.993285,0.48970336303811335
15.0,0.992538,0.49311413119727465
14.0,1.003697,0.49490927677958674
15.0,0.993285,0.48970336303811335
13.0,1.000948,0.49353459370603436
15.0,1.004869,0.49028252649336845
15.0,1.003697,0.49490927677958674
14.0,1.017045,0.4963699947796027
16.0,0.985987,0.4892081751514159
14.0,0.992995,0.4895585605753823
14.0,0.99365,0.4930394058193369
11.0,1.003697,0.49490927677958674
15.0,0.99365,0.4930394058193369
12.0,1.001313,0.49687063648725793
13.0,1.003697,0.49490927677958674
15.0,0.994397,0.4896286376601755
12.0,1.001405,0.4899790230841419
14.0,1.004809,0.4948345514016489
15.0,1.004809,0.4948345514016489
10.0,1.016731,0.4976414844199839
16.0,0.983826,0.4844148205378619
14.0,0.992236,0.4848352830466215
14.0,0.992236,0.4848352830466215
11.0,1.00382,0.4854144465018766
15.0,0.992236,0.4848352830466215
12.0,1.000646,0.4852557455553811
13.0,1.00382,0.4854144465018766
15.0,0.992236,0.4848352830466215
12.0,1.000646,0.4852557455553811
14.0,1.00382,0.4854144465018766
15.0,1.00382,0.4854144465018766
10.0,1.017466,0.4860966705729004
14.0,1.010989,0.49421126539267346
12.0,1.019399,0.49463172790143306
15.0,0.974827,0.48741302956910393
14.0,0.98249,0.49124426023702494
14.0,0.983237,0.48783349207786353
15.0,0.99365,0.4930394058193369
14.0,0.981835,0.4877634149930703
11.0,0.990245,0.4881838775018299
15.0,0.992538,0.4931141311972747
14.0,0.98249,0.49124426023702494
12.0,0.990153,0.49507549090494596
15.0,0.99365,0.4930394058193369
15.0,0.986658,0.4931141311972747
10.0,1.005571,0.49584633883767193
14.0,0.983237,0.48783349207786353
13.0,0.9909,0.49166472274578454
13.0,0.990245,0.4881838775018299
14.0,1.000948,0.4935345937060343
15.0,0.994822,0.48841265553311863
13.0,1.00183,0.488763040957085
14.0,0.98249,0.49124426023702494
13.0,0.990153,0.49507549090494596
13.0,0.9909,0.49166472274578454
14.0,1.001313,0.49687063648725793
15.0,0.992538,0.49311413119727465
13.0,1.000948,0.49353459370603425
15.0,0.99365,0.4930394058193369
12.0,1.001313,0.49687063648725793
12.0,1.020281,0.49798799079688094
16.0,0.985987,0.4892081751514159
15.0,0.99365,0.4930394058193369
14.0,0.994397,0.4896286376601755
15.0,0.99365,0.4930394058193369
14.0,1.004809,0.4948345514016489
15.0,0.992995,0.4895585605753823
13.0,1.001405,0.4899790230841419
16.0,0.997817,0.4949092767795867
15.0,1.003697,0.49490927677958674
16.0,0.984875,0.4892829005293537
15.0,0.992538,0.4931141311972747
15.0,0.993285,0.4897033630381133
14.0,0.992538,0.4931141311972747
14.0,1.003697,0.4949092767795867
15.0,0.993285,0.4897033630381133
13.0,1.000948,0.4935345937060343
16.0,1.003697,0.4949092767795867
15.0,1.004869,0.4902825264933684
12.0,0.997908,0.4920151081697509
11.0,1.005571,0.49584633883767193
11.0,1.006318,0.4924355706785105
11.0,1.005571,0.49584633883767193
10.0,1.016731,0.4976414844199839
16.0,0.999334,0.49066889315143203
14.0,1.006342,0.4910192785753984
15.0,1.006997,0.49450012381935304
13.0,1.017045,0.49636999477960275
16.0,0.996528,0.4907657427312394
14.0,1.004938,0.491186205239999
15.0,1.004938,0.491186205239999
13.0,1.016523,0.4917653686952541
10.0,1.026809,0.49690813850563964
16.0,0.985987,0.4892081751514159
15.0,0.99365,0.4930394058193369
15.0,0.994397,0.4896286376601755
14.0,1.004809,0.4948345514016489
15.0,0.992995,0.4895585605753823
12.0,1.001405,0.4899790230841419
15.0,1.003697,0.4949092767795867
15.0,0.99365,0.4930394058193369
13.0,1.001313,0.49687063648725793
15.0,1.004809,0.4948345514016489
16.0,0.997817,0.4949092767795867
11.0,1.016731,0.4976414844199839
14.0,1.014283,0.49200250961139835
12.0,1.021291,0.4923528950353647
11.0,1.028637,0.4960258618431346
10.0,1.043738,0.49923199908873506
16.0,0.974827,0.48741302956910393
14.0,0.98249,0.49124426023702494
15.0,0.983237,0.48783349207786353
15.0,0.98249,0.49124426023702494
15.0,0.99365,0.4930394058193369
13.0,0.98249,0.49124426023702494
12.0,0.990153,0.49507549090494596
15.0,0.981835,0.4877634149930703
13.0,0.990245,0.4881838775018299
14.0,0.992538,0.49311413119727465
14.0,0.98249,0.49124426023702494
13.0,0.990153,0.49507549090494596
14.0,0.99365,0.4930394058193369
15.0,0.992538,0.4931141311972747
11.0,1.005571,0.49584633883767193
14.0,0.981835,0.4877634149930703
14.0,0.990245,0.4881838775018299
12.0,0.989498,0.4915946456609913
13.0,0.989498,0.4915946456609913
13.0,1.000658,0.4933897912433033
15.0,0.992538,0.4931141311972747
14.0,1.000201,0.4969453618651957
15.0,0.992538,0.49311413119727465
12.0,1.000201,0.49694536186519567
15.0,0.991489,0.4882460512057829
13.0,0.999899,0.4886665137145425
15.0,1.004191,0.4945969733991604
13.0,0.98249,0.49124426023702494
12.0,0.990153,0.49507549090494596
13.0,0.9909,0.49166472274578454
12.0,0.990153,0.49507549090494596
12.0,1.001313,0.49687063648725793
12.0,0.990153,0.49507549090494596
9.0,0.997816,0.498906721572867
13.0,0.989498,0.4915946456609913
11.0,0.997908,0.4920151081697509
12.0,1.000201,0.49694536186519567
12.0,0.990153,0.49507549090494596
11.0,0.997816,0.498906721572867
12.0,1.001313,0.49687063648725793
12.0,1.000201,0.4969453618651957
8.0,1.013234,0.49967756950559294
14.0,0.992538,0.49311413119727465
13.0,1.000948,0.49353459370603436
12.0,1.000201,0.49694536186519567
13.0,1.000201,0.49694536186519567
12.0,1.01136,0.49874050744750775
15.0,0.983237,0.48783349207786353
13.0,0.9909,0.49166472274578454
12.0,0.9909,0.49166472274578454
14.0,0.990245,0.4881838775018299
13.0,1.000948,0.49353459370603436
13.0,0.990245,0.4881838775018299
10.0,0.997908,0.4920151081697509
14.0,1.000948,0.4935345937060343
14.0,0.999899,0.4886665137145425
15.0,0.994822,0.48841265553311863
14.0,1.00183,0.488763040957085
13.0,1.00183,0.488763040957085
12.0,1.011483,0.4892456771697976
15.0,0.99365,0.4930394058193369
12.0,1.001313,0.49687063648725793
15.0,1.006997,0.494500123819353
14.0,0.99365,0.4930394058193369
13.0,1.001313,0.49687063648725793
12.0,1.001313,0.49687063648725793
13.0,1.000658,0.4933897912433033
12.0,1.01136,0.49874050744750775
11.0,1.005571,0.49584633883767193
8.0,1.013234,0.49967756950559294
15.0,0.99365,0.4930394058193369
14.0,1.001313,0.49687063648725793
14.0,1.000658,0.4933897912433033
13.0,1.01136,0.4987405074475077
16.0,0.985987,0.4892081751514159
14.0,0.992995,0.4895585605753823
15.0,0.99365,0.4930394058193369
13.0,1.003697,0.49490927677958674
14.0,0.99365,0.4930394058193369
12.0,1.001313,0.49687063648725793
11.0,1.003697,0.49490927677958674
15.0,0.994397,0.4896286376601755
12.0,1.001405,0.4899790230841419
15.0,1.004809,0.4948345514016489
14.0,1.004809,0.4948345514016489
10.0,1.016731,0.4976414844199839
15.0,0.992995,0.4895585605753823
13.0,1.000658,0.4933897912433033
14.0,1.001405,0.4899790230841419
12.0,1.011817,0.49518493682561526
14.0,1.002648,0.4900411967880949
11.0,1.011058,0.4904616592968545
15.0,0.99365,0.4930394058193369
13.0,1.000658,0.4933897912433033
13.0,1.001313,0.49687063648725793
10.0,1.01136,0.49874050744750764
15.0,1.003697,0.4949092767795867
12.0,1.01136,0.4987405074475077
13.0,1.015351,0.4963921189814724
16.0,1.004809,0.4948345514016489
13.0,1.011817,0.49518493682561526
16.0,0.974173,0.4839321843251493
14.0,0.981835,0.4877634149930703
15.0,0.982583,0.4843526468339089
15.0,0.981835,0.4877634149930703
15.0,0.992995,0.4895585605753823
15.0,0.981835,0.4877634149930703
13.0,0.989498,0.4915946456609913
13.0,0.981181,0.48428256974911565
12.0,0.989591,0.48470303225787525
14.0,0.991883,0.48963328595332
14.0,0.981835,0.4877634149930703
13.0,0.989498,0.4915946456609913
15.0,0.992995,0.4895585605753823
14.0,0.991883,0.48963328595332006
11.0,1.004916,0.4923654935937173
14.0,0.982583,0.4843526468339089
14.0,0.990245,0.4881838775018299
12.0,0.989591,0.48470303225787525
13.0,0.990245,0.4881838775018299
13.0,1.000293,0.49005374846207966
15.0,0.992995,0.4895585605753823
14.0,1.000658,0.4933897912433033
15.0,0.994167,0.484931810289164
12.0,1.001175,0.48528219571313036
15.0,0.992995,0.4895585605753823
13.0,1.000658,0.4933897912433033
15.0,1.006342,0.4910192785753984
13.0,0.982583,0.4843526468339089
12.0,0.990245,0.4881838775018299
12.0,0.990993,0.4847731093426685
13.0,0.990245,0.4881838775018299
12.0,1.001405,0.4899790230841419
13.0,0.990245,0.4881838775018299
11.0,0.997908,0.4920151081697509
12.0,0.989591,0.48470303225787525
9.0,0.998001,0.48512349476663486
12.0,1.000293,0.4900537484620796
12.0,0.990245,0.4881838775018299
11.0,0.997908,0.4920151081697509
12.0,1.001405,0.4899790230841419
12.0,1.000293,0.49005374846207966
8.0,1.013326,0.4927859561024769
14.0,0.994167,0.484931810289164
13.0,1.00183,0.488763040957085
12.0,1.001175,0.48528219571313036
13.0,1.00183,0.488763040957085
12.0,1.011877,0.49063291191733477
15.0,0.982583,0.4843526468339089
13.0,0.990245,0.4881838775018299
14.0,0.990245,0.4881838775018299
12.0,0.989591,0.48470303225787525
13.0,1.000293,0.4900537484620797
13.0,0.990993,0.4847731093426685
11.0,0.998001,0.48512349476663486
14.0,1.001405,0.4899790230841419
14.0,1.001405,0.4899790230841419
15.0,0.994167,0.484931810289164
12.0,1.001175,0.48528219571313036
15.0,0.992995,0.4895585605753823
14.0,1.001405,0.4899790230841419
13.0,1.000658,0.4933897912433033
12.0,1.011817,0.49518493682561526
15.0,1.006342,0.49101927857539834
14.0,0.994167,0.484931810289164
13.0,1.00183,0.488763040957085
13.0,1.00183,0.488763040957085
12.0,1.001175,0.48528219571313036
12.0,1.011877,0.4906329119173348
11.0,1.007813,0.4856140343601878
8.0,1.014821,0.48596441978415417
12.0,1.021291,0.49235289503536467
15.0,0.992995,0.4895585605753823
14.0,1.000658,0.4933897912433033
14.0,1.001405,0.4899790230841419
12.0,1.011817,0.49518493682561526
12.0,1.021291,0.4923528950353647
8.0,1.035645,0.49637624726710095
16.0,0.983826,0.4844148205378619
14.0,0.992236,0.4848352830466215
15.0,0.992236,0.4848352830466215
13.0,1.00382,0.4854144465018766
14.0,0.992236,0.4848352830466215
12.0,1.000646,0.4852557455553811
11.0,1.00382,0.4854144465018766
15.0,0.992236,0.4848352830466215
12.0,1.000646,0.4852557455553811
15.0,1.00382,0.4854144465018766
14.0,1.00382,0.4854144465018766
10.0,1.017466,0.4860966705729004
15.0,0.991489,0.4882460512057829
13.0,0.999899,0.4886665137145425
14.0,0.999899,0.4886665137145425
12.0,1.011483,0.4892456771697976
14.0,1.002648,0.4900411967880949
11.0,1.011058,0.4904616592968545
15.0,0.991489,0.4882460512057829
13.0,0.999899,0.4886665137145425
13.0,0.999899,0.4886665137145425
10.0,1.011483,0.4892456771697976
15.0,1.002648,0.4900411967880949
12.0,1.011058,0.4904616592968545
13.0,1.015996,0.491501914788111
16.0,1.002648,0.4900411967880949
13.0,1.011058,0.4904616592968545
10.0,1.030944,0.49283553124807733
16.0,0.984875,0.48928290052935364
14.0,0.992538,0.49311413119727465
15.0,0.993285,0.48970336303811335
15.0,0.992538,0.49311413119727465
14.0,1.003697,0.49490927677958674
14.0,0.992538,0.49311413119727465
12.0,1.000201,0.49694536186519567
14.0,0.991883,0.48963328595332
12.0,1.000293,0.4900537484620796
11.0,1.002585,0.49498400215752447
15.0,0.992538,0.49311413119727465
12.0,1.000201,0.49694536186519567
14.0,1.003697,0.49490927677958674
14.0,1.002585,0.4949840021575245
10.0,1.015619,0.49771620979792164
15.0,0.993285,0.48970336303811335
13.0,1.000948,0.49353459370603436
13.0,1.000948,0.49353459370603436
13.0,1.000293,0.4900537484620797
10.0,1.010995,0.4954044646662841
15.0,1.004869,0.49028252649336845
12.0,1.011877,0.4906329119173348
15.0,1.003697,0.49490927677958674
12.0,1.01136,0.49874050744750775
14.0,1.017045,0.4963699947796027
16.0,1.003697,0.49490927677958674
13.0,1.01136,0.49874050744750775
14.0,1.010989,0.49421126539267346
12.0,1.018652,0.4980424960605945
12.0,1.019399,0.49463172790143306
11.0,1.029811,0.49983764164290645
15.0,0.974173,0.4839321843251493
14.0,0.982583,0.4843526468339089
15.0,0.982583,0.4843526468339089
15.0,0.994167,0.484931810289164
15.0,0.982583,0.4843526468339089
12.0,0.990993,0.4847731093426685
15.0,0.994167,0.484931810289164
12.0,0.982583,0.4843526468339089
11.0,0.990993,0.4847731093426685
14.0,0.994167,0.484931810289164
14.0,0.994167,0.484931810289164
11.0,1.007813,0.4856140343601878
14.0,0.981835,0.4877634149930703
13.0,0.990245,0.4881838775018299
11.0,0.990245,0.4881838775018299
13.0,1.00183,0.488763040957085
15.0,0.992995,0.4895585605753823
12.0,1.001405,0.4899790230841419
15.0,0.981835,0.4877634149930703
13.0,0.990245,0.4881838775018299
14.0,0.990245,0.4881838775018299
14.0,1.00183,0.488763040957085
15.0,0.992995,0.4895585605753823
13.0,1.001405,0.4899790230841419
14.0,0.992995,0.4895585605753823
12.0,1.001405,0.4899790230841419
14.0,1.006342,0.49101927857539834
12.0,1.021291,0.49235289503536467
14.0,0.981181,0.48428256974911565
11.0,0.989591,0.48470303225787525
13.0,0.989591,0.48470303225787525
12.0,1.001175,0.48528219571313036
13.0,0.989591,0.48470303225787525
11.0,0.998001,0.48512349476663486
12.0,1.001175,0.48528219571313036
11.0,0.989591,0.48470303225787525
8.0,0.998001,0.48512349476663486
12.0,1.001175,0.48528219571313036
12.0,1.001175,0.48528219571313036
8.0,1.014821,0.48596441978415417
15.0,0.991883,0.48963328595332006
14.0,1.000293,0.49005374846207966
12.0,1.000293,0.49005374846207966
13.0,1.011877,0.49063291191733477
14.0,0.981835,0.4877634149930703
12.0,0.989498,0.4915946456609913
13.0,0.990245,0.4881838775018299
13.0,0.989498,0.4915946456609913
13.0,1.000658,0.4933897912433033
11.0,0.990245,0.4881838775018299
10.0,0.997908,0.4920151081697509
13.0,1.00183,0.488763040957085
13.0,1.000658,0.4933897912433033
12.0,1.014005,0.49485050924331936
15.0,0.992995,0.4895585605753823
14.0,1.000658,0.4933897912433033
12.0,1.001405,0.4899790230841419
13.0,1.011817,0.49518493682561526
15.0,0.986003,0.48963328595332006
14.0,0.994413,0.49005374846207966
12.0,0.994413,0.49005374846207966
13.0,1.005997,0.49063291191733477
10.0,1.004916,0.4923654935937173
7.0,1.013326,0.4927859561024769
15.0,0.991883,0.48963328595332
12.0,1.000293,0.4900537484620796
14.0,1.000293,0.4900537484620797
11.0,1.011877,0.4906329119173348
12.0,1.019626,0.4945071455529263
15.0,0.981835,0.4877634149930703
13.0,0.989498,0.4915946456609913
14.0,0.990245,0.4881838775018299
12.0,0.989498,0.4915946456609913
13.0,1.000658,0.4933897912433033
13.0,0.990245,0.4881838775018299
10.0,0.997908,0.4920151081697509
14.0,1.000658,0.4933897912433033
14.0,1.00183,0.488763040957085
15.0,0.991883,0.48963328595332
12.0,1.000293,0.4900537484620796
14.0,1.000293,0.4900537484620797
11.0,1.011877,0.4906329119173348
15.0,0.992995,0.4895585605753823
13.0,1.000658,0.4933897912433033
13.0,1.001405,0.4899790230841419
13.0,1.000658,0.4933897912433033
10.0,1.011817,0.49518493682561526
12.0,1.019626,0.4945071455529263
14.0,0.992995,0.4895585605753823
13.0,1.000658,0.4933897912433033
12.0,1.001405,0.4899790230841419
13.0,1.011817,0.49518493682561526
11.0,1.004916,0.4923654935937173
7.0,1.013326,0.4927859561024769
14.0,1.006342,0.49101927857539834
12.0,1.014005,0.49485050924331936
12.0,1.021291,0.49235289503536467
7.0,1.035645,0.49637624726710095
16.0,0.984875,0.4892829005293537
15.0,0.991883,0.48963328595332006
14.0,0.992538,0.4931141311972747
14.0,1.002585,0.4949840021575245
15.0,0.992538,0.4931141311972747
12.0,1.000201,0.4969453618651957
15.0,1.002585,0.4949840021575245
14.0,0.993285,0.4897033630381133
12.0,1.000293,0.49005374846207966
11.0,1.003697,0.4949092767795867
13.0,1.003697,0.4949092767795867
10.0,1.015619,0.4977162097979217
15.0,0.992538,0.4931141311972747
13.0,1.000201,0.4969453618651957
13.0,1.000948,0.4935345937060343
10.0,1.01136,0.4987405074475077
16.0,0.996705,0.49498400215752447
13.0,1.005115,0.4954044646662841
15.0,0.993285,0.4897033630381133
14.0,1.000293,0.49005374846207966
13.0,1.000948,0.4935345937060343
12.0,1.010995,0.49540446466628413
15.0,1.003697,0.4949092767795867
12.0,1.01136,0.4987405074475077
14.0,1.004869,0.4902825264933684
11.0,1.011877,0.49063291191733477
13.0,1.017045,0.49636999477960275
16.0,0.983826,0.4844148205378619
15.0,0.992236,0.4848352830466215
14.0,0.992236,0.4848352830466215
14.0,1.00382,0.4854144465018766
15.0,0.992236,0.4848352830466215
12.0,1.000646,0.4852557455553811
15.0,1.00382,0.4854144465018766
14.0,0.992236,0.4848352830466215
12.0,1.000646,0.4852557455553811
11.0,1.00382,0.4854144465018766
13.0,1.00382,0.4854144465018766
10.0,1.017466,0.4860966705729004
15.0,0.991489,0.4882460512057829
13.0,0.999899,0.4886665137145425
13.0,0.999899,0.4886665137145425
10.0,1.011483,0.4892456771697976
16.0,1.002648,0.4900411967880949
13.0,1.011058,0.4904616592968545
15.0,0.991489,0.4882460512057829
14.0,0.999899,0.4886665137145425
13.0,0.999899,0.4886665137145425
12.0,1.011483,0.4892456771697976
15.0,1.002648,0.4900411967880949
12.0,1.011058,0.4904616592968545
14.0,1.002648,0.4900411967880949
11.0,1.011058,0.4904616592968545
13.0,1.015996,0.49150191478811095
10.0,1.030944,0.4928355312480773
16.0,0.996528,0.4907657427312393
14.0,1.004191,0.4945969733991603
15.0,1.004938,0.491186205239999
15.0,1.004191,0.4945969733991603
14.0,1.015351,0.4963921189814724
14.0,1.004938,0.491186205239999
12.0,1.012601,0.49501743590792
13.0,1.016523,0.4917653686952541
13.0,1.015351,0.4963921189814724
10.0,1.028698,0.4978528369814884
16.0,0.984875,0.4892829005293537
15.0,0.991883,0.48963328595332006
15.0,0.992538,0.4931141311972747
15.0,1.002585,0.4949840021575245
14.0,0.992538,0.4931141311972747
12.0,1.000201,0.4969453618651957
14.0,1.002585,0.4949840021575245
14.0,0.993285,0.4897033630381133
12.0,1.000293,0.49005374846207966
13.0,1.003697,0.4949092767795867
11.0,1.003697,0.4949092767795867
10.0,1.015619,0.4977162097979217
15.0,0.992538,0.4931141311972747
13.0,1.000201,0.4969453618651957
13.0,1.000948,0.4935345937060343
10.0,1.01136,0.4987405074475077
16.0,1.002585,0.49498400215752447
13.0,1.010995,0.4954044646662841
15.0,0.993285,0.4897033630381133
14.0,1.000293,0.49005374846207966
13.0,1.000948,0.4935345937060343
12.0,1.010995,0.49540446466628413
15.0,1.003697,0.4949092767795867
12.0,1.01136,0.4987405074475077
14.0,1.004869,0.4902825264933684
11.0,1.011877,0.49063291191733477
13.0,1.017045,0.49636999477960275
12.0,0.997908,0.4920151081697509
11.0,1.004916,0.4923654935937173
11.0,1.005571,0.49584633883767193
10.0,1.015619,0.49771620979792164
11.0,1.005571,0.49584633883767193
8.0,1.013234,0.49967756950559294
10.0,1.015619,0.49771620979792164
11.0,1.006318,0.4924355706785105
7.0,1.013326,0.4927859561024769
10.0,1.016731,0.4976414844199839
10.0,1.016731,0.4976414844199839
5.0,1.028652,0.5004484174383189
16.0,0.983826,0.4844148205378619
15.0,0.992236,0.4848352830466215
15.0,0.992236,0.4848352830466215
15.0,1.00382,0.4854144465018766
14.0,0.992236,0.4848352830466215
12.0,1.000646,0.4852557455553811
14.0,1.00382,0.4854144465018766
14.0,0.992236,0.4848352830466215
12.0,1.000646,0.4852557455553811
13.0,1.00382,0.4854144465018766
11.0,1.00382,0.4854144465018766
10.0,1.017466,0.4860966705729004
15.0,0.991489,0.4882460512057829
13.0,0.999899,0.4886665137145425
13.0,0.999899,0.4886665137145425
10.0,1.011483,0.4892456771697976
16.0,1.002648,0.4900411967880949
13.0,1.011058,0.4904616592968545
15.0,0.991489,0.4882460512057829
14.0,0.999899,0.4886665137145425
13.0,0.999899,0.4886665137145425
12.0,1.011483,0.4892456771697976
15.0,1.002648,0.4900411967880949
12.0,1.011058,0.4904616592968545
14.0,1.002648,0.4900411967880949
11.0,1.011058,0.4904616592968545
13.0,1.015996,0.49150191478811095
10.0,1.030944,0.4928355312480773
12.0,0.995197,0.4849833405970484
11.0,1.003607,0.485403803105808
11.0,1.003607,0.485403803105808
10.0,1.015191,0.4859829665610631
11.0,1.003607,0.485403803105808
8.0,1.012017,0.4858242656145676
10.0,1.015191,0.4859829665610631
11.0,1.003607,0.485403803105808
8.0,1.012017,0.4858242656145676
10.0,1.015191,0.4859829665610631
10.0,1.015191,0.4859829665610631
4.0,1.028837,0.4866651906320869
14.0,1.009397,0.4920832339991487
12.0,1.017807,0.4925036965079083
12.0,1.017807,0.4925036965079083
10.0,1.029392,0.4930828599631634
16.0,0.996528,0.4907657427312393
14.0,1.004191,0.4945969733991603
15.0,1.004938,0.491186205239999
15.0,1.004191,0.4945969733991603
14.0,1.015351,0.4963921189814724
14.0,1.004938,0.491186205239999
12.0,1.012601,0.49501743590792
13.0,1.016523,0.4917653686952541
13.0,1.015351,0.4963921189814724
10.0,1.028698,0.49785283698148847
14.0,1.009397,0.4920832339991487
12.0,1.017807,0.4925036965079083
12.0,1.017807,0.4925036965079083
10.0,1.029392,0.4930828599631634
10.0,1.025011,0.4961052355142168
7.0,1.033421,0.4965256980229764
16.0,0.984875,0.48928290052935375
15.0,0.992538,0.49311413119727476
15.0,0.993285,0.48970336303811335
15.0,1.003697,0.49490927677958674
15.0,0.991883,0.4896332859533201
12.0,1.000293,0.4900537484620797
14.0,1.002585,0.4949840021575245
15.0,0.992538,0.49311413119727476
13.0,1.000201,0.4969453618651958
16.0,1.003697,0.49490927677958674
15.0,0.996705,0.4949840021575245
11.0,1.015619,0.49771620979792175
15.0,0.993285,0.48970336303811335
14.0,1.000948,0.49353459370603436
14.0,1.000293,0.4900537484620797
12.0,1.010995,0.49540446466628413
16.0,1.004869,0.49028252649336845
13.0,1.011877,0.4906329119173348
15.0,0.992538,0.49311413119727465
14.0,1.000201,0.49694536186519567
14.0,1.000948,0.49353459370603425
13.0,1.01136,0.49874050744750764
16.0,1.002585,0.49498400215752447
13.0,1.010995,0.4954044646662841
16.0,1.003697,0.49490927677958674
13.0,1.01136,0.49874050744750775
11.0,1.030328,0.49985786175713065
14.0,1.009397,0.49208323399914866
12.0,1.017807,0.49250369650790826
12.0,1.017807,0.49250369650790826
10.0,1.029392,0.49308285996316337
11.0,1.025011,0.49610523551421687
8.0,1.033421,0.49652569802297647
10.0,1.041769,0.4992709951480103
15.0,0.974827,0.48741302956910393
14.0,0.98249,0.49124426023702494
14.0,0.983237,0.48783349207786353
14.0,0.98249,0.49124426023702494
15.0,0.99365,0.4930394058193369
14.0,0.98249,0.49124426023702494
12.0,0.990153,0.49507549090494596
14.0,0.981835,0.4877634149930703
12.0,0.990245,0.4881838775018299
15.0,0.992538,0.49311413119727465
13.0,0.98249,0.49124426023702494
12.0,0.990153,0.49507549090494596
14.0,0.99365,0.4930394058193369
14.0,0.992538,0.4931141311972747
11.0,1.005571,0.49584633883767193
14.0,0.983237,0.48783349207786353
13.0,0.9909,0.49166472274578454
13.0,0.990245,0.4881838775018299
12.0,0.9909,0.49166472274578454
13.0,1.000948,0.4935345937060343
15.0,0.99365,0.4930394058193369
13.0,1.001313,0.49687063648725793
15.0,0.994822,0.48841265553311863
13.0,1.00183,0.488763040957085
15.0,0.99365,0.4930394058193369
13.0,1.001313,0.49687063648725793
14.0,1.006997,0.49450012381935304
14.0,0.981835,0.4877634149930703
13.0,0.990245,0.4881838775018299
13.0,0.989498,0.4915946456609913
12.0,0.989498,0.4915946456609913
13.0,1.000658,0.4933897912433033
11.0,0.990245,0.4881838775018299
10.0,0.997908,0.4920151081697509
13.0,1.00183,0.488763040957085
13.0,1.000658,0.4933897912433033
12.0,1.014005,0.4948505092433194
15.0,0.992538,0.4931141311972747
13.0,1.000201,0.4969453618651957
14.0,0.98249,0.49124426023702494
12.0,0.990153,0.49507549090494596
13.0,0.9909,0.49166472274578454
13.0,0.990153,0.49507549090494596
12.0,1.001313,0.49687063648725793
13.0,0.990153,0.49507549090494596
11.0,0.997816,0.498906721572867
13.0,0.989498,0.4915946456609913
11.0,0.997908,0.4920151081697509
12.0,1.000201,0.49694536186519567
12.0,0.990153,0.49507549090494596
9.0,0.997816,0.498906721572867
12.0,1.001313,0.49687063648725793
12.0,1.000201,0.4969453618651957
8.0,1.013234,0.49967756950559294
15.0,0.99365,0.4930394058193369
14.0,1.001313,0.49687063648725793
14.0,1.000658,0.4933897912433033
13.0,1.001313,0.49687063648725793
13.0,1.01136,0.4987405074475077
15.0,0.986658,0.4931141311972747
14.0,0.995068,0.4935345937060343
14.0,0.994321,0.4969453618651957
13.0,0.994321,0.4969453618651957
13.0,1.00548,0.4987405074475077
10.0,1.005571,0.49584633883767193
8.0,1.013234,0.49967756950559294
15.0,0.992538,0.49311413119727465
13.0,1.000948,0.49353459370603425
13.0,1.000201,0.49694536186519567
10.0,1.01136,0.49874050744750764
12.0,1.020281,0.49798799079688094
15.0,0.991489,0.4882460512057829
13.0,0.999899,0.4886665137145425
13.0,0.999899,0.4886665137145425
10.0,1.011483,0.4892456771697976
12.0,1.018652,0.4980424960605945
14.0,1.004191,0.4945969733991603
12.0,1.012601,0.4950174359079199
7.0,1.034472,0.5007393691735607
16.0,0.985987,0.4892081751514159
15.0,0.99365,0.4930394058193369
14.0,0.994397,0.4896286376601755
15.0,0.99365,0.4930394058193369
14.0,1.004809,0.4948345514016489
14.0,0.99365,0.4930394058193369
12.0,1.001313,0.49687063648725793
15.0,0.992995,0.4895585605753823
12.0,1.001405,0.4899790230841419
14.0,1.003697,0.49490927677958674
14.0,0.99365,0.4930394058193369
12.0,1.001313,0.49687063648725793
11.0,1.004809,0.4948345514016489
14.0,1.003697,0.4949092767795867
10.0,1.016731,0.4976414844199839
15.0,0.992995,0.4895585605753823
13.0,1.001405,0.4899790230841419
13.0,1.000658,0.4933897912433033
13.0,1.000658,0.4933897912433033
10.0,1.011817,0.49518493682561526
16.0,1.003697,0.4949092767795867
13.0,1.01136,0.4987405074475077
15.0,1.003697,0.49490927677958674
12.0,1.01136,0.49874050744750775
15.0,1.002648,0.4900411967880949
12.0,1.011058,0.4904616592968545
14.0,1.015351,0.4963921189814724
16.0,0.999334,0.49066889315143203
15.0,1.006997,0.49450012381935304
15.0,1.006342,0.4910192785753984
14.0,1.006997,0.49450012381935304
14.0,1.017045,0.4963699947796028
14.0,1.006342,0.4910192785753984
12.0,1.014005,0.4948505092433194
13.0,1.017045,0.49636999477960275
13.0,1.015996,0.491501914788111
10.0,1.028698,0.4978528369814884
16.0,0.984875,0.4892829005293537
15.0,0.992538,0.4931141311972747
15.0,0.993285,0.4897033630381133
14.0,0.992538,0.4931141311972747
14.0,1.003697,0.4949092767795867
15.0,0.992538,0.4931141311972747
12.0,1.000201,0.4969453618651957
14.0,0.991883,0.48963328595332006
12.0,1.000293,0.49005374846207966
14.0,1.002585,0.4949840021575245
14.0,0.992538,0.4931141311972747
12.0,1.000201,0.4969453618651957
14.0,1.003697,0.4949092767795867
11.0,1.002585,0.49498400215752447
10.0,1.015619,0.4977162097979217
15.0,0.993285,0.4897033630381133
13.0,1.000948,0.4935345937060343
13.0,1.000293,0.49005374846207966
13.0,1.000948,0.4935345937060343
10.0,1.010995,0.4954044646662841
16.0,1.003697,0.4949092767795867
13.0,1.01136,0.4987405074475077
15.0,1.004869,0.4902825264933684
12.0,1.011877,0.49063291191733477
15.0,1.003697,0.4949092767795867
12.0,1.01136,0.4987405074475077
14.0,1.017045,0.4963699947796028
16.0,0.996528,0.4907657427312394
15.0,1.004938,0.491186205239999
15.0,1.004191,0.4945969733991604
14.0,1.004191,0.4945969733991603
14.0,1.015351,0.4963921189814724
14.0,1.004938,0.491186205239999
12.0,1.012601,0.4950174359079199
13.0,1.016523,0.4917653686952541
13.0,1.015351,0.4963921189814724
10.0,1.028698,0.4978528369814884
12.0,0.997908,0.4920151081697509
11.0,1.005571,0.49584633883767193
11.0,1.006318,0.4924355706785105
11.0,1.005571,0.49584633883767193
10.0,1.016731,0.4976414844199839
11.0,1.005571,0.49584633883767193
8.0,1.013234,0.49967756950559294
11.0,1.004916,0.4923654935937173
8.0,1.013326,0.4927859561024769
10.0,1.015619,0.49771620979792164
11.0,1.005571,0.49584633883767193
8.0,1.013234,0.49967756950559294
10.0,1.016731,0.4976414844199839
10.0,1.015619,0.4977162097979217
5.0,1.028652,0.5004484174383189
10.0,1.026809,0.49690813850563964
7.0,1.034472,0.5007393691735607
16.0,0.985987,0.4892081751514159
15.0,0.99365,0.4930394058193369
15.0,0.994397,0.4896286376601755
15.0,1.004809,0.4948345514016489
15.0,0.992995,0.4895585605753823
12.0,1.001405,0.4899790230841419
16.0,1.003697,0.4949092767795867
15.0,0.99365,0.4930394058193369
13.0,1.001313,0.49687063648725793
14.0,1.004809,0.4948345514016489
15.0,0.997817,0.4949092767795867
11.0,1.016731,0.4976414844199839
15.0,0.99365,0.4930394058193369
14.0,1.000658,0.4933897912433033
14.0,1.001313,0.49687063648725793
13.0,1.00548,0.4987405074475077
15.0,0.992995,0.4895585605753823
14.0,1.001405,0.4899790230841419
14.0,1.000658,0.4933897912433033
12.0,1.011817,0.49518493682561526
16.0,1.003697,0.49490927677958674
13.0,1.01136,0.49874050744750775
16.0,1.004809,0.4948345514016489
13.0,1.011817,0.49518493682561526
16.0,1.002648,0.4900411967880949
13.0,1.011058,0.4904616592968545
11.0,1.029811,0.49983764164290645
14.0,1.014283,0.49200250961139835
12.0,1.021291,0.4923528950353647
12.0,1.021291,0.4923528950353647
10.0,1.030944,0.49283553124807733
11.0,1.028637,0.4960258618431346
8.0,1.035645,0.49637624726710095
10.0,1.043738,0.49923199908873506
16.0,0.984875,0.48928290052935375
15.0,0.992538,0.49311413119727476
15.0,0.993285,0.48970336303811335
16.0,1.003697,0.49490927677958674
15.0,0.991883,0.4896332859533201
12.0,1.000293,0.4900537484620797
15.0,1.002585,0.4949840021575245
15.0,0.992538,0.49311413119727476
13.0,1.000201,0.4969453618651958
15.0,1.003697,0.49490927677958674
14.0,0.996705,0.4949840021575245
11.0,1.015619,0.49771620979792175
15.0,0.993285,0.48970336303811335
14.0,1.000293,0.4900537484620797
14.0,1.000948,0.49353459370603436
12.0,1.005115,0.49540446466628413
15.0,0.992538,0.49311413119727465
14.0,1.000948,0.49353459370603425
14.0,1.000201,0.49694536186519567
13.0,1.01136,0.49874050744750764
16.0,1.003697,0.49490927677958674
13.0,1.01136,0.49874050744750775
16.0,1.004869,0.49028252649336845
13.0,1.011877,0.4906329119173348
16.0,1.002585,0.49498400215752447
13.0,1.010995,0.4954044646662841
11.0,1.030328,0.49985786175713065
14.0,1.009397,0.49208323399914866
12.0,1.017807,0.49250369650790826
12.0,1.017807,0.49250369650790826
10.0,1.029392,0.49308285996316337
11.0,1.025011,0.49610523551421687
8.0,1.033421,0.49652569802297647
10.0,1.041769,0.4992709951480103
11.0,0.997908,0.4920151081697509
10.0,1.005571,0.49584633883767193
10.0,1.006318,0.4924355706785105
11.0,1.016731,0.4976414844199839
10.0,1.004916,0.4923654935937173
7.0,1.013326,0.4927859561024769
11.0,1.015619,0.4977162097979217
10.0,1.005571,0.49584633883767193
8.0,1.013234,0.49967756950559294
11.0,1.016731,0.4976414844199839
11.0,1.009739,0.4977162097979217
5.0,1.028652,0.5004484174383189
14.0,1.012618,0.49415676012896
12.0,1.019626,0.49450714555292635
12.0,1.020281,0.497987990796881
11.0,1.024448,0.49985786175713076
14.0,1.010989,0.4942112653926734
12.0,1.019399,0.494631727901433
12.0,1.018652,0.4980424960605944
11.0,1.029811,0.4998376416429064
10.0,1.026809,0.49690813850563964
7.0,1.034472,0.5007393691735607
14.0,1.012618,0.49415676012896
12.0,1.020281,0.497987990796881
12.0,1.019626,0.49450714555292635
11.0,1.030328,0.49985786175713076
10.0,1.028637,0.4960258618431346
7.0,1.035645,0.49637624726710095
10.0,1.043738,0.49923199908873506
14.0,1.010989,0.4942112653926734
12.0,1.018652,0.4980424960605944
12.0,1.019399,0.494631727901433
11.0,1.029811,0.4998376416429064
10.0,1.025011,0.4961052355142168
7.0,1.033421,0.4965256980229764
10.0,1.041769,0.4992709951480103
10.0,1.026809,0.49690813850563964
7.0,1.034472,0.5007393691735607
10.0,1.043738,0.49923199908873506
10.0,1.041769,0.4992709951480103
2.0,1.059488,0.501990113303771
15.0,1.039756,0.49121662820795237
14.0,1.047419,0.4950478588758734
15.0,1.048166,0.49163709071671197
15.0,1.047419,0.4950478588758734
16.0,1.058579,0.49684300445818536
15.0,1.047419,0.4950478588758734
14.0,1.055082,0.49887908954379434
15.0,1.046764,0.49156701363191874
14.0,1.055174,0.49198747614067834
16.0,1.057466,0.49691772983612315
14.0,1.047419,0.4950478588758733
13.0,1.055082,0.49887908954379434
16.0,1.058579,0.49684300445818536
16.0,1.057466,0.49691772983612315
13.0,1.0705,0.49964993747652037
14.0,1.048166,0.491637090716712
13.0,1.055829,0.49546832138463304
14.0,1.055829,0.495468321384633
14.0,1.055174,0.49198747614067834
15.0,1.065876,0.4973381923448828
16.0,1.059751,0.49221625417196707
15.0,1.066759,0.49256663959593344
16.0,1.058579,0.49684300445818536
15.0,1.066242,0.5006742351261063
16.0,1.071926,0.4983037224582014
15.0,1.058579,0.4968430044581854
14.0,1.066242,0.5006742351261064
14.0,1.047419,0.4950478588758733
13.0,1.055082,0.49887908954379434
14.0,1.055829,0.495468321384633
14.0,1.055082,0.49887908954379434
14.0,1.066242,0.5006742351261063
14.0,1.055082,0.49887908954379434
13.0,1.062745,0.5027103202117154
14.0,1.054427,0.4953982442998397
13.0,1.062837,0.49581870680859935
14.0,1.065129,0.500748960504044
13.0,1.055082,0.49887908954379434
11.0,1.062745,0.5027103202117154
14.0,1.066242,0.5006742351261063
14.0,1.065129,0.500748960504044
10.0,1.078163,0.5034811681444414
15.0,1.058579,0.4968430044581854
14.0,1.066242,0.5006742351261064
15.0,1.066242,0.5006742351261063
15.0,1.065587,0.4971933898821517
14.0,1.076289,0.5025441060863561
14.0,1.046764,0.49156701363191874
13.0,1.054427,0.49539824429983975
14.0,1.055174,0.49198747614067834
14.0,1.054427,0.4953982442998397
15.0,1.065587,0.4971933898821517
11.0,1.055174,0.49198747614067834
10.0,1.062837,0.49581870680859935
13.0,1.066759,0.49256663959593344
13.0,1.065587,0.4971933898821517
13.0,1.078934,0.4986541078821678
16.0,1.057466,0.49691772983612315
15.0,1.065129,0.500748960504044
13.0,1.065876,0.49733819234488275
11.0,1.076289,0.5025441060863562
16.0,1.056417,0.49204964984463134
15.0,1.064827,0.49247011235339094
13.0,1.064827,0.49247011235339094
11.0,1.076412,0.49304927580864605
16.0,1.06912,0.4984005720380088
13.0,1.07753,0.4988210345467684
15.0,1.057466,0.49691772983612315
14.0,1.065129,0.5007489605040442
15.0,1.065876,0.49733819234488275
15.0,1.065129,0.5007489605040442
14.0,1.076289,0.5025441060863561
15.0,1.057466,0.49691772983612315
14.0,1.065129,0.5007489605040442
10.0,1.0705,0.4996499374765203
8.0,1.078163,0.5034811681444414
12.0,1.08521,0.5017915894357294
12.0,1.083581,0.5018460946994429
8.0,1.099401,0.5045429678124091
15.0,1.039756,0.49121662820795237
14.0,1.047419,0.4950478588758734
15.0,1.048166,0.49163709071671197
15.0,1.047419,0.4950478588758734
16.0,1.058579,0.49684300445818536
15.0,1.047419,0.4950478588758734
14.0,1.055082,0.49887908954379434
15.0,1.046764,0.49156701363191874
14.0,1.055174,0.49198747614067834
16.0,1.057466,0.49691772983612315
14.0,1.047419,0.4950478588758733
13.0,1.055082,0.49887908954379434
16.0,1.058579,0.49684300445818536
16.0,1.057466,0.49691772983612315
13.0,1.0705,0.49964993747652037
14.0,1.048166,0.491637090716712
13.0,1.055829,0.49546832138463304
14.0,1.055829,0.495468321384633
14.0,1.055174,0.49198747614067834
15.0,1.065876,0.4973381923448828
16.0,1.059751,0.49221625417196707
15.0,1.066759,0.49256663959593344
16.0,1.058579,0.49684300445818536
15.0,1.066242,0.5006742351261064
16.0,1.071926,0.4983037224582014
15.0,1.058579,0.4968430044581854
14.0,1.066242,0.5006742351261064
14.0,1.046764,0.49156701363191874
13.0,1.054427,0.49539824429983975
14.0,1.055174,0.49198747614067834
14.0,1.054427,0.4953982442998397
15.0,1.065587,0.4971933898821517
11.0,1.055174,0.49198747614067834
10.0,1.062837,0.49581870680859935
13.0,1.066759,0.49256663959593344
13.0,1.065587,0.4971933898821517
13.0,1.078934,0.4986541078821678
16.0,1.057466,0.49691772983612315
15.0,1.065129,0.5007489605040442
13.0,1.065876,0.49733819234488275
11.0,1.076289,0.5025441060863562
16.0,1.056417,0.49204964984463134
15.0,1.064827,0.49247011235339094
13.0,1.064827,0.49247011235339094
11.0,1.076412,0.49304927580864605
16.0,1.06912,0.4984005720380088
13.0,1.07753,0.4988210345467684
15.0,1.057466,0.49691772983612315
14.0,1.065129,0.5007489605040442
14.0,1.047419,0.4950478588758733
13.0,1.055082,0.49887908954379434
14.0,1.055829,0.495468321384633
14.0,1.055082,0.49887908954379434
14.0,1.066242,0.5006742351261064
14.0,1.055082,0.49887908954379434
13.0,1.062745,0.5027103202117154
14.0,1.054427,0.4953982442998397
13.0,1.062837,0.49581870680859935
14.0,1.065129,0.5007489605040442
13.0,1.055082,0.49887908954379434
11.0,1.062745,0.5027103202117154
14.0,1.066242,0.5006742351261064
14.0,1.065129,0.5007489605040442
10.0,1.078163,0.5034811681444413
15.0,1.058579,0.4968430044581854
14.0,1.066242,0.5006742351261064
15.0,1.066242,0.5006742351261064
15.0,1.065587,0.4971933898821517
14.0,1.076289,0.5025441060863561
15.0,1.057466,0.49691772983612315
14.0,1.065129,0.5007489605040442
15.0,1.065876,0.49733819234488275
15.0,1.065129,0.5007489605040442
14.0,1.076289,0.5025441060863561
10.0,1.0705,0.4996499374765203
8.0,1.078163,0.5034811681444413
12.0,1.08521,0.5017915894357294
12.0,1.083581,0.5018460946994427
8.0,1.099401,0.504542967812409
11.0,1.112436,0.49885143751214833
10.0,1.120099,0.5026826681800693
10.0,1.120846,0.49927190002090793
11.0,1.131258,0.5044778137623813
10.0,1.119444,0.4992018229361147
7.0,1.127854,0.4996222854448743
11.0,1.130146,0.5045525391403191
10.0,1.120099,0.5026826681800693
9.0,1.127762,0.5065138988479903
11.0,1.131258,0.5044778137623813
11.0,1.130146,0.5045525391403191
6.0,1.14318,0.5072847467807162
15.0,0.09412,0.02109623027089529
13.0,0.10253,0.021516692779654924
13.0,0.101782,0.024927460938816287
12.0,0.112942,0.026722606521128327
14.0,0.101782,0.024927460938816287
11.0,0.109445,0.02875869160673728
13.0,0.112942,0.026722606521128327
14.0,0.101128,0.021446615694861653
11.0,0.109538,0.021867078203621288
13.0,0.11183,0.02679733189906608
14.0,0.11183,0.02679733189906608
9.0,0.124863,0.02952953953946328
14.0,0.16458,0.025220663456342687
12.0,0.171588,0.02557104888030905
11.0,0.194918,0.040636636080566245
12.0,0.194918,0.040636636080566245
12.0,0.189952,0.0508153672685283
13.0,0.189952,0.0508153672685283
10.0,0.225289,0.05291443515320178
15.0,0.10253,0.021516692779654924
12.0,0.110192,0.025347923447575922
14.0,0.109538,0.021867078203621288
12.0,0.12024,0.027217794407825714
12.0,0.198362,0.051235829777287946
14.0,0.114114,0.022095856234910036
12.0,0.121122,0.0224462416588764
13.0,0.199885,0.027282929913763992
12.0,0.206893,0.027633315337730356
14.0,0.101782,0.024927460938816287
12.0,0.110192,0.025347923447575922
12.0,0.109445,0.02875869160673728
11.0,0.120605,0.03055383718904932
13.0,0.172243,0.029051894124263684
10.0,0.202581,0.044467866748487225
15.0,0.112942,0.026722606521128327
12.0,0.120605,0.03055383718904932
14.0,0.126289,0.02818332452114439
16.0,0.11183,0.026797331899066083
13.0,0.12024,0.027217794407825718
13.0,0.18229,0.03092176508451348
15.0,0.089261,0.0052125971415471935
13.0,0.097671,0.0056330596503068285
13.0,0.097671,0.005633059650306829
12.0,0.109256,0.006212223105561938
14.0,0.097671,0.005633059650306829
11.0,0.106081,0.006053522159066464
13.0,0.109256,0.006212223105561938
14.0,0.097671,0.005633059650306829
11.0,0.106081,0.006053522159066464
13.0,0.109256,0.006212223105561938
14.0,0.109256,0.006212223105561938
9.0,0.122901,0.006894447176585736
15.0,0.096924,0.009043827809468191
12.0,0.105334,0.009464290318227826
14.0,0.105334,0.009464290318227826
12.0,0.116918,0.010043453773482935
14.0,0.108084,0.010838973391780232
12.0,0.116494,0.011259435900539867
14.0,0.096924,0.00904382780946819
12.0,0.105334,0.009464290318227826
12.0,0.105334,0.009464290318227826
11.0,0.116918,0.010043453773482938
15.0,0.108084,0.010838973391780232
12.0,0.116494,0.011259435900539867
14.0,0.121431,0.012299691391796297
16.0,0.108084,0.010838973391780232
13.0,0.116494,0.011259435900539867
10.0,0.13638,0.013633307851762694
13.0,0.159722,0.009337030326994587
11.0,0.168132,0.009757492835754224
12.0,0.167385,0.013168260994915583
13.0,0.178544,0.014963406577227624
11.0,0.195026,0.011399296784415891
9.0,0.202689,0.015230527452336886
12.0,0.195026,0.011399296784415891
12.0,0.195026,0.011399296784415891
11.0,0.202689,0.015230527452336889
13.0,0.195026,0.01139929678441589
10.0,0.230379,0.013461621972100789
13.0,0.190059,0.02475300295121815
12.0,0.198469,0.025173465459977784
11.0,0.260798,0.028914150690792034
15.0,0.128824,0.034957748923476625
14.0,0.136487,0.038788979591397627
14.0,0.137234,0.03537821143223627
14.0,0.136487,0.038788979591397627
14.0,0.147646,0.04058412517370967
14.0,0.136487,0.038788979591397627
11.0,0.14415,0.04262021025931862
14.0,0.135832,0.035308134347442996
11.0,0.144242,0.035728596856202624
14.0,0.146534,0.04065885055164742
14.0,0.136487,0.038788979591397627
13.0,0.14415,0.04262021025931862
13.0,0.147646,0.04058412517370967
14.0,0.146534,0.04065885055164742
10.0,0.159568,0.04339105819204462
10.0,0.259993,0.06677595380578316
15.0,1.112436,0.49885143751214817
14.0,1.120099,0.5026826681800692
14.0,1.120846,0.49927190002090777
14.0,1.120099,0.5026826681800692
13.0,1.131258,0.5044778137623811
14.0,1.120099,0.5026826681800692
11.0,1.127762,0.5065138988479901
14.0,1.119444,0.49920182293611454
11.0,1.127854,0.49962228544487414
13.0,1.130146,0.5045525391403188
14.0,1.120099,0.5026826681800692
11.0,1.127762,0.5065138988479901
13.0,1.131258,0.5044778137623811
13.0,1.130146,0.504552539140319
8.0,1.14318,0.5072847467807161
9.0,1.185203,0.5064862616298141
6.0,1.192866,0.510317492297735
15.0,0.09412,0.02109623027089529
13.0,0.10253,0.021516692779654924
14.0,0.101782,0.024927460938816287
13.0,0.112942,0.026722606521128327
13.0,0.101782,0.024927460938816287
11.0,0.109445,0.02875869160673728
12.0,0.112942,0.026722606521128327
14.0,0.101128,0.021446615694861653
11.0,0.109538,0.021867078203621288
14.0,0.11183,0.02679733189906608
13.0,0.11183,0.02679733189906608
9.0,0.124863,0.02952953953946328
14.0,0.16458,0.025220663456342687
12.0,0.171588,0.02557104888030905
12.0,0.194918,0.040636636080566245
11.0,0.194918,0.040636636080566245
13.0,0.189952,0.05081536726852831
12.0,0.189952,0.05081536726852831
10.0,0.225289,0.05291443515320178
15.0,0.10253,0.021516692779654924
12.0,0.110192,0.025347923447575922
14.0,0.109538,0.021867078203621288
12.0,0.12024,0.027217794407825714
12.0,0.198362,0.051235829777287946
14.0,0.114114,0.022095856234910036
12.0,0.121122,0.0224462416588764
13.0,0.199885,0.027282929913763992
12.0,0.206893,0.027633315337730356
14.0,0.101782,0.024927460938816287
12.0,0.110192,0.025347923447575922
12.0,0.109445,0.02875869160673728
11.0,0.120605,0.03055383718904932
13.0,0.172243,0.029051894124263684
10.0,0.202581,0.044467866748487225
15.0,0.112942,0.026722606521128327
12.0,0.120605,0.030553837189049325
14.0,0.126289,0.02818332452114439
16.0,0.11183,0.02679733189906608
13.0,0.12024,0.027217794407825714
13.0,0.18229,0.030921765084513476
15.0,0.098979,0.03317926475212673
14.0,0.107389,0.03359972726088637
13.0,0.106642,0.03701049542004772
13.0,0.117802,0.03880564100235977
14.0,0.106642,0.03701049542004772
11.0,0.114305,0.04084172608796872
14.0,0.117802,0.03880564100235976
13.0,0.105987,0.033529650176093086
11.0,0.114397,0.03395011268485273
12.0,0.116689,0.03888036638029752
13.0,0.116689,0.03888036638029752
9.0,0.129723,0.04161257402069471
14.0,0.106642,0.03701049542004773
12.0,0.114305,0.040841726087968724
12.0,0.11365,0.03736088084401409
11.0,0.124352,0.04271159704821852
16.0,0.117802,0.03880564100235976
13.0,0.12481,0.03915602642632612
15.0,0.105987,0.033529650176093086
14.0,0.114397,0.03395011268485273
12.0,0.11365,0.03736088084401408
12.0,0.12481,0.039156026426326124
15.0,0.116689,0.03888036638029752
12.0,0.124352,0.042711597048218516
14.0,0.11564,0.03401228638880568
12.0,0.12405,0.03443274889756532
14.0,0.128343,0.04036320858218313
15.0,0.16944,0.03730369793757412
14.0,0.176448,0.037654083361540476
13.0,0.176448,0.037654083361540476
13.0,0.186101,0.03813671957425307
12.0,0.199777,0.052719670561797674
12.0,0.206785,0.05307005598576403
13.0,0.199777,0.052719670561797674
11.0,0.194812,0.06289840174975975
10.0,0.202475,0.06672963241768075
12.0,0.194812,0.06289840174975975
10.0,0.230149,0.06499746963443322
13.0,0.138563,0.055331209261588146
12.0,0.145571,0.0556815946855545
12.0,0.145571,0.05568159468555451
11.0,0.155224,0.05616423089826711
12.0,0.145571,0.05568159468555451
9.0,0.152579,0.056031980109520874
11.0,0.155224,0.05616423089826711
12.0,0.145571,0.05568159468555452
9.0,0.152579,0.056031980109520874
11.0,0.155224,0.0561642308982671
11.0,0.155224,0.0561642308982671
6.0,0.166595,0.0567327509574536
7.0,0.259789,0.10432561445883279
15.0,0.098979,0.03317926475212673
14.0,0.107389,0.03359972726088637
14.0,0.106642,0.03701049542004772
14.0,0.117802,0.03880564100235977
13.0,0.106642,0.03701049542004772
11.0,0.114305,0.04084172608796872
13.0,0.117802,0.03880564100235976
13.0,0.105987,0.033529650176093086
11.0,0.114397,0.03395011268485273
13.0,0.116689,0.03888036638029752
12.0,0.116689,0.03888036638029752
9.0,0.129723,0.04161257402069471
14.0,0.106642,0.03701049542004773
12.0,0.114305,0.040841726087968724
12.0,0.11365,0.03736088084401409
11.0,0.124352,0.04271159704821852
16.0,0.117802,0.03880564100235976
13.0,0.12481,0.03915602642632612
15.0,0.105987,0.033529650176093086
14.0,0.114397,0.03395011268485273
12.0,0.11365,0.03736088084401408
12.0,0.12481,0.039156026426326124
15.0,0.116689,0.03888036638029752
12.0,0.124352,0.042711597048218516
14.0,0.11564,0.03401228638880568
12.0,0.12405,0.03443274889756532
14.0,0.128343,0.04036320858218313
15.0,0.16944,0.03730369793757412
14.0,0.176448,0.037654083361540476
13.0,0.176448,0.037654083361540476
13.0,0.186101,0.03813671957425307
13.0,0.199777,0.052719670561797674
12.0,0.199777,0.052719670561797674
12.0,0.206785,0.05307005598576403
12.0,0.194812,0.06289840174975975
11.0,0.194812,0.06289840174975975
10.0,0.202475,0.06672963241768075
10.0,0.230149,0.06499746963443323
13.0,0.128824,0.03495774892347662
12.0,0.137234,0.03537821143223626
12.0,0.136487,0.03878897959139761
11.0,0.147646,0.040584125173709656
12.0,0.136487,0.03878897959139762
9.0,0.14415,0.042620210259318614
11.0,0.147646,0.040584125173709656
12.0,0.135832,0.03530813434744298
8.0,0.144242,0.035728596856202624
11.0,0.146534,0.04065885055164742
11.0,0.146534,0.04065885055164742
6.0,0.159568,0.043391058192044606
12.0,0.199285,0.03908218210892401
9.0,0.206293,0.03943256753289037
10.0,0.229622,0.05449815473314756
10.0,0.229622,0.05449815473314756
10.0,0.224656,0.06467688592110964
10.0,0.224656,0.06467688592110965
6.0,0.259993,0.06677595380578312
13.0,1.123652,0.4995238314765369
12.0,1.13066,0.49987421690050327
12.0,1.13066,0.49987421690050327
11.0,1.140313,0.5003568531132159
12.0,1.13066,0.49987421690050327
9.0,1.137668,0.5002246023244696
11.0,1.140313,0.5003568531132159
12.0,1.13066,0.49987421690050327
9.0,1.137668,0.5002246023244696
11.0,1.140313,0.5003568531132159
11.0,1.140313,0.5003568531132159
5.0,1.151684,0.5009253731724024
13.0,1.112436,0.4988514375121482
12.0,1.120846,0.4992719000209078
12.0,1.120099,0.5026826681800692
11.0,1.131258,0.5044778137623812
12.0,1.120099,0.5026826681800691
9.0,1.127762,0.5065138988479903
11.0,1.131258,0.5044778137623812
12.0,1.119444,0.4992018229361146
8.0,1.127854,0.4996222854448742
11.0,1.130146,0.504552539140319
11.0,1.130146,0.504552539140319
6.0,1.14318,0.5072847467807161
12.0,1.190818,0.5068406204741964
9.0,1.197826,0.5071910058981628
13.0,1.190818,0.5068406204741964
10.0,1.197826,0.5071910058981628
15.0,0.089261,0.0052125971415471935
13.0,0.097671,0.0056330596503068285
14.0,0.097671,0.005633059650306829
13.0,0.109256,0.006212223105561938
13.0,0.097671,0.005633059650306829
11.0,0.106081,0.006053522159066464
12.0,0.109256,0.006212223105561938
14.0,0.097671,0.005633059650306829
11.0,0.106081,0.006053522159066464
14.0,0.109256,0.006212223105561938
13.0,0.109256,0.006212223105561938
9.0,0.122901,0.006894447176585736
15.0,0.096924,0.00904382780946819
12.0,0.105334,0.009464290318227825
14.0,0.105334,0.009464290318227825
12.0,0.116918,0.010043453773482935
14.0,0.108084,0.010838973391780232
12.0,0.116494,0.011259435900539867
14.0,0.096924,0.00904382780946819
12.0,0.105334,0.009464290318227826
12.0,0.105334,0.009464290318227826
11.0,0.116918,0.010043453773482938
15.0,0.108084,0.010838973391780232
12.0,0.116494,0.011259435900539867
14.0,0.121431,0.012299691391796297
16.0,0.108084,0.010838973391780232
13.0,0.116494,0.011259435900539867
10.0,0.13638,0.013633307851762698
13.0,0.159722,0.009337030326994587
12.0,0.167385,0.013168260994915583
11.0,0.168132,0.009757492835754224
13.0,0.178544,0.014963406577227624
12.0,0.195026,0.011399296784415891
13.0,0.190059,0.024753002951218152
12.0,0.198469,0.025173465459977784
11.0,0.195026,0.011399296784415891
9.0,0.202689,0.015230527452336886
13.0,0.195026,0.011399296784415891
12.0,0.195026,0.01139929678441589
11.0,0.202689,0.015230527452336887
10.0,0.230379,0.013461621972100789
11.0,0.260798,0.028914150690792034
15.0,0.089261,0.005212597141547186
14.0,0.097671,0.005633059650306821
13.0,0.097671,0.005633059650306822
13.0,0.109256,0.00621222310556193
14.0,0.097671,0.005633059650306821
11.0,0.106081,0.006053522159066457
14.0,0.109256,0.00621222310556193
13.0,0.097671,0.005633059650306822
11.0,0.106081,0.006053522159066457
12.0,0.109256,0.00621222310556193
13.0,0.109256,0.00621222310556193
9.0,0.122901,0.006894447176585728
14.0,0.096924,0.00904382780946818
12.0,0.105334,0.009464290318227816
12.0,0.105334,0.009464290318227816
11.0,0.116918,0.010043453773482928
16.0,0.108084,0.010838973391780221
13.0,0.116494,0.01125943590053986
15.0,0.096924,0.00904382780946818
14.0,0.105334,0.009464290318227816
12.0,0.105334,0.009464290318227816
12.0,0.116918,0.010043453773482928
15.0,0.108084,0.010838973391780221
12.0,0.116494,0.011259435900539856
14.0,0.108084,0.010838973391780221
12.0,0.116494,0.011259435900539856
14.0,0.121431,0.012299691391796291
10.0,0.13638,0.013633307851762687
14.0,0.159722,0.009337030326994579
14.0,0.167385,0.013168260994915573
12.0,0.168132,0.009757492835754215
13.0,0.178544,0.014963406577227613
12.0,0.195026,0.011399296784415884
11.0,0.202689,0.015230527452336879
13.0,0.195026,0.011399296784415884
11.0,0.195026,0.011399296784415884
9.0,0.202689,0.015230527452336879
12.0,0.195026,0.011399296784415883
10.0,0.230379,0.013461621972100778
11.0,0.260798,0.02891415069079202
13.0,0.128824,0.034957748923476625
12.0,0.135832,0.03530813434744298
12.0,0.136487,0.03878897959139761
11.0,0.146534,0.04065885055164741
12.0,0.136487,0.03878897959139761
9.0,0.14415,0.042620210259318614
11.0,0.146534,0.04065885055164741
12.0,0.137234,0.03537821143223625
8.0,0.144242,0.03572859685620262
11.0,0.147646,0.040584125173709656
11.0,0.147646,0.040584125173709656
6.0,0.159568,0.04339105819204461
7.0,0.259993,0.06677595380578316
15.0,0.089261,0.005212597141547186
14.0,0.097671,0.005633059650306821
14.0,0.097671,0.005633059650306822
14.0,0.109256,0.00621222310556193
13.0,0.097671,0.005633059650306821
11.0,0.106081,0.006053522159066457
13.0,0.109256,0.00621222310556193
13.0,0.097671,0.005633059650306822
11.0,0.106081,0.006053522159066457
13.0,0.109256,0.00621222310556193
12.0,0.109256,0.00621222310556193
9.0,0.122901,0.006894447176585728
14.0,0.096924,0.00904382780946818
12.0,0.105334,0.009464290318227816
12.0,0.105334,0.009464290318227818
11.0,0.116918,0.010043453773482924
16.0,0.108084,0.010838973391780221
13.0,0.116494,0.011259435900539858
15.0,0.096924,0.00904382780946818
14.0,0.105334,0.009464290318227816
12.0,0.105334,0.009464290318227816
12.0,0.116918,0.010043453773482924
15.0,0.108084,0.010838973391780221
12.0,0.116494,0.011259435900539856
14.0,0.108084,0.010838973391780221
12.0,0.116494,0.011259435900539856
14.0,0.121431,0.01229969139179629
10.0,0.13638,0.013633307851762682
14.0,0.159722,0.00933703032699458
14.0,0.167385,0.013168260994915575
12.0,0.168132,0.009757492835754215
13.0,0.178544,0.014963406577227613
13.0,0.195026,0.011399296784415883
12.0,0.195026,0.011399296784415883
11.0,0.202689,0.015230527452336877
12.0,0.195026,0.011399296784415884
11.0,0.195026,0.011399296784415884
9.0,0.202689,0.015230527452336879
10.0,0.230379,0.013461621972100778
11.0,0.260798,0.02891415069079202
13.0,0.119091,0.0069501956665795495
11.0,0.127501,0.0073706581753391846
12.0,0.127501,0.007370658175339186
11.0,0.139085,0.007949821630594295
12.0,0.127501,0.0073706581753391846
9.0,0.135911,0.007791120684098821
11.0,0.139085,0.007949821630594295
11.0,0.127501,0.007370658175339186
8.0,0.135911,0.007791120684098821
11.0,0.139085,0.007949821630594295
11.0,0.139085,0.007949821630594293
6.0,0.152731,0.008632045701618091
11.0,0.189552,0.011074628852026943
8.0,0.197962,0.01149509136078658
10.0,0.224856,0.013136895309448247
10.0,0.224856,0.01313689530944825
10.0,0.224856,0.01313689530944825
10.0,0.224856,0.01313689530944825
4.0,0.260209,0.015199220497133143
15.0,0.153831,0.024612096857892538
13.0,0.162241,0.025032559366652173
13.0,0.162241,0.025032559366652177
11.0,0.173826,0.025611722821907282
11.0,0.259596,0.030798796500761234
15.0,0.153831,0.024612096857892538
13.0,0.162241,0.025032559366652173
13.0,0.162241,0.025032559366652173
11.0,0.173826,0.025611722821907285
11.0,0.259596,0.030798796500761238
12.0,0.188625,0.03851400574940639
9.0,0.197035,0.03893446825816602
13.0,1.112436,0.49885143751214833
12.0,1.119444,0.4992018229361147
12.0,1.120099,0.5026826681800693
11.0,1.130146,0.5045525391403192
12.0,1.120099,0.5026826681800693
9.0,1.127762,0.5065138988479904
11.0,1.130146,0.5045525391403192
12.0,1.120846,0.499271900020908
8.0,1.127854,0.49962228544487436
11.0,1.131258,0.5044778137623814
11.0,1.131258,0.5044778137623814
6.0,1.14318,0.5072847467807163
13.0,1.101223,0.4980233987427832
12.0,1.109633,0.4984438612515428
12.0,1.109633,0.49844386125154283
11.0,1.121217,0.4990230247067979
12.0,1.109633,0.49844386125154283
9.0,1.118043,0.49886432376030243
11.0,1.121217,0.4990230247067979
12.0,1.109633,0.49844386125154283
9.0,1.118043,0.49886432376030243
11.0,1.121217,0.49902302470679794
11.0,1.121217,0.49902302470679794
5.0,1.134863,0.4997052487778218
13.0,1.179588,0.5060932961572654
10.0,1.187998,0.506513758666025
15.0,0.153831,0.024612096857892538
13.0,0.162241,0.025032559366652173
13.0,0.162241,0.025032559366652173
11.0,0.173826,0.025611722821907282
13.0,0.224292,0.028736530043339936
11.0,0.259596,0.03079879650076124
12.0,0.188625,0.03851400574940639
9.0,0.197035,0.03893446825816602
11.0,0.223472,0.05101158743326639
13.0,1.179588,0.5060932961572653
10.0,1.187998,0.5065137586660249
15.0,0.128824,0.034957748923476625
14.0,0.136487,0.038788979591397627
14.0,0.137234,0.03537821143223627
14.0,0.136487,0.03878897959139763
14.0,0.147646,0.04058412517370966
14.0,0.136487,0.038788979591397627
11.0,0.14415,0.04262021025931863
14.0,0.135832,0.03530813434744299
11.0,0.144242,0.035728596856202624
14.0,0.146534,0.040658850551647426
14.0,0.136487,0.038788979591397627
13.0,0.14415,0.04262021025931863
13.0,0.147646,0.04058412517370967
14.0,0.146534,0.04065885055164742
10.0,0.159568,0.04339105819204462
10.0,0.259993,0.06677595380578316
19.0,1.039756,0.49121662820795237
18.0,1.047419,0.4950478588758734
18.0,1.048166,0.49163709071671197
18.0,1.047419,0.4950478588758733
19.0,1.058579,0.49684300445818536
18.0,1.047419,0.4950478588758734
16.0,1.055082,0.49887908954379434
18.0,1.046764,0.49156701363191874
16.0,1.055174,0.49198747614067834
19.0,1.057466,0.49691772983612315
18.0,1.047419,0.4950478588758733
17.0,1.055082,0.49887908954379434
18.0,1.058579,0.49684300445818536
18.0,1.057466,0.49691772983612315
15.0,1.0705,0.49964993747652037
18.0,1.048166,0.49163709071671197
17.0,1.055829,0.4954683213846329
17.0,1.055174,0.49198747614067834
17.0,1.055829,0.4954683213846329
17.0,1.065876,0.49733819234488275
19.0,1.058579,0.49684300445818536
18.0,1.066242,0.5006742351261063
19.0,1.059751,0.49221625417196707
17.0,1.066759,0.49256663959593344
19.0,1.058579,0.49684300445818536
17.0,1.066242,0.5006742351261064
18.0,1.071926,0.4983037224582014
18.0,1.046764,0.49156701363191874
17.0,1.055174,0.49198747614067834
17.0,1.054427,0.49539824429983975
17.0,1.054427,0.4953982442998397
17.0,1.065587,0.4971933898821517
15.0,1.055174,0.49198747614067834
14.0,1.062837,0.4958187068085993
17.0,1.066759,0.49256663959593344
17.0,1.065587,0.4971933898821517
15.0,1.078934,0.4986541078821678
19.0,1.057466,0.49691772983612315
18.0,1.065129,0.5007489605040442
18.0,1.047419,0.4950478588758734
17.0,1.055082,0.4988790895437944
17.0,1.055829,0.495468321384633
17.0,1.055082,0.49887908954379434
17.0,1.066242,0.5006742351261064
17.0,1.055082,0.4988790895437944
15.0,1.062745,0.5027103202117154
17.0,1.054427,0.49539824429983975
15.0,1.062837,0.49581870680859935
17.0,1.065129,0.5007489605040442
17.0,1.055082,0.49887908954379434
14.0,1.062745,0.5027103202117154
16.0,1.066242,0.5006742351261064
16.0,1.065129,0.5007489605040442
12.0,1.078163,0.5034811681444413
19.0,1.058579,0.49684300445818536
18.0,1.066242,0.5006742351261063
18.0,1.065587,0.4971933898821517
17.0,1.066242,0.5006742351261063
16.0,1.076289,0.5025441060863561
19.0,1.051586,0.49691772983612315
18.0,1.059996,0.49733819234488275
18.0,1.059249,0.5007489605040442
17.0,1.059249,0.5007489605040442
16.0,1.070409,0.5025441060863561
14.0,1.0705,0.49964993747652037
12.0,1.078163,0.5034811681444413
19.0,1.057466,0.49691772983612315
17.0,1.065876,0.49733819234488275
17.0,1.065129,0.5007489605040442
13.0,1.076289,0.5025441060863561
16.0,1.08521,0.5017915894357293
19.0,1.056417,0.49204964984463134
17.0,1.064827,0.49247011235339094
17.0,1.064827,0.49247011235339094
13.0,1.076412,0.49304927580864605
16.0,1.083581,0.5018460946994429
18.0,1.06912,0.4984005720380088
15.0,1.07753,0.4988210345467684
10.0,1.099401,0.504542967812409
15.0,1.112436,0.49885143751214817
14.0,1.120099,0.5026826681800691
14.0,1.120846,0.49927190002090777
14.0,1.120099,0.5026826681800692
13.0,1.131258,0.5044778137623812
14.0,1.120099,0.5026826681800692
11.0,1.127762,0.5065138988479903
14.0,1.119444,0.49920182293611454
11.0,1.127854,0.49962228544487414
13.0,1.130146,0.504552539140319
14.0,1.120099,0.5026826681800692
11.0,1.127762,0.5065138988479903
13.0,1.131258,0.5044778137623812
13.0,1.130146,0.5045525391403191
8.0,1.14318,0.5072847467807162
9.0,1.185203,0.5064862616298141
6.0,1.192866,0.510317492297735
13.0,1.190818,0.5068406204741963
10.0,1.197826,0.5071910058981627
15.0,0.153831,0.024612096857892538
13.0,0.162241,0.025032559366652173
13.0,0.162241,0.025032559366652173
11.0,0.173826,0.025611722821907285
13.0,0.224292,0.028736530043339936
11.0,0.259596,0.03079879650076124
12.0,0.188625,0.03851400574940639
9.0,0.197035,0.03893446825816603
11.0,0.223472,0.051011587433266434
13.0,1.179588,0.5060932961572654
10.0,1.187998,0.506513758666025
12.0,0.128824,0.034957748923476625
11.0,0.136487,0.038788979591397627
11.0,0.137234,0.03537821143223627
12.0,0.147646,0.040584125173709656
11.0,0.135832,0.03530813434744298
8.0,0.144242,0.035728596856202624
12.0,0.146534,0.04065885055164742
11.0,0.136487,0.038788979591397627
10.0,0.14415,0.04262021025931863
12.0,0.147646,0.040584125173709656
12.0,0.140654,0.04065885055164742
7.0,0.159568,0.04339105819204461
12.0,0.199285,0.039082182108924016
9.0,0.206293,0.03943256753289037
8.0,0.259993,0.06677595380578316
11.0,0.188625,0.038514005749406395
8.0,0.197035,0.03893446825816604
8.0,0.259086,0.042638438934853785
10.0,0.223472,0.05101158743326642
10.0,0.223472,0.05101158743326643
5.0,0.258371,0.06260541880960019
12.0,1.112436,0.4988514375121481
11.0,1.120099,0.5026826681800691
11.0,1.120846,0.4992719000209077
12.0,1.131258,0.5044778137623811
11.0,1.119444,0.4992018229361145
8.0,1.127854,0.4996222854448741
12.0,1.130146,0.504552539140319
11.0,1.120099,0.5026826681800691
9.0,1.127762,0.5065138988479901
12.0,1.131258,0.5044778137623811
12.0,1.124266,0.504552539140319
6.0,1.14318,0.5072847467807161
9.0,1.185203,0.5064862616298141
6.0,1.192866,0.5103174922977352
13.0,1.190818,0.5068406204741963
10.0,1.197826,0.5071910058981627
12.0,1.179588,0.5060932961572655
9.0,1.187998,0.5065137586660251
9.0,1.185203,0.5064862616298141
6.0,1.192866,0.5103174922977352
2.0,1.258056,0.5141211342953251
