complexity,cost,feature_based_cost
18.0,0.0,0.0
17.0,0.01522,0.0003043944265809217
17.0,0.0,0.0
20.0,0.01522,0.0003043944265809217
17.0,0.0,0.0
16.0,0.0,0.0
20.0,0.01522,0.0003043944265809217
17.0,0.01522,0.0003043944265809217
16.0,0.03044,0.0006087888531618434
20.0,0.01522,0.0003043944265809217
20.0,0.01522,0.0003043944265809217
15.0,0.03044,0.0006087888531618434
17.0,0.01522,0.0003043944265809217
17.0,0.01522,0.0003043944265809217
16.0,0.03044,0.0006087888531618434
19.0,0.03044,0.0006087888531618434
17.0,0.0,0.0
16.0,0.01522,0.0003043944265809217
17.0,0.0,0.0
20.0,0.01522,0.0003043944265809217
18.0,0.01522,0.0003043944265809217
17.0,0.01522,0.0003043944265809217
20.0,0.01522,0.0003043944265809217
19.0,0.03044,0.0006087888531618434
17.0,0.01522,0.0003043944265809217
15.0,0.03044,0.0006087888531618434
17.0,0.01522,0.0003043944265809217
16.0,0.01522,0.0003043944265809217
16.0,0.03044,0.0006087888531618434
16.0,0.03044,0.0006087888531618434
14.0,0.04566,0.0009131832797427651
19.0,0.03044,0.0006087888531618434
19.0,0.03044,0.0006087888531618434
17.0,0.01522,0.0003043944265809217
16.0,0.03044,0.0006087888531618434
16.0,0.01522,0.0003043944265809217
19.0,0.03044,0.0006087888531618434
16.0,0.01522,0.0003043944265809217
15.0,0.01522,0.0003043944265809217
19.0,0.03044,0.0006087888531618434
16.0,0.03044,0.0006087888531618434
15.0,0.04566,0.0009131832797427651
19.0,0.03044,0.0006087888531618434
19.0,0.03044,0.0006087888531618434
14.0,0.04566,0.0009131832797427651
14.0,0.06088,0.0012175777063236869
13.0,0.0761,0.0015219721329046087
19.0,0.01522,0.0003043944265809217
18.0,0.03044,0.0006087888531618434
19.0,0.01522,0.0003043944265809217
20.0,0.03044,0.0006087888531618434
17.0,0.0,0.0
16.0,0.01522,0.0003043944265809217
17.0,0.0,0.0
15.0,0.0,0.0
16.0,0.01522,0.0003043944265809217
16.0,0.01522,0.0003043944265809217
14.0,0.01522,0.0003043944265809217
20.0,0.01522,0.0003043944265809217
18.0,0.01522,0.0003043944265809217
16.0,0.03044,0.0006087888531618434
17.0,0.01522,0.0003043944265809217
16.0,0.01522,0.0003043944265809217
15.0,0.03044,0.0006087888531618434
19.0,0.01522,0.0003043944265809217
18.0,0.03044,0.0006087888531618434
19.0,0.01522,0.0003043944265809217
20.0,0.03044,0.0006087888531618434
20.0,0.01522,0.0003043944265809217
19.0,0.03044,0.0006087888531618434
19.0,0.03044,0.0006087888531618434
14.0,0.03044,0.0006087888531618434
13.0,0.04566,0.0009131832797427651
14.0,0.0761,0.0015219721329046087
17.0,0.0,0.0
16.0,0.01522,0.0003043944265809217
16.0,0.0,0.0
18.0,0.01522,0.0003043944265809217
16.0,0.0,0.0
14.0,0.0,0.0
18.0,0.01522,0.0003043944265809217
16.0,0.01522,0.0003043944265809217
15.0,0.03044,0.0006087888531618434
19.0,0.01522,0.0003043944265809217
19.0,0.01522,0.0003043944265809217
13.0,0.03044,0.0006087888531618434
17.0,0.01522,0.0003043944265809217
15.0,0.01522,0.0003043944265809217
16.0,0.03044,0.0006087888531618434
18.0,0.03044,0.0006087888531618434
17.0,0.0,0.0
16.0,0.01522,0.0003043944265809217
16.0,0.0,0.0
18.0,0.01522,0.0003043944265809217
17.0,0.01522,0.0003043944265809217
15.0,0.01522,0.0003043944265809217
20.0,0.01522,0.0003043944265809217
19.0,0.03044,0.0006087888531618434
20.0,0.01522,0.0003043944265809217
19.0,0.03044,0.0006087888531618434
19.0,0.01522,0.0003043944265809217
17.0,0.03044,0.0006087888531618434
19.0,0.01522,0.0003043944265809217
17.0,0.01522,0.0003043944265809217
19.0,0.03044,0.0006087888531618434
19.0,0.03044,0.0006087888531618434
17.0,0.04566,0.0009131832797427651
20.0,0.03044,0.0006087888531618434
21.0,0.03044,0.0006087888531618434
15.0,0.04566,0.0009131832797427651
17.0,0.0,0.0
16.0,0.01522,0.0003043944265809217
16.0,0.0,0.0
19.0,0.01522,0.0003043944265809217
16.0,0.0,0.0
15.0,0.0,0.0
19.0,0.01522,0.0003043944265809217
16.0,0.01522,0.0003043944265809217
15.0,0.03044,0.0006087888531618434
19.0,0.01522,0.0003043944265809217
19.0,0.01522,0.0003043944265809217
14.0,0.03044,0.0006087888531618434
16.0,0.01522,0.0003043944265809217
15.0,0.01522,0.0003043944265809217
15.0,0.03044,0.0006087888531618434
18.0,0.03044,0.0006087888531618434
16.0,0.0,0.0
15.0,0.01522,0.0003043944265809217
15.0,0.0,0.0
18.0,0.01522,0.0003043944265809217
16.0,0.01522,0.0003043944265809217
15.0,0.01522,0.0003043944265809217
19.0,0.01522,0.0003043944265809217
18.0,0.03044,0.0006087888531618434
18.0,0.01522,0.0003043944265809217
16.0,0.03044,0.0006087888531618434
17.0,0.01522,0.0003043944265809217
16.0,0.01522,0.0003043944265809217
17.0,0.03044,0.0006087888531618434
17.0,0.03044,0.0006087888531618434
15.0,0.04566,0.0009131832797427651
20.0,0.03044,0.0006087888531618434
19.0,0.03044,0.0006087888531618434
19.0,0.01522,0.0003043944265809217
18.0,0.03044,0.0006087888531618434
18.0,0.01522,0.0003043944265809217
17.0,0.03044,0.0006087888531618434
18.0,0.01522,0.0003043944265809217
17.0,0.01522,0.0003043944265809217
19.0,0.03044,0.0006087888531618434
18.0,0.03044,0.0006087888531618434
16.0,0.04566,0.0009131832797427651
19.0,0.03044,0.0006087888531618434
20.0,0.03044,0.0006087888531618434
15.0,0.04566,0.0009131832797427651
17.0,0.01522,0.0003043944265809217
16.0,0.03044,0.0006087888531618434
17.0,0.01522,0.0003043944265809217
17.0,0.01522,0.0003043944265809217
17.0,0.03044,0.0006087888531618434
16.0,0.03044,0.0006087888531618434
16.0,0.03044,0.0006087888531618434
19.0,0.03044,0.0006087888531618434
16.0,0.03044,0.0006087888531618434
14.0,0.04566,0.0009131832797427651
16.0,0.03044,0.0006087888531618434
15.0,0.03044,0.0006087888531618434
15.0,0.04566,0.0009131832797427651
16.0,0.03044,0.0006087888531618434
15.0,0.04566,0.0009131832797427651
16.0,0.03044,0.0006087888531618434
18.0,0.04566,0.0009131832797427651
13.0,0.0761,0.0015219721329046087
19.0,0.03044,0.0006087888531618434
18.0,0.04566,0.0009131832797427651
18.0,0.01522,0.0003043944265809217
17.0,0.03044,0.0006087888531618434
17.0,0.01522,0.0003043944265809217
17.0,0.01522,0.0003043944265809217
18.0,0.03044,0.0006087888531618434
17.0,0.03044,0.0006087888531618434
16.0,0.03044,0.0006087888531618434
19.0,0.03044,0.0006087888531618434
18.0,0.01522,0.0003043944265809217
16.0,0.03044,0.0006087888531618434
17.0,0.01522,0.0003043944265809217
16.0,0.01522,0.0003043944265809217
17.0,0.03044,0.0006087888531618434
17.0,0.03044,0.0006087888531618434
15.0,0.03044,0.0006087888531618434
20.0,0.03044,0.0006087888531618434
15.0,0.03044,0.0006087888531618434
13.0,0.04566,0.0009131832797427651
14.0,0.03044,0.0006087888531618434
13.0,0.03044,0.0006087888531618434
14.0,0.04566,0.0009131832797427651
15.0,0.0761,0.0015219721329046087
17.0,0.0,0.0
17.0,0.01522,0.0003043944265809217
17.0,0.0,0.0
16.0,0.0,0.0
17.0,0.01522,0.0003043944265809217
15.0,0.0,0.0
14.0,0.0,0.0
16.0,0.0,0.0
15.0,0.0,0.0
16.0,0.01522,0.0003043944265809217
16.0,0.01522,0.0003043944265809217
15.0,0.03044,0.0006087888531618434
16.0,0.01522,0.0003043944265809217
16.0,0.01522,0.0003043944265809217
13.0,0.03044,0.0006087888531618434
16.0,0.01522,0.0003043944265809217
16.0,0.01522,0.0003043944265809217
14.0,0.01522,0.0003043944265809217
15.0,0.03044,0.0006087888531618434
15.0,0.03044,0.0006087888531618434
18.0,0.01522,0.0003043944265809217
16.0,0.01522,0.0003043944265809217
18.0,0.01522,0.0003043944265809217
17.0,0.01522,0.0003043944265809217
16.0,0.0,0.0
15.0,0.01522,0.0003043944265809217
16.0,0.0,0.0
14.0,0.0,0.0
15.0,0.01522,0.0003043944265809217
14.0,0.0,0.0
12.0,0.0,0.0
14.0,0.0,0.0
14.0,0.0,0.0
14.0,0.01522,0.0003043944265809217
15.0,0.01522,0.0003043944265809217
14.0,0.03044,0.0006087888531618434
15.0,0.01522,0.0003043944265809217
14.0,0.01522,0.0003043944265809217
11.0,0.03044,0.0006087888531618434
18.0,0.01522,0.0003043944265809217
18.0,0.01522,0.0003043944265809217
16.0,0.01522,0.0003043944265809217
17.0,0.03044,0.0006087888531618434
17.0,0.03044,0.0006087888531618434
16.0,0.01522,0.0003043944265809217
16.0,0.03044,0.0006087888531618434
14.0,0.01522,0.0003043944265809217
15.0,0.01522,0.0003043944265809217
15.0,0.03044,0.0006087888531618434
15.0,0.03044,0.0006087888531618434
13.0,0.03044,0.0006087888531618434
17.0,0.03044,0.0006087888531618434
20.0,0.01522,0.0003043944265809217
19.0,0.03044,0.0006087888531618434
18.0,0.01522,0.0003043944265809217
18.0,0.03044,0.0006087888531618434
19.0,0.01522,0.0003043944265809217
17.0,0.01522,0.0003043944265809217
19.0,0.01522,0.0003043944265809217
18.0,0.03044,0.0006087888531618434
17.0,0.01522,0.0003043944265809217
17.0,0.01522,0.0003043944265809217
17.0,0.03044,0.0006087888531618434
13.0,0.03044,0.0006087888531618434
11.0,0.03044,0.0006087888531618434
20.0,0.01522,0.0003043944265809217
19.0,0.03044,0.0006087888531618434
19.0,0.01522,0.0003043944265809217
19.0,0.03044,0.0006087888531618434
19.0,0.01522,0.0003043944265809217
17.0,0.01522,0.0003043944265809217
17.0,0.03044,0.0006087888531618434
19.0,0.03044,0.0006087888531618434
17.0,0.04566,0.0009131832797427651
21.0,0.03044,0.0006087888531618434
20.0,0.03044,0.0006087888531618434
15.0,0.04566,0.0009131832797427651
19.0,0.01522,0.0003043944265809217
17.0,0.01522,0.0003043944265809217
18.0,0.03044,0.0006087888531618434
18.0,0.03044,0.0006087888531618434
19.0,0.03044,0.0006087888531618434
17.0,0.04566,0.0009131832797427651
19.0,0.03044,0.0006087888531618434
18.0,0.04566,0.0009131832797427651
18.0,0.03044,0.0006087888531618434
16.0,0.04566,0.0009131832797427651
19.0,0.03044,0.0006087888531618434
17.0,0.03044,0.0006087888531618434
17.0,0.0,0.0
16.0,0.01522,0.0003043944265809217
16.0,0.0,0.0
16.0,0.0,0.0
16.0,0.01522,0.0003043944265809217
16.0,0.0,0.0
14.0,0.0,0.0
14.0,0.0,0.0
13.0,0.0,0.0
15.0,0.01522,0.0003043944265809217
16.0,0.01522,0.0003043944265809217
14.0,0.03044,0.0006087888531618434
16.0,0.01522,0.0003043944265809217
15.0,0.01522,0.0003043944265809217
12.0,0.03044,0.0006087888531618434
16.0,0.01522,0.0003043944265809217
15.0,0.01522,0.0003043944265809217
13.0,0.01522,0.0003043944265809217
15.0,0.03044,0.0006087888531618434
14.0,0.03044,0.0006087888531618434
19.0,0.01522,0.0003043944265809217
16.0,0.01522,0.0003043944265809217
19.0,0.01522,0.0003043944265809217
17.0,0.01522,0.0003043944265809217
16.0,0.0,0.0
15.0,0.01522,0.0003043944265809217
15.0,0.0,0.0
15.0,0.0,0.0
15.0,0.01522,0.0003043944265809217
15.0,0.0,0.0
14.0,0.0,0.0
13.0,0.0,0.0
12.0,0.0,0.0
14.0,0.01522,0.0003043944265809217
15.0,0.01522,0.0003043944265809217
14.0,0.03044,0.0006087888531618434
15.0,0.01522,0.0003043944265809217
14.0,0.01522,0.0003043944265809217
11.0,0.03044,0.0006087888531618434
19.0,0.01522,0.0003043944265809217
18.0,0.01522,0.0003043944265809217
16.0,0.01522,0.0003043944265809217
18.0,0.03044,0.0006087888531618434
17.0,0.03044,0.0006087888531618434
16.0,0.01522,0.0003043944265809217
15.0,0.03044,0.0006087888531618434
15.0,0.01522,0.0003043944265809217
13.0,0.01522,0.0003043944265809217
14.0,0.03044,0.0006087888531618434
15.0,0.03044,0.0006087888531618434
12.0,0.03044,0.0006087888531618434
18.0,0.03044,0.0006087888531618434
19.0,0.01522,0.0003043944265809217
16.0,0.01522,0.0003043944265809217
19.0,0.01522,0.0003043944265809217
18.0,0.03044,0.0006087888531618434
18.0,0.01522,0.0003043944265809217
16.0,0.01522,0.0003043944265809217
17.0,0.03044,0.0006087888531618434
14.0,0.03044,0.0006087888531618434
11.0,0.03044,0.0006087888531618434
19.0,0.01522,0.0003043944265809217
18.0,0.03044,0.0006087888531618434
17.0,0.01522,0.0003043944265809217
18.0,0.03044,0.0006087888531618434
18.0,0.01522,0.0003043944265809217
16.0,0.03044,0.0006087888531618434
17.0,0.01522,0.0003043944265809217
16.0,0.01522,0.0003043944265809217
17.0,0.03044,0.0006087888531618434
16.0,0.01522,0.0003043944265809217
14.0,0.01522,0.0003043944265809217
15.0,0.01522,0.0003043944265809217
14.0,0.01522,0.0003043944265809217
13.0,0.03044,0.0006087888531618434
16.0,0.03044,0.0006087888531618434
14.0,0.04566,0.0009131832797427651
17.0,0.03044,0.0006087888531618434
15.0,0.03044,0.0006087888531618434
12.0,0.04566,0.0009131832797427651
17.0,0.03044,0.0006087888531618434
15.0,0.04566,0.0009131832797427651
15.0,0.03044,0.0006087888531618434
14.0,0.03044,0.0006087888531618434
12.0,0.04566,0.0009131832797427651
20.0,0.03044,0.0006087888531618434
17.0,0.03044,0.0006087888531618434
19.0,0.03044,0.0006087888531618434
17.0,0.03044,0.0006087888531618434
19.0,0.01522,0.0003043944265809217
18.0,0.03044,0.0006087888531618434
18.0,0.01522,0.0003043944265809217
19.0,0.03044,0.0006087888531618434
18.0,0.01522,0.0003043944265809217
17.0,0.01522,0.0003043944265809217
17.0,0.03044,0.0006087888531618434
18.0,0.03044,0.0006087888531618434
16.0,0.04566,0.0009131832797427651
20.0,0.03044,0.0006087888531618434
19.0,0.03044,0.0006087888531618434
15.0,0.04566,0.0009131832797427651
18.0,0.01522,0.0003043944265809217
17.0,0.01522,0.0003043944265809217
17.0,0.03044,0.0006087888531618434
18.0,0.03044,0.0006087888531618434
19.0,0.03044,0.0006087888531618434
17.0,0.04566,0.0009131832797427651
18.0,0.03044,0.0006087888531618434
17.0,0.04566,0.0009131832797427651
17.0,0.03044,0.0006087888531618434
16.0,0.04566,0.0009131832797427651
18.0,0.03044,0.0006087888531618434
17.0,0.03044,0.0006087888531618434
17.0,0.01522,0.0003043944265809217
16.0,0.03044,0.0006087888531618434
17.0,0.01522,0.0003043944265809217
17.0,0.01522,0.0003043944265809217
17.0,0.03044,0.0006087888531618434
16.0,0.01522,0.0003043944265809217
15.0,0.01522,0.0003043944265809217
16.0,0.01522,0.0003043944265809217
15.0,0.01522,0.0003043944265809217
16.0,0.03044,0.0006087888531618434
15.0,0.03044,0.0006087888531618434
14.0,0.04566,0.0009131832797427651
16.0,0.03044,0.0006087888531618434
16.0,0.03044,0.0006087888531618434
13.0,0.04566,0.0009131832797427651
16.0,0.03044,0.0006087888531618434
16.0,0.03044,0.0006087888531618434
15.0,0.03044,0.0006087888531618434
14.0,0.04566,0.0009131832797427651
15.0,0.04566,0.0009131832797427651
19.0,0.03044,0.0006087888531618434
18.0,0.03044,0.0006087888531618434
19.0,0.03044,0.0006087888531618434
18.0,0.03044,0.0006087888531618434
16.0,0.03044,0.0006087888531618434
14.0,0.04566,0.0009131832797427651
16.0,0.03044,0.0006087888531618434
15.0,0.03044,0.0006087888531618434
15.0,0.04566,0.0009131832797427651
15.0,0.03044,0.0006087888531618434
14.0,0.03044,0.0006087888531618434
14.0,0.03044,0.0006087888531618434
14.0,0.03044,0.0006087888531618434
14.0,0.04566,0.0009131832797427651
14.0,0.04566,0.0009131832797427651
12.0,0.06088,0.0012175777063236869
15.0,0.04566,0.0009131832797427651
14.0,0.04566,0.0009131832797427651
11.0,0.06088,0.0012175777063236869
16.0,0.03044,0.0006087888531618434
16.0,0.03044,0.0006087888531618434
15.0,0.03044,0.0006087888531618434
14.0,0.04566,0.0009131832797427651
15.0,0.04566,0.0009131832797427651
15.0,0.04566,0.0009131832797427651
13.0,0.06088,0.0012175777063236869
18.0,0.04566,0.0009131832797427651
18.0,0.04566,0.0009131832797427651
13.0,0.0761,0.0015219721329046087
11.0,0.09132,0.0018263665594855302
19.0,0.03044,0.0006087888531618434
18.0,0.04566,0.0009131832797427651
17.0,0.03044,0.0006087888531618434
16.0,0.04566,0.0009131832797427651
18.0,0.03044,0.0006087888531618434
17.0,0.04566,0.0009131832797427651
17.0,0.03044,0.0006087888531618434
16.0,0.04566,0.0009131832797427651
13.0,0.09132,0.0018263665594855302
18.0,0.01522,0.0003043944265809217
17.0,0.03044,0.0006087888531618434
17.0,0.01522,0.0003043944265809217
17.0,0.01522,0.0003043944265809217
18.0,0.03044,0.0006087888531618434
16.0,0.01522,0.0003043944265809217
15.0,0.01522,0.0003043944265809217
16.0,0.01522,0.0003043944265809217
15.0,0.01522,0.0003043944265809217
17.0,0.03044,0.0006087888531618434
16.0,0.03044,0.0006087888531618434
15.0,0.04566,0.0009131832797427651
15.0,0.03044,0.0006087888531618434
17.0,0.03044,0.0006087888531618434
14.0,0.04566,0.0009131832797427651
17.0,0.03044,0.0006087888531618434
16.0,0.03044,0.0006087888531618434
15.0,0.03044,0.0006087888531618434
15.0,0.04566,0.0009131832797427651
14.0,0.04566,0.0009131832797427651
19.0,0.03044,0.0006087888531618434
17.0,0.03044,0.0006087888531618434
18.0,0.03044,0.0006087888531618434
17.0,0.03044,0.0006087888531618434
18.0,0.01522,0.0003043944265809217
16.0,0.03044,0.0006087888531618434
17.0,0.01522,0.0003043944265809217
16.0,0.01522,0.0003043944265809217
17.0,0.03044,0.0006087888531618434
16.0,0.01522,0.0003043944265809217
14.0,0.01522,0.0003043944265809217
15.0,0.01522,0.0003043944265809217
14.0,0.01522,0.0003043944265809217
15.0,0.03044,0.0006087888531618434
16.0,0.03044,0.0006087888531618434
14.0,0.04566,0.0009131832797427651
17.0,0.03044,0.0006087888531618434
13.0,0.03044,0.0006087888531618434
12.0,0.04566,0.0009131832797427651
17.0,0.03044,0.0006087888531618434
15.0,0.03044,0.0006087888531618434
14.0,0.03044,0.0006087888531618434
15.0,0.04566,0.0009131832797427651
12.0,0.04566,0.0009131832797427651
20.0,0.03044,0.0006087888531618434
17.0,0.03044,0.0006087888531618434
19.0,0.03044,0.0006087888531618434
17.0,0.03044,0.0006087888531618434
15.0,0.03044,0.0006087888531618434
13.0,0.04566,0.0009131832797427651
14.0,0.03044,0.0006087888531618434
13.0,0.03044,0.0006087888531618434
14.0,0.04566,0.0009131832797427651
13.0,0.03044,0.0006087888531618434
11.0,0.03044,0.0006087888531618434
12.0,0.03044,0.0006087888531618434
11.0,0.03044,0.0006087888531618434
12.0,0.04566,0.0009131832797427651
13.0,0.04566,0.0009131832797427651
11.0,0.06088,0.0012175777063236869
14.0,0.04566,0.0009131832797427651
12.0,0.04566,0.0009131832797427651
9.0,0.06088,0.0012175777063236869
15.0,0.0761,0.0015219721329046087
13.0,0.09132,0.0018263665594855302
17.0,0.01522,0.0003043944265809217
16.0,0.03044,0.0006087888531618434
16.0,0.01522,0.0003043944265809217
19.0,0.03044,0.0006087888531618434
16.0,0.01522,0.0003043944265809217
15.0,0.01522,0.0003043944265809217
19.0,0.03044,0.0006087888531618434
16.0,0.03044,0.0006087888531618434
15.0,0.04566,0.0009131832797427651
19.0,0.03044,0.0006087888531618434
19.0,0.03044,0.0006087888531618434
14.0,0.04566,0.0009131832797427651
16.0,0.03044,0.0006087888531618434
16.0,0.03044,0.0006087888531618434
15.0,0.04566,0.0009131832797427651
18.0,0.04566,0.0009131832797427651
16.0,0.01522,0.0003043944265809217
15.0,0.03044,0.0006087888531618434
16.0,0.01522,0.0003043944265809217
19.0,0.03044,0.0006087888531618434
17.0,0.03044,0.0006087888531618434
16.0,0.03044,0.0006087888531618434
19.0,0.03044,0.0006087888531618434
17.0,0.04566,0.0009131832797427651
16.0,0.03044,0.0006087888531618434
14.0,0.04566,0.0009131832797427651
16.0,0.03044,0.0006087888531618434
15.0,0.03044,0.0006087888531618434
15.0,0.04566,0.0009131832797427651
15.0,0.04566,0.0009131832797427651
13.0,0.06088,0.0012175777063236869
18.0,0.04566,0.0009131832797427651
18.0,0.04566,0.0009131832797427651
15.0,0.03044,0.0006087888531618434
14.0,0.04566,0.0009131832797427651
15.0,0.03044,0.0006087888531618434
16.0,0.04566,0.0009131832797427651
15.0,0.03044,0.0006087888531618434
14.0,0.03044,0.0006087888531618434
16.0,0.04566,0.0009131832797427651
14.0,0.04566,0.0009131832797427651
11.0,0.06088,0.0012175777063236869
16.0,0.04566,0.0009131832797427651
16.0,0.04566,0.0009131832797427651
10.0,0.06088,0.0012175777063236869
13.0,0.0761,0.0015219721329046087
10.0,0.09132,0.0018263665594855302
18.0,0.03044,0.0006087888531618434
16.0,0.04566,0.0009131832797427651
18.0,0.03044,0.0006087888531618434
18.0,0.04566,0.0009131832797427651
16.0,0.01522,0.0003043944265809217
15.0,0.03044,0.0006087888531618434
16.0,0.01522,0.0003043944265809217
14.0,0.01522,0.0003043944265809217
15.0,0.03044,0.0006087888531618434
15.0,0.03044,0.0006087888531618434
13.0,0.03044,0.0006087888531618434
19.0,0.03044,0.0006087888531618434
17.0,0.03044,0.0006087888531618434
15.0,0.04566,0.0009131832797427651
16.0,0.03044,0.0006087888531618434
15.0,0.03044,0.0006087888531618434
14.0,0.04566,0.0009131832797427651
18.0,0.03044,0.0006087888531618434
16.0,0.04566,0.0009131832797427651
18.0,0.03044,0.0006087888531618434
18.0,0.04566,0.0009131832797427651
19.0,0.03044,0.0006087888531618434
17.0,0.04566,0.0009131832797427651
18.0,0.04566,0.0009131832797427651
13.0,0.04566,0.0009131832797427651
10.0,0.06088,0.0012175777063236869
11.0,0.09132,0.0018263665594855302
19.0,0.01522,0.0003043944265809217
18.0,0.03044,0.0006087888531618434
18.0,0.01522,0.0003043944265809217
18.0,0.03044,0.0006087888531618434
18.0,0.01522,0.0003043944265809217
16.0,0.01522,0.0003043944265809217
19.0,0.03044,0.0006087888531618434
18.0,0.03044,0.0006087888531618434
16.0,0.04566,0.0009131832797427651
17.0,0.03044,0.0006087888531618434
19.0,0.03044,0.0006087888531618434
14.0,0.04566,0.0009131832797427651
19.0,0.03044,0.0006087888531618434
17.0,0.03044,0.0006087888531618434
18.0,0.04566,0.0009131832797427651
16.0,0.04566,0.0009131832797427651
19.0,0.01522,0.0003043944265809217
18.0,0.03044,0.0006087888531618434
18.0,0.01522,0.0003043944265809217
18.0,0.03044,0.0006087888531618434
19.0,0.03044,0.0006087888531618434
17.0,0.03044,0.0006087888531618434
20.0,0.03044,0.0006087888531618434
18.0,0.04566,0.0009131832797427651
19.0,0.01522,0.0003043944265809217
18.0,0.03044,0.0006087888531618434
18.0,0.01522,0.0003043944265809217
19.0,0.03044,0.0006087888531618434
18.0,0.01522,0.0003043944265809217
16.0,0.01522,0.0003043944265809217
18.0,0.03044,0.0006087888531618434
18.0,0.03044,0.0006087888531618434
16.0,0.04566,0.0009131832797427651
19.0,0.03044,0.0006087888531618434
17.0,0.03044,0.0006087888531618434
14.0,0.04566,0.0009131832797427651
19.0,0.03044,0.0006087888531618434
17.0,0.03044,0.0006087888531618434
18.0,0.04566,0.0009131832797427651
16.0,0.04566,0.0009131832797427651
19.0,0.01522,0.0003043944265809217
18.0,0.03044,0.0006087888531618434
18.0,0.01522,0.0003043944265809217
18.0,0.03044,0.0006087888531618434
19.0,0.03044,0.0006087888531618434
17.0,0.03044,0.0006087888531618434
20.0,0.03044,0.0006087888531618434
18.0,0.04566,0.0009131832797427651
14.0,0.03044,0.0006087888531618434
13.0,0.04566,0.0009131832797427651
13.0,0.03044,0.0006087888531618434
14.0,0.04566,0.0009131832797427651
13.0,0.03044,0.0006087888531618434
11.0,0.03044,0.0006087888531618434
14.0,0.04566,0.0009131832797427651
13.0,0.04566,0.0009131832797427651
10.0,0.06088,0.0012175777063236869
15.0,0.04566,0.0009131832797427651
15.0,0.04566,0.0009131832797427651
8.0,0.06088,0.0012175777063236869
19.0,0.01522,0.0003043944265809217
18.0,0.03044,0.0006087888531618434
18.0,0.01522,0.0003043944265809217
19.0,0.03044,0.0006087888531618434
18.0,0.01522,0.0003043944265809217
17.0,0.01522,0.0003043944265809217
20.0,0.03044,0.0006087888531618434
18.0,0.03044,0.0006087888531618434
16.0,0.04566,0.0009131832797427651
17.0,0.03044,0.0006087888531618434
19.0,0.03044,0.0006087888531618434
15.0,0.04566,0.0009131832797427651
18.0,0.03044,0.0006087888531618434
17.0,0.03044,0.0006087888531618434
17.0,0.04566,0.0009131832797427651
16.0,0.04566,0.0009131832797427651
18.0,0.01522,0.0003043944265809217
17.0,0.03044,0.0006087888531618434
17.0,0.01522,0.0003043944265809217
18.0,0.03044,0.0006087888531618434
18.0,0.03044,0.0006087888531618434
17.0,0.03044,0.0006087888531618434
19.0,0.03044,0.0006087888531618434
17.0,0.04566,0.0009131832797427651
19.0,0.01522,0.0003043944265809217
18.0,0.03044,0.0006087888531618434
18.0,0.01522,0.0003043944265809217
20.0,0.03044,0.0006087888531618434
18.0,0.01522,0.0003043944265809217
17.0,0.01522,0.0003043944265809217
19.0,0.03044,0.0006087888531618434
18.0,0.03044,0.0006087888531618434
16.0,0.04566,0.0009131832797427651
19.0,0.03044,0.0006087888531618434
17.0,0.03044,0.0006087888531618434
15.0,0.04566,0.0009131832797427651
18.0,0.03044,0.0006087888531618434
17.0,0.03044,0.0006087888531618434
17.0,0.04566,0.0009131832797427651
16.0,0.04566,0.0009131832797427651
18.0,0.01522,0.0003043944265809217
17.0,0.03044,0.0006087888531618434
17.0,0.01522,0.0003043944265809217
18.0,0.03044,0.0006087888531618434
18.0,0.03044,0.0006087888531618434
17.0,0.03044,0.0006087888531618434
19.0,0.03044,0.0006087888531618434
17.0,0.04566,0.0009131832797427651
13.0,0.03044,0.0006087888531618434
12.0,0.04566,0.0009131832797427651
12.0,0.03044,0.0006087888531618434
14.0,0.04566,0.0009131832797427651
12.0,0.03044,0.0006087888531618434
11.0,0.03044,0.0006087888531618434
14.0,0.04566,0.0009131832797427651
12.0,0.04566,0.0009131832797427651
9.0,0.06088,0.0012175777063236869
14.0,0.04566,0.0009131832797427651
14.0,0.04566,0.0009131832797427651
8.0,0.06088,0.0012175777063236869
12.0,0.0761,0.0015219721329046087
9.0,0.09132,0.0018263665594855302
14.0,0.06088,0.0012175777063236869
13.0,0.0761,0.0015219721329046087
13.0,0.0761,0.0015219721329046087
13.0,0.0761,0.0015219721329046087
11.0,0.09132,0.0018263665594855302
13.0,0.0761,0.0015219721329046087
10.0,0.09132,0.0018263665594855302
8.0,0.12176,0.0024351554126473738
14.0,0.0761,0.0015219721329046087
11.0,0.09132,0.0018263665594855302
15.0,0.0761,0.0015219721329046087
13.0,0.09132,0.0018263665594855302
15.0,0.0761,0.0015219721329046087
13.0,0.09132,0.0018263665594855302
12.0,0.0761,0.0015219721329046087
9.0,0.09132,0.0018263665594855302
6.0,0.12176,0.0024351554126473738
21.0,0.056326,0.001126505965504232
20.0,0.071546,0.001430900392085154
20.0,0.056326,0.001126505965504232
23.0,0.071546,0.001430900392085154
20.0,0.056326,0.001126505965504232
18.0,0.056326,0.001126505965504232
23.0,0.071546,0.001430900392085154
20.0,0.071546,0.0014309003920851538
19.0,0.086766,0.0017352948186660758
24.0,0.071546,0.0014309003920851538
24.0,0.071546,0.0014309003920851538
17.0,0.086766,0.0017352948186660758
20.0,0.056326,0.001126505965504232
19.0,0.056326,0.001126505965504232
19.0,0.071546,0.0014309003920851538
23.0,0.071546,0.0014309003920851538
23.0,0.071546,0.001430900392085154
21.0,0.086766,0.0017352948186660758
20.0,0.071546,0.0014309003920851538
19.0,0.086766,0.0017352948186660758
20.0,0.071546,0.0014309003920851538
23.0,0.086766,0.0017352948186660758
21.0,0.071546,0.0014309003920851538
19.0,0.071546,0.0014309003920851538
20.0,0.056326,0.001126505965504232
19.0,0.056326,0.001126505965504232
17.0,0.056326,0.001126505965504232
19.0,0.071546,0.0014309003920851538
18.0,0.071546,0.0014309003920851538
19.0,0.071546,0.0014309003920851538
16.0,0.071546,0.0014309003920851538
23.0,0.071546,0.0014309003920851538
23.0,0.071546,0.001430900392085154
22.0,0.086766,0.0017352948186660758
21.0,0.086766,0.0017352948186660758
20.0,0.071546,0.0014309003920851538
20.0,0.071546,0.0014309003920851538
19.0,0.071546,0.0014309003920851538
18.0,0.086766,0.0017352948186660755
19.0,0.086766,0.0017352948186660755
19.0,0.086766,0.0017352948186660758
17.0,0.101986,0.0020396892452469975
23.0,0.086766,0.0017352948186660758
21.0,0.086766,0.0017352948186660758
21.0,0.071546,0.0014309003920851538
19.0,0.071546,0.0014309003920851538
18.0,0.071546,0.0014309003920851538
19.0,0.086766,0.0017352948186660755
16.0,0.086766,0.0017352948186660755
20.0,0.071546,0.0014309003920851538
18.0,0.086766,0.0017352948186660758
19.0,0.071546,0.0014309003920851538
21.0,0.086766,0.0017352948186660758
19.0,0.071546,0.0014309003920851538
17.0,0.071546,0.0014309003920851538
22.0,0.086766,0.0017352948186660758
19.0,0.086766,0.0017352948186660755
16.0,0.101986,0.0020396892452469975
22.0,0.086766,0.0017352948186660755
23.0,0.086766,0.0017352948186660755
15.0,0.101986,0.0020396892452469975
23.0,0.071546,0.0014309003920851538
22.0,0.071546,0.0014309003920851538
21.0,0.086766,0.0017352948186660755
22.0,0.086766,0.0017352948186660755
23.0,0.071546,0.0014309003920851538
22.0,0.071546,0.0014309003920851538
22.0,0.086766,0.0017352948186660755
22.0,0.086766,0.0017352948186660755
16.0,0.086766,0.0017352948186660758
14.0,0.101986,0.0020396892452469975
17.0,0.117206,0.002344083671827919
15.0,0.132426,0.002648478098408841
14.0,0.132426,0.002648478098408841
19.0,0.071546,0.001430900392085154
18.0,0.071546,0.001430900392085154
18.0,0.071546,0.001430900392085154
18.0,0.086766,0.0017352948186660758
18.0,0.086766,0.0017352948186660758
18.0,0.086766,0.0017352948186660758
17.0,0.086766,0.0017352948186660758
22.0,0.086766,0.0017352948186660758
18.0,0.086766,0.0017352948186660758
17.0,0.086766,0.0017352948186660758
16.0,0.086766,0.0017352948186660758
16.0,0.101986,0.0020396892452469975
16.0,0.101986,0.0020396892452469975
18.0,0.086766,0.0017352948186660758
17.0,0.086766,0.0017352948186660758
17.0,0.101986,0.0020396892452469975
20.0,0.101986,0.0020396892452469975
20.0,0.086766,0.0017352948186660758
18.0,0.101986,0.0020396892452469975
15.0,0.132426,0.002648478098408841
20.0,0.056326,0.001126505965504232
19.0,0.071546,0.001430900392085154
19.0,0.056326,0.001126505965504232
22.0,0.071546,0.001430900392085154
19.0,0.056326,0.001126505965504232
16.0,0.056326,0.001126505965504232
22.0,0.071546,0.001430900392085154
19.0,0.071546,0.0014309003920851538
17.0,0.086766,0.0017352948186660758
22.0,0.071546,0.0014309003920851538
22.0,0.071546,0.0014309003920851538
15.0,0.086766,0.0017352948186660758
20.0,0.056326,0.001126505965504232
18.0,0.056326,0.001126505965504232
19.0,0.071546,0.0014309003920851538
21.0,0.071546,0.0014309003920851538
23.0,0.071546,0.001430900392085154
21.0,0.086766,0.0017352948186660758
19.0,0.071546,0.0014309003920851538
18.0,0.086766,0.0017352948186660758
18.0,0.071546,0.0014309003920851538
20.0,0.086766,0.0017352948186660758
20.0,0.071546,0.0014309003920851538
17.0,0.071546,0.0014309003920851538
20.0,0.071546,0.001430900392085154
19.0,0.071546,0.001430900392085154
19.0,0.071546,0.001430900392085154
19.0,0.086766,0.0017352948186660758
19.0,0.086766,0.0017352948186660758
19.0,0.086766,0.0017352948186660758
18.0,0.086766,0.0017352948186660758
21.0,0.086766,0.0017352948186660758
23.0,0.071546,0.0014309003920851538
22.0,0.086766,0.0017352948186660758
23.0,0.071546,0.0014309003920851538
23.0,0.086766,0.0017352948186660758
23.0,0.071546,0.0014309003920851538
20.0,0.071546,0.0014309003920851538
23.0,0.086766,0.0017352948186660758
22.0,0.086766,0.0017352948186660755
17.0,0.101986,0.0020396892452469975
22.0,0.086766,0.0017352948186660755
21.0,0.086766,0.0017352948186660755
16.0,0.101986,0.0020396892452469975
20.0,0.056326,0.001126505965504232
19.0,0.071546,0.001430900392085154
19.0,0.056326,0.001126505965504232
22.0,0.071546,0.001430900392085154
19.0,0.056326,0.001126505965504232
17.0,0.056326,0.001126505965504232
22.0,0.071546,0.001430900392085154
19.0,0.071546,0.0014309003920851538
18.0,0.086766,0.0017352948186660758
23.0,0.071546,0.0014309003920851538
23.0,0.071546,0.0014309003920851538
16.0,0.086766,0.0017352948186660758
19.0,0.056326,0.001126505965504232
17.0,0.056326,0.001126505965504232
18.0,0.071546,0.0014309003920851538
21.0,0.071546,0.0014309003920851538
21.0,0.071546,0.001430900392085154
19.0,0.086766,0.0017352948186660758
18.0,0.071546,0.0014309003920851538
17.0,0.086766,0.0017352948186660758
18.0,0.071546,0.0014309003920851538
21.0,0.086766,0.0017352948186660758
19.0,0.071546,0.0014309003920851538
17.0,0.071546,0.0014309003920851538
20.0,0.071546,0.001430900392085154
19.0,0.071546,0.001430900392085154
18.0,0.071546,0.001430900392085154
18.0,0.086766,0.0017352948186660758
18.0,0.086766,0.0017352948186660758
19.0,0.086766,0.0017352948186660758
17.0,0.086766,0.0017352948186660758
23.0,0.086766,0.0017352948186660758
20.0,0.071546,0.0014309003920851538
20.0,0.071546,0.0014309003920851538
19.0,0.071546,0.0014309003920851538
18.0,0.086766,0.0017352948186660755
19.0,0.086766,0.0017352948186660755
19.0,0.086766,0.0017352948186660758
17.0,0.101986,0.0020396892452469975
23.0,0.086766,0.0017352948186660758
21.0,0.086766,0.0017352948186660758
17.0,0.086766,0.0017352948186660758
16.0,0.086766,0.0017352948186660758
15.0,0.086766,0.0017352948186660758
15.0,0.101986,0.0020396892452469975
15.0,0.101986,0.0020396892452469975
23.0,0.071546,0.0014309003920851538
22.0,0.086766,0.0017352948186660758
22.0,0.071546,0.0014309003920851538
22.0,0.086766,0.0017352948186660758
22.0,0.071546,0.0014309003920851538
20.0,0.071546,0.0014309003920851538
22.0,0.086766,0.0017352948186660758
22.0,0.086766,0.0017352948186660755
19.0,0.101986,0.0020396892452469975
22.0,0.086766,0.0017352948186660755
21.0,0.086766,0.0017352948186660755
17.0,0.101986,0.0020396892452469975
18.0,0.132426,0.002648478098408841
21.0,0.056326,0.001126505965504232
20.0,0.071546,0.001430900392085154
20.0,0.056326,0.001126505965504232
23.0,0.071546,0.001430900392085154
20.0,0.056326,0.001126505965504232
18.0,0.056326,0.001126505965504232
23.0,0.071546,0.001430900392085154
20.0,0.071546,0.0014309003920851538
19.0,0.086766,0.0017352948186660758
24.0,0.071546,0.0014309003920851538
24.0,0.071546,0.0014309003920851538
17.0,0.086766,0.0017352948186660758
20.0,0.056326,0.001126505965504232
19.0,0.056326,0.001126505965504232
19.0,0.071546,0.0014309003920851538
23.0,0.071546,0.0014309003920851538
23.0,0.071546,0.001430900392085154
22.0,0.086766,0.0017352948186660758
20.0,0.071546,0.0014309003920851538
19.0,0.086766,0.0017352948186660758
20.0,0.071546,0.0014309003920851538
23.0,0.086766,0.0017352948186660758
21.0,0.071546,0.0014309003920851538
19.0,0.071546,0.0014309003920851538
20.0,0.056326,0.001126505965504232
19.0,0.056326,0.001126505965504232
17.0,0.056326,0.001126505965504232
19.0,0.071546,0.0014309003920851538
18.0,0.071546,0.0014309003920851538
19.0,0.071546,0.0014309003920851538
16.0,0.071546,0.0014309003920851538
23.0,0.071546,0.0014309003920851538
23.0,0.071546,0.001430900392085154
21.0,0.086766,0.0017352948186660758
21.0,0.086766,0.0017352948186660758
20.0,0.071546,0.0014309003920851538
20.0,0.071546,0.0014309003920851538
19.0,0.071546,0.0014309003920851538
18.0,0.086766,0.0017352948186660755
19.0,0.086766,0.0017352948186660755
19.0,0.086766,0.0017352948186660758
17.0,0.101986,0.0020396892452469975
23.0,0.086766,0.0017352948186660758
21.0,0.086766,0.0017352948186660758
21.0,0.071546,0.0014309003920851538
19.0,0.071546,0.0014309003920851538
18.0,0.071546,0.0014309003920851538
19.0,0.086766,0.0017352948186660755
16.0,0.086766,0.0017352948186660755
20.0,0.071546,0.0014309003920851538
18.0,0.086766,0.0017352948186660758
19.0,0.071546,0.0014309003920851538
22.0,0.086766,0.0017352948186660758
19.0,0.071546,0.0014309003920851538
17.0,0.071546,0.0014309003920851538
21.0,0.086766,0.0017352948186660758
19.0,0.086766,0.0017352948186660755
16.0,0.101986,0.0020396892452469975
23.0,0.086766,0.0017352948186660755
22.0,0.086766,0.0017352948186660755
15.0,0.101986,0.0020396892452469975
23.0,0.071546,0.0014309003920851538
22.0,0.071546,0.0014309003920851538
22.0,0.086766,0.0017352948186660755
22.0,0.086766,0.0017352948186660755
23.0,0.071546,0.0014309003920851538
22.0,0.071546,0.0014309003920851538
21.0,0.086766,0.0017352948186660755
22.0,0.086766,0.0017352948186660755
16.0,0.086766,0.0017352948186660758
14.0,0.101986,0.0020396892452469975
17.0,0.117206,0.002344083671827919
15.0,0.132426,0.002648478098408841
14.0,0.132426,0.002648478098408841
19.0,0.071546,0.0014309003920851538
18.0,0.071546,0.0014309003920851538
18.0,0.071546,0.0014309003920851538
18.0,0.086766,0.0017352948186660755
18.0,0.086766,0.0017352948186660755
18.0,0.086766,0.0017352948186660755
17.0,0.086766,0.0017352948186660755
22.0,0.086766,0.0017352948186660755
18.0,0.086766,0.0017352948186660755
17.0,0.086766,0.0017352948186660755
16.0,0.086766,0.0017352948186660755
16.0,0.101986,0.002039689245246997
16.0,0.101986,0.002039689245246997
18.0,0.086766,0.0017352948186660755
17.0,0.086766,0.0017352948186660755
17.0,0.101986,0.002039689245246997
20.0,0.101986,0.002039689245246997
20.0,0.086766,0.0017352948186660755
18.0,0.101986,0.002039689245246997
15.0,0.132426,0.0026484780984088407
20.0,0.056326,0.001126505965504232
19.0,0.071546,0.001430900392085154
19.0,0.056326,0.001126505965504232
22.0,0.071546,0.001430900392085154
19.0,0.056326,0.001126505965504232
16.0,0.056326,0.001126505965504232
22.0,0.071546,0.001430900392085154
19.0,0.071546,0.0014309003920851538
17.0,0.086766,0.0017352948186660758
22.0,0.071546,0.0014309003920851538
22.0,0.071546,0.0014309003920851538
15.0,0.086766,0.0017352948186660758
20.0,0.056326,0.001126505965504232
18.0,0.056326,0.001126505965504232
19.0,0.071546,0.0014309003920851538
21.0,0.071546,0.0014309003920851538
23.0,0.071546,0.001430900392085154
21.0,0.086766,0.0017352948186660758
19.0,0.071546,0.0014309003920851538
18.0,0.086766,0.0017352948186660758
18.0,0.071546,0.0014309003920851538
20.0,0.086766,0.0017352948186660758
20.0,0.071546,0.0014309003920851538
17.0,0.071546,0.0014309003920851538
20.0,0.071546,0.0014309003920851538
19.0,0.071546,0.0014309003920851538
19.0,0.071546,0.0014309003920851538
19.0,0.086766,0.0017352948186660755
19.0,0.086766,0.0017352948186660755
19.0,0.086766,0.0017352948186660755
18.0,0.086766,0.0017352948186660755
21.0,0.086766,0.0017352948186660755
23.0,0.071546,0.0014309003920851538
22.0,0.086766,0.0017352948186660758
23.0,0.071546,0.0014309003920851538
23.0,0.086766,0.0017352948186660758
23.0,0.071546,0.0014309003920851538
20.0,0.071546,0.0014309003920851538
23.0,0.086766,0.0017352948186660758
22.0,0.086766,0.0017352948186660755
17.0,0.101986,0.0020396892452469975
21.0,0.086766,0.0017352948186660755
22.0,0.086766,0.0017352948186660755
16.0,0.101986,0.0020396892452469975
20.0,0.056326,0.001126505965504232
19.0,0.071546,0.001430900392085154
19.0,0.056326,0.001126505965504232
22.0,0.071546,0.001430900392085154
19.0,0.056326,0.001126505965504232
17.0,0.056326,0.001126505965504232
22.0,0.071546,0.001430900392085154
19.0,0.071546,0.0014309003920851538
18.0,0.086766,0.0017352948186660758
23.0,0.071546,0.0014309003920851538
23.0,0.071546,0.0014309003920851538
16.0,0.086766,0.0017352948186660758
19.0,0.056326,0.001126505965504232
17.0,0.056326,0.001126505965504232
18.0,0.071546,0.0014309003920851538
21.0,0.071546,0.0014309003920851538
21.0,0.071546,0.001430900392085154
19.0,0.086766,0.0017352948186660758
18.0,0.071546,0.0014309003920851538
17.0,0.086766,0.0017352948186660758
18.0,0.071546,0.0014309003920851538
21.0,0.086766,0.0017352948186660758
19.0,0.071546,0.0014309003920851538
17.0,0.071546,0.0014309003920851538
20.0,0.071546,0.0014309003920851538
19.0,0.071546,0.0014309003920851538
18.0,0.071546,0.0014309003920851538
18.0,0.086766,0.0017352948186660755
18.0,0.086766,0.0017352948186660755
19.0,0.086766,0.0017352948186660755
17.0,0.086766,0.0017352948186660755
23.0,0.086766,0.0017352948186660755
20.0,0.071546,0.0014309003920851538
20.0,0.071546,0.0014309003920851538
19.0,0.071546,0.0014309003920851538
18.0,0.086766,0.0017352948186660755
19.0,0.086766,0.0017352948186660755
19.0,0.086766,0.0017352948186660758
17.0,0.101986,0.0020396892452469975
23.0,0.086766,0.0017352948186660758
21.0,0.086766,0.0017352948186660758
17.0,0.086766,0.0017352948186660755
16.0,0.086766,0.0017352948186660755
15.0,0.086766,0.0017352948186660755
15.0,0.101986,0.002039689245246997
15.0,0.101986,0.002039689245246997
23.0,0.071546,0.0014309003920851538
22.0,0.086766,0.0017352948186660758
22.0,0.071546,0.0014309003920851538
22.0,0.086766,0.0017352948186660758
22.0,0.071546,0.0014309003920851538
20.0,0.071546,0.0014309003920851538
22.0,0.086766,0.0017352948186660758
22.0,0.086766,0.0017352948186660755
19.0,0.101986,0.0020396892452469975
21.0,0.086766,0.0017352948186660755
22.0,0.086766,0.0017352948186660755
17.0,0.101986,0.0020396892452469975
18.0,0.132426,0.0026484780984088407
17.0,0.112827,0.0022565138237778384
16.0,0.128047,0.00256090825035876
17.0,0.112827,0.0022565138237778384
20.0,0.128047,0.00256090825035876
17.0,0.112827,0.0022565138237778384
15.0,0.112827,0.0022565138237778384
20.0,0.128047,0.00256090825035876
16.0,0.128047,0.00256090825035876
15.0,0.143267,0.0028653026769396815
21.0,0.128047,0.00256090825035876
21.0,0.128047,0.00256090825035876
14.0,0.143267,0.0028653026769396815
17.0,0.112827,0.0022565138237778384
15.0,0.112827,0.0022565138237778384
16.0,0.128047,0.00256090825035876
19.0,0.128047,0.00256090825035876
19.0,0.128047,0.00256090825035876
17.0,0.143267,0.0028653026769396815
16.0,0.128047,0.00256090825035876
15.0,0.143267,0.0028653026769396815
16.0,0.128047,0.00256090825035876
19.0,0.143267,0.0028653026769396815
17.0,0.128047,0.00256090825035876
16.0,0.128047,0.00256090825035876
17.0,0.112827,0.0022565138237778384
15.0,0.112827,0.0022565138237778384
14.0,0.112827,0.0022565138237778384
15.0,0.128047,0.00256090825035876
15.0,0.128047,0.00256090825035876
16.0,0.128047,0.00256090825035876
13.0,0.128047,0.00256090825035876
19.0,0.128047,0.00256090825035876
19.0,0.128047,0.00256090825035876
17.0,0.143267,0.0028653026769396815
17.0,0.143267,0.0028653026769396815
16.0,0.128047,0.00256090825035876
16.0,0.128047,0.00256090825035876
15.0,0.128047,0.00256090825035876
14.0,0.143267,0.002865302676939682
15.0,0.143267,0.002865302676939682
15.0,0.143267,0.0028653026769396815
13.0,0.158487,0.0031696971035206035
19.0,0.143267,0.0028653026769396815
17.0,0.143267,0.0028653026769396815
17.0,0.128047,0.00256090825035876
16.0,0.128047,0.00256090825035876
15.0,0.128047,0.00256090825035876
15.0,0.143267,0.002865302676939682
13.0,0.143267,0.002865302676939682
16.0,0.128047,0.00256090825035876
14.0,0.143267,0.0028653026769396815
16.0,0.128047,0.00256090825035876
18.0,0.143267,0.0028653026769396815
16.0,0.128047,0.00256090825035876
14.0,0.128047,0.00256090825035876
18.0,0.143267,0.0028653026769396815
15.0,0.143267,0.002865302676939682
11.0,0.158487,0.0031696971035206035
19.0,0.143267,0.002865302676939682
19.0,0.143267,0.002865302676939682
11.0,0.158487,0.0031696971035206035
19.0,0.128047,0.00256090825035876
18.0,0.128047,0.00256090825035876
17.0,0.143267,0.002865302676939682
17.0,0.143267,0.002865302676939682
19.0,0.128047,0.00256090825035876
18.0,0.128047,0.00256090825035876
17.0,0.143267,0.002865302676939682
17.0,0.143267,0.002865302676939682
13.0,0.143267,0.0028653026769396815
10.0,0.158487,0.0031696971035206035
13.0,0.173707,0.0034740915301015255
10.0,0.188927,0.0037784859566824466
10.0,0.188927,0.0037784859566824466
20.0,0.112827,0.0022565138237778384
17.0,0.128047,0.00256090825035876
19.0,0.112827,0.0022565138237778384
19.0,0.112827,0.0022565138237778384
18.0,0.128047,0.00256090825035876
19.0,0.112827,0.0022565138237778384
17.0,0.112827,0.0022565138237778384
19.0,0.112827,0.0022565138237778384
17.0,0.112827,0.0022565138237778384
18.0,0.128047,0.00256090825035876
19.0,0.128047,0.00256090825035876
16.0,0.143267,0.0028653026769396815
19.0,0.128047,0.00256090825035876
19.0,0.128047,0.00256090825035876
15.0,0.143267,0.0028653026769396815
19.0,0.128047,0.00256090825035876
16.0,0.143267,0.0028653026769396815
18.0,0.128047,0.00256090825035876
18.0,0.128047,0.00256090825035876
17.0,0.143267,0.0028653026769396815
22.0,0.128047,0.00256090825035876
21.0,0.128047,0.00256090825035876
23.0,0.128047,0.00256090825035876
21.0,0.128047,0.00256090825035876
19.0,0.128047,0.00256090825035876
16.0,0.143267,0.0028653026769396815
18.0,0.128047,0.00256090825035876
18.0,0.128047,0.00256090825035876
17.0,0.143267,0.0028653026769396815
17.0,0.128047,0.00256090825035876
16.0,0.128047,0.00256090825035876
17.0,0.128047,0.00256090825035876
16.0,0.128047,0.00256090825035876
16.0,0.143267,0.0028653026769396815
17.0,0.143267,0.002865302676939682
14.0,0.158487,0.0031696971035206035
17.0,0.143267,0.002865302676939682
17.0,0.143267,0.002865302676939682
13.0,0.158487,0.0031696971035206035
19.0,0.128047,0.00256090825035876
16.0,0.143267,0.0028653026769396815
18.0,0.128047,0.00256090825035876
18.0,0.128047,0.00256090825035876
17.0,0.143267,0.0028653026769396815
17.0,0.143267,0.002865302676939682
14.0,0.158487,0.0031696971035206035
20.0,0.143267,0.002865302676939682
20.0,0.143267,0.002865302676939682
22.0,0.128047,0.00256090825035876
20.0,0.128047,0.00256090825035876
20.0,0.143267,0.002865302676939682
17.0,0.143267,0.002865302676939682
21.0,0.128047,0.00256090825035876
20.0,0.128047,0.00256090825035876
19.0,0.143267,0.002865302676939682
17.0,0.143267,0.002865302676939682
15.0,0.173707,0.0034740915301015255
12.0,0.188927,0.0037784859566824466
14.0,0.188927,0.0037784859566824466
20.0,0.112827,0.0022565138237778384
17.0,0.128047,0.0025609082503587604
19.0,0.112827,0.0022565138237778384
19.0,0.112827,0.0022565138237778384
18.0,0.128047,0.0025609082503587604
19.0,0.112827,0.0022565138237778384
17.0,0.112827,0.0022565138237778384
19.0,0.112827,0.0022565138237778384
17.0,0.112827,0.0022565138237778384
18.0,0.128047,0.0025609082503587604
19.0,0.128047,0.00256090825035876
16.0,0.143267,0.002865302676939682
19.0,0.128047,0.00256090825035876
19.0,0.128047,0.00256090825035876
15.0,0.143267,0.002865302676939682
19.0,0.128047,0.00256090825035876
16.0,0.143267,0.002865302676939682
18.0,0.128047,0.00256090825035876
18.0,0.128047,0.00256090825035876
17.0,0.143267,0.002865302676939682
22.0,0.128047,0.00256090825035876
21.0,0.128047,0.00256090825035876
23.0,0.128047,0.00256090825035876
21.0,0.128047,0.00256090825035876
19.0,0.128047,0.00256090825035876
16.0,0.143267,0.002865302676939682
18.0,0.128047,0.00256090825035876
18.0,0.128047,0.00256090825035876
17.0,0.143267,0.002865302676939682
17.0,0.128047,0.00256090825035876
16.0,0.128047,0.00256090825035876
17.0,0.128047,0.00256090825035876
16.0,0.128047,0.00256090825035876
16.0,0.143267,0.002865302676939682
17.0,0.143267,0.002865302676939682
14.0,0.158487,0.003169697103520604
17.0,0.143267,0.002865302676939682
17.0,0.143267,0.002865302676939682
13.0,0.158487,0.003169697103520604
19.0,0.128047,0.00256090825035876
16.0,0.143267,0.002865302676939682
18.0,0.128047,0.00256090825035876
18.0,0.128047,0.00256090825035876
17.0,0.143267,0.002865302676939682
17.0,0.143267,0.002865302676939682
14.0,0.158487,0.003169697103520604
20.0,0.143267,0.002865302676939682
20.0,0.143267,0.002865302676939682
22.0,0.128047,0.00256090825035876
20.0,0.128047,0.00256090825035876
20.0,0.143267,0.002865302676939682
17.0,0.143267,0.002865302676939682
21.0,0.128047,0.00256090825035876
20.0,0.128047,0.00256090825035876
19.0,0.143267,0.002865302676939682
17.0,0.143267,0.002865302676939682
15.0,0.173707,0.0034740915301015255
12.0,0.188927,0.0037784859566824475
14.0,0.188927,0.0037784859566824475
14.0,0.226344,0.004526817015433705
13.0,0.241564,0.004831211442014627
13.0,0.241564,0.004831211442014627
13.0,0.241564,0.004831211442014627
11.0,0.256784,0.0051356058685955485
13.0,0.241564,0.004831211442014627
10.0,0.256784,0.0051356058685955485
8.0,0.287224,0.0057443947217573925
20.0,0.056326,0.001126505965504232
19.0,0.071546,0.001430900392085154
19.0,0.056326,0.001126505965504232
19.0,0.056326,0.001126505965504232
19.0,0.071546,0.001430900392085154
17.0,0.056326,0.001126505965504232
16.0,0.056326,0.001126505965504232
19.0,0.056326,0.001126505965504232
17.0,0.056326,0.001126505965504232
18.0,0.071546,0.001430900392085154
19.0,0.071546,0.0014309003920851538
17.0,0.086766,0.0017352948186660758
18.0,0.071546,0.0014309003920851538
19.0,0.071546,0.0014309003920851538
15.0,0.086766,0.0017352948186660758
19.0,0.071546,0.001430900392085154
18.0,0.071546,0.001430900392085154
16.0,0.071546,0.001430900392085154
18.0,0.086766,0.0017352948186660758
17.0,0.086766,0.0017352948186660758
22.0,0.071546,0.001430900392085154
19.0,0.071546,0.001430900392085154
21.0,0.071546,0.001430900392085154
20.0,0.071546,0.001430900392085154
19.0,0.056326,0.001126505965504232
17.0,0.071546,0.001430900392085154
18.0,0.056326,0.001126505965504232
17.0,0.056326,0.001126505965504232
17.0,0.071546,0.001430900392085154
16.0,0.056326,0.001126505965504232
14.0,0.056326,0.001126505965504232
17.0,0.056326,0.001126505965504232
16.0,0.056326,0.001126505965504232
16.0,0.071546,0.001430900392085154
18.0,0.071546,0.0014309003920851538
16.0,0.086766,0.0017352948186660758
17.0,0.071546,0.0014309003920851538
17.0,0.071546,0.0014309003920851538
13.0,0.086766,0.0017352948186660758
21.0,0.071546,0.001430900392085154
20.0,0.071546,0.001430900392085154
18.0,0.071546,0.001430900392085154
20.0,0.086766,0.0017352948186660758
19.0,0.086766,0.0017352948186660758
19.0,0.071546,0.0014309003920851538
18.0,0.086766,0.0017352948186660758
16.0,0.071546,0.0014309003920851538
18.0,0.071546,0.0014309003920851538
17.0,0.086766,0.0017352948186660758
17.0,0.086766,0.0017352948186660758
14.0,0.086766,0.0017352948186660758
19.0,0.086766,0.0017352948186660758
22.0,0.071546,0.0014309003920851538
20.0,0.086766,0.0017352948186660758
21.0,0.071546,0.0014309003920851538
19.0,0.086766,0.0017352948186660758
22.0,0.071546,0.0014309003920851538
20.0,0.086766,0.0017352948186660758
19.0,0.071546,0.0014309003920851538
20.0,0.071546,0.0014309003920851538
19.0,0.086766,0.0017352948186660758
23.0,0.071546,0.0014309003920851538
20.0,0.071546,0.0014309003920851538
15.0,0.086766,0.0017352948186660758
12.0,0.086766,0.0017352948186660758
18.0,0.128047,0.00256090825035876
15.0,0.143267,0.0028653026769396815
17.0,0.128047,0.00256090825035876
16.0,0.128047,0.00256090825035876
16.0,0.143267,0.0028653026769396815
15.0,0.128047,0.00256090825035876
13.0,0.128047,0.00256090825035876
16.0,0.128047,0.00256090825035876
14.0,0.128047,0.00256090825035876
15.0,0.143267,0.0028653026769396815
16.0,0.143267,0.002865302676939682
13.0,0.158487,0.0031696971035206035
16.0,0.143267,0.002865302676939682
16.0,0.143267,0.002865302676939682
12.0,0.158487,0.0031696971035206035
13.0,0.241564,0.004831211442014627
11.0,0.256784,0.0051356058685955485
20.0,0.056326,0.001126505965504232
19.0,0.071546,0.0014309003920851538
19.0,0.056326,0.001126505965504232
19.0,0.056326,0.001126505965504232
19.0,0.071546,0.0014309003920851538
17.0,0.056326,0.001126505965504232
16.0,0.056326,0.001126505965504232
19.0,0.056326,0.001126505965504232
17.0,0.056326,0.001126505965504232
18.0,0.071546,0.0014309003920851538
19.0,0.071546,0.0014309003920851538
17.0,0.086766,0.0017352948186660755
18.0,0.071546,0.0014309003920851538
19.0,0.071546,0.0014309003920851538
15.0,0.086766,0.0017352948186660755
19.0,0.071546,0.001430900392085154
18.0,0.071546,0.001430900392085154
16.0,0.071546,0.001430900392085154
18.0,0.086766,0.0017352948186660758
17.0,0.086766,0.0017352948186660758
22.0,0.071546,0.001430900392085154
19.0,0.071546,0.001430900392085154
21.0,0.071546,0.001430900392085154
20.0,0.071546,0.001430900392085154
19.0,0.056326,0.001126505965504232
17.0,0.071546,0.0014309003920851538
18.0,0.056326,0.001126505965504232
17.0,0.056326,0.001126505965504232
17.0,0.071546,0.0014309003920851538
16.0,0.056326,0.001126505965504232
14.0,0.056326,0.001126505965504232
17.0,0.056326,0.001126505965504232
16.0,0.056326,0.001126505965504232
16.0,0.071546,0.0014309003920851538
18.0,0.071546,0.0014309003920851538
16.0,0.086766,0.0017352948186660755
17.0,0.071546,0.0014309003920851538
17.0,0.071546,0.0014309003920851538
13.0,0.086766,0.0017352948186660755
21.0,0.071546,0.001430900392085154
20.0,0.071546,0.001430900392085154
18.0,0.071546,0.001430900392085154
20.0,0.086766,0.0017352948186660758
19.0,0.086766,0.0017352948186660758
19.0,0.071546,0.0014309003920851538
18.0,0.086766,0.0017352948186660755
16.0,0.071546,0.0014309003920851538
18.0,0.071546,0.0014309003920851538
17.0,0.086766,0.0017352948186660755
17.0,0.086766,0.0017352948186660758
14.0,0.086766,0.0017352948186660758
19.0,0.086766,0.0017352948186660758
22.0,0.071546,0.0014309003920851538
20.0,0.086766,0.0017352948186660758
21.0,0.071546,0.0014309003920851538
19.0,0.086766,0.0017352948186660758
23.0,0.071546,0.0014309003920851538
20.0,0.071546,0.0014309003920851538
22.0,0.071546,0.0014309003920851538
20.0,0.086766,0.0017352948186660755
19.0,0.071546,0.0014309003920851538
20.0,0.071546,0.0014309003920851538
19.0,0.086766,0.0017352948186660755
15.0,0.086766,0.0017352948186660758
12.0,0.086766,0.0017352948186660758
18.0,0.128047,0.00256090825035876
15.0,0.143267,0.002865302676939682
17.0,0.128047,0.00256090825035876
16.0,0.128047,0.00256090825035876
16.0,0.143267,0.002865302676939682
15.0,0.128047,0.00256090825035876
13.0,0.128047,0.00256090825035876
16.0,0.128047,0.00256090825035876
14.0,0.128047,0.00256090825035876
15.0,0.143267,0.002865302676939682
16.0,0.143267,0.002865302676939682
13.0,0.158487,0.003169697103520604
16.0,0.143267,0.002865302676939682
16.0,0.143267,0.002865302676939682
12.0,0.158487,0.003169697103520604
13.0,0.241564,0.004831211442014627
11.0,0.256784,0.0051356058685955485
14.0,0.128047,0.00256090825035876
13.0,0.143267,0.0028653026769396815
13.0,0.128047,0.00256090825035876
15.0,0.143267,0.0028653026769396815
13.0,0.128047,0.00256090825035876
11.0,0.128047,0.00256090825035876
15.0,0.143267,0.0028653026769396815
13.0,0.143267,0.002865302676939682
10.0,0.158487,0.0031696971035206035
16.0,0.143267,0.002865302676939682
16.0,0.143267,0.002865302676939682
8.0,0.158487,0.0031696971035206035
18.0,0.06088,0.0012175777063236869
17.0,0.0761,0.0015219721329046087
17.0,0.0761,0.0015219721329046087
17.0,0.0761,0.0015219721329046087
14.0,0.09132,0.0018263665594855302
17.0,0.0761,0.0015219721329046087
14.0,0.09132,0.0018263665594855302
11.0,0.12176,0.0024351554126473738
7.0,0.287224,0.0057443947217573925
18.0,0.0,0.0
17.0,0.01522,0.0003043944265809217
17.0,0.0,0.0
19.0,0.01522,0.0003043944265809217
17.0,0.0,0.0
14.0,0.0,0.0
19.0,0.01522,0.0003043944265809217
17.0,0.01522,0.0003043944265809217
16.0,0.03044,0.0006087888531618434
19.0,0.01522,0.0003043944265809217
19.0,0.01522,0.0003043944265809217
13.0,0.03044,0.0006087888531618434
18.0,0.01522,0.0003043944265809217
16.0,0.01522,0.0003043944265809217
17.0,0.03044,0.0006087888531618434
18.0,0.03044,0.0006087888531618434
18.0,0.0,0.0
17.0,0.01522,0.0003043944265809217
16.0,0.0,0.0
18.0,0.01522,0.0003043944265809217
18.0,0.01522,0.0003043944265809217
15.0,0.01522,0.0003043944265809217
20.0,0.01522,0.0003043944265809217
19.0,0.03044,0.0006087888531618434
18.0,0.01522,0.0003043944265809217
15.0,0.03044,0.0006087888531618434
16.0,0.01522,0.0003043944265809217
17.0,0.01522,0.0003043944265809217
16.0,0.03044,0.0006087888531618434
17.0,0.03044,0.0006087888531618434
14.0,0.04566,0.0009131832797427651
18.0,0.03044,0.0006087888531618434
19.0,0.03044,0.0006087888531618434
17.0,0.01522,0.0003043944265809217
16.0,0.03044,0.0006087888531618434
16.0,0.01522,0.0003043944265809217
18.0,0.03044,0.0006087888531618434
16.0,0.01522,0.0003043944265809217
13.0,0.01522,0.0003043944265809217
18.0,0.03044,0.0006087888531618434
16.0,0.03044,0.0006087888531618434
15.0,0.04566,0.0009131832797427651
18.0,0.03044,0.0006087888531618434
18.0,0.03044,0.0006087888531618434
12.0,0.04566,0.0009131832797427651
14.0,0.06088,0.0012175777063236869
13.0,0.0761,0.0015219721329046087
20.0,0.01522,0.0003043944265809217
19.0,0.03044,0.0006087888531618434
18.0,0.01522,0.0003043944265809217
18.0,0.03044,0.0006087888531618434
18.0,0.0,0.0
17.0,0.01522,0.0003043944265809217
16.0,0.0,0.0
15.0,0.0,0.0
16.0,0.01522,0.0003043944265809217
17.0,0.01522,0.0003043944265809217
14.0,0.01522,0.0003043944265809217
18.0,0.01522,0.0003043944265809217
18.0,0.01522,0.0003043944265809217
16.0,0.03044,0.0006087888531618434
15.0,0.01522,0.0003043944265809217
16.0,0.01522,0.0003043944265809217
13.0,0.03044,0.0006087888531618434
20.0,0.01522,0.0003043944265809217
19.0,0.03044,0.0006087888531618434
18.0,0.01522,0.0003043944265809217
18.0,0.03044,0.0006087888531618434
20.0,0.01522,0.0003043944265809217
19.0,0.03044,0.0006087888531618434
19.0,0.03044,0.0006087888531618434
14.0,0.03044,0.0006087888531618434
13.0,0.04566,0.0009131832797427651
12.0,0.0761,0.0015219721329046087
18.0,0.0,0.0
17.0,0.01522,0.0003043944265809217
17.0,0.0,0.0
19.0,0.01522,0.0003043944265809217
17.0,0.0,0.0
14.0,0.0,0.0
19.0,0.01522,0.0003043944265809217
17.0,0.01522,0.0003043944265809217
16.0,0.03044,0.0006087888531618434
19.0,0.01522,0.0003043944265809217
19.0,0.01522,0.0003043944265809217
13.0,0.03044,0.0006087888531618434
16.0,0.01522,0.0003043944265809217
15.0,0.01522,0.0003043944265809217
15.0,0.03044,0.0006087888531618434
17.0,0.03044,0.0006087888531618434
16.0,0.0,0.0
15.0,0.01522,0.0003043944265809217
14.0,0.0,0.0
16.0,0.01522,0.0003043944265809217
17.0,0.01522,0.0003043944265809217
14.0,0.01522,0.0003043944265809217
18.0,0.01522,0.0003043944265809217
17.0,0.03044,0.0006087888531618434
20.0,0.01522,0.0003043944265809217
19.0,0.03044,0.0006087888531618434
19.0,0.01522,0.0003043944265809217
17.0,0.03044,0.0006087888531618434
19.0,0.01522,0.0003043944265809217
16.0,0.01522,0.0003043944265809217
19.0,0.03044,0.0006087888531618434
19.0,0.03044,0.0006087888531618434
17.0,0.04566,0.0009131832797427651
19.0,0.03044,0.0006087888531618434
20.0,0.03044,0.0006087888531618434
14.0,0.04566,0.0009131832797427651
17.0,0.0,0.0
16.0,0.01522,0.0003043944265809217
16.0,0.0,0.0
18.0,0.01522,0.0003043944265809217
16.0,0.0,0.0
13.0,0.0,0.0
18.0,0.01522,0.0003043944265809217
16.0,0.01522,0.0003043944265809217
15.0,0.03044,0.0006087888531618434
18.0,0.01522,0.0003043944265809217
18.0,0.01522,0.0003043944265809217
12.0,0.03044,0.0006087888531618434
16.0,0.01522,0.0003043944265809217
14.0,0.01522,0.0003043944265809217
15.0,0.03044,0.0006087888531618434
16.0,0.03044,0.0006087888531618434
16.0,0.0,0.0
15.0,0.01522,0.0003043944265809217
14.0,0.0,0.0
16.0,0.01522,0.0003043944265809217
16.0,0.01522,0.0003043944265809217
13.0,0.01522,0.0003043944265809217
18.0,0.01522,0.0003043944265809217
17.0,0.03044,0.0006087888531618434
18.0,0.01522,0.0003043944265809217
16.0,0.03044,0.0006087888531618434
16.0,0.01522,0.0003043944265809217
17.0,0.01522,0.0003043944265809217
16.0,0.03044,0.0006087888531618434
17.0,0.03044,0.0006087888531618434
15.0,0.04566,0.0009131832797427651
18.0,0.03044,0.0006087888531618434
19.0,0.03044,0.0006087888531618434
19.0,0.01522,0.0003043944265809217
18.0,0.03044,0.0006087888531618434
18.0,0.01522,0.0003043944265809217
16.0,0.03044,0.0006087888531618434
18.0,0.01522,0.0003043944265809217
15.0,0.01522,0.0003043944265809217
18.0,0.03044,0.0006087888531618434
18.0,0.03044,0.0006087888531618434
16.0,0.04566,0.0009131832797427651
18.0,0.03044,0.0006087888531618434
19.0,0.03044,0.0006087888531618434
13.0,0.04566,0.0009131832797427651
18.0,0.01522,0.0003043944265809217
17.0,0.03044,0.0006087888531618434
16.0,0.01522,0.0003043944265809217
16.0,0.01522,0.0003043944265809217
17.0,0.03044,0.0006087888531618434
17.0,0.03044,0.0006087888531618434
15.0,0.03044,0.0006087888531618434
18.0,0.03044,0.0006087888531618434
17.0,0.03044,0.0006087888531618434
14.0,0.04566,0.0009131832797427651
14.0,0.03044,0.0006087888531618434
15.0,0.03044,0.0006087888531618434
14.0,0.04566,0.0009131832797427651
17.0,0.03044,0.0006087888531618434
16.0,0.04566,0.0009131832797427651
15.0,0.03044,0.0006087888531618434
17.0,0.04566,0.0009131832797427651
13.0,0.0761,0.0015219721329046087
18.0,0.03044,0.0006087888531618434
17.0,0.04566,0.0009131832797427651
18.0,0.01522,0.0003043944265809217
17.0,0.03044,0.0006087888531618434
15.0,0.01522,0.0003043944265809217
17.0,0.01522,0.0003043944265809217
16.0,0.03044,0.0006087888531618434
17.0,0.03044,0.0006087888531618434
14.0,0.03044,0.0006087888531618434
19.0,0.03044,0.0006087888531618434
18.0,0.01522,0.0003043944265809217
17.0,0.03044,0.0006087888531618434
16.0,0.01522,0.0003043944265809217
16.0,0.01522,0.0003043944265809217
16.0,0.03044,0.0006087888531618434
17.0,0.03044,0.0006087888531618434
15.0,0.03044,0.0006087888531618434
18.0,0.03044,0.0006087888531618434
15.0,0.03044,0.0006087888531618434
13.0,0.04566,0.0009131832797427651
12.0,0.03044,0.0006087888531618434
13.0,0.03044,0.0006087888531618434
12.0,0.04566,0.0009131832797427651
14.0,0.0761,0.0015219721329046087
18.0,0.0,0.0
16.0,0.01522,0.0003043944265809217
16.0,0.0,0.0
17.0,0.0,0.0
17.0,0.01522,0.0003043944265809217
15.0,0.0,0.0
14.0,0.0,0.0
16.0,0.0,0.0
14.0,0.0,0.0
16.0,0.01522,0.0003043944265809217
17.0,0.01522,0.0003043944265809217
15.0,0.03044,0.0006087888531618434
16.0,0.01522,0.0003043944265809217
17.0,0.01522,0.0003043944265809217
13.0,0.03044,0.0006087888531618434
17.0,0.01522,0.0003043944265809217
15.0,0.01522,0.0003043944265809217
14.0,0.01522,0.0003043944265809217
16.0,0.03044,0.0006087888531618434
15.0,0.03044,0.0006087888531618434
19.0,0.01522,0.0003043944265809217
16.0,0.01522,0.0003043944265809217
18.0,0.01522,0.0003043944265809217
16.0,0.01522,0.0003043944265809217
17.0,0.0,0.0
15.0,0.01522,0.0003043944265809217
14.0,0.0,0.0
14.0,0.0,0.0
14.0,0.01522,0.0003043944265809217
14.0,0.0,0.0
11.0,0.0,0.0
15.0,0.0,0.0
12.0,0.0,0.0
14.0,0.01522,0.0003043944265809217
15.0,0.01522,0.0003043944265809217
13.0,0.03044,0.0006087888531618434
14.0,0.01522,0.0003043944265809217
14.0,0.01522,0.0003043944265809217
10.0,0.03044,0.0006087888531618434
19.0,0.01522,0.0003043944265809217
16.0,0.01522,0.0003043944265809217
16.0,0.01522,0.0003043944265809217
17.0,0.03044,0.0006087888531618434
16.0,0.03044,0.0006087888531618434
17.0,0.01522,0.0003043944265809217
15.0,0.03044,0.0006087888531618434
14.0,0.01522,0.0003043944265809217
15.0,0.01522,0.0003043944265809217
15.0,0.03044,0.0006087888531618434
16.0,0.03044,0.0006087888531618434
13.0,0.03044,0.0006087888531618434
17.0,0.03044,0.0006087888531618434
18.0,0.01522,0.0003043944265809217
17.0,0.03044,0.0006087888531618434
16.0,0.01522,0.0003043944265809217
16.0,0.03044,0.0006087888531618434
19.0,0.01522,0.0003043944265809217
16.0,0.01522,0.0003043944265809217
19.0,0.01522,0.0003043944265809217
17.0,0.03044,0.0006087888531618434
16.0,0.01522,0.0003043944265809217
17.0,0.01522,0.0003043944265809217
16.0,0.03044,0.0006087888531618434
13.0,0.03044,0.0006087888531618434
10.0,0.03044,0.0006087888531618434
20.0,0.01522,0.0003043944265809217
19.0,0.03044,0.0006087888531618434
19.0,0.01522,0.0003043944265809217
19.0,0.03044,0.0006087888531618434
19.0,0.01522,0.0003043944265809217
16.0,0.01522,0.0003043944265809217
17.0,0.03044,0.0006087888531618434
19.0,0.03044,0.0006087888531618434
17.0,0.04566,0.0009131832797427651
20.0,0.03044,0.0006087888531618434
19.0,0.03044,0.0006087888531618434
14.0,0.04566,0.0009131832797427651
18.0,0.01522,0.0003043944265809217
17.0,0.01522,0.0003043944265809217
17.0,0.03044,0.0006087888531618434
17.0,0.03044,0.0006087888531618434
18.0,0.03044,0.0006087888531618434
16.0,0.04566,0.0009131832797427651
19.0,0.03044,0.0006087888531618434
18.0,0.04566,0.0009131832797427651
17.0,0.03044,0.0006087888531618434
15.0,0.04566,0.0009131832797427651
19.0,0.03044,0.0006087888531618434
16.0,0.03044,0.0006087888531618434
17.0,0.0,0.0
16.0,0.01522,0.0003043944265809217
16.0,0.0,0.0
16.0,0.0,0.0
16.0,0.01522,0.0003043944265809217
16.0,0.0,0.0
15.0,0.0,0.0
14.0,0.0,0.0
13.0,0.0,0.0
15.0,0.01522,0.0003043944265809217
16.0,0.01522,0.0003043944265809217
15.0,0.03044,0.0006087888531618434
16.0,0.01522,0.0003043944265809217
15.0,0.01522,0.0003043944265809217
12.0,0.03044,0.0006087888531618434
16.0,0.01522,0.0003043944265809217
15.0,0.01522,0.0003043944265809217
13.0,0.01522,0.0003043944265809217
15.0,0.03044,0.0006087888531618434
14.0,0.03044,0.0006087888531618434
18.0,0.01522,0.0003043944265809217
15.0,0.01522,0.0003043944265809217
18.0,0.01522,0.0003043944265809217
17.0,0.01522,0.0003043944265809217
16.0,0.0,0.0
14.0,0.01522,0.0003043944265809217
13.0,0.0,0.0
14.0,0.0,0.0
13.0,0.01522,0.0003043944265809217
14.0,0.0,0.0
12.0,0.0,0.0
13.0,0.0,0.0
10.0,0.0,0.0
13.0,0.01522,0.0003043944265809217
14.0,0.01522,0.0003043944265809217
12.0,0.03044,0.0006087888531618434
13.0,0.01522,0.0003043944265809217
13.0,0.01522,0.0003043944265809217
9.0,0.03044,0.0006087888531618434
18.0,0.01522,0.0003043944265809217
16.0,0.01522,0.0003043944265809217
15.0,0.01522,0.0003043944265809217
16.0,0.03044,0.0006087888531618434
15.0,0.03044,0.0006087888531618434
16.0,0.01522,0.0003043944265809217
15.0,0.03044,0.0006087888531618434
15.0,0.01522,0.0003043944265809217
13.0,0.01522,0.0003043944265809217
14.0,0.03044,0.0006087888531618434
15.0,0.03044,0.0006087888531618434
12.0,0.03044,0.0006087888531618434
17.0,0.03044,0.0006087888531618434
18.0,0.01522,0.0003043944265809217
15.0,0.01522,0.0003043944265809217
18.0,0.01522,0.0003043944265809217
16.0,0.03044,0.0006087888531618434
16.0,0.01522,0.0003043944265809217
15.0,0.01522,0.0003043944265809217
15.0,0.03044,0.0006087888531618434
12.0,0.03044,0.0006087888531618434
9.0,0.03044,0.0006087888531618434
18.0,0.01522,0.0003043944265809217
17.0,0.03044,0.0006087888531618434
17.0,0.01522,0.0003043944265809217
17.0,0.03044,0.0006087888531618434
18.0,0.01522,0.0003043944265809217
16.0,0.03044,0.0006087888531618434
16.0,0.01522,0.0003043944265809217
17.0,0.01522,0.0003043944265809217
16.0,0.03044,0.0006087888531618434
16.0,0.01522,0.0003043944265809217
14.0,0.01522,0.0003043944265809217
15.0,0.01522,0.0003043944265809217
13.0,0.01522,0.0003043944265809217
12.0,0.03044,0.0006087888531618434
17.0,0.03044,0.0006087888531618434
14.0,0.04566,0.0009131832797427651
16.0,0.03044,0.0006087888531618434
15.0,0.03044,0.0006087888531618434
11.0,0.04566,0.0009131832797427651
17.0,0.03044,0.0006087888531618434
15.0,0.04566,0.0009131832797427651
15.0,0.03044,0.0006087888531618434
14.0,0.03044,0.0006087888531618434
11.0,0.04566,0.0009131832797427651
18.0,0.03044,0.0006087888531618434
15.0,0.03044,0.0006087888531618434
19.0,0.03044,0.0006087888531618434
16.0,0.03044,0.0006087888531618434
19.0,0.01522,0.0003043944265809217
18.0,0.03044,0.0006087888531618434
18.0,0.01522,0.0003043944265809217
18.0,0.03044,0.0006087888531618434
18.0,0.01522,0.0003043944265809217
15.0,0.01522,0.0003043944265809217
16.0,0.03044,0.0006087888531618434
18.0,0.03044,0.0006087888531618434
16.0,0.04566,0.0009131832797427651
19.0,0.03044,0.0006087888531618434
18.0,0.03044,0.0006087888531618434
13.0,0.04566,0.0009131832797427651
18.0,0.01522,0.0003043944265809217
16.0,0.01522,0.0003043944265809217
17.0,0.03044,0.0006087888531618434
16.0,0.03044,0.0006087888531618434
18.0,0.03044,0.0006087888531618434
16.0,0.04566,0.0009131832797427651
18.0,0.03044,0.0006087888531618434
17.0,0.04566,0.0009131832797427651
16.0,0.03044,0.0006087888531618434
14.0,0.04566,0.0009131832797427651
18.0,0.03044,0.0006087888531618434
15.0,0.03044,0.0006087888531618434
18.0,0.01522,0.0003043944265809217
17.0,0.03044,0.0006087888531618434
16.0,0.01522,0.0003043944265809217
16.0,0.01522,0.0003043944265809217
17.0,0.03044,0.0006087888531618434
17.0,0.01522,0.0003043944265809217
15.0,0.01522,0.0003043944265809217
16.0,0.01522,0.0003043944265809217
14.0,0.01522,0.0003043944265809217
17.0,0.03044,0.0006087888531618434
15.0,0.03044,0.0006087888531618434
14.0,0.04566,0.0009131832797427651
16.0,0.03044,0.0006087888531618434
16.0,0.03044,0.0006087888531618434
13.0,0.04566,0.0009131832797427651
17.0,0.03044,0.0006087888531618434
15.0,0.03044,0.0006087888531618434
15.0,0.03044,0.0006087888531618434
14.0,0.04566,0.0009131832797427651
15.0,0.04566,0.0009131832797427651
18.0,0.03044,0.0006087888531618434
16.0,0.03044,0.0006087888531618434
19.0,0.03044,0.0006087888531618434
17.0,0.03044,0.0006087888531618434
17.0,0.03044,0.0006087888531618434
14.0,0.04566,0.0009131832797427651
14.0,0.03044,0.0006087888531618434
15.0,0.03044,0.0006087888531618434
14.0,0.04566,0.0009131832797427651
15.0,0.03044,0.0006087888531618434
13.0,0.03044,0.0006087888531618434
15.0,0.03044,0.0006087888531618434
12.0,0.03044,0.0006087888531618434
14.0,0.04566,0.0009131832797427651
14.0,0.04566,0.0009131832797427651
11.0,0.06088,0.0012175777063236869
14.0,0.04566,0.0009131832797427651
14.0,0.04566,0.0009131832797427651
10.0,0.06088,0.0012175777063236869
17.0,0.03044,0.0006087888531618434
15.0,0.03044,0.0006087888531618434
16.0,0.03044,0.0006087888531618434
14.0,0.04566,0.0009131832797427651
15.0,0.04566,0.0009131832797427651
16.0,0.04566,0.0009131832797427651
13.0,0.06088,0.0012175777063236869
17.0,0.04566,0.0009131832797427651
18.0,0.04566,0.0009131832797427651
13.0,0.0761,0.0015219721329046087
10.0,0.09132,0.0018263665594855302
18.0,0.03044,0.0006087888531618434
17.0,0.04566,0.0009131832797427651
17.0,0.03044,0.0006087888531618434
15.0,0.04566,0.0009131832797427651
18.0,0.03044,0.0006087888531618434
17.0,0.04566,0.0009131832797427651
16.0,0.03044,0.0006087888531618434
14.0,0.04566,0.0009131832797427651
11.0,0.09132,0.0018263665594855302
18.0,0.01522,0.0003043944265809217
17.0,0.03044,0.0006087888531618434
15.0,0.01522,0.0003043944265809217
17.0,0.01522,0.0003043944265809217
16.0,0.03044,0.0006087888531618434
16.0,0.01522,0.0003043944265809217
14.0,0.01522,0.0003043944265809217
16.0,0.01522,0.0003043944265809217
13.0,0.01522,0.0003043944265809217
16.0,0.03044,0.0006087888531618434
16.0,0.03044,0.0006087888531618434
14.0,0.04566,0.0009131832797427651
13.0,0.03044,0.0006087888531618434
16.0,0.03044,0.0006087888531618434
12.0,0.04566,0.0009131832797427651
17.0,0.03044,0.0006087888531618434
14.0,0.03044,0.0006087888531618434
15.0,0.03044,0.0006087888531618434
15.0,0.04566,0.0009131832797427651
12.0,0.04566,0.0009131832797427651
19.0,0.03044,0.0006087888531618434
16.0,0.03044,0.0006087888531618434
18.0,0.03044,0.0006087888531618434
15.0,0.03044,0.0006087888531618434
18.0,0.01522,0.0003043944265809217
17.0,0.03044,0.0006087888531618434
16.0,0.01522,0.0003043944265809217
16.0,0.01522,0.0003043944265809217
16.0,0.03044,0.0006087888531618434
17.0,0.01522,0.0003043944265809217
14.0,0.01522,0.0003043944265809217
15.0,0.01522,0.0003043944265809217
13.0,0.01522,0.0003043944265809217
15.0,0.03044,0.0006087888531618434
16.0,0.03044,0.0006087888531618434
14.0,0.04566,0.0009131832797427651
16.0,0.03044,0.0006087888531618434
12.0,0.03044,0.0006087888531618434
11.0,0.04566,0.0009131832797427651
17.0,0.03044,0.0006087888531618434
15.0,0.03044,0.0006087888531618434
14.0,0.03044,0.0006087888531618434
15.0,0.04566,0.0009131832797427651
11.0,0.04566,0.0009131832797427651
18.0,0.03044,0.0006087888531618434
15.0,0.03044,0.0006087888531618434
19.0,0.03044,0.0006087888531618434
16.0,0.03044,0.0006087888531618434
15.0,0.03044,0.0006087888531618434
13.0,0.04566,0.0009131832797427651
12.0,0.03044,0.0006087888531618434
13.0,0.03044,0.0006087888531618434
12.0,0.04566,0.0009131832797427651
13.0,0.03044,0.0006087888531618434
10.0,0.03044,0.0006087888531618434
12.0,0.03044,0.0006087888531618434
9.0,0.03044,0.0006087888531618434
11.0,0.04566,0.0009131832797427651
13.0,0.04566,0.0009131832797427651
10.0,0.06088,0.0012175777063236869
12.0,0.04566,0.0009131832797427651
11.0,0.04566,0.0009131832797427651
7.0,0.06088,0.0012175777063236869
14.0,0.0761,0.0015219721329046087
11.0,0.09132,0.0018263665594855302
17.0,0.01522,0.0003043944265809217
16.0,0.03044,0.0006087888531618434
16.0,0.01522,0.0003043944265809217
18.0,0.03044,0.0006087888531618434
16.0,0.01522,0.0003043944265809217
13.0,0.01522,0.0003043944265809217
18.0,0.03044,0.0006087888531618434
16.0,0.03044,0.0006087888531618434
15.0,0.04566,0.0009131832797427651
18.0,0.03044,0.0006087888531618434
18.0,0.03044,0.0006087888531618434
12.0,0.04566,0.0009131832797427651
17.0,0.03044,0.0006087888531618434
15.0,0.03044,0.0006087888531618434
16.0,0.04566,0.0009131832797427651
17.0,0.04566,0.0009131832797427651
17.0,0.01522,0.0003043944265809217
16.0,0.03044,0.0006087888531618434
15.0,0.01522,0.0003043944265809217
17.0,0.03044,0.0006087888531618434
17.0,0.03044,0.0006087888531618434
14.0,0.03044,0.0006087888531618434
19.0,0.03044,0.0006087888531618434
17.0,0.04566,0.0009131832797427651
17.0,0.03044,0.0006087888531618434
14.0,0.04566,0.0009131832797427651
15.0,0.03044,0.0006087888531618434
16.0,0.03044,0.0006087888531618434
15.0,0.04566,0.0009131832797427651
16.0,0.04566,0.0009131832797427651
13.0,0.06088,0.0012175777063236869
17.0,0.04566,0.0009131832797427651
18.0,0.04566,0.0009131832797427651
16.0,0.03044,0.0006087888531618434
15.0,0.04566,0.0009131832797427651
15.0,0.03044,0.0006087888531618434
16.0,0.04566,0.0009131832797427651
15.0,0.03044,0.0006087888531618434
12.0,0.03044,0.0006087888531618434
16.0,0.04566,0.0009131832797427651
15.0,0.04566,0.0009131832797427651
10.0,0.06088,0.0012175777063236869
16.0,0.04566,0.0009131832797427651
16.0,0.04566,0.0009131832797427651
9.0,0.06088,0.0012175777063236869
13.0,0.0761,0.0015219721329046087
10.0,0.09132,0.0018263665594855302
19.0,0.03044,0.0006087888531618434
17.0,0.04566,0.0009131832797427651
17.0,0.03044,0.0006087888531618434
16.0,0.04566,0.0009131832797427651
17.0,0.01522,0.0003043944265809217
16.0,0.03044,0.0006087888531618434
15.0,0.01522,0.0003043944265809217
14.0,0.01522,0.0003043944265809217
15.0,0.03044,0.0006087888531618434
16.0,0.03044,0.0006087888531618434
13.0,0.03044,0.0006087888531618434
17.0,0.03044,0.0006087888531618434
17.0,0.03044,0.0006087888531618434
15.0,0.04566,0.0009131832797427651
14.0,0.03044,0.0006087888531618434
15.0,0.03044,0.0006087888531618434
12.0,0.04566,0.0009131832797427651
19.0,0.03044,0.0006087888531618434
17.0,0.04566,0.0009131832797427651
17.0,0.03044,0.0006087888531618434
16.0,0.04566,0.0009131832797427651
19.0,0.03044,0.0006087888531618434
17.0,0.04566,0.0009131832797427651
18.0,0.04566,0.0009131832797427651
13.0,0.04566,0.0009131832797427651
10.0,0.06088,0.0012175777063236869
9.0,0.09132,0.0018263665594855302
20.0,0.01522,0.0003043944265809217
19.0,0.03044,0.0006087888531618434
19.0,0.01522,0.0003043944265809217
19.0,0.03044,0.0006087888531618434
19.0,0.01522,0.0003043944265809217
16.0,0.01522,0.0003043944265809217
20.0,0.03044,0.0006087888531618434
19.0,0.03044,0.0006087888531618434
17.0,0.04566,0.0009131832797427651
17.0,0.03044,0.0006087888531618434
19.0,0.03044,0.0006087888531618434
14.0,0.04566,0.0009131832797427651
18.0,0.03044,0.0006087888531618434
17.0,0.03044,0.0006087888531618434
17.0,0.04566,0.0009131832797427651
15.0,0.04566,0.0009131832797427651
18.0,0.01522,0.0003043944265809217
17.0,0.03044,0.0006087888531618434
16.0,0.01522,0.0003043944265809217
16.0,0.03044,0.0006087888531618434
19.0,0.03044,0.0006087888531618434
16.0,0.03044,0.0006087888531618434
18.0,0.03044,0.0006087888531618434
16.0,0.04566,0.0009131832797427651
20.0,0.01522,0.0003043944265809217
19.0,0.03044,0.0006087888531618434
19.0,0.01522,0.0003043944265809217
20.0,0.03044,0.0006087888531618434
19.0,0.01522,0.0003043944265809217
16.0,0.01522,0.0003043944265809217
19.0,0.03044,0.0006087888531618434
19.0,0.03044,0.0006087888531618434
17.0,0.04566,0.0009131832797427651
19.0,0.03044,0.0006087888531618434
17.0,0.03044,0.0006087888531618434
14.0,0.04566,0.0009131832797427651
18.0,0.03044,0.0006087888531618434
17.0,0.03044,0.0006087888531618434
17.0,0.04566,0.0009131832797427651
15.0,0.04566,0.0009131832797427651
18.0,0.01522,0.0003043944265809217
17.0,0.03044,0.0006087888531618434
16.0,0.01522,0.0003043944265809217
16.0,0.03044,0.0006087888531618434
19.0,0.03044,0.0006087888531618434
16.0,0.03044,0.0006087888531618434
18.0,0.03044,0.0006087888531618434
16.0,0.04566,0.0009131832797427651
14.0,0.03044,0.0006087888531618434
13.0,0.04566,0.0009131832797427651
13.0,0.03044,0.0006087888531618434
14.0,0.04566,0.0009131832797427651
13.0,0.03044,0.0006087888531618434
10.0,0.03044,0.0006087888531618434
14.0,0.04566,0.0009131832797427651
13.0,0.04566,0.0009131832797427651
10.0,0.06088,0.0012175777063236869
14.0,0.04566,0.0009131832797427651
14.0,0.04566,0.0009131832797427651
7.0,0.06088,0.0012175777063236869
19.0,0.01522,0.0003043944265809217
18.0,0.03044,0.0006087888531618434
18.0,0.01522,0.0003043944265809217
18.0,0.03044,0.0006087888531618434
18.0,0.01522,0.0003043944265809217
15.0,0.01522,0.0003043944265809217
19.0,0.03044,0.0006087888531618434
18.0,0.03044,0.0006087888531618434
16.0,0.04566,0.0009131832797427651
16.0,0.03044,0.0006087888531618434
18.0,0.03044,0.0006087888531618434
13.0,0.04566,0.0009131832797427651
18.0,0.03044,0.0006087888531618434
16.0,0.03044,0.0006087888531618434
17.0,0.04566,0.0009131832797427651
14.0,0.04566,0.0009131832797427651
18.0,0.01522,0.0003043944265809217
17.0,0.03044,0.0006087888531618434
16.0,0.01522,0.0003043944265809217
16.0,0.03044,0.0006087888531618434
18.0,0.03044,0.0006087888531618434
15.0,0.03044,0.0006087888531618434
18.0,0.03044,0.0006087888531618434
16.0,0.04566,0.0009131832797427651
19.0,0.01522,0.0003043944265809217
18.0,0.03044,0.0006087888531618434
18.0,0.01522,0.0003043944265809217
19.0,0.03044,0.0006087888531618434
18.0,0.01522,0.0003043944265809217
15.0,0.01522,0.0003043944265809217
18.0,0.03044,0.0006087888531618434
18.0,0.03044,0.0006087888531618434
16.0,0.04566,0.0009131832797427651
18.0,0.03044,0.0006087888531618434
16.0,0.03044,0.0006087888531618434
13.0,0.04566,0.0009131832797427651
18.0,0.03044,0.0006087888531618434
16.0,0.03044,0.0006087888531618434
17.0,0.04566,0.0009131832797427651
14.0,0.04566,0.0009131832797427651
18.0,0.01522,0.0003043944265809217
17.0,0.03044,0.0006087888531618434
16.0,0.01522,0.0003043944265809217
16.0,0.03044,0.0006087888531618434
18.0,0.03044,0.0006087888531618434
15.0,0.03044,0.0006087888531618434
18.0,0.03044,0.0006087888531618434
16.0,0.04566,0.0009131832797427651
13.0,0.03044,0.0006087888531618434
12.0,0.04566,0.0009131832797427651
12.0,0.03044,0.0006087888531618434
13.0,0.04566,0.0009131832797427651
12.0,0.03044,0.0006087888531618434
9.0,0.03044,0.0006087888531618434
13.0,0.04566,0.0009131832797427651
12.0,0.04566,0.0009131832797427651
9.0,0.06088,0.0012175777063236869
13.0,0.04566,0.0009131832797427651
13.0,0.04566,0.0009131832797427651
6.0,0.06088,0.0012175777063236869
11.0,0.0761,0.0015219721329046087
8.0,0.09132,0.0018263665594855302
14.0,0.06088,0.0012175777063236869
13.0,0.0761,0.0015219721329046087
13.0,0.0761,0.0015219721329046087
13.0,0.0761,0.0015219721329046087
10.0,0.09132,0.0018263665594855302
13.0,0.0761,0.0015219721329046087
10.0,0.09132,0.0018263665594855302
7.0,0.12176,0.0024351554126473738
12.0,0.0761,0.0015219721329046087
9.0,0.09132,0.0018263665594855302
14.0,0.0761,0.0015219721329046087
11.0,0.09132,0.0018263665594855302
14.0,0.0761,0.0015219721329046087
11.0,0.09132,0.0018263665594855302
11.0,0.0761,0.0015219721329046087
8.0,0.09132,0.0018263665594855302
4.0,0.12176,0.0024351554126473738
18.0,0.06088,0.0012175777063236869
17.0,0.0761,0.0015219721329046087
17.0,0.0761,0.0015219721329046087
17.0,0.0761,0.0015219721329046087
14.0,0.09132,0.0018263665594855302
17.0,0.0761,0.0015219721329046087
14.0,0.09132,0.0018263665594855302
11.0,0.12176,0.0024351554126473738
9.0,0.12176,0.0024351554126473738
15.0,0.226344,0.004526817015433705
14.0,0.241564,0.004831211442014627
14.0,0.241564,0.004831211442014627
14.0,0.241564,0.004831211442014627
11.0,0.256784,0.0051356058685955485
14.0,0.241564,0.004831211442014627
11.0,0.256784,0.0051356058685955485
8.0,0.287224,0.0057443947217573925
21.0,0.056326,0.001126505965504232
20.0,0.071546,0.0014309003920851538
20.0,0.056326,0.001126505965504232
24.0,0.071546,0.0014309003920851538
20.0,0.056326,0.001126505965504232
18.0,0.056326,0.001126505965504232
24.0,0.071546,0.0014309003920851538
20.0,0.071546,0.001430900392085154
19.0,0.086766,0.0017352948186660758
23.0,0.071546,0.001430900392085154
23.0,0.071546,0.001430900392085154
17.0,0.086766,0.0017352948186660758
20.0,0.071546,0.0014309003920851538
20.0,0.071546,0.0014309003920851538
19.0,0.086766,0.0017352948186660758
23.0,0.086766,0.0017352948186660758
20.0,0.056326,0.001126505965504232
19.0,0.071546,0.0014309003920851538
19.0,0.056326,0.001126505965504232
23.0,0.071546,0.0014309003920851538
21.0,0.071546,0.0014309003920851538
19.0,0.071546,0.0014309003920851538
23.0,0.071546,0.001430900392085154
21.0,0.086766,0.0017352948186660758
20.0,0.071546,0.0014309003920851538
18.0,0.086766,0.0017352948186660755
20.0,0.071546,0.0014309003920851538
19.0,0.071546,0.0014309003920851538
19.0,0.086766,0.0017352948186660755
19.0,0.086766,0.0017352948186660758
17.0,0.101986,0.0020396892452469975
23.0,0.086766,0.0017352948186660758
21.0,0.086766,0.0017352948186660758
20.0,0.071546,0.0014309003920851538
19.0,0.086766,0.0017352948186660755
19.0,0.071546,0.0014309003920851538
22.0,0.086766,0.0017352948186660755
19.0,0.071546,0.0014309003920851538
17.0,0.071546,0.0014309003920851538
23.0,0.086766,0.0017352948186660755
18.0,0.086766,0.0017352948186660758
16.0,0.101986,0.0020396892452469975
21.0,0.086766,0.0017352948186660758
22.0,0.086766,0.0017352948186660758
15.0,0.101986,0.0020396892452469975
17.0,0.117206,0.002344083671827919
15.0,0.132426,0.002648478098408841
23.0,0.071546,0.0014309003920851538
21.0,0.086766,0.0017352948186660755
21.0,0.071546,0.0014309003920851538
22.0,0.086766,0.0017352948186660755
20.0,0.056326,0.001126505965504232
19.0,0.071546,0.0014309003920851538
19.0,0.056326,0.001126505965504232
17.0,0.056326,0.001126505965504232
18.0,0.071546,0.0014309003920851538
19.0,0.071546,0.0014309003920851538
16.0,0.071546,0.0014309003920851538
23.0,0.071546,0.0014309003920851538
21.0,0.071546,0.0014309003920851538
19.0,0.086766,0.0017352948186660755
19.0,0.071546,0.0014309003920851538
18.0,0.071546,0.0014309003920851538
16.0,0.086766,0.0017352948186660755
23.0,0.071546,0.0014309003920851538
22.0,0.086766,0.0017352948186660755
21.0,0.071546,0.0014309003920851538
22.0,0.086766,0.0017352948186660755
23.0,0.071546,0.001430900392085154
22.0,0.086766,0.0017352948186660758
21.0,0.086766,0.0017352948186660758
16.0,0.086766,0.0017352948186660758
14.0,0.101986,0.0020396892452469975
14.0,0.132426,0.002648478098408841
20.0,0.056326,0.001126505965504232
19.0,0.071546,0.0014309003920851538
19.0,0.056326,0.001126505965504232
22.0,0.071546,0.0014309003920851538
19.0,0.056326,0.001126505965504232
16.0,0.056326,0.001126505965504232
22.0,0.071546,0.0014309003920851538
19.0,0.071546,0.001430900392085154
17.0,0.086766,0.0017352948186660758
22.0,0.071546,0.001430900392085154
22.0,0.071546,0.001430900392085154
15.0,0.086766,0.0017352948186660758
19.0,0.071546,0.0014309003920851538
18.0,0.071546,0.0014309003920851538
18.0,0.086766,0.0017352948186660758
20.0,0.086766,0.0017352948186660758
20.0,0.056326,0.001126505965504232
19.0,0.071546,0.0014309003920851538
18.0,0.056326,0.001126505965504232
21.0,0.071546,0.0014309003920851538
20.0,0.071546,0.0014309003920851538
17.0,0.071546,0.0014309003920851538
23.0,0.071546,0.001430900392085154
21.0,0.086766,0.0017352948186660758
23.0,0.071546,0.0014309003920851538
22.0,0.086766,0.0017352948186660755
23.0,0.071546,0.0014309003920851538
22.0,0.086766,0.0017352948186660755
23.0,0.071546,0.0014309003920851538
20.0,0.071546,0.0014309003920851538
21.0,0.086766,0.0017352948186660755
22.0,0.086766,0.0017352948186660758
17.0,0.101986,0.0020396892452469975
23.0,0.086766,0.0017352948186660758
23.0,0.086766,0.0017352948186660758
16.0,0.101986,0.0020396892452469975
20.0,0.056326,0.001126505965504232
19.0,0.071546,0.0014309003920851538
19.0,0.056326,0.001126505965504232
23.0,0.071546,0.0014309003920851538
19.0,0.056326,0.001126505965504232
17.0,0.056326,0.001126505965504232
23.0,0.071546,0.0014309003920851538
19.0,0.071546,0.001430900392085154
18.0,0.086766,0.0017352948186660758
22.0,0.071546,0.001430900392085154
22.0,0.071546,0.001430900392085154
16.0,0.086766,0.0017352948186660758
18.0,0.071546,0.0014309003920851538
17.0,0.071546,0.0014309003920851538
17.0,0.086766,0.0017352948186660758
20.0,0.086766,0.0017352948186660758
18.0,0.056326,0.001126505965504232
17.0,0.071546,0.0014309003920851538
17.0,0.056326,0.001126505965504232
21.0,0.071546,0.0014309003920851538
19.0,0.071546,0.0014309003920851538
17.0,0.071546,0.0014309003920851538
21.0,0.071546,0.001430900392085154
19.0,0.086766,0.0017352948186660758
20.0,0.071546,0.0014309003920851538
18.0,0.086766,0.0017352948186660755
20.0,0.071546,0.0014309003920851538
19.0,0.071546,0.0014309003920851538
19.0,0.086766,0.0017352948186660755
19.0,0.086766,0.0017352948186660758
17.0,0.101986,0.0020396892452469975
23.0,0.086766,0.0017352948186660758
21.0,0.086766,0.0017352948186660758
23.0,0.071546,0.0014309003920851538
22.0,0.086766,0.0017352948186660755
22.0,0.071546,0.0014309003920851538
22.0,0.086766,0.0017352948186660755
22.0,0.071546,0.0014309003920851538
20.0,0.071546,0.0014309003920851538
21.0,0.086766,0.0017352948186660755
22.0,0.086766,0.0017352948186660758
19.0,0.101986,0.0020396892452469975
22.0,0.086766,0.0017352948186660758
22.0,0.086766,0.0017352948186660758
17.0,0.101986,0.0020396892452469975
19.0,0.071546,0.001430900392085154
18.0,0.086766,0.0017352948186660758
18.0,0.071546,0.001430900392085154
18.0,0.071546,0.001430900392085154
18.0,0.086766,0.0017352948186660758
18.0,0.086766,0.0017352948186660758
17.0,0.086766,0.0017352948186660758
22.0,0.086766,0.0017352948186660758
18.0,0.086766,0.0017352948186660758
16.0,0.101986,0.0020396892452469975
17.0,0.086766,0.0017352948186660758
16.0,0.086766,0.0017352948186660758
16.0,0.101986,0.0020396892452469975
18.0,0.086766,0.0017352948186660758
17.0,0.101986,0.0020396892452469975
17.0,0.086766,0.0017352948186660758
20.0,0.101986,0.0020396892452469975
15.0,0.132426,0.002648478098408841
20.0,0.086766,0.0017352948186660758
18.0,0.101986,0.0020396892452469975
20.0,0.071546,0.001430900392085154
19.0,0.086766,0.0017352948186660758
19.0,0.071546,0.001430900392085154
19.0,0.071546,0.001430900392085154
19.0,0.086766,0.0017352948186660758
19.0,0.086766,0.0017352948186660758
18.0,0.086766,0.0017352948186660758
21.0,0.086766,0.0017352948186660758
20.0,0.071546,0.001430900392085154
18.0,0.086766,0.0017352948186660758
19.0,0.071546,0.001430900392085154
18.0,0.071546,0.001430900392085154
18.0,0.086766,0.0017352948186660758
19.0,0.086766,0.0017352948186660758
17.0,0.086766,0.0017352948186660758
23.0,0.086766,0.0017352948186660758
17.0,0.086766,0.0017352948186660758
15.0,0.101986,0.0020396892452469975
16.0,0.086766,0.0017352948186660758
15.0,0.086766,0.0017352948186660758
15.0,0.101986,0.0020396892452469975
18.0,0.132426,0.002648478098408841
22.0,0.112652,0.002253011931008464
20.0,0.127872,0.002557406357589386
20.0,0.112652,0.002253011931008464
21.0,0.112652,0.002253011931008464
20.0,0.127872,0.002557406357589386
21.0,0.112652,0.002253011931008464
19.0,0.112652,0.002253011931008464
21.0,0.112652,0.002253011931008464
19.0,0.112652,0.002253011931008464
21.0,0.127872,0.002557406357589386
20.0,0.127872,0.002557406357589386
18.0,0.143092,0.002861800784170308
20.0,0.127872,0.002557406357589386
21.0,0.127872,0.002557406357589386
17.0,0.143092,0.002861800784170308
21.0,0.127872,0.002557406357589386
19.0,0.127872,0.002557406357589386
20.0,0.127872,0.002557406357589386
19.0,0.143092,0.002861800784170308
19.0,0.143092,0.002861800784170308
24.0,0.127872,0.002557406357589386
22.0,0.127872,0.002557406357589386
24.0,0.127872,0.002557406357589386
22.0,0.127872,0.002557406357589386
21.0,0.112652,0.002253011931008464
19.0,0.127872,0.002557406357589386
19.0,0.112652,0.002253011931008464
19.0,0.112652,0.002253011931008464
19.0,0.127872,0.002557406357589386
20.0,0.112652,0.002253011931008464
17.0,0.112652,0.002253011931008464
18.0,0.112652,0.002253011931008464
16.0,0.112652,0.002253011931008464
19.0,0.127872,0.002557406357589386
19.0,0.127872,0.002557406357589386
16.0,0.143092,0.002861800784170308
19.0,0.127872,0.002557406357589386
19.0,0.127872,0.002557406357589386
15.0,0.143092,0.002861800784170308
23.0,0.127872,0.002557406357589386
21.0,0.127872,0.002557406357589386
21.0,0.127872,0.002557406357589386
20.0,0.143092,0.002861800784170308
20.0,0.143092,0.002861800784170308
21.0,0.127872,0.002557406357589386
19.0,0.143092,0.002861800784170308
19.0,0.127872,0.002557406357589386
20.0,0.127872,0.002557406357589386
19.0,0.143092,0.002861800784170308
18.0,0.143092,0.002861800784170308
16.0,0.143092,0.002861800784170308
21.0,0.143092,0.002861800784170308
24.0,0.127872,0.002557406357589386
21.0,0.143092,0.002861800784170308
22.0,0.127872,0.002557406357589386
20.0,0.143092,0.002861800784170308
23.0,0.127872,0.002557406357589386
20.0,0.143092,0.002861800784170308
21.0,0.127872,0.002557406357589386
21.0,0.127872,0.002557406357589386
20.0,0.143092,0.002861800784170308
24.0,0.127872,0.002557406357589386
22.0,0.127872,0.002557406357589386
16.0,0.143092,0.002861800784170308
14.0,0.143092,0.002861800784170308
24.0,0.112652,0.002253011931008464
23.0,0.127872,0.002557406357589386
23.0,0.112652,0.002253011931008464
26.0,0.127872,0.002557406357589386
23.0,0.112652,0.002253011931008464
20.0,0.112652,0.002253011931008464
26.0,0.127872,0.002557406357589386
23.0,0.127872,0.002557406357589386
21.0,0.143092,0.002861800784170308
26.0,0.127872,0.002557406357589386
26.0,0.127872,0.002557406357589386
19.0,0.143092,0.002861800784170308
22.0,0.127872,0.002557406357589386
21.0,0.127872,0.002557406357589386
21.0,0.143092,0.002861800784170308
23.0,0.143092,0.002861800784170308
23.0,0.112652,0.002253011931008464
22.0,0.127872,0.002557406357589386
22.0,0.112652,0.002253011931008464
24.0,0.127872,0.002557406357589386
23.0,0.127872,0.002557406357589386
21.0,0.127872,0.002557406357589386
26.0,0.127872,0.002557406357589386
24.0,0.143092,0.002861800784170308
23.0,0.112652,0.002253011931008464
20.0,0.127872,0.002557406357589386
21.0,0.112652,0.002253011931008464
21.0,0.112652,0.002253011931008464
21.0,0.127872,0.002557406357589386
22.0,0.127872,0.002557406357589386
19.0,0.143092,0.002861800784170308
24.0,0.127872,0.002557406357589386
24.0,0.127872,0.002557406357589386
26.0,0.127872,0.002557406357589386
24.0,0.127872,0.002557406357589386
24.0,0.143092,0.002861800784170308
23.0,0.143092,0.002861800784170308
22.0,0.127872,0.002557406357589386
20.0,0.143092,0.002861800784170308
20.0,0.127872,0.002557406357589386
21.0,0.127872,0.002557406357589386
20.0,0.143092,0.002861800784170308
21.0,0.143092,0.002861800784170308
19.0,0.143092,0.002861800784170308
23.0,0.143092,0.002861800784170308
23.0,0.127872,0.002557406357589386
20.0,0.143092,0.002861800784170308
21.0,0.127872,0.002557406357589386
21.0,0.127872,0.002557406357589386
20.0,0.143092,0.002861800784170308
20.0,0.169154,0.0033830197892820704
19.0,0.184374,0.003687414215862992
20.0,0.169154,0.0033830197892820704
21.0,0.184374,0.003687414215862992
20.0,0.169154,0.0033830197892820704
17.0,0.169154,0.0033830197892820704
22.0,0.184374,0.003687414215862992
19.0,0.184374,0.0036874142158629924
16.0,0.199594,0.0039918086424439135
21.0,0.184374,0.0036874142158629924
22.0,0.184374,0.0036874142158629924
15.0,0.199594,0.0039918086424439135
19.0,0.169154,0.0033830197892820704
17.0,0.169154,0.0033830197892820704
18.0,0.184374,0.0036874142158629924
19.0,0.184374,0.0036874142158629924
22.0,0.184374,0.003687414215862992
18.0,0.199594,0.0039918086424439135
18.0,0.184374,0.0036874142158629924
17.0,0.199594,0.0039918086424439135
17.0,0.184374,0.0036874142158629924
18.0,0.199594,0.0039918086424439135
19.0,0.184374,0.0036874142158629924
17.0,0.184374,0.0036874142158629924
21.0,0.169154,0.0033830197892820704
18.0,0.184374,0.003687414215862992
19.0,0.169154,0.0033830197892820704
19.0,0.169154,0.0033830197892820704
18.0,0.184374,0.003687414215862992
20.0,0.169154,0.0033830197892820704
17.0,0.169154,0.0033830197892820704
20.0,0.169154,0.0033830197892820704
18.0,0.169154,0.0033830197892820704
19.0,0.184374,0.003687414215862992
19.0,0.184374,0.0036874142158629924
16.0,0.199594,0.0039918086424439135
19.0,0.184374,0.0036874142158629924
19.0,0.184374,0.0036874142158629924
15.0,0.199594,0.0039918086424439135
19.0,0.184374,0.0036874142158629924
16.0,0.199594,0.0039918086424439135
17.0,0.184374,0.0036874142158629924
17.0,0.184374,0.0036874142158629924
16.0,0.199594,0.0039918086424439135
21.0,0.184374,0.0036874142158629924
18.0,0.184374,0.0036874142158629924
21.0,0.184374,0.0036874142158629924
19.0,0.184374,0.0036874142158629924
23.0,0.169154,0.0033830197892820704
20.0,0.184374,0.0036874142158629924
22.0,0.169154,0.0033830197892820704
22.0,0.169154,0.0033830197892820704
21.0,0.184374,0.0036874142158629924
22.0,0.184374,0.0036874142158629924
19.0,0.199594,0.003991808642443914
25.0,0.184374,0.0036874142158629924
24.0,0.184374,0.0036874142158629924
21.0,0.184374,0.0036874142158629924
18.0,0.199594,0.003991808642443914
19.0,0.184374,0.0036874142158629924
19.0,0.184374,0.0036874142158629924
18.0,0.199594,0.003991808642443914
17.0,0.28267,0.005653322980937937
15.0,0.29789,0.005957717407518859
15.0,0.29789,0.005957717407518859
21.0,0.112652,0.002253011931008464
20.0,0.127872,0.002557406357589386
20.0,0.112652,0.002253011931008464
20.0,0.112652,0.002253011931008464
20.0,0.127872,0.002557406357589386
18.0,0.112652,0.002253011931008464
17.0,0.112652,0.002253011931008464
20.0,0.112652,0.002253011931008464
18.0,0.112652,0.002253011931008464
19.0,0.127872,0.002557406357589386
19.0,0.127872,0.002557406357589386
17.0,0.143092,0.002861800784170308
19.0,0.127872,0.002557406357589386
20.0,0.127872,0.002557406357589386
16.0,0.143092,0.002861800784170308
19.0,0.127872,0.002557406357589386
18.0,0.127872,0.002557406357589386
16.0,0.127872,0.002557406357589386
17.0,0.143092,0.002861800784170308
17.0,0.143092,0.002861800784170308
21.0,0.127872,0.002557406357589386
18.0,0.127872,0.002557406357589386
21.0,0.127872,0.002557406357589386
19.0,0.127872,0.002557406357589386
23.0,0.112652,0.002253011931008464
22.0,0.127872,0.002557406357589386
20.0,0.112652,0.002253011931008464
22.0,0.112652,0.002253011931008464
21.0,0.127872,0.002557406357589386
22.0,0.127872,0.002557406357589386
19.0,0.127872,0.002557406357589386
24.0,0.127872,0.002557406357589386
22.0,0.112652,0.002253011931008464
19.0,0.127872,0.002557406357589386
19.0,0.112652,0.002253011931008464
20.0,0.112652,0.002253011931008464
19.0,0.127872,0.002557406357589386
24.0,0.127872,0.002557406357589386
21.0,0.127872,0.002557406357589386
20.0,0.184374,0.0036874142158629924
17.0,0.199594,0.003991808642443914
18.0,0.184374,0.0036874142158629924
18.0,0.184374,0.0036874142158629924
17.0,0.199594,0.003991808642443914
16.0,0.29789,0.005957717407518859
17.0,0.184374,0.0036874142158629924
15.0,0.199594,0.0039918086424439135
16.0,0.184374,0.0036874142158629924
16.0,0.199594,0.0039918086424439135
20.0,0.112652,0.002253011931008464
18.0,0.127872,0.002557406357589386
17.0,0.112652,0.002253011931008464
19.0,0.112652,0.002253011931008464
18.0,0.127872,0.002557406357589386
19.0,0.112652,0.002253011931008464
17.0,0.112652,0.002253011931008464
19.0,0.112652,0.002253011931008464
16.0,0.112652,0.002253011931008464
19.0,0.127872,0.002557406357589386
18.0,0.127872,0.002557406357589386
16.0,0.143092,0.002861800784170308
18.0,0.127872,0.002557406357589386
19.0,0.127872,0.002557406357589386
15.0,0.143092,0.002861800784170308
19.0,0.127872,0.002557406357589386
16.0,0.127872,0.002557406357589386
18.0,0.127872,0.002557406357589386
17.0,0.143092,0.002861800784170308
17.0,0.143092,0.002861800784170308
22.0,0.127872,0.002557406357589386
20.0,0.127872,0.002557406357589386
22.0,0.127872,0.002557406357589386
19.0,0.127872,0.002557406357589386
19.0,0.112652,0.002253011931008464
17.0,0.127872,0.002557406357589386
16.0,0.112652,0.002253011931008464
17.0,0.112652,0.002253011931008464
16.0,0.127872,0.002557406357589386
17.0,0.112652,0.002253011931008464
15.0,0.112652,0.002253011931008464
16.0,0.112652,0.002253011931008464
13.0,0.112652,0.002253011931008464
16.0,0.127872,0.002557406357589386
17.0,0.127872,0.002557406357589386
14.0,0.143092,0.002861800784170308
16.0,0.127872,0.002557406357589386
16.0,0.127872,0.002557406357589386
12.0,0.143092,0.002861800784170308
21.0,0.127872,0.002557406357589386
18.0,0.127872,0.002557406357589386
19.0,0.127872,0.002557406357589386
18.0,0.143092,0.002861800784170308
18.0,0.143092,0.002861800784170308
19.0,0.127872,0.002557406357589386
17.0,0.143092,0.002861800784170308
16.0,0.127872,0.002557406357589386
18.0,0.127872,0.002557406357589386
17.0,0.143092,0.002861800784170308
16.0,0.143092,0.002861800784170308
14.0,0.143092,0.002861800784170308
19.0,0.143092,0.002861800784170308
22.0,0.127872,0.002557406357589386
19.0,0.143092,0.002861800784170308
20.0,0.127872,0.002557406357589386
18.0,0.143092,0.002861800784170308
21.0,0.127872,0.002557406357589386
18.0,0.143092,0.002861800784170308
18.0,0.127872,0.002557406357589386
19.0,0.127872,0.002557406357589386
18.0,0.143092,0.002861800784170308
22.0,0.127872,0.002557406357589386
19.0,0.127872,0.002557406357589386
14.0,0.143092,0.002861800784170308
11.0,0.143092,0.002861800784170308
20.0,0.056326,0.001126505965504232
19.0,0.071546,0.0014309003920851538
19.0,0.056326,0.001126505965504232
17.0,0.056326,0.001126505965504232
18.0,0.071546,0.0014309003920851538
19.0,0.056326,0.001126505965504232
16.0,0.056326,0.001126505965504232
19.0,0.056326,0.001126505965504232
17.0,0.056326,0.001126505965504232
19.0,0.071546,0.0014309003920851538
19.0,0.071546,0.001430900392085154
17.0,0.086766,0.0017352948186660758
19.0,0.071546,0.001430900392085154
18.0,0.071546,0.001430900392085154
15.0,0.086766,0.0017352948186660758
19.0,0.071546,0.0014309003920851538
16.0,0.071546,0.0014309003920851538
18.0,0.071546,0.0014309003920851538
18.0,0.086766,0.0017352948186660758
17.0,0.086766,0.0017352948186660758
22.0,0.071546,0.0014309003920851538
21.0,0.071546,0.0014309003920851538
23.0,0.071546,0.0014309003920851538
20.0,0.071546,0.0014309003920851538
19.0,0.056326,0.001126505965504232
18.0,0.071546,0.0014309003920851538
18.0,0.056326,0.001126505965504232
16.0,0.056326,0.001126505965504232
17.0,0.071546,0.0014309003920851538
17.0,0.056326,0.001126505965504232
14.0,0.056326,0.001126505965504232
17.0,0.056326,0.001126505965504232
16.0,0.056326,0.001126505965504232
17.0,0.071546,0.0014309003920851538
17.0,0.071546,0.001430900392085154
16.0,0.086766,0.0017352948186660758
17.0,0.071546,0.001430900392085154
16.0,0.071546,0.001430900392085154
13.0,0.086766,0.0017352948186660758
22.0,0.071546,0.0014309003920851538
19.0,0.071546,0.0014309003920851538
20.0,0.071546,0.0014309003920851538
20.0,0.086766,0.0017352948186660758
19.0,0.086766,0.0017352948186660758
19.0,0.071546,0.001430900392085154
18.0,0.086766,0.0017352948186660758
18.0,0.071546,0.001430900392085154
16.0,0.071546,0.001430900392085154
17.0,0.086766,0.0017352948186660758
17.0,0.086766,0.0017352948186660758
14.0,0.086766,0.0017352948186660758
20.0,0.086766,0.0017352948186660758
21.0,0.071546,0.001430900392085154
20.0,0.086766,0.0017352948186660758
20.0,0.071546,0.001430900392085154
18.0,0.071546,0.001430900392085154
19.0,0.086766,0.0017352948186660758
22.0,0.071546,0.001430900392085154
19.0,0.071546,0.001430900392085154
15.0,0.086766,0.0017352948186660758
12.0,0.086766,0.0017352948186660758
22.0,0.071546,0.001430900392085154
20.0,0.086766,0.0017352948186660758
20.0,0.071546,0.001430900392085154
19.0,0.086766,0.0017352948186660758
21.0,0.112652,0.002253011931008464
19.0,0.127872,0.002557406357589386
20.0,0.112652,0.002253011931008464
18.0,0.112652,0.002253011931008464
19.0,0.127872,0.002557406357589386
20.0,0.112652,0.002253011931008464
17.0,0.112652,0.002253011931008464
20.0,0.112652,0.002253011931008464
18.0,0.112652,0.002253011931008464
20.0,0.127872,0.002557406357589386
20.0,0.127872,0.002557406357589386
17.0,0.143092,0.002861800784170308
20.0,0.127872,0.002557406357589386
19.0,0.127872,0.002557406357589386
16.0,0.143092,0.002861800784170308
19.0,0.127872,0.002557406357589386
17.0,0.143092,0.002861800784170308
18.0,0.127872,0.002557406357589386
16.0,0.127872,0.002557406357589386
17.0,0.143092,0.002861800784170308
21.0,0.127872,0.002557406357589386
18.0,0.127872,0.002557406357589386
21.0,0.127872,0.002557406357589386
19.0,0.127872,0.002557406357589386
23.0,0.112652,0.002253011931008464
20.0,0.112652,0.002253011931008464
22.0,0.112652,0.002253011931008464
22.0,0.127872,0.002557406357589386
21.0,0.127872,0.002557406357589386
22.0,0.127872,0.002557406357589386
19.0,0.127872,0.002557406357589386
25.0,0.127872,0.002557406357589386
22.0,0.112652,0.002253011931008464
19.0,0.112652,0.002253011931008464
20.0,0.112652,0.002253011931008464
20.0,0.127872,0.002557406357589386
19.0,0.127872,0.002557406357589386
24.0,0.127872,0.002557406357589386
21.0,0.127872,0.002557406357589386
20.0,0.169154,0.0033830197892820704
17.0,0.169154,0.0033830197892820704
18.0,0.169154,0.0033830197892820704
18.0,0.184374,0.0036874142158629924
18.0,0.184374,0.0036874142158629924
18.0,0.184374,0.0036874142158629924
15.0,0.184374,0.0036874142158629924
19.0,0.184374,0.0036874142158629924
22.0,0.169154,0.0033830197892820704
20.0,0.169154,0.0033830197892820704
21.0,0.184374,0.0036874142158629924
22.0,0.184374,0.0036874142158629924
20.0,0.184374,0.0036874142158629924
18.0,0.184374,0.0036874142158629924
19.0,0.112652,0.002253011931008464
17.0,0.127872,0.002557406357589386
17.0,0.112652,0.002253011931008464
16.0,0.112652,0.002253011931008464
16.0,0.127872,0.002557406357589386
16.0,0.112652,0.002253011931008464
13.0,0.112652,0.002253011931008464
17.0,0.112652,0.002253011931008464
15.0,0.112652,0.002253011931008464
16.0,0.127872,0.002557406357589386
17.0,0.127872,0.002557406357589386
15.0,0.143092,0.002861800784170308
16.0,0.127872,0.002557406357589386
16.0,0.127872,0.002557406357589386
12.0,0.143092,0.002861800784170308
22.0,0.112652,0.002253011931008464
19.0,0.112652,0.002253011931008464
19.0,0.112652,0.002253011931008464
16.0,0.112652,0.002253011931008464
18.0,0.184374,0.0036874142158629924
15.0,0.184374,0.0036874142158629924
15.0,0.184374,0.0036874142158629924
12.0,0.184374,0.0036874142158629924
21.0,0.056326,0.001126505965504232
20.0,0.071546,0.0014309003920851538
20.0,0.056326,0.001126505965504232
24.0,0.071546,0.0014309003920851538
20.0,0.056326,0.001126505965504232
18.0,0.056326,0.001126505965504232
24.0,0.071546,0.0014309003920851538
20.0,0.071546,0.001430900392085154
19.0,0.086766,0.0017352948186660758
23.0,0.071546,0.001430900392085154
23.0,0.071546,0.001430900392085154
17.0,0.086766,0.0017352948186660758
20.0,0.071546,0.0014309003920851538
20.0,0.071546,0.0014309003920851538
19.0,0.086766,0.0017352948186660758
23.0,0.086766,0.0017352948186660758
20.0,0.056326,0.001126505965504232
19.0,0.071546,0.0014309003920851538
19.0,0.056326,0.001126505965504232
23.0,0.071546,0.0014309003920851538
21.0,0.071546,0.0014309003920851538
19.0,0.071546,0.0014309003920851538
23.0,0.071546,0.001430900392085154
22.0,0.086766,0.0017352948186660758
20.0,0.071546,0.0014309003920851538
18.0,0.086766,0.0017352948186660755
20.0,0.071546,0.0014309003920851538
19.0,0.071546,0.0014309003920851538
19.0,0.086766,0.0017352948186660755
19.0,0.086766,0.0017352948186660758
17.0,0.101986,0.0020396892452469975
23.0,0.086766,0.0017352948186660758
21.0,0.086766,0.0017352948186660758
20.0,0.071546,0.0014309003920851538
19.0,0.086766,0.0017352948186660755
19.0,0.071546,0.0014309003920851538
23.0,0.086766,0.0017352948186660755
19.0,0.071546,0.0014309003920851538
17.0,0.071546,0.0014309003920851538
22.0,0.086766,0.0017352948186660755
18.0,0.086766,0.0017352948186660758
16.0,0.101986,0.0020396892452469975
22.0,0.086766,0.0017352948186660758
21.0,0.086766,0.0017352948186660758
15.0,0.101986,0.0020396892452469975
17.0,0.117206,0.002344083671827919
15.0,0.132426,0.002648478098408841
23.0,0.071546,0.0014309003920851538
22.0,0.086766,0.0017352948186660755
21.0,0.071546,0.0014309003920851538
22.0,0.086766,0.0017352948186660755
20.0,0.056326,0.001126505965504232
19.0,0.071546,0.0014309003920851538
19.0,0.056326,0.001126505965504232
17.0,0.056326,0.001126505965504232
18.0,0.071546,0.0014309003920851538
19.0,0.071546,0.0014309003920851538
16.0,0.071546,0.0014309003920851538
23.0,0.071546,0.0014309003920851538
21.0,0.071546,0.0014309003920851538
19.0,0.086766,0.0017352948186660755
19.0,0.071546,0.0014309003920851538
18.0,0.071546,0.0014309003920851538
16.0,0.086766,0.0017352948186660755
23.0,0.071546,0.0014309003920851538
21.0,0.086766,0.0017352948186660755
21.0,0.071546,0.0014309003920851538
22.0,0.086766,0.0017352948186660755
23.0,0.071546,0.001430900392085154
21.0,0.086766,0.0017352948186660758
21.0,0.086766,0.0017352948186660758
16.0,0.086766,0.0017352948186660758
14.0,0.101986,0.0020396892452469975
14.0,0.132426,0.002648478098408841
20.0,0.056326,0.001126505965504232
19.0,0.071546,0.0014309003920851538
19.0,0.056326,0.001126505965504232
22.0,0.071546,0.0014309003920851538
19.0,0.056326,0.001126505965504232
16.0,0.056326,0.001126505965504232
22.0,0.071546,0.0014309003920851538
19.0,0.071546,0.001430900392085154
17.0,0.086766,0.0017352948186660758
22.0,0.071546,0.001430900392085154
22.0,0.071546,0.001430900392085154
15.0,0.086766,0.0017352948186660758
19.0,0.071546,0.0014309003920851538
18.0,0.071546,0.0014309003920851538
18.0,0.086766,0.0017352948186660758
20.0,0.086766,0.0017352948186660758
20.0,0.056326,0.001126505965504232
19.0,0.071546,0.0014309003920851538
18.0,0.056326,0.001126505965504232
21.0,0.071546,0.0014309003920851538
20.0,0.071546,0.0014309003920851538
17.0,0.071546,0.0014309003920851538
23.0,0.071546,0.001430900392085154
21.0,0.086766,0.0017352948186660758
23.0,0.071546,0.0014309003920851538
22.0,0.086766,0.0017352948186660755
23.0,0.071546,0.0014309003920851538
21.0,0.086766,0.0017352948186660755
23.0,0.071546,0.0014309003920851538
20.0,0.071546,0.0014309003920851538
22.0,0.086766,0.0017352948186660755
22.0,0.086766,0.0017352948186660758
17.0,0.101986,0.0020396892452469975
23.0,0.086766,0.0017352948186660758
23.0,0.086766,0.0017352948186660758
16.0,0.101986,0.0020396892452469975
20.0,0.056326,0.001126505965504232
19.0,0.071546,0.0014309003920851538
19.0,0.056326,0.001126505965504232
23.0,0.071546,0.0014309003920851538
19.0,0.056326,0.001126505965504232
17.0,0.056326,0.001126505965504232
23.0,0.071546,0.0014309003920851538
19.0,0.071546,0.001430900392085154
18.0,0.086766,0.0017352948186660758
22.0,0.071546,0.001430900392085154
22.0,0.071546,0.001430900392085154
16.0,0.086766,0.0017352948186660758
18.0,0.071546,0.0014309003920851538
17.0,0.071546,0.0014309003920851538
17.0,0.086766,0.0017352948186660758
20.0,0.086766,0.0017352948186660758
18.0,0.056326,0.001126505965504232
17.0,0.071546,0.0014309003920851538
17.0,0.056326,0.001126505965504232
21.0,0.071546,0.0014309003920851538
19.0,0.071546,0.0014309003920851538
17.0,0.071546,0.0014309003920851538
21.0,0.071546,0.001430900392085154
19.0,0.086766,0.0017352948186660758
20.0,0.071546,0.0014309003920851538
18.0,0.086766,0.0017352948186660755
20.0,0.071546,0.0014309003920851538
19.0,0.071546,0.0014309003920851538
19.0,0.086766,0.0017352948186660755
19.0,0.086766,0.0017352948186660758
17.0,0.101986,0.0020396892452469975
23.0,0.086766,0.0017352948186660758
21.0,0.086766,0.0017352948186660758
23.0,0.071546,0.0014309003920851538
22.0,0.086766,0.0017352948186660755
22.0,0.071546,0.0014309003920851538
21.0,0.086766,0.0017352948186660755
22.0,0.071546,0.0014309003920851538
20.0,0.071546,0.0014309003920851538
22.0,0.086766,0.0017352948186660755
22.0,0.086766,0.0017352948186660758
19.0,0.101986,0.0020396892452469975
22.0,0.086766,0.0017352948186660758
22.0,0.086766,0.0017352948186660758
17.0,0.101986,0.0020396892452469975
19.0,0.071546,0.0014309003920851538
18.0,0.086766,0.0017352948186660755
18.0,0.071546,0.0014309003920851538
18.0,0.071546,0.0014309003920851538
18.0,0.086766,0.0017352948186660755
18.0,0.086766,0.0017352948186660755
17.0,0.086766,0.0017352948186660755
22.0,0.086766,0.0017352948186660755
18.0,0.086766,0.0017352948186660755
16.0,0.101986,0.002039689245246997
17.0,0.086766,0.0017352948186660755
16.0,0.086766,0.0017352948186660755
16.0,0.101986,0.002039689245246997
18.0,0.086766,0.0017352948186660755
17.0,0.101986,0.002039689245246997
17.0,0.086766,0.0017352948186660755
20.0,0.101986,0.002039689245246997
15.0,0.132426,0.0026484780984088407
20.0,0.086766,0.0017352948186660755
18.0,0.101986,0.002039689245246997
20.0,0.071546,0.0014309003920851538
19.0,0.086766,0.0017352948186660755
19.0,0.071546,0.0014309003920851538
19.0,0.071546,0.0014309003920851538
19.0,0.086766,0.0017352948186660755
19.0,0.086766,0.0017352948186660755
18.0,0.086766,0.0017352948186660755
21.0,0.086766,0.0017352948186660755
20.0,0.071546,0.0014309003920851538
18.0,0.086766,0.0017352948186660755
19.0,0.071546,0.0014309003920851538
18.0,0.071546,0.0014309003920851538
18.0,0.086766,0.0017352948186660755
19.0,0.086766,0.0017352948186660755
17.0,0.086766,0.0017352948186660755
23.0,0.086766,0.0017352948186660755
17.0,0.086766,0.0017352948186660755
15.0,0.101986,0.002039689245246997
16.0,0.086766,0.0017352948186660755
15.0,0.086766,0.0017352948186660755
15.0,0.101986,0.002039689245246997
18.0,0.132426,0.0026484780984088407
24.0,0.112652,0.002253011931008464
23.0,0.127872,0.002557406357589386
23.0,0.112652,0.002253011931008464
26.0,0.127872,0.002557406357589386
23.0,0.112652,0.002253011931008464
20.0,0.112652,0.002253011931008464
26.0,0.127872,0.002557406357589386
23.0,0.127872,0.002557406357589386
21.0,0.143092,0.002861800784170308
26.0,0.127872,0.002557406357589386
26.0,0.127872,0.002557406357589386
19.0,0.143092,0.002861800784170308
22.0,0.127872,0.002557406357589386
21.0,0.127872,0.002557406357589386
21.0,0.143092,0.002861800784170308
23.0,0.143092,0.002861800784170308
23.0,0.112652,0.002253011931008464
22.0,0.127872,0.002557406357589386
22.0,0.112652,0.002253011931008464
24.0,0.127872,0.002557406357589386
23.0,0.127872,0.002557406357589386
21.0,0.127872,0.002557406357589386
26.0,0.127872,0.002557406357589386
24.0,0.143092,0.002861800784170308
23.0,0.112652,0.002253011931008464
20.0,0.127872,0.002557406357589386
21.0,0.112652,0.002253011931008464
21.0,0.112652,0.002253011931008464
21.0,0.127872,0.002557406357589386
22.0,0.127872,0.002557406357589386
19.0,0.143092,0.002861800784170308
24.0,0.127872,0.002557406357589386
24.0,0.127872,0.002557406357589386
26.0,0.127872,0.002557406357589386
24.0,0.127872,0.002557406357589386
24.0,0.143092,0.002861800784170308
23.0,0.143092,0.002861800784170308
22.0,0.127872,0.002557406357589386
20.0,0.143092,0.002861800784170308
20.0,0.127872,0.002557406357589386
21.0,0.127872,0.002557406357589386
20.0,0.143092,0.002861800784170308
21.0,0.143092,0.002861800784170308
19.0,0.143092,0.002861800784170308
23.0,0.143092,0.002861800784170308
23.0,0.127872,0.002557406357589386
20.0,0.143092,0.002861800784170308
21.0,0.127872,0.002557406357589386
21.0,0.127872,0.002557406357589386
20.0,0.143092,0.002861800784170308
22.0,0.112652,0.002253011931008464
20.0,0.127872,0.002557406357589386
20.0,0.112652,0.002253011931008464
21.0,0.112652,0.002253011931008464
20.0,0.127872,0.002557406357589386
21.0,0.112652,0.002253011931008464
19.0,0.112652,0.002253011931008464
21.0,0.112652,0.002253011931008464
19.0,0.112652,0.002253011931008464
21.0,0.127872,0.002557406357589386
20.0,0.127872,0.002557406357589386
18.0,0.143092,0.0028618007841703075
20.0,0.127872,0.002557406357589386
21.0,0.127872,0.002557406357589386
17.0,0.143092,0.0028618007841703075
21.0,0.127872,0.002557406357589386
19.0,0.127872,0.002557406357589386
20.0,0.127872,0.002557406357589386
19.0,0.143092,0.002861800784170308
19.0,0.143092,0.002861800784170308
24.0,0.127872,0.002557406357589386
22.0,0.127872,0.002557406357589386
24.0,0.127872,0.002557406357589386
22.0,0.127872,0.002557406357589386
21.0,0.112652,0.002253011931008464
19.0,0.127872,0.002557406357589386
19.0,0.112652,0.002253011931008464
19.0,0.112652,0.002253011931008464
19.0,0.127872,0.002557406357589386
20.0,0.112652,0.002253011931008464
17.0,0.112652,0.002253011931008464
18.0,0.112652,0.002253011931008464
16.0,0.112652,0.002253011931008464
19.0,0.127872,0.002557406357589386
19.0,0.127872,0.002557406357589386
16.0,0.143092,0.0028618007841703075
19.0,0.127872,0.002557406357589386
19.0,0.127872,0.002557406357589386
15.0,0.143092,0.0028618007841703075
23.0,0.127872,0.002557406357589386
21.0,0.127872,0.002557406357589386
21.0,0.127872,0.002557406357589386
20.0,0.143092,0.002861800784170308
20.0,0.143092,0.002861800784170308
21.0,0.127872,0.002557406357589386
19.0,0.143092,0.002861800784170308
19.0,0.127872,0.002557406357589386
20.0,0.127872,0.002557406357589386
19.0,0.143092,0.002861800784170308
18.0,0.143092,0.002861800784170308
16.0,0.143092,0.002861800784170308
21.0,0.143092,0.002861800784170308
24.0,0.127872,0.002557406357589386
21.0,0.143092,0.002861800784170308
22.0,0.127872,0.002557406357589386
20.0,0.143092,0.002861800784170308
24.0,0.127872,0.002557406357589386
22.0,0.127872,0.002557406357589386
23.0,0.127872,0.002557406357589386
20.0,0.143092,0.002861800784170308
21.0,0.127872,0.002557406357589386
21.0,0.127872,0.002557406357589386
20.0,0.143092,0.002861800784170308
16.0,0.143092,0.002861800784170308
14.0,0.143092,0.002861800784170308
20.0,0.169154,0.0033830197892820704
19.0,0.184374,0.003687414215862992
20.0,0.169154,0.0033830197892820704
22.0,0.184374,0.003687414215862992
20.0,0.169154,0.0033830197892820704
17.0,0.169154,0.0033830197892820704
21.0,0.184374,0.003687414215862992
19.0,0.184374,0.0036874142158629924
16.0,0.199594,0.0039918086424439135
22.0,0.184374,0.0036874142158629924
21.0,0.184374,0.0036874142158629924
15.0,0.199594,0.0039918086424439135
19.0,0.169154,0.0033830197892820704
17.0,0.169154,0.0033830197892820704
18.0,0.184374,0.0036874142158629924
19.0,0.184374,0.0036874142158629924
22.0,0.184374,0.003687414215862992
18.0,0.199594,0.0039918086424439135
18.0,0.184374,0.0036874142158629924
17.0,0.199594,0.0039918086424439135
17.0,0.184374,0.0036874142158629924
18.0,0.199594,0.0039918086424439135
19.0,0.184374,0.0036874142158629924
17.0,0.184374,0.0036874142158629924
23.0,0.169154,0.0033830197892820704
20.0,0.184374,0.003687414215862992
22.0,0.169154,0.0033830197892820704
22.0,0.169154,0.0033830197892820704
21.0,0.184374,0.003687414215862992
22.0,0.184374,0.0036874142158629924
19.0,0.199594,0.0039918086424439135
25.0,0.184374,0.0036874142158629924
24.0,0.184374,0.0036874142158629924
21.0,0.184374,0.0036874142158629924
18.0,0.199594,0.0039918086424439135
19.0,0.184374,0.0036874142158629924
19.0,0.184374,0.0036874142158629924
18.0,0.199594,0.0039918086424439135
21.0,0.169154,0.0033830197892820704
18.0,0.184374,0.0036874142158629924
19.0,0.169154,0.0033830197892820704
19.0,0.169154,0.0033830197892820704
18.0,0.184374,0.0036874142158629924
20.0,0.169154,0.0033830197892820704
17.0,0.169154,0.0033830197892820704
20.0,0.169154,0.0033830197892820704
18.0,0.169154,0.0033830197892820704
19.0,0.184374,0.0036874142158629924
19.0,0.184374,0.0036874142158629924
16.0,0.199594,0.003991808642443914
19.0,0.184374,0.0036874142158629924
19.0,0.184374,0.0036874142158629924
15.0,0.199594,0.003991808642443914
19.0,0.184374,0.0036874142158629924
16.0,0.199594,0.003991808642443914
17.0,0.184374,0.0036874142158629924
17.0,0.184374,0.0036874142158629924
16.0,0.199594,0.003991808642443914
21.0,0.184374,0.0036874142158629924
18.0,0.184374,0.0036874142158629924
21.0,0.184374,0.0036874142158629924
19.0,0.184374,0.0036874142158629924
17.0,0.28267,0.005653322980937937
15.0,0.29789,0.005957717407518859
15.0,0.29789,0.005957717407518859
23.0,0.112652,0.002253011931008464
22.0,0.127872,0.002557406357589386
20.0,0.112652,0.002253011931008464
22.0,0.112652,0.002253011931008464
21.0,0.127872,0.002557406357589386
22.0,0.127872,0.002557406357589386
19.0,0.127872,0.002557406357589386
24.0,0.127872,0.002557406357589386
22.0,0.112652,0.002253011931008464
19.0,0.127872,0.002557406357589386
19.0,0.112652,0.002253011931008464
20.0,0.112652,0.002253011931008464
19.0,0.127872,0.002557406357589386
24.0,0.127872,0.002557406357589386
21.0,0.127872,0.002557406357589386
20.0,0.184374,0.0036874142158629924
17.0,0.199594,0.0039918086424439135
18.0,0.184374,0.0036874142158629924
18.0,0.184374,0.0036874142158629924
17.0,0.199594,0.0039918086424439135
16.0,0.29789,0.005957717407518859
21.0,0.112652,0.002253011931008464
20.0,0.127872,0.002557406357589386
20.0,0.112652,0.002253011931008464
20.0,0.112652,0.002253011931008464
20.0,0.127872,0.002557406357589386
18.0,0.112652,0.002253011931008464
17.0,0.112652,0.002253011931008464
20.0,0.112652,0.002253011931008464
18.0,0.112652,0.002253011931008464
19.0,0.127872,0.002557406357589386
19.0,0.127872,0.002557406357589386
17.0,0.143092,0.0028618007841703075
19.0,0.127872,0.002557406357589386
20.0,0.127872,0.002557406357589386
16.0,0.143092,0.0028618007841703075
19.0,0.127872,0.002557406357589386
18.0,0.127872,0.002557406357589386
16.0,0.127872,0.002557406357589386
17.0,0.143092,0.002861800784170308
17.0,0.143092,0.002861800784170308
21.0,0.127872,0.002557406357589386
18.0,0.127872,0.002557406357589386
21.0,0.127872,0.002557406357589386
19.0,0.127872,0.002557406357589386
17.0,0.184374,0.0036874142158629924
15.0,0.199594,0.0039918086424439135
16.0,0.184374,0.0036874142158629924
16.0,0.199594,0.0039918086424439135
20.0,0.112652,0.002253011931008464
18.0,0.127872,0.002557406357589386
17.0,0.112652,0.002253011931008464
19.0,0.112652,0.002253011931008464
18.0,0.127872,0.002557406357589386
19.0,0.112652,0.002253011931008464
17.0,0.112652,0.002253011931008464
19.0,0.112652,0.002253011931008464
16.0,0.112652,0.002253011931008464
19.0,0.127872,0.002557406357589386
18.0,0.127872,0.002557406357589386
16.0,0.143092,0.0028618007841703075
18.0,0.127872,0.002557406357589386
19.0,0.127872,0.002557406357589386
15.0,0.143092,0.0028618007841703075
19.0,0.127872,0.002557406357589386
16.0,0.127872,0.002557406357589386
18.0,0.127872,0.002557406357589386
17.0,0.143092,0.002861800784170308
17.0,0.143092,0.002861800784170308
22.0,0.127872,0.002557406357589386
20.0,0.127872,0.002557406357589386
22.0,0.127872,0.002557406357589386
19.0,0.127872,0.002557406357589386
19.0,0.112652,0.002253011931008464
17.0,0.127872,0.002557406357589386
16.0,0.112652,0.002253011931008464
17.0,0.112652,0.002253011931008464
16.0,0.127872,0.002557406357589386
17.0,0.112652,0.002253011931008464
15.0,0.112652,0.002253011931008464
16.0,0.112652,0.002253011931008464
13.0,0.112652,0.002253011931008464
16.0,0.127872,0.002557406357589386
17.0,0.127872,0.002557406357589386
14.0,0.143092,0.0028618007841703075
16.0,0.127872,0.002557406357589386
16.0,0.127872,0.002557406357589386
12.0,0.143092,0.0028618007841703075
21.0,0.127872,0.002557406357589386
18.0,0.127872,0.002557406357589386
19.0,0.127872,0.002557406357589386
18.0,0.143092,0.002861800784170308
18.0,0.143092,0.002861800784170308
19.0,0.127872,0.002557406357589386
17.0,0.143092,0.002861800784170308
16.0,0.127872,0.002557406357589386
18.0,0.127872,0.002557406357589386
17.0,0.143092,0.002861800784170308
16.0,0.143092,0.002861800784170308
14.0,0.143092,0.002861800784170308
19.0,0.143092,0.002861800784170308
22.0,0.127872,0.002557406357589386
19.0,0.143092,0.002861800784170308
20.0,0.127872,0.002557406357589386
18.0,0.143092,0.002861800784170308
22.0,0.127872,0.002557406357589386
19.0,0.127872,0.002557406357589386
21.0,0.127872,0.002557406357589386
18.0,0.143092,0.002861800784170308
18.0,0.127872,0.002557406357589386
19.0,0.127872,0.002557406357589386
18.0,0.143092,0.002861800784170308
14.0,0.143092,0.002861800784170308
11.0,0.143092,0.002861800784170308
20.0,0.056326,0.001126505965504232
19.0,0.071546,0.0014309003920851538
19.0,0.056326,0.001126505965504232
17.0,0.056326,0.001126505965504232
18.0,0.071546,0.0014309003920851538
19.0,0.056326,0.001126505965504232
16.0,0.056326,0.001126505965504232
19.0,0.056326,0.001126505965504232
17.0,0.056326,0.001126505965504232
19.0,0.071546,0.0014309003920851538
19.0,0.071546,0.0014309003920851538
17.0,0.086766,0.0017352948186660755
19.0,0.071546,0.0014309003920851538
18.0,0.071546,0.0014309003920851538
15.0,0.086766,0.0017352948186660755
19.0,0.071546,0.0014309003920851538
16.0,0.071546,0.0014309003920851538
18.0,0.071546,0.0014309003920851538
18.0,0.086766,0.0017352948186660755
17.0,0.086766,0.0017352948186660755
22.0,0.071546,0.0014309003920851538
21.0,0.071546,0.0014309003920851538
23.0,0.071546,0.0014309003920851538
20.0,0.071546,0.0014309003920851538
19.0,0.056326,0.001126505965504232
18.0,0.071546,0.0014309003920851538
18.0,0.056326,0.001126505965504232
16.0,0.056326,0.001126505965504232
17.0,0.071546,0.0014309003920851538
17.0,0.056326,0.001126505965504232
14.0,0.056326,0.001126505965504232
17.0,0.056326,0.001126505965504232
16.0,0.056326,0.001126505965504232
17.0,0.071546,0.0014309003920851538
17.0,0.071546,0.0014309003920851538
16.0,0.086766,0.0017352948186660755
17.0,0.071546,0.0014309003920851538
16.0,0.071546,0.0014309003920851538
13.0,0.086766,0.0017352948186660755
22.0,0.071546,0.0014309003920851538
19.0,0.071546,0.0014309003920851538
20.0,0.071546,0.0014309003920851538
20.0,0.086766,0.0017352948186660755
19.0,0.086766,0.0017352948186660755
19.0,0.071546,0.001430900392085154
18.0,0.086766,0.0017352948186660758
18.0,0.071546,0.001430900392085154
16.0,0.071546,0.001430900392085154
17.0,0.086766,0.0017352948186660758
17.0,0.086766,0.0017352948186660758
14.0,0.086766,0.0017352948186660758
20.0,0.086766,0.0017352948186660758
22.0,0.071546,0.001430900392085154
19.0,0.071546,0.001430900392085154
21.0,0.071546,0.001430900392085154
20.0,0.086766,0.0017352948186660758
20.0,0.071546,0.001430900392085154
18.0,0.071546,0.001430900392085154
19.0,0.086766,0.0017352948186660758
15.0,0.086766,0.0017352948186660758
12.0,0.086766,0.0017352948186660758
22.0,0.071546,0.001430900392085154
20.0,0.086766,0.0017352948186660758
20.0,0.071546,0.001430900392085154
19.0,0.086766,0.0017352948186660758
23.0,0.112652,0.002253011931008464
20.0,0.112652,0.002253011931008464
22.0,0.112652,0.002253011931008464
22.0,0.127872,0.002557406357589386
21.0,0.127872,0.002557406357589386
22.0,0.127872,0.002557406357589386
19.0,0.127872,0.002557406357589386
25.0,0.127872,0.002557406357589386
22.0,0.112652,0.002253011931008464
19.0,0.112652,0.002253011931008464
20.0,0.112652,0.002253011931008464
20.0,0.127872,0.002557406357589386
19.0,0.127872,0.002557406357589386
24.0,0.127872,0.002557406357589386
21.0,0.127872,0.002557406357589386
21.0,0.112652,0.002253011931008464
19.0,0.127872,0.002557406357589386
20.0,0.112652,0.002253011931008464
18.0,0.112652,0.002253011931008464
19.0,0.127872,0.002557406357589386
20.0,0.112652,0.002253011931008464
17.0,0.112652,0.002253011931008464
20.0,0.112652,0.002253011931008464
18.0,0.112652,0.002253011931008464
20.0,0.127872,0.002557406357589386
20.0,0.127872,0.002557406357589386
17.0,0.143092,0.0028618007841703075
20.0,0.127872,0.002557406357589386
19.0,0.127872,0.002557406357589386
16.0,0.143092,0.0028618007841703075
19.0,0.127872,0.002557406357589386
17.0,0.143092,0.002861800784170308
18.0,0.127872,0.002557406357589386
16.0,0.127872,0.002557406357589386
17.0,0.143092,0.002861800784170308
21.0,0.127872,0.002557406357589386
18.0,0.127872,0.002557406357589386
21.0,0.127872,0.002557406357589386
19.0,0.127872,0.002557406357589386
20.0,0.169154,0.0033830197892820704
17.0,0.169154,0.0033830197892820704
18.0,0.169154,0.0033830197892820704
18.0,0.184374,0.0036874142158629924
18.0,0.184374,0.0036874142158629924
18.0,0.184374,0.0036874142158629924
15.0,0.184374,0.0036874142158629924
19.0,0.184374,0.0036874142158629924
22.0,0.169154,0.0033830197892820704
20.0,0.169154,0.0033830197892820704
21.0,0.184374,0.0036874142158629924
22.0,0.184374,0.0036874142158629924
20.0,0.184374,0.0036874142158629924
18.0,0.184374,0.0036874142158629924
22.0,0.112652,0.002253011931008464
19.0,0.112652,0.002253011931008464
19.0,0.112652,0.002253011931008464
16.0,0.112652,0.002253011931008464
18.0,0.184374,0.0036874142158629924
15.0,0.184374,0.0036874142158629924
19.0,0.112652,0.002253011931008464
17.0,0.127872,0.002557406357589386
17.0,0.112652,0.002253011931008464
16.0,0.112652,0.002253011931008464
16.0,0.127872,0.002557406357589386
16.0,0.112652,0.002253011931008464
13.0,0.112652,0.002253011931008464
17.0,0.112652,0.002253011931008464
15.0,0.112652,0.002253011931008464
16.0,0.127872,0.002557406357589386
17.0,0.127872,0.002557406357589386
15.0,0.143092,0.0028618007841703075
16.0,0.127872,0.002557406357589386
16.0,0.127872,0.002557406357589386
12.0,0.143092,0.0028618007841703075
15.0,0.184374,0.0036874142158629924
12.0,0.184374,0.0036874142158629924
17.0,0.112827,0.0022565138237778384
16.0,0.128047,0.00256090825035876
17.0,0.112827,0.0022565138237778384
21.0,0.128047,0.00256090825035876
17.0,0.112827,0.0022565138237778384
15.0,0.112827,0.0022565138237778384
21.0,0.128047,0.00256090825035876
16.0,0.128047,0.00256090825035876
15.0,0.143267,0.0028653026769396815
20.0,0.128047,0.00256090825035876
20.0,0.128047,0.00256090825035876
14.0,0.143267,0.0028653026769396815
16.0,0.128047,0.00256090825035876
16.0,0.128047,0.00256090825035876
15.0,0.143267,0.0028653026769396815
19.0,0.143267,0.0028653026769396815
17.0,0.112827,0.0022565138237778384
16.0,0.128047,0.00256090825035876
16.0,0.112827,0.0022565138237778384
20.0,0.128047,0.00256090825035876
17.0,0.128047,0.00256090825035876
16.0,0.128047,0.00256090825035876
19.0,0.128047,0.00256090825035876
17.0,0.143267,0.0028653026769396815
16.0,0.128047,0.00256090825035876
14.0,0.143267,0.002865302676939682
16.0,0.128047,0.00256090825035876
15.0,0.128047,0.00256090825035876
15.0,0.143267,0.002865302676939682
15.0,0.143267,0.0028653026769396815
13.0,0.158487,0.0031696971035206035
19.0,0.143267,0.0028653026769396815
17.0,0.143267,0.0028653026769396815
16.0,0.128047,0.00256090825035876
15.0,0.143267,0.002865302676939682
16.0,0.128047,0.00256090825035876
19.0,0.143267,0.002865302676939682
16.0,0.128047,0.00256090825035876
14.0,0.128047,0.00256090825035876
19.0,0.143267,0.002865302676939682
14.0,0.143267,0.0028653026769396815
11.0,0.158487,0.0031696971035206035
18.0,0.143267,0.0028653026769396815
18.0,0.143267,0.0028653026769396815
11.0,0.158487,0.0031696971035206035
13.0,0.173707,0.0034740915301015255
10.0,0.188927,0.0037784859566824466
19.0,0.128047,0.00256090825035876
17.0,0.143267,0.002865302676939682
18.0,0.128047,0.00256090825035876
18.0,0.143267,0.002865302676939682
17.0,0.112827,0.0022565138237778384
15.0,0.128047,0.00256090825035876
16.0,0.112827,0.0022565138237778384
14.0,0.112827,0.0022565138237778384
15.0,0.128047,0.00256090825035876
16.0,0.128047,0.00256090825035876
13.0,0.128047,0.00256090825035876
20.0,0.128047,0.00256090825035876
17.0,0.128047,0.00256090825035876
15.0,0.143267,0.002865302676939682
16.0,0.128047,0.00256090825035876
15.0,0.128047,0.00256090825035876
13.0,0.143267,0.002865302676939682
19.0,0.128047,0.00256090825035876
17.0,0.143267,0.002865302676939682
18.0,0.128047,0.00256090825035876
18.0,0.143267,0.002865302676939682
19.0,0.128047,0.00256090825035876
17.0,0.143267,0.0028653026769396815
17.0,0.143267,0.0028653026769396815
13.0,0.143267,0.0028653026769396815
10.0,0.158487,0.0031696971035206035
10.0,0.188927,0.0037784859566824466
20.0,0.169154,0.0033830197892820704
19.0,0.184374,0.0036874142158629924
20.0,0.169154,0.0033830197892820704
21.0,0.184374,0.0036874142158629924
20.0,0.169154,0.0033830197892820704
17.0,0.169154,0.0033830197892820704
22.0,0.184374,0.0036874142158629924
19.0,0.184374,0.003687414215862992
16.0,0.199594,0.0039918086424439135
21.0,0.184374,0.003687414215862992
22.0,0.184374,0.003687414215862992
15.0,0.199594,0.0039918086424439135
18.0,0.184374,0.0036874142158629924
17.0,0.184374,0.0036874142158629924
17.0,0.199594,0.0039918086424439135
18.0,0.199594,0.0039918086424439135
19.0,0.169154,0.0033830197892820704
18.0,0.184374,0.0036874142158629924
18.0,0.169154,0.0033830197892820704
19.0,0.184374,0.0036874142158629924
19.0,0.184374,0.0036874142158629924
17.0,0.184374,0.0036874142158629924
22.0,0.184374,0.003687414215862992
18.0,0.199594,0.0039918086424439135
20.0,0.169154,0.0033830197892820704
19.0,0.184374,0.0036874142158629924
20.0,0.169154,0.0033830197892820704
22.0,0.184374,0.0036874142158629924
20.0,0.169154,0.0033830197892820704
17.0,0.169154,0.0033830197892820704
21.0,0.184374,0.0036874142158629924
19.0,0.184374,0.003687414215862992
16.0,0.199594,0.0039918086424439135
22.0,0.184374,0.003687414215862992
21.0,0.184374,0.003687414215862992
15.0,0.199594,0.0039918086424439135
18.0,0.184374,0.0036874142158629924
17.0,0.184374,0.0036874142158629924
17.0,0.199594,0.0039918086424439135
18.0,0.199594,0.0039918086424439135
19.0,0.169154,0.0033830197892820704
18.0,0.184374,0.0036874142158629924
18.0,0.169154,0.0033830197892820704
19.0,0.184374,0.0036874142158629924
19.0,0.184374,0.0036874142158629924
17.0,0.184374,0.0036874142158629924
22.0,0.184374,0.003687414215862992
18.0,0.199594,0.0039918086424439135
16.0,0.225655,0.004513027647555677
15.0,0.240875,0.004817422074136598
16.0,0.225655,0.004513027647555677
17.0,0.240875,0.004817422074136598
16.0,0.225655,0.004513027647555677
13.0,0.225655,0.004513027647555677
17.0,0.240875,0.004817422074136598
15.0,0.240875,0.004817422074136598
10.0,0.256095,0.00512181650071752
17.0,0.240875,0.004817422074136598
17.0,0.240875,0.004817422074136598
9.0,0.256095,0.00512181650071752
19.0,0.225655,0.004513027647555677
16.0,0.240875,0.004817422074136598
18.0,0.225655,0.004513027647555677
18.0,0.225655,0.004513027647555677
17.0,0.240875,0.004817422074136598
17.0,0.240875,0.004817422074136598
14.0,0.256095,0.00512181650071752
19.0,0.240875,0.004817422074136598
19.0,0.240875,0.004817422074136598
19.0,0.225655,0.004513027647555677
16.0,0.240875,0.004817422074136599
18.0,0.225655,0.004513027647555677
18.0,0.225655,0.004513027647555677
17.0,0.240875,0.004817422074136599
17.0,0.240875,0.004817422074136598
14.0,0.256095,0.005121816500717521
19.0,0.240875,0.004817422074136598
19.0,0.240875,0.004817422074136598
13.0,0.339172,0.006783330839211544
9.0,0.354392,0.007087725265792466
20.0,0.169154,0.0033830197892820704
18.0,0.184374,0.0036874142158629924
17.0,0.169154,0.0033830197892820704
19.0,0.169154,0.0033830197892820704
18.0,0.184374,0.0036874142158629924
18.0,0.184374,0.0036874142158629924
15.0,0.184374,0.0036874142158629924
20.0,0.184374,0.0036874142158629924
20.0,0.169154,0.0033830197892820704
18.0,0.184374,0.0036874142158629924
17.0,0.169154,0.0033830197892820704
19.0,0.169154,0.0033830197892820704
18.0,0.184374,0.0036874142158629924
18.0,0.184374,0.0036874142158629924
15.0,0.184374,0.0036874142158629924
20.0,0.184374,0.0036874142158629924
14.0,0.240875,0.004817422074136598
10.0,0.256095,0.00512181650071752
14.0,0.225655,0.004513027647555677
13.0,0.240875,0.004817422074136598
13.0,0.225655,0.004513027647555677
15.0,0.240875,0.004817422074136598
13.0,0.225655,0.004513027647555677
10.0,0.225655,0.004513027647555677
15.0,0.240875,0.004817422074136598
13.0,0.240875,0.004817422074136598
8.0,0.256095,0.00512181650071752
15.0,0.240875,0.004817422074136598
15.0,0.240875,0.004817422074136598
7.0,0.256095,0.00512181650071752
14.0,0.128047,0.00256090825035876
13.0,0.143267,0.002865302676939682
13.0,0.128047,0.00256090825035876
16.0,0.143267,0.002865302676939682
13.0,0.128047,0.00256090825035876
11.0,0.128047,0.00256090825035876
16.0,0.143267,0.002865302676939682
13.0,0.143267,0.0028653026769396815
10.0,0.158487,0.0031696971035206035
15.0,0.143267,0.0028653026769396815
15.0,0.143267,0.0028653026769396815
8.0,0.158487,0.0031696971035206035
17.0,0.184374,0.0036874142158629924
16.0,0.184374,0.0036874142158629924
15.0,0.199594,0.0039918086424439135
16.0,0.199594,0.0039918086424439135
17.0,0.184374,0.0036874142158629924
16.0,0.184374,0.0036874142158629924
15.0,0.199594,0.0039918086424439135
16.0,0.199594,0.0039918086424439135
14.0,0.240875,0.004817422074136598
10.0,0.256095,0.00512181650071752
15.0,0.184374,0.0036874142158629924
12.0,0.184374,0.0036874142158629924
15.0,0.184374,0.0036874142158629924
12.0,0.184374,0.0036874142158629924
7.0,0.256095,0.00512181650071752
20.0,0.112827,0.0022565138237778384
19.0,0.128047,0.00256090825035876
19.0,0.112827,0.0022565138237778384
19.0,0.112827,0.0022565138237778384
19.0,0.128047,0.00256090825035876
19.0,0.112827,0.0022565138237778384
17.0,0.112827,0.0022565138237778384
19.0,0.112827,0.0022565138237778384
17.0,0.112827,0.0022565138237778384
19.0,0.128047,0.00256090825035876
17.0,0.128047,0.00256090825035876
16.0,0.143267,0.0028653026769396815
18.0,0.128047,0.00256090825035876
18.0,0.128047,0.00256090825035876
15.0,0.143267,0.0028653026769396815
23.0,0.169154,0.0033830197892820704
22.0,0.169154,0.0033830197892820704
22.0,0.169154,0.0033830197892820704
20.0,0.184374,0.003687414215862992
21.0,0.184374,0.003687414215862992
22.0,0.225655,0.004513027647555677
19.0,0.240875,0.004817422074136598
22.0,0.169154,0.0033830197892820704
20.0,0.169154,0.0033830197892820704
17.0,0.240875,0.004817422074136598
19.0,0.128047,0.00256090825035876
18.0,0.128047,0.00256090825035876
18.0,0.128047,0.00256090825035876
16.0,0.143267,0.0028653026769396815
17.0,0.143267,0.0028653026769396815
21.0,0.169154,0.0033830197892820704
19.0,0.184374,0.0036874142158629924
19.0,0.169154,0.0033830197892820704
20.0,0.169154,0.0033830197892820704
19.0,0.184374,0.0036874142158629924
19.0,0.169154,0.0033830197892820704
18.0,0.169154,0.0033830197892820704
20.0,0.169154,0.0033830197892820704
18.0,0.169154,0.0033830197892820704
19.0,0.184374,0.0036874142158629924
18.0,0.184374,0.003687414215862992
16.0,0.199594,0.0039918086424439135
18.0,0.184374,0.003687414215862992
19.0,0.184374,0.003687414215862992
15.0,0.199594,0.0039918086424439135
19.0,0.225655,0.004513027647555677
18.0,0.225655,0.004513027647555677
18.0,0.225655,0.004513027647555677
16.0,0.240875,0.004817422074136598
17.0,0.240875,0.004817422074136598
22.0,0.128047,0.00256090825035876
21.0,0.128047,0.00256090825035876
23.0,0.128047,0.00256090825035876
21.0,0.128047,0.00256090825035876
19.0,0.128047,0.00256090825035876
17.0,0.143267,0.002865302676939682
18.0,0.128047,0.00256090825035876
17.0,0.128047,0.00256090825035876
17.0,0.143267,0.002865302676939682
18.0,0.128047,0.00256090825035876
16.0,0.128047,0.00256090825035876
17.0,0.128047,0.00256090825035876
16.0,0.128047,0.00256090825035876
17.0,0.143267,0.002865302676939682
16.0,0.143267,0.0028653026769396815
14.0,0.158487,0.0031696971035206035
17.0,0.143267,0.0028653026769396815
16.0,0.143267,0.0028653026769396815
13.0,0.158487,0.0031696971035206035
21.0,0.184374,0.0036874142158629924
19.0,0.184374,0.0036874142158629924
19.0,0.184374,0.0036874142158629924
18.0,0.199594,0.0039918086424439135
18.0,0.199594,0.0039918086424439135
19.0,0.240875,0.004817422074136599
16.0,0.256095,0.005121816500717521
20.0,0.184374,0.0036874142158629924
18.0,0.184374,0.0036874142158629924
14.0,0.256095,0.005121816500717521
19.0,0.225655,0.004513027647555677
16.0,0.240875,0.004817422074136598
17.0,0.225655,0.004513027647555677
17.0,0.225655,0.004513027647555677
16.0,0.240875,0.004817422074136598
17.0,0.225655,0.004513027647555677
14.0,0.225655,0.004513027647555677
17.0,0.225655,0.004513027647555677
14.0,0.225655,0.004513027647555677
16.0,0.240875,0.004817422074136598
16.0,0.240875,0.004817422074136598
13.0,0.256095,0.00512181650071752
16.0,0.240875,0.004817422074136598
16.0,0.240875,0.004817422074136598
11.0,0.256095,0.00512181650071752
19.0,0.128047,0.00256090825035876
17.0,0.143267,0.002865302676939682
19.0,0.184374,0.0036874142158629924
22.0,0.184374,0.0036874142158629924
17.0,0.240875,0.004817422074136598
18.0,0.128047,0.00256090825035876
17.0,0.184374,0.0036874142158629924
20.0,0.143267,0.002865302676939682
21.0,0.184374,0.0036874142158629924
18.0,0.128047,0.00256090825035876
17.0,0.184374,0.0036874142158629924
20.0,0.143267,0.002865302676939682
16.0,0.143267,0.0028653026769396815
14.0,0.158487,0.0031696971035206035
16.0,0.199594,0.0039918086424439135
19.0,0.199594,0.0039918086424439135
14.0,0.256095,0.00512181650071752
17.0,0.143267,0.0028653026769396815
16.0,0.199594,0.0039918086424439135
15.0,0.173707,0.0034740915301015255
12.0,0.188927,0.0037784859566824466
15.0,0.339172,0.006783330839211544
12.0,0.354392,0.007087725265792466
22.0,0.128047,0.00256090825035876
20.0,0.143267,0.002865302676939682
21.0,0.184374,0.0036874142158629924
25.0,0.184374,0.0036874142158629924
19.0,0.240875,0.004817422074136598
20.0,0.128047,0.00256090825035876
19.0,0.184374,0.0036874142158629924
17.0,0.143267,0.002865302676939682
22.0,0.184374,0.0036874142158629924
21.0,0.128047,0.00256090825035876
19.0,0.143267,0.002865302676939682
21.0,0.184374,0.0036874142158629924
24.0,0.184374,0.0036874142158629924
19.0,0.240875,0.004817422074136598
19.0,0.128047,0.00256090825035876
19.0,0.184374,0.0036874142158629924
17.0,0.143267,0.002865302676939682
14.0,0.188927,0.0037784859566824466
10.0,0.354392,0.007087725265792466
18.0,0.128047,0.00256090825035876
16.0,0.143267,0.002865302676939682
17.0,0.128047,0.00256090825035876
15.0,0.128047,0.00256090825035876
16.0,0.143267,0.002865302676939682
16.0,0.128047,0.00256090825035876
13.0,0.128047,0.00256090825035876
16.0,0.128047,0.00256090825035876
14.0,0.128047,0.00256090825035876
16.0,0.143267,0.002865302676939682
15.0,0.143267,0.0028653026769396815
13.0,0.158487,0.0031696971035206035
16.0,0.143267,0.0028653026769396815
15.0,0.143267,0.0028653026769396815
12.0,0.158487,0.0031696971035206035
20.0,0.184374,0.0036874142158629924
18.0,0.184374,0.0036874142158629924
18.0,0.184374,0.0036874142158629924
17.0,0.199594,0.0039918086424439135
17.0,0.199594,0.0039918086424439135
17.0,0.240875,0.004817422074136599
14.0,0.256095,0.005121816500717521
18.0,0.184374,0.0036874142158629924
15.0,0.184374,0.0036874142158629924
11.0,0.256095,0.005121816500717521
17.0,0.225655,0.004513027647555677
14.0,0.240875,0.004817422074136598
14.0,0.225655,0.004513027647555677
14.0,0.225655,0.004513027647555677
13.0,0.240875,0.004817422074136598
14.0,0.225655,0.004513027647555677
11.0,0.225655,0.004513027647555677
14.0,0.225655,0.004513027647555677
11.0,0.225655,0.004513027647555677
13.0,0.240875,0.004817422074136598
14.0,0.240875,0.004817422074136598
11.0,0.256095,0.00512181650071752
13.0,0.240875,0.004817422074136598
13.0,0.240875,0.004817422074136598
8.0,0.256095,0.00512181650071752
14.0,0.339172,0.006783330839211544
11.0,0.354392,0.007087725265792466
20.0,0.112827,0.0022565138237778384
19.0,0.128047,0.00256090825035876
19.0,0.112827,0.0022565138237778384
19.0,0.112827,0.0022565138237778384
19.0,0.128047,0.00256090825035876
19.0,0.112827,0.0022565138237778384
17.0,0.112827,0.0022565138237778384
19.0,0.112827,0.0022565138237778384
17.0,0.112827,0.0022565138237778384
19.0,0.128047,0.00256090825035876
17.0,0.128047,0.0025609082503587604
16.0,0.143267,0.002865302676939682
18.0,0.128047,0.0025609082503587604
18.0,0.128047,0.0025609082503587604
15.0,0.143267,0.002865302676939682
23.0,0.169154,0.0033830197892820704
22.0,0.169154,0.0033830197892820704
22.0,0.169154,0.0033830197892820704
20.0,0.184374,0.0036874142158629924
21.0,0.184374,0.0036874142158629924
22.0,0.225655,0.004513027647555677
19.0,0.240875,0.004817422074136599
22.0,0.169154,0.0033830197892820704
20.0,0.169154,0.0033830197892820704
17.0,0.240875,0.004817422074136599
19.0,0.128047,0.00256090825035876
18.0,0.128047,0.00256090825035876
18.0,0.128047,0.00256090825035876
16.0,0.143267,0.002865302676939682
17.0,0.143267,0.002865302676939682
21.0,0.169154,0.0033830197892820704
19.0,0.184374,0.0036874142158629924
19.0,0.169154,0.0033830197892820704
20.0,0.169154,0.0033830197892820704
19.0,0.184374,0.0036874142158629924
19.0,0.169154,0.0033830197892820704
18.0,0.169154,0.0033830197892820704
20.0,0.169154,0.0033830197892820704
18.0,0.169154,0.0033830197892820704
19.0,0.184374,0.0036874142158629924
18.0,0.184374,0.0036874142158629924
16.0,0.199594,0.003991808642443914
18.0,0.184374,0.0036874142158629924
19.0,0.184374,0.0036874142158629924
15.0,0.199594,0.003991808642443914
19.0,0.225655,0.004513027647555677
18.0,0.225655,0.004513027647555677
18.0,0.225655,0.004513027647555677
16.0,0.240875,0.004817422074136599
17.0,0.240875,0.004817422074136599
22.0,0.128047,0.00256090825035876
21.0,0.128047,0.00256090825035876
23.0,0.128047,0.00256090825035876
21.0,0.128047,0.00256090825035876
19.0,0.128047,0.00256090825035876
17.0,0.143267,0.002865302676939682
18.0,0.128047,0.00256090825035876
17.0,0.128047,0.00256090825035876
17.0,0.143267,0.002865302676939682
18.0,0.128047,0.00256090825035876
16.0,0.128047,0.00256090825035876
17.0,0.128047,0.00256090825035876
16.0,0.128047,0.00256090825035876
17.0,0.143267,0.002865302676939682
16.0,0.143267,0.002865302676939682
14.0,0.158487,0.003169697103520604
17.0,0.143267,0.002865302676939682
16.0,0.143267,0.002865302676939682
13.0,0.158487,0.003169697103520604
21.0,0.184374,0.0036874142158629924
19.0,0.184374,0.0036874142158629924
19.0,0.184374,0.0036874142158629924
18.0,0.199594,0.003991808642443914
18.0,0.199594,0.003991808642443914
19.0,0.240875,0.004817422074136598
16.0,0.256095,0.005121816500717521
20.0,0.184374,0.0036874142158629924
18.0,0.184374,0.0036874142158629924
14.0,0.256095,0.005121816500717521
19.0,0.225655,0.004513027647555677
16.0,0.240875,0.004817422074136599
17.0,0.225655,0.004513027647555677
17.0,0.225655,0.004513027647555677
16.0,0.240875,0.004817422074136599
17.0,0.225655,0.004513027647555677
14.0,0.225655,0.004513027647555677
17.0,0.225655,0.004513027647555677
14.0,0.225655,0.004513027647555677
16.0,0.240875,0.004817422074136599
16.0,0.240875,0.004817422074136599
13.0,0.256095,0.005121816500717521
16.0,0.240875,0.004817422074136599
16.0,0.240875,0.004817422074136599
11.0,0.256095,0.005121816500717521
19.0,0.128047,0.00256090825035876
17.0,0.143267,0.002865302676939682
22.0,0.184374,0.0036874142158629924
19.0,0.184374,0.0036874142158629924
17.0,0.240875,0.004817422074136598
18.0,0.128047,0.00256090825035876
17.0,0.184374,0.0036874142158629924
20.0,0.143267,0.002865302676939682
21.0,0.184374,0.0036874142158629924
18.0,0.128047,0.00256090825035876
17.0,0.184374,0.0036874142158629924
20.0,0.143267,0.002865302676939682
16.0,0.143267,0.002865302676939682
14.0,0.158487,0.003169697103520604
19.0,0.199594,0.003991808642443914
16.0,0.199594,0.003991808642443914
14.0,0.256095,0.005121816500717521
17.0,0.143267,0.002865302676939682
16.0,0.199594,0.003991808642443914
15.0,0.173707,0.0034740915301015255
12.0,0.188927,0.0037784859566824475
15.0,0.339172,0.006783330839211544
12.0,0.354392,0.007087725265792466
22.0,0.128047,0.00256090825035876
20.0,0.143267,0.002865302676939682
25.0,0.184374,0.0036874142158629924
21.0,0.184374,0.0036874142158629924
19.0,0.240875,0.004817422074136598
20.0,0.128047,0.00256090825035876
19.0,0.184374,0.0036874142158629924
17.0,0.143267,0.002865302676939682
22.0,0.184374,0.0036874142158629924
21.0,0.128047,0.00256090825035876
19.0,0.143267,0.002865302676939682
24.0,0.184374,0.0036874142158629924
21.0,0.184374,0.0036874142158629924
19.0,0.240875,0.004817422074136598
19.0,0.128047,0.00256090825035876
19.0,0.184374,0.0036874142158629924
17.0,0.143267,0.002865302676939682
14.0,0.188927,0.0037784859566824475
10.0,0.354392,0.007087725265792466
18.0,0.128047,0.00256090825035876
16.0,0.143267,0.002865302676939682
17.0,0.128047,0.00256090825035876
15.0,0.128047,0.00256090825035876
16.0,0.143267,0.002865302676939682
16.0,0.128047,0.00256090825035876
13.0,0.128047,0.00256090825035876
16.0,0.128047,0.00256090825035876
14.0,0.128047,0.00256090825035876
16.0,0.143267,0.002865302676939682
15.0,0.143267,0.002865302676939682
13.0,0.158487,0.003169697103520604
16.0,0.143267,0.002865302676939682
15.0,0.143267,0.002865302676939682
12.0,0.158487,0.003169697103520604
20.0,0.184374,0.0036874142158629924
18.0,0.184374,0.0036874142158629924
18.0,0.184374,0.0036874142158629924
17.0,0.199594,0.003991808642443914
17.0,0.199594,0.003991808642443914
17.0,0.240875,0.004817422074136598
14.0,0.256095,0.005121816500717521
18.0,0.184374,0.0036874142158629924
15.0,0.184374,0.0036874142158629924
11.0,0.256095,0.005121816500717521
17.0,0.225655,0.004513027647555677
14.0,0.240875,0.004817422074136599
14.0,0.225655,0.004513027647555677
14.0,0.225655,0.004513027647555677
13.0,0.240875,0.004817422074136599
14.0,0.225655,0.004513027647555677
11.0,0.225655,0.004513027647555677
14.0,0.225655,0.004513027647555677
11.0,0.225655,0.004513027647555677
13.0,0.240875,0.004817422074136599
14.0,0.240875,0.004817422074136599
11.0,0.256095,0.005121816500717521
13.0,0.240875,0.004817422074136599
13.0,0.240875,0.004817422074136599
8.0,0.256095,0.005121816500717521
14.0,0.339172,0.006783330839211544
11.0,0.354392,0.007087725265792466
14.0,0.226344,0.004526817015433705
13.0,0.241564,0.004831211442014627
17.0,0.28267,0.005653322980937937
17.0,0.28267,0.005653322980937937
13.0,0.339172,0.006783330839211544
13.0,0.241564,0.004831211442014627
15.0,0.29789,0.005957717407518859
15.0,0.339172,0.006783330839211544
13.0,0.241564,0.004831211442014627
15.0,0.29789,0.005957717407518859
11.0,0.256784,0.0051356058685955485
12.0,0.354392,0.007087725265792466
15.0,0.339172,0.006783330839211544
12.0,0.354392,0.007087725265792466
13.0,0.241564,0.004831211442014627
10.0,0.256784,0.0051356058685955485
15.0,0.29789,0.005957717407518859
15.0,0.29789,0.005957717407518859
9.0,0.354392,0.007087725265792466
8.0,0.287224,0.0057443947217573925
5.0,0.452689,0.00905363403086741
15.0,0.226344,0.004526817015433705
14.0,0.241564,0.004831211442014627
14.0,0.241564,0.004831211442014627
14.0,0.241564,0.004831211442014627
11.0,0.256784,0.0051356058685955485
14.0,0.241564,0.004831211442014627
11.0,0.256784,0.0051356058685955485
8.0,0.287224,0.0057443947217573925
13.0,0.241564,0.004831211442014627
15.0,0.29789,0.005957717407518859
11.0,0.256784,0.0051356058685955485
10.0,0.354392,0.007087725265792466
14.0,0.339172,0.006783330839211544
11.0,0.354392,0.007087725265792466
13.0,0.241564,0.004831211442014627
15.0,0.29789,0.005957717407518859
11.0,0.256784,0.0051356058685955485
10.0,0.354392,0.007087725265792466
14.0,0.339172,0.006783330839211544
11.0,0.354392,0.007087725265792466
7.0,0.287224,0.0057443947217573925
3.0,0.452689,0.00905363403086741
