complexity,cost,feature_based_cost
16.0,0.0,0.0
15.0,0.00841,0.0
16.0,0.00841,0.0
16.0,0.019994,0.0
16.0,0.00841,0.0
13.0,0.01682,0.0
16.0,0.019994,0.0
15.0,0.00841,0.0
14.0,0.01682,0.0
16.0,0.019994,0.0
16.0,0.019994,0.0
12.0,0.03364,0.0
15.0,0.007663,0.0019156153339604976
14.0,0.016073,0.0019156153339604976
14.0,0.016073,0.0019156153339604976
15.0,0.027657,0.0019156153339604976
16.0,0.018822,0.0026029568707367
15.0,0.027232,0.0026029568707367
16.0,0.007663,0.0019156153339604976
14.0,0.016073,0.0019156153339604976
15.0,0.016073,0.0019156153339604976
15.0,0.027657,0.0019156153339604976
16.0,0.018822,0.0026029568707367
14.0,0.027232,0.0026029568707367
16.0,0.018822,0.0026029568707367
15.0,0.027232,0.0026029568707367
16.0,0.03217,0.0030437341431171798
15.0,0.047119,0.0033694303375884764
15.0,0.007008,0.0
12.0,0.015418,0.0
14.0,0.015418,0.0
14.0,0.027002,0.0
14.0,0.015418,0.0
12.0,0.023828,0.0
14.0,0.027002,0.0
14.0,0.015418,0.0
11.0,0.023828,0.0
15.0,0.027002,0.0
15.0,0.027002,0.0
11.0,0.040648,0.0
16.0,0.01771,0.0026753581021022143
15.0,0.02612,0.0026753581021022143
15.0,0.02612,0.0026753581021022143
16.0,0.037704,0.0026753581021022143
15.0,0.007663,0.0019156153339604976
14.0,0.015326,0.003831230667920995
14.0,0.016073,0.0019156153339604976
14.0,0.015326,0.003831230667920995
15.0,0.026485,0.004518572204697199
14.0,0.016073,0.0019156153339604976
13.0,0.023736,0.003831230667920995
15.0,0.027657,0.0019156153339604976
15.0,0.026485,0.004518572204697197
15.0,0.039833,0.004959349477077677
16.0,0.018822,0.0026029568707367
15.0,0.026485,0.004518572204697199
15.0,0.027232,0.0026029568707367
16.0,0.037645,0.005205913741473401
16.0,0.01183,0.0026753581021022143
15.0,0.02024,0.0026753581021022143
15.0,0.02024,0.0026753581021022143
16.0,0.031824,0.0026753581021022143
11.0,0.030744,0.003831230667920996
10.0,0.039154,0.003831230667920996
16.0,0.01771,0.0026753581021022143
14.0,0.02612,0.0026753581021022143
15.0,0.02612,0.0026753581021022143
14.0,0.037704,0.0026753581021022143
14.0,0.045453,0.004612474919897981
16.0,0.007663,0.0019156153339604976
14.0,0.015326,0.003831230667920995
15.0,0.016073,0.0019156153339604976
13.0,0.015326,0.003831230667920995
14.0,0.026485,0.004518572204697199
14.0,0.016073,0.0019156153339604976
12.0,0.023736,0.003831230667920995
15.0,0.026485,0.004518572204697199
15.0,0.027657,0.0019156153339604976
16.0,0.01771,0.0026753581021022143
14.0,0.02612,0.0026753581021022143
15.0,0.02612,0.0026753581021022143
14.0,0.037704,0.0026753581021022143
16.0,0.018822,0.0026029568707367
15.0,0.026485,0.004518572204697198
14.0,0.027232,0.0026029568707367
14.0,0.026485,0.004518572204697198
12.0,0.037645,0.005205913741473401
14.0,0.045453,0.004612474919897981
16.0,0.018822,0.0026029568707367
15.0,0.026485,0.004518572204697198
15.0,0.027232,0.0026029568707367
16.0,0.037645,0.005205913741473401
12.0,0.030744,0.003831230667920995
11.0,0.039154,0.003831230667920995
16.0,0.03217,0.0030437341431171798
15.0,0.039833,0.004959349477077677
15.0,0.047119,0.0033694303375884794
11.0,0.061473,0.005205913741473401
16.0,0.007663,0.0019156153339604976
14.0,0.014671,0.0019156153339604976
13.0,0.015326,0.003831230667920995
14.0,0.025373,0.004590973436062712
15.0,0.015326,0.003831230667920995
12.0,0.022989,0.005746846001881492
15.0,0.025373,0.004590973436062712
14.0,0.016073,0.0019156153339604976
13.0,0.023081,0.0019156153339604976
14.0,0.026485,0.004518572204697198
15.0,0.026485,0.004518572204697198
11.0,0.038407,0.005746846001881492
14.0,0.015326,0.003831230667920995
12.0,0.022989,0.005746846001881492
13.0,0.023736,0.003831230667920995
13.0,0.034148,0.006434187538657694
15.0,0.019493,0.004590973436062712
14.0,0.027903,0.004590973436062712
15.0,0.016073,0.0019156153339604976
14.0,0.023081,0.0019156153339604976
13.0,0.023736,0.003831230667920995
13.0,0.033783,0.004590973436062712
15.0,0.026485,0.004518572204697198
12.0,0.034148,0.006434187538657696
15.0,0.027657,0.0019156153339604976
14.0,0.034665,0.0019156153339604976
15.0,0.039833,0.004959349477077677
16.0,0.007008,0.0
14.0,0.015418,0.0
13.0,0.015418,0.0
14.0,0.027002,0.0
15.0,0.015418,0.0
12.0,0.023828,0.0
15.0,0.027002,0.0
15.0,0.015418,0.0
13.0,0.023828,0.0
14.0,0.027002,0.0
15.0,0.027002,0.0
11.0,0.040648,0.0
14.0,0.014671,0.0019156153339604976
12.0,0.023081,0.0019156153339604976
13.0,0.023081,0.0019156153339604976
13.0,0.034665,0.0019156153339604976
15.0,0.02583,0.0026029568707367
14.0,0.03424,0.0026029568707367
15.0,0.014671,0.0019156153339604976
14.0,0.023081,0.0019156153339604976
13.0,0.023081,0.0019156153339604976
13.0,0.034665,0.0019156153339604976
15.0,0.02583,0.0026029568707367
12.0,0.03424,0.0026029568707367
15.0,0.02583,0.0026029568707367
14.0,0.03424,0.0026029568707367
15.0,0.039178,0.0030437341431171798
13.0,0.054127,0.0033694303375884794
16.0,0.01771,0.0026753581021022143
15.0,0.025373,0.004590973436062712
15.0,0.02612,0.0026753581021022143
15.0,0.025373,0.004590973436062712
15.0,0.036533,0.0052783149728389146
15.0,0.02612,0.0026753581021022143
14.0,0.033783,0.004590973436062712
15.0,0.037704,0.0026753581021022143
15.0,0.036533,0.0052783149728389146
15.0,0.04988,0.005719092245219395
16.0,0.018822,0.0026029568707367
14.0,0.02583,0.0026029568707367
14.0,0.026485,0.004518572204697199
11.0,0.036533,0.0052783149728389146
15.0,0.026485,0.004518572204697199
12.0,0.034148,0.006434187538657696
13.0,0.036533,0.0052783149728389146
15.0,0.027232,0.0026029568707367
12.0,0.03424,0.0026029568707367
14.0,0.037645,0.005205913741473401
15.0,0.037645,0.005205913741473401
10.0,0.049566,0.006434187538657696
16.0,0.016661,0.0
14.0,0.025071,0.0
14.0,0.025071,0.0
11.0,0.036655,0.0
15.0,0.025071,0.0
12.0,0.033481,0.0
13.0,0.036655,0.0
15.0,0.025071,0.0
12.0,0.033481,0.0
14.0,0.036655,0.0
15.0,0.036655,0.0
10.0,0.050301,0.0
14.0,0.043824,0.004687991173025928
12.0,0.052234,0.004687991173025928
15.0,0.007663,0.0019156153339604976
14.0,0.015326,0.003831230667920995
14.0,0.016073,0.0019156153339604976
15.0,0.026485,0.004518572204697199
14.0,0.014671,0.0019156153339604976
11.0,0.023081,0.0019156153339604976
15.0,0.025373,0.004590973436062712
14.0,0.015326,0.003831230667920995
13.0,0.022989,0.005746846001881492
15.0,0.026485,0.004518572204697199
15.0,0.019493,0.004590973436062712
10.0,0.038407,0.005746846001881493
14.0,0.016073,0.0019156153339604976
13.0,0.023736,0.003831230667920995
13.0,0.023081,0.0019156153339604976
14.0,0.033783,0.004590973436062712
15.0,0.027657,0.0019156153339604976
13.0,0.034665,0.0019156153339604976
14.0,0.015326,0.003831230667920995
13.0,0.022989,0.005746846001881492
13.0,0.023736,0.003831230667920995
14.0,0.034148,0.006434187538657696
15.0,0.025373,0.004590973436062712
13.0,0.033783,0.004590973436062712
15.0,0.026485,0.004518572204697199
14.0,0.034148,0.006434187538657696
13.0,0.053116,0.006528090253858476
16.0,0.018822,0.0026029568707367
15.0,0.026485,0.004518572204697197
14.0,0.027232,0.0026029568707367
15.0,0.026485,0.004518572204697199
14.0,0.037645,0.005205913741473401
15.0,0.02583,0.0026029568707367
13.0,0.03424,0.0026029568707367
16.0,0.030653,0.0052783149728389146
15.0,0.036533,0.0052783149728389146
16.0,0.01771,0.0026753581021022143
15.0,0.025373,0.004590973436062712
15.0,0.02612,0.0026753581021022143
14.0,0.025373,0.004590973436062712
14.0,0.036533,0.005278314972838915
15.0,0.02612,0.0026753581021022143
13.0,0.033783,0.004590973436062712
16.0,0.036533,0.0052783149728389146
15.0,0.037704,0.0026753581021022143
12.0,0.030744,0.003831230667920996
11.0,0.038407,0.005746846001881493
11.0,0.039154,0.003831230667920996
11.0,0.038407,0.005746846001881493
11.0,0.049566,0.006434187538657697
16.0,0.03217,0.0030437341431171798
14.0,0.039178,0.0030437341431171798
15.0,0.039833,0.004959349477077677
13.0,0.04988,0.005719092245219393
16.0,0.029364,0.0031754610966887266
14.0,0.037774,0.0031754610966887266
15.0,0.037774,0.0031754610966887266
13.0,0.049358,0.0031754610966887266
10.0,0.059644,0.005746846001881493
16.0,0.018822,0.0026029568707367
15.0,0.026485,0.004518572204697198
15.0,0.027232,0.0026029568707367
14.0,0.037645,0.005205913741473401
15.0,0.02583,0.0026029568707367
12.0,0.03424,0.0026029568707367
15.0,0.036533,0.0052783149728389146
15.0,0.026485,0.004518572204697198
14.0,0.034148,0.006434187538657695
15.0,0.037645,0.005205913741473401
16.0,0.030653,0.0052783149728389146
11.0,0.049566,0.006434187538657696
15.0,0.047119,0.0033694303375884794
13.0,0.054127,0.0033694303375884794
12.0,0.061473,0.005205913741473401
11.0,0.076573,0.006567664257917338
16.0,0.007663,0.0019156153339604976
15.0,0.015326,0.003831230667920995
15.0,0.016073,0.0019156153339604976
15.0,0.015326,0.003831230667920995
15.0,0.026485,0.004518572204697199
13.0,0.015326,0.003831230667920995
12.0,0.022989,0.005746846001881492
15.0,0.014671,0.0019156153339604976
13.0,0.023081,0.0019156153339604976
14.0,0.025373,0.004590973436062712
14.0,0.015326,0.003831230667920995
13.0,0.022989,0.005746846001881492
14.0,0.026485,0.004518572204697199
15.0,0.025373,0.004590973436062712
11.0,0.038407,0.005746846001881493
14.0,0.014671,0.0019156153339604976
14.0,0.023081,0.0019156153339604976
12.0,0.022334,0.003831230667920995
13.0,0.022334,0.003831230667920995
13.0,0.033493,0.004518572204697199
15.0,0.025373,0.004590973436062712
14.0,0.033036,0.006506588770023209
15.0,0.025373,0.004590973436062712
12.0,0.033036,0.006506588770023209
15.0,0.024324,0.0019156153339604976
13.0,0.032734,0.0019156153339604976
15.0,0.037027,0.0050910764306492245
13.0,0.015326,0.003831230667920995
12.0,0.022989,0.005746846001881492
13.0,0.023736,0.003831230667920995
12.0,0.022989,0.005746846001881492
12.0,0.034148,0.006434187538657696
12.0,0.022989,0.005746846001881492
9.0,0.030652,0.007662461335841989
13.0,0.022334,0.003831230667920995
11.0,0.030744,0.003831230667920995
12.0,0.033036,0.006506588770023209
12.0,0.022989,0.005746846001881492
11.0,0.030652,0.007662461335841989
12.0,0.034148,0.006434187538657696
12.0,0.033036,0.006506588770023209
8.0,0.04607,0.00766246133584199
14.0,0.025373,0.004590973436062712
13.0,0.033783,0.004590973436062712
12.0,0.033036,0.006506588770023209
13.0,0.033036,0.006506588770023209
12.0,0.044196,0.007193930306799413
15.0,0.016073,0.0019156153339604976
13.0,0.023736,0.003831230667920995
12.0,0.023736,0.003831230667920995
14.0,0.023081,0.0019156153339604976
13.0,0.033783,0.004590973436062712
13.0,0.023081,0.0019156153339604976
10.0,0.030744,0.003831230667920995
14.0,0.033783,0.004590973436062712
14.0,0.032734,0.0019156153339604976
15.0,0.027657,0.0019156153339604976
14.0,0.034665,0.0019156153339604976
13.0,0.034665,0.0019156153339604976
12.0,0.044318,0.0019156153339604976
15.0,0.026485,0.004518572204697197
12.0,0.034148,0.006434187538657696
15.0,0.039833,0.004959349477077677
14.0,0.026485,0.004518572204697198
13.0,0.034148,0.006434187538657695
12.0,0.034148,0.006434187538657695
13.0,0.033493,0.004518572204697198
12.0,0.044196,0.007193930306799412
11.0,0.038407,0.005746846001881492
8.0,0.04607,0.007662461335841989
15.0,0.026485,0.004518572204697198
14.0,0.034148,0.006434187538657695
14.0,0.033493,0.004518572204697198
14.0,0.044196,0.007193930306799412
16.0,0.018822,0.0026029568707367
14.0,0.02583,0.0026029568707367
15.0,0.026485,0.004518572204697199
13.0,0.036533,0.0052783149728389146
14.0,0.026485,0.004518572204697199
12.0,0.034148,0.006434187538657696
11.0,0.036533,0.0052783149728389146
15.0,0.027232,0.0026029568707367
12.0,0.03424,0.0026029568707367
15.0,0.037645,0.005205913741473401
14.0,0.037645,0.005205913741473401
10.0,0.049566,0.006434187538657696
15.0,0.02583,0.0026029568707367
13.0,0.033493,0.004518572204697199
14.0,0.03424,0.0026029568707367
12.0,0.044653,0.005205913741473401
14.0,0.035484,0.0026029568707367
11.0,0.043894,0.0026029568707367
15.0,0.026485,0.004518572204697199
13.0,0.033493,0.004518572204697199
13.0,0.034148,0.006434187538657696
10.0,0.044196,0.007193930306799412
15.0,0.036533,0.0052783149728389146
12.0,0.044196,0.007193930306799412
13.0,0.048186,0.005778417967425429
16.0,0.037645,0.005205913741473401
13.0,0.044653,0.005205913741473401
16.0,0.007008,0.0
14.0,0.014671,0.0019156153339604976
15.0,0.015418,0.0
15.0,0.014671,0.0019156153339604976
15.0,0.02583,0.0026029568707367
15.0,0.014671,0.0019156153339604976
13.0,0.022334,0.003831230667920995
13.0,0.014016,0.0
12.0,0.022426,0.0
14.0,0.024718,0.0026753581021022143
14.0,0.014671,0.0019156153339604976
13.0,0.022334,0.003831230667920995
15.0,0.02583,0.0026029568707367
14.0,0.024718,0.0026753581021022143
11.0,0.037752,0.003831230667920996
14.0,0.015418,0.0
14.0,0.023081,0.0019156153339604976
12.0,0.022426,0.0
13.0,0.023081,0.0019156153339604976
13.0,0.033128,0.0026753581021022143
15.0,0.02583,0.0026029568707367
14.0,0.033493,0.004518572204697199
15.0,0.027002,0.0
12.0,0.03401,0.0
15.0,0.02583,0.0026029568707367
13.0,0.033493,0.004518572204697199
15.0,0.039178,0.0030437341431171798
13.0,0.015418,0.0
12.0,0.023081,0.0019156153339604976
12.0,0.023828,0.0
13.0,0.023081,0.0019156153339604976
12.0,0.03424,0.0026029568707367
13.0,0.023081,0.0019156153339604976
11.0,0.030744,0.003831230667920995
12.0,0.022426,0.0
9.0,0.030836,0.0
12.0,0.033128,0.0026753581021022143
12.0,0.023081,0.0019156153339604976
11.0,0.030744,0.003831230667920995
12.0,0.03424,0.0026029568707367
12.0,0.033128,0.0026753581021022143
8.0,0.046162,0.003831230667920996
14.0,0.027002,0.0
13.0,0.034665,0.0019156153339604976
12.0,0.03401,0.0
13.0,0.034665,0.0019156153339604976
12.0,0.044712,0.0026753581021022143
15.0,0.015418,0.0
13.0,0.023081,0.0019156153339604976
14.0,0.023081,0.0019156153339604976
12.0,0.022426,0.0
13.0,0.033128,0.0026753581021022143
13.0,0.023828,0.0
11.0,0.030836,0.0
14.0,0.03424,0.0026029568707367
14.0,0.03424,0.0026029568707367
15.0,0.027002,0.0
12.0,0.03401,0.0
15.0,0.02583,0.0026029568707367
14.0,0.03424,0.0026029568707367
13.0,0.033493,0.004518572204697198
12.0,0.044653,0.005205913741473401
15.0,0.039178,0.0030437341431171798
14.0,0.027002,0.0
13.0,0.034665,0.0019156153339604976
13.0,0.034665,0.0019156153339604976
12.0,0.03401,0.0
12.0,0.044712,0.0026753581021022143
11.0,0.040648,0.0
8.0,0.047656,0.0
13.0,0.054127,0.0033694303375884764
15.0,0.02583,0.0026029568707367
14.0,0.033493,0.004518572204697198
14.0,0.03424,0.0026029568707367
13.0,0.044653,0.005205913741473401
13.0,0.054127,0.0033694303375884794
9.0,0.068481,0.005205913741473401
16.0,0.016661,0.0
14.0,0.025071,0.0
15.0,0.025071,0.0
13.0,0.036655,0.0
14.0,0.025071,0.0
12.0,0.033481,0.0
11.0,0.036655,0.0
15.0,0.025071,0.0
12.0,0.033481,0.0
15.0,0.036655,0.0
14.0,0.036655,0.0
10.0,0.050301,0.0
15.0,0.024324,0.0019156153339604976
13.0,0.032734,0.0019156153339604976
14.0,0.032734,0.0019156153339604976
12.0,0.044318,0.0019156153339604976
14.0,0.035484,0.0026029568707367
11.0,0.043894,0.0026029568707367
15.0,0.024324,0.0019156153339604976
13.0,0.032734,0.0019156153339604976
13.0,0.032734,0.0019156153339604976
10.0,0.044318,0.0019156153339604976
15.0,0.035484,0.0026029568707367
12.0,0.043894,0.0026029568707367
13.0,0.048831,0.0030437341431171798
16.0,0.035484,0.0026029568707367
13.0,0.043894,0.0026029568707367
11.0,0.06378,0.0033694303375884794
16.0,0.01771,0.0026753581021022143
15.0,0.025373,0.004590973436062712
15.0,0.02612,0.0026753581021022143
15.0,0.025373,0.004590973436062712
15.0,0.036533,0.0052783149728389146
14.0,0.025373,0.004590973436062712
12.0,0.033036,0.006506588770023209
14.0,0.024718,0.0026753581021022143
12.0,0.033128,0.0026753581021022143
12.0,0.03542,0.005350716204204429
15.0,0.025373,0.004590973436062712
14.0,0.033036,0.006506588770023209
14.0,0.036533,0.0052783149728389146
14.0,0.03542,0.005350716204204429
11.0,0.048454,0.00650658877002321
15.0,0.02612,0.0026753581021022143
14.0,0.033783,0.004590973436062712
13.0,0.033783,0.004590973436062712
13.0,0.033128,0.0026753581021022143
11.0,0.04383,0.005350716204204429
15.0,0.037704,0.0026753581021022143
12.0,0.044712,0.0026753581021022143
15.0,0.036533,0.0052783149728389146
12.0,0.044196,0.007193930306799412
15.0,0.04988,0.005719092245219394
16.0,0.036533,0.0052783149728389146
15.0,0.044196,0.007193930306799412
14.0,0.043824,0.004687991173025928
13.0,0.051487,0.006603606506986425
12.0,0.052234,0.004687991173025928
13.0,0.062647,0.007290948043762627
15.0,0.007008,0.0
14.0,0.015418,0.0
15.0,0.015418,0.0
15.0,0.027002,0.0
15.0,0.015418,0.0
12.0,0.023828,0.0
15.0,0.027002,0.0
12.0,0.015418,0.0
11.0,0.023828,0.0
14.0,0.027002,0.0
14.0,0.027002,0.0
11.0,0.040648,0.0
14.0,0.014671,0.0019156153339604976
13.0,0.023081,0.0019156153339604976
11.0,0.023081,0.0019156153339604976
13.0,0.034665,0.0019156153339604976
15.0,0.02583,0.0026029568707367
12.0,0.03424,0.0026029568707367
15.0,0.014671,0.0019156153339604976
13.0,0.023081,0.0019156153339604976
14.0,0.023081,0.0019156153339604976
14.0,0.034665,0.0019156153339604976
15.0,0.02583,0.0026029568707367
13.0,0.03424,0.0026029568707367
14.0,0.02583,0.0026029568707367
12.0,0.03424,0.0026029568707367
14.0,0.039178,0.0030437341431171798
13.0,0.054127,0.0033694303375884764
14.0,0.014016,0.0
11.0,0.022426,0.0
13.0,0.022426,0.0
12.0,0.03401,0.0
13.0,0.022426,0.0
11.0,0.030836,0.0
12.0,0.03401,0.0
11.0,0.022426,0.0
8.0,0.030836,0.0
12.0,0.03401,0.0
12.0,0.03401,0.0
8.0,0.047656,0.0
15.0,0.024718,0.0026753581021022143
14.0,0.033128,0.0026753581021022143
12.0,0.033128,0.0026753581021022143
13.0,0.044712,0.0026753581021022143
14.0,0.014671,0.0019156153339604976
13.0,0.022334,0.003831230667920995
13.0,0.023081,0.0019156153339604976
13.0,0.022334,0.003831230667920995
14.0,0.033493,0.004518572204697199
11.0,0.023081,0.0019156153339604976
10.0,0.030744,0.003831230667920995
13.0,0.034665,0.0019156153339604976
13.0,0.033493,0.004518572204697197
13.0,0.046841,0.004959349477077677
15.0,0.02583,0.0026029568707367
14.0,0.033493,0.004518572204697199
12.0,0.03424,0.0026029568707367
13.0,0.044653,0.005205913741473401
15.0,0.018838,0.0026753581021022143
14.0,0.027248,0.0026753581021022143
12.0,0.027248,0.0026753581021022143
13.0,0.038832,0.0026753581021022143
10.0,0.037752,0.003831230667920996
7.0,0.046162,0.003831230667920996
15.0,0.024718,0.0026753581021022143
12.0,0.033128,0.0026753581021022143
14.0,0.033128,0.0026753581021022143
11.0,0.044712,0.0026753581021022143
12.0,0.052461,0.004612474919897981
15.0,0.014671,0.0019156153339604976
13.0,0.022334,0.003831230667920995
14.0,0.023081,0.0019156153339604976
12.0,0.022334,0.003831230667920995
13.0,0.033493,0.004518572204697199
13.0,0.023081,0.0019156153339604976
10.0,0.030744,0.003831230667920995
14.0,0.033493,0.004518572204697199
14.0,0.034665,0.0019156153339604976
15.0,0.024718,0.0026753581021022143
12.0,0.033128,0.0026753581021022143
14.0,0.033128,0.0026753581021022143
11.0,0.044712,0.0026753581021022143
15.0,0.02583,0.0026029568707367
14.0,0.033493,0.004518572204697198
13.0,0.03424,0.0026029568707367
13.0,0.033493,0.004518572204697198
11.0,0.044653,0.005205913741473401
12.0,0.052461,0.004612474919897981
14.0,0.02583,0.0026029568707367
13.0,0.033493,0.004518572204697198
12.0,0.03424,0.0026029568707367
13.0,0.044653,0.005205913741473401
11.0,0.037752,0.003831230667920995
7.0,0.046162,0.003831230667920995
14.0,0.039178,0.0030437341431171798
13.0,0.046841,0.004959349477077677
13.0,0.054127,0.0033694303375884794
8.0,0.068481,0.005205913741473401
16.0,0.01771,0.0026753581021022143
15.0,0.024718,0.0026753581021022143
14.0,0.025373,0.004590973436062712
14.0,0.03542,0.005350716204204429
15.0,0.025373,0.004590973436062712
12.0,0.033036,0.006506588770023209
15.0,0.03542,0.005350716204204429
14.0,0.02612,0.0026753581021022143
12.0,0.033128,0.0026753581021022143
11.0,0.036533,0.0052783149728389146
13.0,0.036533,0.0052783149728389146
10.0,0.048454,0.006506588770023209
15.0,0.025373,0.004590973436062712
13.0,0.033036,0.006506588770023209
13.0,0.033783,0.004590973436062712
10.0,0.044196,0.007193930306799412
16.0,0.02954,0.005350716204204429
13.0,0.03795,0.005350716204204429
15.0,0.02612,0.0026753581021022143
14.0,0.033128,0.0026753581021022143
13.0,0.033783,0.004590973436062712
12.0,0.04383,0.005350716204204429
15.0,0.036533,0.0052783149728389146
12.0,0.044196,0.007193930306799413
14.0,0.037704,0.0026753581021022143
11.0,0.044712,0.0026753581021022143
13.0,0.04988,0.005719092245219394
16.0,0.016661,0.0
15.0,0.025071,0.0
14.0,0.025071,0.0
14.0,0.036655,0.0
15.0,0.025071,0.0
12.0,0.033481,0.0
15.0,0.036655,0.0
14.0,0.025071,0.0
12.0,0.033481,0.0
11.0,0.036655,0.0
13.0,0.036655,0.0
10.0,0.050301,0.0
15.0,0.024324,0.0019156153339604976
13.0,0.032734,0.0019156153339604976
13.0,0.032734,0.0019156153339604976
10.0,0.044318,0.0019156153339604976
16.0,0.035484,0.0026029568707367
13.0,0.043894,0.0026029568707367
15.0,0.024324,0.0019156153339604976
14.0,0.032734,0.0019156153339604976
13.0,0.032734,0.0019156153339604976
12.0,0.044318,0.0019156153339604976
15.0,0.035484,0.0026029568707367
12.0,0.043894,0.0026029568707367
14.0,0.035484,0.0026029568707367
11.0,0.043894,0.0026029568707367
13.0,0.048831,0.0030437341431171798
11.0,0.06378,0.0033694303375884794
16.0,0.029364,0.0031754610966887266
15.0,0.037027,0.005091076430649224
15.0,0.037774,0.0031754610966887266
15.0,0.037027,0.005091076430649224
15.0,0.048186,0.005778417967425426
14.0,0.037774,0.0031754610966887266
13.0,0.045437,0.005091076430649224
13.0,0.049358,0.0031754610966887266
13.0,0.048186,0.005778417967425426
12.0,0.061534,0.006219195239805906
16.0,0.01771,0.0026753581021022143
15.0,0.024718,0.0026753581021022143
15.0,0.025373,0.004590973436062712
15.0,0.03542,0.005350716204204429
14.0,0.025373,0.004590973436062712
12.0,0.033036,0.006506588770023209
14.0,0.03542,0.005350716204204429
14.0,0.02612,0.0026753581021022143
12.0,0.033128,0.0026753581021022143
13.0,0.036533,0.0052783149728389146
11.0,0.036533,0.0052783149728389146
10.0,0.048454,0.006506588770023209
15.0,0.025373,0.004590973436062712
13.0,0.033036,0.006506588770023209
13.0,0.033783,0.004590973436062712
10.0,0.044196,0.007193930306799412
16.0,0.03542,0.005350716204204429
13.0,0.04383,0.005350716204204429
15.0,0.02612,0.0026753581021022143
14.0,0.033128,0.0026753581021022143
13.0,0.033783,0.004590973436062712
12.0,0.04383,0.005350716204204429
15.0,0.036533,0.0052783149728389146
12.0,0.044196,0.007193930306799413
14.0,0.037704,0.0026753581021022143
11.0,0.044712,0.0026753581021022143
13.0,0.04988,0.005719092245219394
12.0,0.030744,0.003831230667920996
11.0,0.037752,0.003831230667920996
11.0,0.038407,0.005746846001881493
10.0,0.048454,0.00650658877002321
11.0,0.038407,0.005746846001881493
8.0,0.04607,0.00766246133584199
10.0,0.048454,0.00650658877002321
11.0,0.039154,0.003831230667920996
7.0,0.046162,0.003831230667920996
10.0,0.049566,0.006434187538657696
10.0,0.049566,0.006434187538657696
5.0,0.061488,0.00766246133584199
16.0,0.016661,0.0
15.0,0.025071,0.0
15.0,0.025071,0.0
15.0,0.036655,0.0
14.0,0.025071,0.0
12.0,0.033481,0.0
14.0,0.036655,0.0
14.0,0.025071,0.0
12.0,0.033481,0.0
13.0,0.036655,0.0
11.0,0.036655,0.0
10.0,0.050301,0.0
15.0,0.024324,0.0019156153339604976
13.0,0.032734,0.0019156153339604976
13.0,0.032734,0.0019156153339604976
10.0,0.044318,0.0019156153339604976
16.0,0.035484,0.0026029568707367
13.0,0.043894,0.0026029568707367
15.0,0.024324,0.0019156153339604976
14.0,0.032734,0.0019156153339604976
13.0,0.032734,0.0019156153339604976
12.0,0.044318,0.0019156153339604976
15.0,0.035484,0.0026029568707367
12.0,0.043894,0.0026029568707367
14.0,0.035484,0.0026029568707367
11.0,0.043894,0.0026029568707367
13.0,0.048831,0.0030437341431171798
11.0,0.06378,0.0033694303375884764
12.0,0.028032,0.0
11.0,0.036442,0.0
11.0,0.036442,0.0
10.0,0.048026,0.0
11.0,0.036442,0.0
8.0,0.044852,0.0
10.0,0.048026,0.0
11.0,0.036442,0.0
8.0,0.044852,0.0
10.0,0.048026,0.0
10.0,0.048026,0.0
5.0,0.061672,0.0
15.0,0.042233,0.0035499467010501424
13.0,0.050643,0.0035499467010501424
13.0,0.050643,0.0035499467010501424
11.0,0.062227,0.0035499467010501424
16.0,0.029364,0.0031754610966887266
15.0,0.037027,0.005091076430649224
15.0,0.037774,0.0031754610966887266
15.0,0.037027,0.005091076430649224
15.0,0.048186,0.005778417967425427
14.0,0.037774,0.0031754610966887266
13.0,0.045437,0.005091076430649224
13.0,0.049358,0.0031754610966887266
13.0,0.048186,0.005778417967425427
12.0,0.061534,0.006219195239805906
15.0,0.042233,0.0035499467010501416
13.0,0.050643,0.0035499467010501416
13.0,0.050643,0.0035499467010501416
11.0,0.062227,0.0035499467010501416
11.0,0.057846,0.005350716204204428
8.0,0.066256,0.005350716204204428
16.0,0.01771,0.0026753581021022143
15.0,0.025373,0.004590973436062712
15.0,0.02612,0.0026753581021022143
15.0,0.036533,0.0052783149728389146
15.0,0.024718,0.0026753581021022143
12.0,0.033128,0.0026753581021022143
14.0,0.03542,0.005350716204204429
15.0,0.025373,0.004590973436062712
14.0,0.033036,0.006506588770023209
16.0,0.036533,0.0052783149728389146
15.0,0.02954,0.005350716204204429
11.0,0.048454,0.00650658877002321
15.0,0.02612,0.0026753581021022143
14.0,0.033783,0.004590973436062712
14.0,0.033128,0.0026753581021022143
13.0,0.04383,0.005350716204204429
16.0,0.037704,0.0026753581021022143
13.0,0.044712,0.0026753581021022143
15.0,0.025373,0.004590973436062712
14.0,0.033036,0.006506588770023209
14.0,0.033783,0.004590973436062712
14.0,0.044196,0.007193930306799413
16.0,0.03542,0.005350716204204429
13.0,0.04383,0.005350716204204429
16.0,0.036533,0.0052783149728389146
15.0,0.044196,0.007193930306799412
13.0,0.063164,0.007287833022000194
15.0,0.042233,0.003549946701050143
13.0,0.050643,0.003549946701050143
13.0,0.050643,0.003549946701050143
11.0,0.062227,0.003549946701050143
12.0,0.057846,0.005350716204204429
9.0,0.066256,0.005350716204204429
11.0,0.074604,0.006644014293473614
15.0,0.007663,0.0019156153339604976
14.0,0.015326,0.003831230667920995
14.0,0.016073,0.0019156153339604976
14.0,0.015326,0.003831230667920995
15.0,0.026485,0.004518572204697199
14.0,0.015326,0.003831230667920995
12.0,0.022989,0.005746846001881492
14.0,0.014671,0.0019156153339604976
12.0,0.023081,0.0019156153339604976
15.0,0.025373,0.004590973436062712
13.0,0.015326,0.003831230667920995
12.0,0.022989,0.005746846001881492
14.0,0.026485,0.004518572204697199
14.0,0.025373,0.004590973436062712
11.0,0.038407,0.005746846001881493
14.0,0.016073,0.0019156153339604976
13.0,0.023736,0.003831230667920995
13.0,0.023081,0.0019156153339604976
12.0,0.023736,0.003831230667920995
13.0,0.033783,0.004590973436062712
15.0,0.026485,0.004518572204697199
14.0,0.034148,0.006434187538657696
15.0,0.027657,0.0019156153339604976
13.0,0.034665,0.0019156153339604976
15.0,0.026485,0.004518572204697199
13.0,0.034148,0.006434187538657696
14.0,0.039833,0.004959349477077676
14.0,0.014671,0.0019156153339604976
13.0,0.023081,0.0019156153339604976
13.0,0.022334,0.003831230667920995
12.0,0.022334,0.003831230667920995
13.0,0.033493,0.004518572204697199
11.0,0.023081,0.0019156153339604976
10.0,0.030744,0.003831230667920995
13.0,0.034665,0.0019156153339604976
13.0,0.033493,0.004518572204697199
12.0,0.046841,0.004959349477077676
15.0,0.025373,0.004590973436062712
14.0,0.033036,0.006506588770023209
14.0,0.015326,0.003831230667920995
13.0,0.022989,0.005746846001881492
13.0,0.023736,0.003831230667920995
13.0,0.022989,0.005746846001881492
14.0,0.034148,0.006434187538657696
13.0,0.022989,0.005746846001881492
11.0,0.030652,0.007662461335841989
13.0,0.022334,0.003831230667920995
11.0,0.030744,0.003831230667920995
14.0,0.033036,0.006506588770023209
12.0,0.022989,0.005746846001881492
11.0,0.030652,0.007662461335841989
12.0,0.034148,0.006434187538657696
12.0,0.033036,0.006506588770023209
10.0,0.04607,0.00766246133584199
15.0,0.026485,0.004518572204697199
14.0,0.034148,0.006434187538657696
14.0,0.033493,0.004518572204697199
14.0,0.034148,0.006434187538657696
14.0,0.044196,0.007193930306799412
15.0,0.019493,0.004590973436062712
14.0,0.027903,0.004590973436062712
14.0,0.027156,0.00650658877002321
14.0,0.027156,0.00650658877002321
14.0,0.038316,0.007193930306799412
10.0,0.038407,0.005746846001881493
9.0,0.04607,0.007662461335841991
15.0,0.025373,0.004590973436062712
13.0,0.033783,0.004590973436062712
13.0,0.033036,0.006506588770023209
10.0,0.044196,0.007193930306799412
13.0,0.053116,0.006528090253858476
15.0,0.024324,0.0019156153339604976
13.0,0.032734,0.0019156153339604976
13.0,0.032734,0.0019156153339604976
10.0,0.044318,0.0019156153339604976
13.0,0.051487,0.006603606506986425
14.0,0.037027,0.0050910764306492245
12.0,0.045437,0.0050910764306492245
9.0,0.067307,0.00766246133584199
16.0,0.018822,0.0026029568707367
15.0,0.026485,0.004518572204697198
14.0,0.027232,0.0026029568707367
15.0,0.026485,0.004518572204697198
14.0,0.037645,0.005205913741473401
14.0,0.026485,0.004518572204697198
12.0,0.034148,0.006434187538657694
15.0,0.02583,0.0026029568707367
12.0,0.03424,0.0026029568707367
14.0,0.036533,0.0052783149728389146
14.0,0.026485,0.004518572204697197
12.0,0.034148,0.006434187538657694
11.0,0.037645,0.005205913741473401
14.0,0.036533,0.005278314972838915
10.0,0.049566,0.006434187538657697
15.0,0.02583,0.0026029568707367
13.0,0.03424,0.0026029568707367
13.0,0.033493,0.004518572204697198
13.0,0.033493,0.004518572204697197
10.0,0.044653,0.005205913741473401
16.0,0.036533,0.0052783149728389146
14.0,0.044196,0.007193930306799412
15.0,0.036533,0.005278314972838915
12.0,0.044196,0.007193930306799411
15.0,0.035484,0.0026029568707367
12.0,0.043894,0.0026029568707367
14.0,0.048186,0.005778417967425427
16.0,0.03217,0.0030437341431171798
15.0,0.039833,0.004959349477077677
15.0,0.039178,0.0030437341431171798
14.0,0.039833,0.004959349477077676
14.0,0.04988,0.005719092245219393
14.0,0.039178,0.0030437341431171798
12.0,0.046841,0.004959349477077676
13.0,0.04988,0.005719092245219393
13.0,0.048831,0.0030437341431171798
10.0,0.061534,0.0062191952398059054
16.0,0.01771,0.0026753581021022143
15.0,0.025373,0.004590973436062712
15.0,0.02612,0.0026753581021022143
14.0,0.025373,0.004590973436062712
14.0,0.036533,0.0052783149728389146
15.0,0.025373,0.004590973436062712
12.0,0.033036,0.006506588770023209
14.0,0.024718,0.0026753581021022143
12.0,0.033128,0.0026753581021022143
14.0,0.03542,0.005350716204204429
14.0,0.025373,0.004590973436062712
12.0,0.033036,0.006506588770023209
14.0,0.036533,0.0052783149728389146
11.0,0.03542,0.005350716204204429
10.0,0.048454,0.00650658877002321
15.0,0.02612,0.0026753581021022143
13.0,0.033783,0.004590973436062712
13.0,0.033128,0.0026753581021022143
13.0,0.033783,0.004590973436062712
10.0,0.04383,0.005350716204204429
16.0,0.036533,0.0052783149728389146
14.0,0.044196,0.007193930306799413
15.0,0.037704,0.0026753581021022143
12.0,0.044712,0.0026753581021022143
15.0,0.036533,0.0052783149728389146
12.0,0.044196,0.007193930306799412
14.0,0.04988,0.005719092245219393
16.0,0.029364,0.0031754610966887266
15.0,0.037774,0.0031754610966887266
15.0,0.037027,0.005091076430649224
14.0,0.037027,0.0050910764306492245
14.0,0.048186,0.005778417967425427
14.0,0.037774,0.0031754610966887266
12.0,0.045437,0.0050910764306492245
13.0,0.049358,0.0031754610966887266
13.0,0.048186,0.005778417967425427
10.0,0.061534,0.0062191952398059054
12.0,0.030744,0.003831230667920996
11.0,0.038407,0.005746846001881493
11.0,0.039154,0.003831230667920996
11.0,0.038407,0.005746846001881493
11.0,0.049566,0.006434187538657696
11.0,0.038407,0.005746846001881493
8.0,0.04607,0.00766246133584199
11.0,0.037752,0.003831230667920996
8.0,0.046162,0.003831230667920996
11.0,0.048454,0.006506588770023211
11.0,0.038407,0.005746846001881493
10.0,0.04607,0.00766246133584199
10.0,0.049566,0.006434187538657696
10.0,0.048454,0.006506588770023211
7.0,0.061488,0.007662461335841992
10.0,0.059644,0.005746846001881493
9.0,0.067307,0.00766246133584199
16.0,0.018822,0.0026029568707367
15.0,0.026485,0.004518572204697198
15.0,0.027232,0.0026029568707367
15.0,0.037645,0.005205913741473401
15.0,0.02583,0.0026029568707367
12.0,0.03424,0.0026029568707367
16.0,0.036533,0.0052783149728389146
15.0,0.026485,0.004518572204697198
14.0,0.034148,0.006434187538657695
14.0,0.037645,0.005205913741473401
15.0,0.030653,0.0052783149728389146
11.0,0.049566,0.006434187538657696
15.0,0.026485,0.004518572204697198
14.0,0.033493,0.004518572204697198
14.0,0.034148,0.006434187538657695
14.0,0.038316,0.0071939303067994126
15.0,0.02583,0.0026029568707367
14.0,0.03424,0.0026029568707367
14.0,0.033493,0.004518572204697198
13.0,0.044653,0.005205913741473401
16.0,0.036533,0.0052783149728389146
15.0,0.044196,0.007193930306799412
16.0,0.037645,0.005205913741473401
13.0,0.044653,0.005205913741473401
16.0,0.035484,0.0026029568707367
13.0,0.043894,0.0026029568707367
13.0,0.062647,0.007290948043762627
15.0,0.047119,0.0033694303375884794
13.0,0.054127,0.0033694303375884794
13.0,0.054127,0.0033694303375884794
11.0,0.06378,0.0033694303375884794
12.0,0.061473,0.005205913741473401
9.0,0.068481,0.005205913741473401
11.0,0.076573,0.006567664257917338
16.0,0.01771,0.0026753581021022143
15.0,0.025373,0.004590973436062712
15.0,0.02612,0.0026753581021022143
16.0,0.036533,0.0052783149728389146
15.0,0.024718,0.0026753581021022143
12.0,0.033128,0.0026753581021022143
15.0,0.03542,0.005350716204204429
15.0,0.025373,0.004590973436062712
14.0,0.033036,0.006506588770023209
15.0,0.036533,0.0052783149728389146
14.0,0.02954,0.005350716204204429
11.0,0.048454,0.00650658877002321
15.0,0.02612,0.0026753581021022143
14.0,0.033128,0.0026753581021022143
14.0,0.033783,0.004590973436062712
13.0,0.03795,0.005350716204204429
15.0,0.025373,0.004590973436062712
14.0,0.033783,0.004590973436062712
14.0,0.033036,0.006506588770023209
14.0,0.044196,0.007193930306799413
16.0,0.036533,0.0052783149728389146
15.0,0.044196,0.007193930306799412
16.0,0.037704,0.0026753581021022143
13.0,0.044712,0.0026753581021022143
16.0,0.03542,0.005350716204204429
13.0,0.04383,0.005350716204204429
13.0,0.063164,0.007287833022000194
15.0,0.042233,0.0035499467010501433
13.0,0.050643,0.0035499467010501433
13.0,0.050643,0.0035499467010501433
11.0,0.062227,0.0035499467010501433
12.0,0.057846,0.005350716204204429
9.0,0.066256,0.005350716204204429
11.0,0.074604,0.006644014293473614
11.0,0.030744,0.003831230667920996
10.0,0.038407,0.005746846001881493
10.0,0.039154,0.003831230667920996
11.0,0.049566,0.0064341875386576975
10.0,0.037752,0.003831230667920996
7.0,0.046162,0.003831230667920996
11.0,0.048454,0.006506588770023211
10.0,0.038407,0.005746846001881493
9.0,0.04607,0.00766246133584199
11.0,0.049566,0.0064341875386576975
11.0,0.042574,0.00650658877002321
6.0,0.061488,0.007662461335841992
14.0,0.045453,0.004612474919897981
12.0,0.052461,0.004612474919897981
12.0,0.053116,0.006528090253858478
12.0,0.057283,0.007287833022000195
14.0,0.043824,0.0046879911730259285
12.0,0.052234,0.0046879911730259285
12.0,0.051487,0.006603606506986426
12.0,0.062647,0.007290948043762629
10.0,0.059644,0.005746846001881493
9.0,0.067307,0.00766246133584199
14.0,0.045453,0.004612474919897981
12.0,0.053116,0.006528090253858478
12.0,0.052461,0.004612474919897981
12.0,0.063164,0.007287833022000196
10.0,0.061473,0.005205913741473402
7.0,0.068481,0.005205913741473402
11.0,0.076573,0.006567664257917338
14.0,0.043824,0.0046879911730259285
12.0,0.051487,0.006603606506986426
12.0,0.052234,0.0046879911730259285
12.0,0.062647,0.007290948043762629
10.0,0.057846,0.005350716204204429
7.0,0.066256,0.005350716204204429
11.0,0.074604,0.006644014293473614
10.0,0.059644,0.005746846001881493
9.0,0.067307,0.00766246133584199
11.0,0.076573,0.006567664257917338
11.0,0.074604,0.0066440142934736145
4.0,0.092324,0.007662461335841989
16.0,0.070461,0.003008286792033667
13.0,0.077469,0.003008286792033667
15.0,0.077469,0.003008286792033667
14.0,0.087122,0.003008286792033667
15.0,0.077469,0.003008286792033667
12.0,0.084477,0.003008286792033667
14.0,0.087122,0.003008286792033667
15.0,0.077469,0.003008286792033667
12.0,0.084477,0.003008286792033667
15.0,0.087122,0.003008286792033667
15.0,0.087122,0.003008286792033667
11.0,0.098493,0.003008286792033667
16.0,0.078124,0.004923902125994165
14.0,0.085132,0.004923902125994165
15.0,0.085132,0.004923902125994165
14.0,0.094785,0.004923902125994165
15.0,0.088171,0.0056836448941358815
13.0,0.095179,0.0056836448941358815
15.0,0.078124,0.004923902125994165
12.0,0.085132,0.004923902125994165
14.0,0.085132,0.004923902125994165
13.0,0.094785,0.004923902125994165
15.0,0.088171,0.0056836448941358815
13.0,0.095179,0.0056836448941358815
14.0,0.099825,0.006183747888722394
16.0,0.088171,0.0056836448941358815
13.0,0.095179,0.0056836448941358815
13.0,0.112694,0.006558233493083809
16.0,0.078124,0.004923902125994165
13.0,0.085787,0.006839517459954662
14.0,0.085132,0.004923902125994165
14.0,0.085787,0.006839517459954663
14.0,0.095834,0.0075992602280963795
15.0,0.085132,0.004923902125994165
12.0,0.092795,0.006839517459954662
14.0,0.094785,0.004923902125994165
15.0,0.095834,0.007599260228096379
15.0,0.088171,0.0056836448941358815
14.0,0.095834,0.007599260228096379
13.0,0.095179,0.0056836448941358815
13.0,0.105881,0.008359002996238096
15.0,0.078871,0.003008286792033667
12.0,0.085879,0.003008286792033667
14.0,0.085879,0.003008286792033667
12.0,0.095532,0.003008286792033667
14.0,0.085879,0.003008286792033667
11.0,0.092887,0.003008286792033667
12.0,0.095532,0.003008286792033667
12.0,0.085879,0.003008286792033667
9.0,0.092887,0.003008286792033667
13.0,0.095532,0.003008286792033667
13.0,0.095532,0.003008286792033667
8.0,0.106903,0.003008286792033667
16.0,0.089283,0.005611243662770368
14.0,0.096291,0.005611243662770368
14.0,0.096291,0.005611243662770368
11.0,0.105944,0.005611243662770368
16.0,0.089283,0.005611243662770368
14.0,0.096291,0.005611243662770368
14.0,0.096291,0.005611243662770368
11.0,0.105944,0.005611243662770368
12.0,0.101205,0.006839517459954662
9.0,0.108213,0.006839517459954662
16.0,0.089283,0.005611243662770367
13.0,0.096291,0.005611243662770367
15.0,0.096291,0.005611243662770367
13.0,0.105944,0.005611243662770367
15.0,0.078124,0.004923902125994165
14.0,0.085787,0.006839517459954663
14.0,0.085132,0.004923902125994165
13.0,0.085787,0.006839517459954663
14.0,0.095834,0.0075992602280963795
12.0,0.085132,0.004923902125994165
11.0,0.092795,0.006839517459954663
14.0,0.095834,0.007599260228096379
13.0,0.094785,0.004923902125994165
12.0,0.107488,0.008099363222682893
15.0,0.088171,0.0056836448941358815
14.0,0.095834,0.0075992602280963795
13.0,0.095179,0.0056836448941358815
14.0,0.095834,0.0075992602280963795
10.0,0.105881,0.008359002996238096
14.0,0.099825,0.006183747888722394
12.0,0.107488,0.008099363222682891
16.0,0.089283,0.005611243662770367
13.0,0.096291,0.005611243662770367
15.0,0.096291,0.005611243662770367
13.0,0.105944,0.005611243662770367
16.0,0.088171,0.0056836448941358815
13.0,0.095179,0.0056836448941358815
15.0,0.095834,0.007599260228096379
13.0,0.105881,0.008359002996238096
13.0,0.112694,0.00655823349308381
11.0,0.101205,0.006839517459954663
8.0,0.108213,0.006839517459954663
13.0,0.114285,0.007696277965059595
13.0,0.114285,0.007696277965059595
7.0,0.128307,0.008359002996238096
12.0,0.131169,0.018902888007662145
11.0,0.138832,0.020818503341622645
11.0,0.139579,0.018902888007662145
12.0,0.149992,0.021505844878398846
11.0,0.138177,0.018902888007662145
8.0,0.146587,0.018902888007662145
12.0,0.14888,0.021578246109764356
11.0,0.138832,0.020818503341622645
10.0,0.146495,0.02273411867558314
12.0,0.149992,0.021505844878398846
12.0,0.14888,0.021578246109764356
7.0,0.161913,0.02273411867558314
15.0,0.105765,0.0044941976802760795
13.0,0.112773,0.0044941976802760795
13.0,0.112773,0.0044941976802760795
12.0,0.122426,0.0044941976802760795
14.0,0.112773,0.0044941976802760795
11.0,0.119781,0.0044941976802760795
13.0,0.122426,0.0044941976802760795
14.0,0.112773,0.0044941976802760795
11.0,0.119781,0.0044941976802760795
13.0,0.122426,0.0044941976802760795
14.0,0.122426,0.0044941976802760795
9.0,0.133797,0.0044941976802760795
15.0,0.113428,0.006409813014236577
12.0,0.120436,0.006409813014236577
14.0,0.120436,0.006409813014236577
12.0,0.130089,0.006409813014236577
14.0,0.123475,0.007169555782378293
12.0,0.130483,0.007169555782378293
14.0,0.113428,0.0064098130142365775
12.0,0.120436,0.0064098130142365775
12.0,0.120436,0.0064098130142365775
11.0,0.130089,0.0064098130142365775
15.0,0.123475,0.007169555782378294
12.0,0.130483,0.007169555782378294
14.0,0.135129,0.007669658776964806
16.0,0.123475,0.007169555782378293
13.0,0.130483,0.007169555782378293
10.0,0.147998,0.008044144381326222
15.0,0.100798,0.011831454381739352
13.0,0.107806,0.011831454381739352
13.0,0.108461,0.013747069715699849
12.0,0.118508,0.014506812483841565
14.0,0.108461,0.013747069715699849
11.0,0.116124,0.015662685049660348
13.0,0.118508,0.014506812483841565
14.0,0.109208,0.011831454381739352
11.0,0.116216,0.011831454381739352
13.0,0.119621,0.014434411252476053
14.0,0.119621,0.014434411252476053
9.0,0.131542,0.015662685049660348
15.0,0.107806,0.011831454381739352
12.0,0.115469,0.013747069715699849
14.0,0.116216,0.011831454381739352
12.0,0.126629,0.014434411252476053
14.0,0.117459,0.011831454381739352
12.0,0.125869,0.011831454381739352
14.0,0.108461,0.013747069715699849
12.0,0.115469,0.013747069715699849
12.0,0.116124,0.015662685049660348
11.0,0.126171,0.016422427817802066
15.0,0.118508,0.014506812483841565
12.0,0.126171,0.016422427817802062
14.0,0.130162,0.01500691547842808
16.0,0.119621,0.014434411252476053
13.0,0.126629,0.014434411252476053
15.0,0.131169,0.018902888007662145
14.0,0.138832,0.020818503341622645
14.0,0.139579,0.018902888007662145
14.0,0.138832,0.020818503341622645
14.0,0.149992,0.021505844878398846
14.0,0.138832,0.020818503341622645
11.0,0.146495,0.02273411867558314
14.0,0.138177,0.018902888007662145
11.0,0.146587,0.018902888007662145
14.0,0.14888,0.021578246109764363
14.0,0.138832,0.020818503341622645
13.0,0.146495,0.02273411867558314
14.0,0.149992,0.021505844878398846
13.0,0.14888,0.021578246109764363
10.0,0.161913,0.02273411867558314
15.0,0.105765,0.0044941976802760795
13.0,0.112773,0.0044941976802760795
14.0,0.112773,0.0044941976802760795
13.0,0.122426,0.0044941976802760795
13.0,0.112773,0.0044941976802760795
11.0,0.119781,0.0044941976802760795
12.0,0.122426,0.0044941976802760795
14.0,0.112773,0.0044941976802760795
11.0,0.119781,0.0044941976802760795
14.0,0.122426,0.0044941976802760795
13.0,0.122426,0.0044941976802760795
9.0,0.133797,0.0044941976802760795
15.0,0.113428,0.006409813014236577
12.0,0.120436,0.006409813014236577
14.0,0.120436,0.006409813014236577
12.0,0.130089,0.006409813014236577
14.0,0.123475,0.007169555782378293
12.0,0.130483,0.007169555782378293
14.0,0.113428,0.0064098130142365775
12.0,0.120436,0.0064098130142365775
12.0,0.120436,0.0064098130142365775
11.0,0.130089,0.0064098130142365775
15.0,0.123475,0.007169555782378294
12.0,0.130483,0.007169555782378294
14.0,0.135129,0.007669658776964806
16.0,0.123475,0.007169555782378293
13.0,0.130483,0.007169555782378293
10.0,0.147998,0.008044144381326222
15.0,0.105765,0.0044941976802760795
14.0,0.112773,0.0044941976802760795
13.0,0.112773,0.0044941976802760795
13.0,0.122426,0.0044941976802760795
14.0,0.112773,0.0044941976802760795
11.0,0.119781,0.0044941976802760795
14.0,0.122426,0.0044941976802760795
13.0,0.112773,0.0044941976802760795
11.0,0.119781,0.0044941976802760795
12.0,0.122426,0.0044941976802760795
13.0,0.122426,0.0044941976802760795
9.0,0.133797,0.0044941976802760795
14.0,0.113428,0.006409813014236577
12.0,0.120436,0.006409813014236577
12.0,0.120436,0.006409813014236577
11.0,0.130089,0.006409813014236577
16.0,0.117595,0.007169555782378294
13.0,0.124603,0.007169555782378294
15.0,0.113428,0.006409813014236577
14.0,0.120436,0.006409813014236577
12.0,0.120436,0.006409813014236577
12.0,0.130089,0.006409813014236577
15.0,0.123475,0.007169555782378293
12.0,0.130483,0.007169555782378293
14.0,0.123475,0.007169555782378293
12.0,0.130483,0.007169555782378293
14.0,0.135129,0.007669658776964806
10.0,0.147998,0.008044144381326222
15.0,0.105765,0.0044941976802760795
14.0,0.112773,0.0044941976802760795
14.0,0.112773,0.0044941976802760795
14.0,0.122426,0.0044941976802760795
13.0,0.112773,0.0044941976802760795
11.0,0.119781,0.0044941976802760795
13.0,0.122426,0.0044941976802760795
13.0,0.112773,0.0044941976802760795
11.0,0.119781,0.0044941976802760795
13.0,0.122426,0.0044941976802760795
12.0,0.122426,0.0044941976802760795
9.0,0.133797,0.0044941976802760795
14.0,0.113428,0.006409813014236577
12.0,0.120436,0.006409813014236577
12.0,0.120436,0.006409813014236577
11.0,0.130089,0.006409813014236577
16.0,0.123475,0.007169555782378293
13.0,0.130483,0.007169555782378293
15.0,0.113428,0.006409813014236577
14.0,0.120436,0.006409813014236577
12.0,0.120436,0.006409813014236577
12.0,0.130089,0.006409813014236577
15.0,0.123475,0.007169555782378293
12.0,0.130483,0.007169555782378293
14.0,0.123475,0.007169555782378293
12.0,0.130483,0.007169555782378293
14.0,0.135129,0.007669658776964806
10.0,0.147998,0.008044144381326222
13.0,0.141118,0.005968213223701629
11.0,0.148126,0.005968213223701629
12.0,0.148126,0.005968213223701629
11.0,0.157779,0.005968213223701629
12.0,0.148126,0.005968213223701629
9.0,0.155134,0.005968213223701629
11.0,0.157779,0.005968213223701629
11.0,0.148126,0.005968213223701629
8.0,0.155134,0.005968213223701629
11.0,0.157779,0.005968213223701629
11.0,0.157779,0.005968213223701629
6.0,0.16915,0.005968213223701629
15.0,0.171536,0.01479193399449464
13.0,0.178544,0.01479193399449464
13.0,0.178544,0.01479193399449464
11.0,0.188198,0.01479193399449464
13.0,0.131169,0.018902888007662145
12.0,0.139579,0.018902888007662145
12.0,0.138832,0.020818503341622642
11.0,0.149992,0.021505844878398843
12.0,0.138832,0.020818503341622642
9.0,0.146495,0.022734118675583143
11.0,0.149992,0.021505844878398843
12.0,0.138177,0.018902888007662145
8.0,0.146587,0.018902888007662145
11.0,0.14888,0.02157824610976436
11.0,0.14888,0.02157824610976436
6.0,0.161913,0.022734118675583143
15.0,0.171536,0.01479193399449464
13.0,0.178544,0.01479193399449464
13.0,0.178544,0.01479193399449464
11.0,0.188198,0.01479193399449464
11.0,0.201988,0.0218640468786074
8.0,0.208996,0.0218640468786074
15.0,0.171536,0.014791933994494641
13.0,0.178544,0.014791933994494641
13.0,0.178544,0.014791933994494641
11.0,0.188198,0.014791933994494641
12.0,0.201988,0.0218640468786074
9.0,0.208996,0.0218640468786074
10.0,0.232473,0.028275275221223056
15.0,0.100798,0.011831454381739352
13.0,0.107806,0.011831454381739352
14.0,0.108461,0.013747069715699849
13.0,0.118508,0.014506812483841565
13.0,0.108461,0.013747069715699849
11.0,0.116124,0.015662685049660348
12.0,0.118508,0.014506812483841565
14.0,0.109208,0.011831454381739352
11.0,0.116216,0.011831454381739352
14.0,0.119621,0.014434411252476053
13.0,0.119621,0.014434411252476053
9.0,0.131542,0.015662685049660348
15.0,0.107806,0.011831454381739352
12.0,0.115469,0.013747069715699849
14.0,0.116216,0.011831454381739352
12.0,0.126629,0.014434411252476053
14.0,0.117459,0.011831454381739352
12.0,0.125869,0.011831454381739352
14.0,0.108461,0.013747069715699849
12.0,0.115469,0.013747069715699849
12.0,0.116124,0.015662685049660348
11.0,0.126171,0.016422427817802062
15.0,0.118508,0.014506812483841565
12.0,0.126171,0.016422427817802066
14.0,0.130162,0.01500691547842808
16.0,0.119621,0.014434411252476053
13.0,0.126629,0.014434411252476053
15.0,0.095833,0.017404503933071892
14.0,0.102841,0.017404503933071892
13.0,0.103495,0.01932011926703239
13.0,0.113543,0.02007986203517411
14.0,0.103495,0.01932011926703239
11.0,0.111158,0.021235734600992887
14.0,0.113543,0.02007986203517411
13.0,0.104243,0.017404503933071892
11.0,0.111251,0.017404503933071892
12.0,0.114655,0.020007460803808594
13.0,0.114655,0.020007460803808594
9.0,0.126576,0.021235734600992887
14.0,0.103495,0.01932011926703239
12.0,0.111158,0.021235734600992887
12.0,0.111905,0.01932011926703239
11.0,0.122318,0.02192307613776909
16.0,0.107663,0.020079862035174107
13.0,0.116073,0.020079862035174107
15.0,0.104243,0.017404503933071892
14.0,0.111251,0.017404503933071892
12.0,0.111905,0.01932011926703239
12.0,0.121953,0.02007986203517411
15.0,0.114655,0.02000746080380859
12.0,0.122318,0.021923076137769087
14.0,0.115827,0.017404503933071892
12.0,0.122835,0.017404503933071892
14.0,0.128002,0.020448238076189073
15.0,0.095833,0.017404503933071892
14.0,0.102841,0.017404503933071892
14.0,0.103495,0.01932011926703239
14.0,0.113543,0.02007986203517411
13.0,0.103495,0.01932011926703239
11.0,0.111158,0.021235734600992887
13.0,0.113543,0.02007986203517411
13.0,0.104243,0.017404503933071892
11.0,0.111251,0.017404503933071892
13.0,0.114655,0.020007460803808594
12.0,0.114655,0.020007460803808594
9.0,0.126576,0.021235734600992887
14.0,0.103495,0.01932011926703239
12.0,0.111158,0.021235734600992887
12.0,0.111905,0.01932011926703239
11.0,0.122318,0.02192307613776909
16.0,0.113543,0.020079862035174107
13.0,0.121953,0.020079862035174107
15.0,0.104243,0.017404503933071892
14.0,0.111251,0.017404503933071892
12.0,0.111905,0.01932011926703239
12.0,0.121953,0.02007986203517411
15.0,0.114655,0.02000746080380859
12.0,0.122318,0.021923076137769087
14.0,0.115827,0.017404503933071892
12.0,0.122835,0.017404503933071892
14.0,0.128002,0.020448238076189073
13.0,0.131169,0.018902888007662107
12.0,0.138177,0.018902888007662107
12.0,0.138832,0.020818503341622604
11.0,0.14888,0.02157824610976432
12.0,0.138832,0.020818503341622604
9.0,0.146495,0.0227341186755831
11.0,0.14888,0.02157824610976432
12.0,0.139579,0.018902888007662107
8.0,0.146587,0.018902888007662107
11.0,0.149992,0.021505844878398808
11.0,0.149992,0.021505844878398808
6.0,0.161913,0.0227341186755831
13.0,0.121226,0.028284595378861167
12.0,0.129636,0.028284595378861167
12.0,0.129636,0.028284595378861167
11.0,0.14122,0.028284595378861167
12.0,0.129636,0.028284595378861167
9.0,0.138046,0.028284595378861167
11.0,0.14122,0.028284595378861167
12.0,0.129636,0.028284595378861167
9.0,0.138046,0.028284595378861167
11.0,0.14122,0.028284595378861167
11.0,0.14122,0.028284595378861167
6.0,0.154866,0.028284595378861167
15.0,0.131169,0.018902888007662145
14.0,0.138832,0.020818503341622642
14.0,0.139579,0.018902888007662145
14.0,0.138832,0.020818503341622642
14.0,0.149992,0.021505844878398843
14.0,0.138832,0.020818503341622645
11.0,0.146495,0.022734118675583143
14.0,0.138177,0.018902888007662145
11.0,0.146587,0.018902888007662145
14.0,0.14888,0.021578246109764363
14.0,0.138832,0.020818503341622645
13.0,0.146495,0.022734118675583143
14.0,0.149992,0.021505844878398846
13.0,0.14888,0.02157824610976436
10.0,0.161913,0.022734118675583143
15.0,0.171536,0.014791933994494641
13.0,0.178544,0.014791933994494641
13.0,0.178544,0.014791933994494641
11.0,0.188198,0.014791933994494641
12.0,0.201988,0.0218640468786074
9.0,0.208996,0.0218640468786074
10.0,0.232473,0.028275275221223056
12.0,0.131169,0.018902888007662107
11.0,0.138832,0.020818503341622604
11.0,0.139579,0.018902888007662107
12.0,0.149992,0.021505844878398805
11.0,0.138177,0.018902888007662107
8.0,0.146587,0.018902888007662107
12.0,0.14888,0.02157824610976432
11.0,0.138832,0.020818503341622604
10.0,0.146495,0.0227341186755831
12.0,0.149992,0.021505844878398805
12.0,0.142999,0.02157824610976432
7.0,0.161913,0.0227341186755831
12.0,0.201988,0.021864046878607362
9.0,0.208996,0.021864046878607362
11.0,0.232473,0.028275275221223056
11.0,0.232473,0.028275275221223056
5.0,0.262991,0.03425750257257123
16.0,0.059469,0.0025083824103181887
13.0,0.067879,0.0025083824103181887
15.0,0.067879,0.0025083824103181887
14.0,0.079464,0.0025083824103181887
15.0,0.067879,0.0025083824103181887
12.0,0.076289,0.0025083824103181887
14.0,0.079464,0.0025083824103181887
15.0,0.067879,0.0025083824103181887
12.0,0.076289,0.0025083824103181887
15.0,0.079464,0.0025083824103181887
15.0,0.079464,0.0025083824103181887
11.0,0.093109,0.0025083824103181887
16.0,0.067132,0.004423997744278686
14.0,0.075542,0.004423997744278686
15.0,0.075542,0.004423997744278686
14.0,0.087127,0.004423997744278686
15.0,0.078292,0.005111339281054889
13.0,0.086702,0.005111339281054889
15.0,0.067132,0.004423997744278686
12.0,0.075542,0.004423997744278686
14.0,0.075542,0.004423997744278686
13.0,0.087127,0.004423997744278686
15.0,0.078292,0.005111339281054889
13.0,0.086702,0.005111339281054889
14.0,0.091639,0.005552116553435368
16.0,0.078292,0.005111339281054889
13.0,0.086702,0.005111339281054889
13.0,0.106588,0.0058778127479066685
16.0,0.067132,0.004423997744278686
14.0,0.075542,0.004423997744278686
13.0,0.074795,0.006339613078239183
15.0,0.074795,0.006339613078239183
14.0,0.085955,0.007026954615015386
15.0,0.075542,0.004423997744278686
12.0,0.083205,0.006339613078239183
14.0,0.087127,0.004423997744278686
16.0,0.085955,0.007026954615015386
15.0,0.078292,0.005111339281054889
14.0,0.085955,0.007026954615015388
13.0,0.086702,0.005111339281054889
14.0,0.097114,0.00771429615179159
15.0,0.066477,0.0025083824103181887
12.0,0.074887,0.0025083824103181887
14.0,0.074887,0.0025083824103181887
12.0,0.086472,0.0025083824103181887
14.0,0.074887,0.0025083824103181887
11.0,0.083297,0.0025083824103181887
12.0,0.086472,0.0025083824103181887
12.0,0.074887,0.0025083824103181887
9.0,0.083297,0.0025083824103181887
13.0,0.086472,0.0025083824103181887
13.0,0.086472,0.0025083824103181887
8.0,0.100117,0.0025083824103181887
16.0,0.07718,0.005183740512420403
14.0,0.08559,0.005183740512420403
14.0,0.08559,0.005183740512420403
11.0,0.097174,0.005183740512420403
16.0,0.07718,0.005183740512420403
14.0,0.08559,0.005183740512420403
14.0,0.08559,0.005183740512420403
11.0,0.097174,0.005183740512420403
12.0,0.090213,0.006339613078239184
9.0,0.098623,0.006339613078239184
16.0,0.07718,0.005183740512420403
13.0,0.08559,0.005183740512420403
15.0,0.08559,0.005183740512420403
13.0,0.097174,0.005183740512420403
15.0,0.067132,0.004423997744278686
14.0,0.075542,0.004423997744278686
15.0,0.074795,0.006339613078239183
13.0,0.074795,0.006339613078239183
14.0,0.085955,0.007026954615015388
12.0,0.075542,0.004423997744278686
11.0,0.083205,0.006339613078239183
13.0,0.087127,0.004423997744278686
14.0,0.085955,0.007026954615015388
13.0,0.099302,0.007467731887395865
15.0,0.078292,0.005111339281054889
13.0,0.086702,0.005111339281054889
14.0,0.085955,0.007026954615015386
14.0,0.085955,0.007026954615015386
11.0,0.097114,0.00771429615179159
14.0,0.091639,0.005552116553435368
13.0,0.099302,0.007467731887395865
16.0,0.078292,0.005111339281054889
13.0,0.086702,0.005111339281054889
16.0,0.085955,0.007026954615015386
14.0,0.097114,0.00771429615179159
13.0,0.106588,0.0058778127479066685
16.0,0.07718,0.005183740512420403
13.0,0.08559,0.005183740512420403
15.0,0.08559,0.005183740512420403
13.0,0.097174,0.005183740512420403
11.0,0.090213,0.006339613078239185
8.0,0.098623,0.006339613078239185
13.0,0.104923,0.00712085733021617
13.0,0.104923,0.00712085733021617
8.0,0.120942,0.00771429615179159
13.0,0.12993,0.005516669202351856
12.0,0.137593,0.007432284536312353
12.0,0.13834,0.005516669202351856
13.0,0.148753,0.008119626073088556
12.0,0.136938,0.005516669202351856
9.0,0.145348,0.005516669202351856
13.0,0.14764,0.00819202730445407
12.0,0.137593,0.007432284536312353
11.0,0.145256,0.00934789987027285
13.0,0.148753,0.008119626073088556
13.0,0.14764,0.00819202730445407
8.0,0.160674,0.009347899870272852
13.0,0.165234,0.007002580090594268
11.0,0.172242,0.007002580090594268
12.0,0.172897,0.008918195424554767
13.0,0.182945,0.009677938192696483
14.0,0.160267,0.014339836792057541
12.0,0.168677,0.014339836792057541
13.0,0.16793,0.01625545212601804
14.0,0.17909,0.016942793662794244
13.0,0.165234,0.007002580090594268
12.0,0.172897,0.008918195424554767
11.0,0.172242,0.007002580090594268
13.0,0.182945,0.009677938192696483
14.0,0.165234,0.007002580090594268
14.0,0.172897,0.008918195424554767
12.0,0.172242,0.007002580090594268
13.0,0.182945,0.009677938192696483
14.0,0.165234,0.007002580090594268
14.0,0.172897,0.008918195424554767
12.0,0.172242,0.007002580090594268
13.0,0.182945,0.009677938192696483
11.0,0.200587,0.008476595634019818
8.0,0.207595,0.008476595634019818
13.0,0.231006,0.017300316404812832
14.0,0.160267,0.014339836792057541
13.0,0.16793,0.01625545212601804
12.0,0.168677,0.014339836792057541
14.0,0.17909,0.016942793662794244
15.0,0.155302,0.01991288634339008
14.0,0.163712,0.01991288634339008
13.0,0.163712,0.01991288634339008
13.0,0.175296,0.01991288634339008
15.0,0.155302,0.01991288634339008
14.0,0.163712,0.01991288634339008
13.0,0.163712,0.01991288634339008
13.0,0.175296,0.01991288634339008
12.0,0.190639,0.021411270417980296
9.0,0.199049,0.021411270417980296
13.0,0.231006,0.017300316404812832
12.0,0.190639,0.021411270417980296
9.0,0.199049,0.021411270417980296
9.0,0.261458,0.024372429288925548
12.0,0.128824,0.020704134433591283
11.0,0.136487,0.02261974976755178
11.0,0.137234,0.020704134433591283
12.0,0.147646,0.023307091304327985
11.0,0.135832,0.020704134433591283
8.0,0.144242,0.020704134433591283
12.0,0.146534,0.023379492535693498
11.0,0.136487,0.02261974976755178
10.0,0.14415,0.024535365101512278
12.0,0.147646,0.023307091304327985
12.0,0.146534,0.023379492535693498
7.0,0.159568,0.024535365101512278
8.0,0.259993,0.03960702244125339
16.0,0.967165,0.2417908994505914
15.0,0.975575,0.2417908994505914
16.0,0.975575,0.2417908994505914
16.0,0.987159,0.2417908994505914
16.0,0.975575,0.2417908994505914
13.0,0.983985,0.2417908994505914
16.0,0.987159,0.2417908994505914
15.0,0.975575,0.2417908994505914
14.0,0.983985,0.2417908994505914
16.0,0.987159,0.2417908994505914
16.0,0.987159,0.2417908994505914
12.0,1.000805,0.2417908994505914
15.0,0.974827,0.2437065147845519
14.0,0.983237,0.2437065147845519
14.0,0.983237,0.2437065147845519
15.0,0.994822,0.2437065147845519
16.0,0.985987,0.2443938563213281
15.0,0.994397,0.2443938563213281
15.0,0.974827,0.2437065147845519
14.0,0.983237,0.2437065147845519
15.0,0.983237,0.2437065147845519
15.0,0.994822,0.2437065147845519
16.0,0.985987,0.2443938563213281
14.0,0.994397,0.2443938563213281
16.0,0.985987,0.2443938563213281
15.0,0.994397,0.2443938563213281
16.0,0.999334,0.2448346335937086
14.0,1.014283,0.2451603297881799
15.0,0.974173,0.2417908994505914
12.0,0.982583,0.2417908994505914
14.0,0.982583,0.2417908994505914
14.0,0.994167,0.2417908994505914
14.0,0.982583,0.2417908994505914
12.0,0.990993,0.2417908994505914
14.0,0.994167,0.2417908994505914
14.0,0.982583,0.2417908994505914
11.0,0.990993,0.2417908994505914
15.0,0.994167,0.2417908994505914
15.0,0.994167,0.2417908994505914
11.0,1.007813,0.2417908994505914
16.0,0.984875,0.2444662575526936
15.0,0.993285,0.2444662575526936
15.0,0.993285,0.2444662575526936
16.0,1.004869,0.2444662575526936
15.0,0.974827,0.2437065147845519
13.0,0.98249,0.24562213011851242
14.0,0.983237,0.2437065147845519
14.0,0.98249,0.24562213011851242
14.0,0.99365,0.2463094716552886
14.0,0.983237,0.2437065147845519
12.0,0.9909,0.24562213011851242
15.0,0.994822,0.2437065147845519
15.0,0.99365,0.2463094716552886
14.0,1.006997,0.2467502489276691
16.0,0.985987,0.2443938563213281
15.0,0.99365,0.2463094716552886
15.0,0.994397,0.2443938563213281
16.0,1.004809,0.2469968131920648
16.0,0.978995,0.2444662575526936
15.0,0.987405,0.2444662575526936
15.0,0.987405,0.2444662575526936
16.0,0.998989,0.2444662575526936
11.0,0.997908,0.24562213011851242
10.0,1.006318,0.24562213011851242
16.0,0.984875,0.24446625755269363
14.0,0.993285,0.24446625755269363
15.0,0.993285,0.24446625755269363
14.0,1.004869,0.24446625755269363
14.0,1.012618,0.24640337437048937
15.0,0.974827,0.2437065147845519
14.0,0.98249,0.24562213011851242
15.0,0.983237,0.2437065147845519
13.0,0.98249,0.24562213011851242
14.0,0.99365,0.2463094716552886
14.0,0.983237,0.2437065147845519
12.0,0.9909,0.24562213011851242
15.0,0.99365,0.2463094716552886
15.0,0.994822,0.2437065147845519
16.0,0.984875,0.24446625755269363
14.0,0.993285,0.24446625755269363
15.0,0.993285,0.24446625755269363
14.0,1.004869,0.24446625755269363
16.0,0.985987,0.2443938563213281
14.0,0.99365,0.2463094716552886
14.0,0.994397,0.2443938563213281
14.0,0.99365,0.2463094716552886
11.0,1.004809,0.2469968131920648
14.0,1.012618,0.24640337437048937
16.0,0.985987,0.2443938563213281
15.0,0.99365,0.2463094716552886
15.0,0.994397,0.2443938563213281
16.0,1.004809,0.2469968131920648
12.0,0.997908,0.24562213011851242
11.0,1.006318,0.24562213011851242
16.0,0.999334,0.2448346335937086
14.0,1.006997,0.2467502489276691
14.0,1.014283,0.2451603297881799
10.0,1.028637,0.2469968131920648
15.0,0.974827,0.2437065147845519
14.0,0.981835,0.2437065147845519
13.0,0.98249,0.24562213011851242
14.0,0.992538,0.24638187288665414
15.0,0.98249,0.24562213011851242
12.0,0.990153,0.24753774545247292
15.0,0.992538,0.24638187288665414
15.0,0.983237,0.2437065147845519
13.0,0.990245,0.2437065147845519
14.0,0.99365,0.2463094716552886
15.0,0.99365,0.2463094716552886
11.0,1.005571,0.24753774545247292
14.0,0.98249,0.24562213011851242
12.0,0.990153,0.24753774545247292
13.0,0.9909,0.24562213011851242
13.0,1.001313,0.2482250869892491
15.0,0.986658,0.2463818728866541
14.0,0.995068,0.2463818728866541
15.0,0.983237,0.2437065147845519
14.0,0.990245,0.2437065147845519
13.0,0.9909,0.24562213011851242
13.0,1.000948,0.24638187288665414
15.0,0.99365,0.2463094716552886
12.0,1.001313,0.2482250869892491
15.0,0.994822,0.2437065147845519
14.0,1.00183,0.2437065147845519
15.0,1.006997,0.2467502489276691
16.0,0.974173,0.2417908994505914
14.0,0.982583,0.2417908994505914
13.0,0.982583,0.2417908994505914
14.0,0.994167,0.2417908994505914
15.0,0.982583,0.2417908994505914
12.0,0.990993,0.2417908994505914
15.0,0.994167,0.2417908994505914
15.0,0.982583,0.2417908994505914
13.0,0.990993,0.2417908994505914
14.0,0.994167,0.2417908994505914
15.0,0.994167,0.2417908994505914
11.0,1.007813,0.2417908994505914
14.0,0.981835,0.2437065147845519
12.0,0.990245,0.2437065147845519
13.0,0.990245,0.2437065147845519
13.0,1.00183,0.2437065147845519
15.0,0.992995,0.2443938563213281
14.0,1.001405,0.2443938563213281
15.0,0.981835,0.2437065147845519
14.0,0.990245,0.2437065147845519
13.0,0.990245,0.2437065147845519
13.0,1.00183,0.2437065147845519
15.0,0.992995,0.2443938563213281
12.0,1.001405,0.2443938563213281
15.0,0.992995,0.2443938563213281
14.0,1.001405,0.2443938563213281
15.0,1.006342,0.2448346335937086
12.0,1.021291,0.2451603297881799
16.0,0.984875,0.24446625755269363
14.0,0.992538,0.24638187288665414
15.0,0.993285,0.24446625755269363
15.0,0.992538,0.24638187288665414
14.0,1.003697,0.24706921442343033
15.0,0.993285,0.24446625755269363
13.0,1.000948,0.24638187288665414
15.0,1.004869,0.24446625755269363
15.0,1.003697,0.24706921442343033
14.0,1.017045,0.24750999169581084
16.0,0.985987,0.2443938563213281
14.0,0.992995,0.2443938563213281
14.0,0.99365,0.2463094716552886
11.0,1.003697,0.24706921442343033
15.0,0.99365,0.2463094716552886
12.0,1.001313,0.2482250869892491
13.0,1.003697,0.24706921442343033
15.0,0.994397,0.2443938563213281
12.0,1.001405,0.2443938563213281
14.0,1.004809,0.2469968131920648
15.0,1.004809,0.2469968131920648
10.0,1.016731,0.2482250869892491
16.0,0.983826,0.2417908994505914
14.0,0.992236,0.2417908994505914
14.0,0.992236,0.2417908994505914
11.0,1.00382,0.2417908994505914
15.0,0.992236,0.2417908994505914
12.0,1.000646,0.2417908994505914
13.0,1.00382,0.2417908994505914
15.0,0.992236,0.2417908994505914
12.0,1.000646,0.2417908994505914
14.0,1.00382,0.2417908994505914
15.0,1.00382,0.2417908994505914
10.0,1.017466,0.2417908994505914
14.0,1.010989,0.2464788906236173
12.0,1.019399,0.2464788906236173
15.0,0.974827,0.2437065147845519
14.0,0.98249,0.24562213011851242
14.0,0.983237,0.2437065147845519
15.0,0.99365,0.2463094716552886
14.0,0.981835,0.2437065147845519
11.0,0.990245,0.2437065147845519
15.0,0.992538,0.2463818728866541
14.0,0.98249,0.24562213011851242
12.0,0.990153,0.24753774545247292
15.0,0.99365,0.2463094716552886
15.0,0.986658,0.2463818728866541
10.0,1.005571,0.24753774545247292
14.0,0.983237,0.2437065147845519
13.0,0.9909,0.24562213011851242
13.0,0.990245,0.2437065147845519
14.0,1.000948,0.2463818728866541
15.0,0.994822,0.2437065147845519
13.0,1.00183,0.2437065147845519
14.0,0.98249,0.24562213011851242
13.0,0.990153,0.24753774545247292
13.0,0.9909,0.24562213011851242
14.0,1.001313,0.2482250869892491
15.0,0.992538,0.24638187288665414
13.0,1.000948,0.24638187288665414
15.0,0.99365,0.2463094716552886
12.0,1.001313,0.2482250869892491
12.0,1.020281,0.24831898970444988
16.0,0.985987,0.2443938563213281
15.0,0.99365,0.2463094716552886
14.0,0.994397,0.2443938563213281
15.0,0.99365,0.2463094716552886
14.0,1.004809,0.2469968131920648
15.0,0.992995,0.2443938563213281
13.0,1.001405,0.2443938563213281
16.0,0.997817,0.2470692144234303
15.0,1.003697,0.24706921442343033
16.0,0.984875,0.2444662575526936
15.0,0.992538,0.2463818728866541
15.0,0.993285,0.2444662575526936
14.0,0.992538,0.2463818728866541
14.0,1.003697,0.2470692144234303
15.0,0.993285,0.2444662575526936
13.0,1.000948,0.2463818728866541
16.0,1.003697,0.2470692144234303
15.0,1.004869,0.2444662575526936
12.0,0.997908,0.24562213011851242
11.0,1.005571,0.24753774545247292
11.0,1.006318,0.24562213011851242
11.0,1.005571,0.24753774545247292
10.0,1.016731,0.2482250869892491
16.0,0.999334,0.2448346335937086
14.0,1.006342,0.2448346335937086
15.0,1.006997,0.2467502489276691
13.0,1.017045,0.24750999169581084
16.0,0.996528,0.24496636054728016
14.0,1.004938,0.24496636054728016
15.0,1.004938,0.24496636054728016
13.0,1.016523,0.24496636054728016
10.0,1.026809,0.24753774545247292
16.0,0.985987,0.2443938563213281
15.0,0.99365,0.2463094716552886
15.0,0.994397,0.2443938563213281
14.0,1.004809,0.2469968131920648
15.0,0.992995,0.2443938563213281
12.0,1.001405,0.2443938563213281
15.0,1.003697,0.2470692144234303
15.0,0.99365,0.2463094716552886
13.0,1.001313,0.2482250869892491
15.0,1.004809,0.2469968131920648
16.0,0.997817,0.2470692144234303
11.0,1.016731,0.2482250869892491
14.0,1.014283,0.24516032978817992
12.0,1.021291,0.24516032978817992
11.0,1.028637,0.2469968131920648
10.0,1.043738,0.24835856370850873
16.0,0.974827,0.2437065147845519
14.0,0.98249,0.24562213011851242
15.0,0.983237,0.2437065147845519
15.0,0.98249,0.24562213011851242
15.0,0.99365,0.2463094716552886
13.0,0.98249,0.24562213011851242
12.0,0.990153,0.24753774545247292
15.0,0.981835,0.2437065147845519
13.0,0.990245,0.2437065147845519
14.0,0.992538,0.24638187288665414
14.0,0.98249,0.24562213011851242
13.0,0.990153,0.24753774545247292
14.0,0.99365,0.2463094716552886
15.0,0.992538,0.2463818728866541
11.0,1.005571,0.24753774545247292
14.0,0.981835,0.2437065147845519
14.0,0.990245,0.2437065147845519
12.0,0.989498,0.24562213011851242
13.0,0.989498,0.24562213011851242
13.0,1.000658,0.2463094716552886
15.0,0.992538,0.2463818728866541
14.0,1.000201,0.24829748822061462
15.0,0.992538,0.24638187288665414
12.0,1.000201,0.24829748822061465
15.0,0.991489,0.2437065147845519
13.0,0.999899,0.2437065147845519
15.0,1.004191,0.24688197588124067
13.0,0.98249,0.24562213011851242
12.0,0.990153,0.24753774545247292
13.0,0.9909,0.24562213011851242
12.0,0.990153,0.24753774545247292
12.0,1.001313,0.2482250869892491
12.0,0.990153,0.24753774545247292
9.0,0.997816,0.24945336078643343
13.0,0.989498,0.24562213011851242
11.0,0.997908,0.24562213011851242
12.0,1.000201,0.24829748822061465
12.0,0.990153,0.24753774545247292
11.0,0.997816,0.24945336078643343
12.0,1.001313,0.2482250869892491
12.0,1.000201,0.24829748822061462
8.0,1.013234,0.24945336078643343
14.0,0.992538,0.24638187288665414
13.0,1.000948,0.24638187288665414
12.0,1.000201,0.24829748822061465
13.0,1.000201,0.24829748822061465
12.0,1.01136,0.24898482975739084
15.0,0.983237,0.2437065147845519
13.0,0.9909,0.24562213011851242
12.0,0.9909,0.24562213011851242
14.0,0.990245,0.2437065147845519
13.0,1.000948,0.24638187288665414
13.0,0.990245,0.2437065147845519
10.0,0.997908,0.24562213011851242
14.0,1.000948,0.2463818728866541
14.0,0.999899,0.2437065147845519
15.0,0.994822,0.2437065147845519
14.0,1.00183,0.2437065147845519
13.0,1.00183,0.2437065147845519
12.0,1.011483,0.2437065147845519
15.0,0.99365,0.2463094716552886
12.0,1.001313,0.2482250869892491
15.0,1.006997,0.2467502489276691
14.0,0.99365,0.2463094716552886
13.0,1.001313,0.2482250869892491
12.0,1.001313,0.2482250869892491
13.0,1.000658,0.2463094716552886
12.0,1.01136,0.24898482975739084
11.0,1.005571,0.24753774545247292
8.0,1.013234,0.24945336078643343
15.0,0.99365,0.2463094716552886
14.0,1.001313,0.2482250869892491
14.0,1.000658,0.2463094716552886
13.0,1.01136,0.2489848297573908
16.0,0.985987,0.2443938563213281
14.0,0.992995,0.2443938563213281
15.0,0.99365,0.2463094716552886
13.0,1.003697,0.24706921442343033
14.0,0.99365,0.2463094716552886
12.0,1.001313,0.2482250869892491
11.0,1.003697,0.24706921442343033
15.0,0.994397,0.2443938563213281
12.0,1.001405,0.2443938563213281
15.0,1.004809,0.2469968131920648
14.0,1.004809,0.2469968131920648
10.0,1.016731,0.2482250869892491
15.0,0.992995,0.2443938563213281
13.0,1.000658,0.2463094716552886
14.0,1.001405,0.2443938563213281
12.0,1.011817,0.2469968131920648
14.0,1.002648,0.2443938563213281
11.0,1.011058,0.2443938563213281
15.0,0.99365,0.2463094716552886
13.0,1.000658,0.2463094716552886
13.0,1.001313,0.2482250869892491
10.0,1.01136,0.24898482975739084
15.0,1.003697,0.2470692144234303
12.0,1.01136,0.2489848297573908
13.0,1.015351,0.24756931741801685
16.0,1.004809,0.2469968131920648
13.0,1.011817,0.2469968131920648
16.0,0.974173,0.2417908994505914
14.0,0.981835,0.2437065147845519
15.0,0.982583,0.2417908994505914
15.0,0.981835,0.2437065147845519
15.0,0.992995,0.2443938563213281
15.0,0.981835,0.2437065147845519
13.0,0.989498,0.24562213011851242
13.0,0.981181,0.2417908994505914
12.0,0.989591,0.2417908994505914
14.0,0.991883,0.24446625755269363
14.0,0.981835,0.2437065147845519
13.0,0.989498,0.24562213011851242
15.0,0.992995,0.2443938563213281
14.0,0.991883,0.2444662575526936
11.0,1.004916,0.24562213011851242
14.0,0.982583,0.2417908994505914
14.0,0.990245,0.2437065147845519
12.0,0.989591,0.2417908994505914
13.0,0.990245,0.2437065147845519
13.0,1.000293,0.2444662575526936
15.0,0.992995,0.2443938563213281
14.0,1.000658,0.2463094716552886
15.0,0.994167,0.2417908994505914
12.0,1.001175,0.2417908994505914
15.0,0.992995,0.2443938563213281
13.0,1.000658,0.2463094716552886
15.0,1.006342,0.2448346335937086
13.0,0.982583,0.2417908994505914
12.0,0.990245,0.2437065147845519
12.0,0.990993,0.2417908994505914
13.0,0.990245,0.2437065147845519
12.0,1.001405,0.2443938563213281
13.0,0.990245,0.2437065147845519
11.0,0.997908,0.24562213011851242
12.0,0.989591,0.2417908994505914
9.0,0.998001,0.2417908994505914
12.0,1.000293,0.24446625755269363
12.0,0.990245,0.2437065147845519
11.0,0.997908,0.24562213011851242
12.0,1.001405,0.2443938563213281
12.0,1.000293,0.2444662575526936
8.0,1.013326,0.24562213011851242
14.0,0.994167,0.2417908994505914
13.0,1.00183,0.2437065147845519
12.0,1.001175,0.2417908994505914
13.0,1.00183,0.2437065147845519
12.0,1.011877,0.2444662575526936
15.0,0.982583,0.2417908994505914
13.0,0.990245,0.2437065147845519
14.0,0.990245,0.2437065147845519
12.0,0.989591,0.2417908994505914
13.0,1.000293,0.24446625755269363
13.0,0.990993,0.2417908994505914
11.0,0.998001,0.2417908994505914
14.0,1.001405,0.2443938563213281
14.0,1.001405,0.2443938563213281
15.0,0.994167,0.2417908994505914
12.0,1.001175,0.2417908994505914
15.0,0.992995,0.2443938563213281
14.0,1.001405,0.2443938563213281
13.0,1.000658,0.2463094716552886
12.0,1.011817,0.2469968131920648
15.0,1.006342,0.2448346335937086
14.0,0.994167,0.2417908994505914
13.0,1.00183,0.2437065147845519
13.0,1.00183,0.2437065147845519
12.0,1.001175,0.2417908994505914
12.0,1.011877,0.24446625755269363
11.0,1.007813,0.2417908994505914
8.0,1.014821,0.2417908994505914
12.0,1.021291,0.2451603297881799
15.0,0.992995,0.2443938563213281
14.0,1.000658,0.2463094716552886
14.0,1.001405,0.2443938563213281
12.0,1.011817,0.2469968131920648
12.0,1.021291,0.24516032978817992
8.0,1.035645,0.2469968131920648
16.0,0.983826,0.2417908994505914
14.0,0.992236,0.2417908994505914
15.0,0.992236,0.2417908994505914
13.0,1.00382,0.2417908994505914
14.0,0.992236,0.2417908994505914
12.0,1.000646,0.2417908994505914
11.0,1.00382,0.2417908994505914
15.0,0.992236,0.2417908994505914
12.0,1.000646,0.2417908994505914
15.0,1.00382,0.2417908994505914
14.0,1.00382,0.2417908994505914
10.0,1.017466,0.2417908994505914
15.0,0.991489,0.2437065147845519
13.0,0.999899,0.2437065147845519
14.0,0.999899,0.2437065147845519
12.0,1.011483,0.2437065147845519
14.0,1.002648,0.2443938563213281
11.0,1.011058,0.2443938563213281
15.0,0.991489,0.2437065147845519
13.0,0.999899,0.2437065147845519
13.0,0.999899,0.2437065147845519
10.0,1.011483,0.2437065147845519
15.0,1.002648,0.2443938563213281
12.0,1.011058,0.2443938563213281
13.0,1.015996,0.2448346335937086
16.0,1.002648,0.2443938563213281
13.0,1.011058,0.2443938563213281
10.0,1.030944,0.24516032978817992
16.0,0.984875,0.24446625755269363
14.0,0.992538,0.24638187288665414
15.0,0.993285,0.24446625755269363
15.0,0.992538,0.24638187288665414
14.0,1.003697,0.24706921442343033
14.0,0.992538,0.24638187288665414
12.0,1.000201,0.24829748822061465
14.0,0.991883,0.24446625755269363
12.0,1.000293,0.24446625755269363
11.0,1.002585,0.2471416156547958
15.0,0.992538,0.24638187288665414
12.0,1.000201,0.24829748822061465
14.0,1.003697,0.24706921442343033
14.0,1.002585,0.24714161565479584
10.0,1.015619,0.24829748822061465
15.0,0.993285,0.24446625755269363
13.0,1.000948,0.24638187288665414
13.0,1.000948,0.24638187288665414
13.0,1.000293,0.24446625755269363
10.0,1.010995,0.2471416156547958
15.0,1.004869,0.24446625755269363
12.0,1.011877,0.24446625755269363
15.0,1.003697,0.24706921442343033
12.0,1.01136,0.24898482975739084
14.0,1.017045,0.24750999169581084
16.0,1.003697,0.24706921442343033
13.0,1.01136,0.24898482975739084
14.0,1.010989,0.2464788906236173
12.0,1.018652,0.24839450595757778
12.0,1.019399,0.2464788906236173
11.0,1.029811,0.24908184749435403
15.0,0.974173,0.2417908994505914
14.0,0.982583,0.2417908994505914
15.0,0.982583,0.2417908994505914
15.0,0.994167,0.2417908994505914
15.0,0.982583,0.2417908994505914
12.0,0.990993,0.2417908994505914
15.0,0.994167,0.2417908994505914
12.0,0.982583,0.2417908994505914
11.0,0.990993,0.2417908994505914
14.0,0.994167,0.2417908994505914
14.0,0.994167,0.2417908994505914
11.0,1.007813,0.2417908994505914
14.0,0.981835,0.2437065147845519
13.0,0.990245,0.2437065147845519
11.0,0.990245,0.2437065147845519
13.0,1.00183,0.2437065147845519
15.0,0.992995,0.2443938563213281
12.0,1.001405,0.2443938563213281
15.0,0.981835,0.2437065147845519
13.0,0.990245,0.2437065147845519
14.0,0.990245,0.2437065147845519
14.0,1.00183,0.2437065147845519
15.0,0.992995,0.2443938563213281
13.0,1.001405,0.2443938563213281
14.0,0.992995,0.2443938563213281
12.0,1.001405,0.2443938563213281
14.0,1.006342,0.2448346335937086
12.0,1.021291,0.2451603297881799
14.0,0.981181,0.2417908994505914
11.0,0.989591,0.2417908994505914
13.0,0.989591,0.2417908994505914
12.0,1.001175,0.2417908994505914
13.0,0.989591,0.2417908994505914
11.0,0.998001,0.2417908994505914
12.0,1.001175,0.2417908994505914
11.0,0.989591,0.2417908994505914
8.0,0.998001,0.2417908994505914
12.0,1.001175,0.2417908994505914
12.0,1.001175,0.2417908994505914
8.0,1.014821,0.2417908994505914
15.0,0.991883,0.2444662575526936
14.0,1.000293,0.2444662575526936
12.0,1.000293,0.2444662575526936
13.0,1.011877,0.2444662575526936
14.0,0.981835,0.2437065147845519
12.0,0.989498,0.24562213011851242
13.0,0.990245,0.2437065147845519
13.0,0.989498,0.24562213011851242
13.0,1.000658,0.2463094716552886
11.0,0.990245,0.2437065147845519
10.0,0.997908,0.24562213011851242
13.0,1.00183,0.2437065147845519
13.0,1.000658,0.2463094716552886
12.0,1.014005,0.2467502489276691
15.0,0.992995,0.2443938563213281
14.0,1.000658,0.2463094716552886
12.0,1.001405,0.2443938563213281
13.0,1.011817,0.2469968131920648
15.0,0.986003,0.2444662575526936
14.0,0.994413,0.2444662575526936
12.0,0.994413,0.2444662575526936
13.0,1.005997,0.2444662575526936
10.0,1.004916,0.24562213011851242
7.0,1.013326,0.24562213011851242
15.0,0.991883,0.24446625755269363
12.0,1.000293,0.24446625755269363
14.0,1.000293,0.24446625755269363
11.0,1.011877,0.24446625755269363
12.0,1.019626,0.24640337437048937
15.0,0.981835,0.2437065147845519
13.0,0.989498,0.24562213011851242
14.0,0.990245,0.2437065147845519
12.0,0.989498,0.24562213011851242
13.0,1.000658,0.2463094716552886
13.0,0.990245,0.2437065147845519
10.0,0.997908,0.24562213011851242
14.0,1.000658,0.2463094716552886
14.0,1.00183,0.2437065147845519
15.0,0.991883,0.24446625755269363
12.0,1.000293,0.24446625755269363
14.0,1.000293,0.24446625755269363
11.0,1.011877,0.24446625755269363
15.0,0.992995,0.2443938563213281
13.0,1.000658,0.2463094716552886
13.0,1.001405,0.2443938563213281
13.0,1.000658,0.2463094716552886
10.0,1.011817,0.2469968131920648
12.0,1.019626,0.24640337437048937
14.0,0.992995,0.2443938563213281
13.0,1.000658,0.2463094716552886
12.0,1.001405,0.2443938563213281
13.0,1.011817,0.2469968131920648
11.0,1.004916,0.24562213011851242
7.0,1.013326,0.24562213011851242
14.0,1.006342,0.2448346335937086
12.0,1.014005,0.2467502489276691
12.0,1.021291,0.2451603297881799
7.0,1.035645,0.2469968131920648
16.0,0.984875,0.2444662575526936
15.0,0.991883,0.2444662575526936
14.0,0.992538,0.2463818728866541
14.0,1.002585,0.24714161565479584
15.0,0.992538,0.2463818728866541
12.0,1.000201,0.24829748822061462
15.0,1.002585,0.24714161565479584
14.0,0.993285,0.2444662575526936
12.0,1.000293,0.2444662575526936
11.0,1.003697,0.2470692144234303
13.0,1.003697,0.2470692144234303
10.0,1.015619,0.24829748822061462
15.0,0.992538,0.2463818728866541
13.0,1.000201,0.24829748822061462
13.0,1.000948,0.2463818728866541
10.0,1.01136,0.2489848297573908
16.0,0.996705,0.2471416156547958
13.0,1.005115,0.2471416156547958
15.0,0.993285,0.2444662575526936
14.0,1.000293,0.2444662575526936
13.0,1.000948,0.2463818728866541
12.0,1.010995,0.24714161565479584
15.0,1.003697,0.2470692144234303
12.0,1.01136,0.2489848297573908
14.0,1.004869,0.2444662575526936
11.0,1.011877,0.2444662575526936
13.0,1.017045,0.2475099916958108
16.0,0.983826,0.2417908994505914
15.0,0.992236,0.2417908994505914
14.0,0.992236,0.2417908994505914
14.0,1.00382,0.2417908994505914
15.0,0.992236,0.2417908994505914
12.0,1.000646,0.2417908994505914
15.0,1.00382,0.2417908994505914
14.0,0.992236,0.2417908994505914
12.0,1.000646,0.2417908994505914
11.0,1.00382,0.2417908994505914
13.0,1.00382,0.2417908994505914
10.0,1.017466,0.2417908994505914
15.0,0.991489,0.2437065147845519
13.0,0.999899,0.2437065147845519
13.0,0.999899,0.2437065147845519
10.0,1.011483,0.2437065147845519
16.0,1.002648,0.2443938563213281
13.0,1.011058,0.2443938563213281
15.0,0.991489,0.2437065147845519
14.0,0.999899,0.2437065147845519
13.0,0.999899,0.2437065147845519
12.0,1.011483,0.2437065147845519
15.0,1.002648,0.2443938563213281
12.0,1.011058,0.2443938563213281
14.0,1.002648,0.2443938563213281
11.0,1.011058,0.2443938563213281
13.0,1.015996,0.2448346335937086
10.0,1.030944,0.2451603297881799
16.0,0.996528,0.24496636054728016
14.0,1.004191,0.24688197588124067
15.0,1.004938,0.24496636054728016
15.0,1.004191,0.24688197588124067
14.0,1.015351,0.24756931741801685
14.0,1.004938,0.24496636054728016
12.0,1.012601,0.24688197588124067
13.0,1.016523,0.24496636054728016
13.0,1.015351,0.24756931741801685
10.0,1.028698,0.24801009469039736
16.0,0.984875,0.2444662575526936
15.0,0.991883,0.2444662575526936
15.0,0.992538,0.2463818728866541
15.0,1.002585,0.24714161565479584
14.0,0.992538,0.2463818728866541
12.0,1.000201,0.24829748822061462
14.0,1.002585,0.24714161565479584
14.0,0.993285,0.2444662575526936
12.0,1.000293,0.2444662575526936
13.0,1.003697,0.2470692144234303
11.0,1.003697,0.2470692144234303
10.0,1.015619,0.24829748822061462
15.0,0.992538,0.2463818728866541
13.0,1.000201,0.24829748822061462
13.0,1.000948,0.2463818728866541
10.0,1.01136,0.2489848297573908
16.0,1.002585,0.2471416156547958
13.0,1.010995,0.2471416156547958
15.0,0.993285,0.2444662575526936
14.0,1.000293,0.2444662575526936
13.0,1.000948,0.2463818728866541
12.0,1.010995,0.24714161565479584
15.0,1.003697,0.2470692144234303
12.0,1.01136,0.2489848297573908
14.0,1.004869,0.2444662575526936
11.0,1.011877,0.2444662575526936
13.0,1.017045,0.2475099916958108
12.0,0.997908,0.24562213011851242
11.0,1.004916,0.24562213011851242
11.0,1.005571,0.24753774545247292
10.0,1.015619,0.24829748822061465
11.0,1.005571,0.24753774545247292
8.0,1.013234,0.24945336078643343
10.0,1.015619,0.24829748822061465
11.0,1.006318,0.24562213011851242
7.0,1.013326,0.24562213011851242
10.0,1.016731,0.2482250869892491
10.0,1.016731,0.2482250869892491
5.0,1.028652,0.24945336078643343
16.0,0.983826,0.2417908994505914
15.0,0.992236,0.2417908994505914
15.0,0.992236,0.2417908994505914
15.0,1.00382,0.2417908994505914
14.0,0.992236,0.2417908994505914
12.0,1.000646,0.2417908994505914
14.0,1.00382,0.2417908994505914
14.0,0.992236,0.2417908994505914
12.0,1.000646,0.2417908994505914
13.0,1.00382,0.2417908994505914
11.0,1.00382,0.2417908994505914
10.0,1.017466,0.2417908994505914
15.0,0.991489,0.2437065147845519
13.0,0.999899,0.2437065147845519
13.0,0.999899,0.2437065147845519
10.0,1.011483,0.2437065147845519
16.0,1.002648,0.2443938563213281
13.0,1.011058,0.2443938563213281
15.0,0.991489,0.2437065147845519
14.0,0.999899,0.2437065147845519
13.0,0.999899,0.2437065147845519
12.0,1.011483,0.2437065147845519
15.0,1.002648,0.2443938563213281
12.0,1.011058,0.2443938563213281
14.0,1.002648,0.2443938563213281
11.0,1.011058,0.2443938563213281
13.0,1.015996,0.2448346335937086
10.0,1.030944,0.2451603297881799
12.0,0.995197,0.2417908994505914
11.0,1.003607,0.2417908994505914
11.0,1.003607,0.2417908994505914
10.0,1.015191,0.2417908994505914
11.0,1.003607,0.2417908994505914
8.0,1.012017,0.2417908994505914
10.0,1.015191,0.2417908994505914
11.0,1.003607,0.2417908994505914
8.0,1.012017,0.2417908994505914
10.0,1.015191,0.2417908994505914
10.0,1.015191,0.2417908994505914
4.0,1.028837,0.2417908994505914
14.0,1.009397,0.24534084615164156
12.0,1.017807,0.24534084615164156
12.0,1.017807,0.24534084615164156
10.0,1.029392,0.24534084615164156
16.0,0.996528,0.24496636054728016
14.0,1.004191,0.24688197588124067
15.0,1.004938,0.24496636054728016
15.0,1.004191,0.24688197588124067
14.0,1.015351,0.24756931741801685
14.0,1.004938,0.24496636054728016
12.0,1.012601,0.24688197588124067
13.0,1.016523,0.24496636054728016
13.0,1.015351,0.24756931741801685
10.0,1.028698,0.24801009469039736
14.0,1.009397,0.24534084615164156
12.0,1.017807,0.24534084615164156
12.0,1.017807,0.24534084615164156
10.0,1.029392,0.24534084615164156
10.0,1.025011,0.2471416156547958
7.0,1.033421,0.2471416156547958
16.0,0.984875,0.24446625755269363
15.0,0.992538,0.24638187288665414
15.0,0.993285,0.24446625755269363
15.0,1.003697,0.24706921442343033
15.0,0.991883,0.24446625755269363
12.0,1.000293,0.24446625755269363
14.0,1.002585,0.24714161565479584
15.0,0.992538,0.24638187288665414
13.0,1.000201,0.24829748822061465
16.0,1.003697,0.24706921442343033
15.0,0.996705,0.24714161565479584
11.0,1.015619,0.24829748822061465
15.0,0.993285,0.24446625755269363
14.0,1.000948,0.24638187288665414
14.0,1.000293,0.24446625755269363
12.0,1.010995,0.24714161565479584
16.0,1.004869,0.24446625755269363
13.0,1.011877,0.24446625755269363
15.0,0.992538,0.24638187288665414
14.0,1.000201,0.24829748822061465
14.0,1.000948,0.24638187288665414
13.0,1.01136,0.24898482975739084
16.0,1.002585,0.24714161565479587
13.0,1.010995,0.24714161565479587
16.0,1.003697,0.24706921442343033
13.0,1.01136,0.24898482975739084
11.0,1.030328,0.2490787324725916
14.0,1.009397,0.24534084615164153
12.0,1.017807,0.24534084615164153
12.0,1.017807,0.24534084615164153
10.0,1.029392,0.24534084615164153
11.0,1.025011,0.24714161565479584
8.0,1.033421,0.24714161565479584
10.0,1.041769,0.248434913744065
15.0,0.974827,0.2437065147845519
14.0,0.98249,0.24562213011851242
14.0,0.983237,0.2437065147845519
14.0,0.98249,0.24562213011851242
15.0,0.99365,0.2463094716552886
14.0,0.98249,0.24562213011851242
12.0,0.990153,0.24753774545247292
14.0,0.981835,0.2437065147845519
12.0,0.990245,0.2437065147845519
15.0,0.992538,0.24638187288665414
13.0,0.98249,0.24562213011851242
12.0,0.990153,0.24753774545247292
14.0,0.99365,0.2463094716552886
14.0,0.992538,0.2463818728866541
11.0,1.005571,0.24753774545247292
14.0,0.983237,0.2437065147845519
13.0,0.9909,0.24562213011851242
13.0,0.990245,0.2437065147845519
12.0,0.9909,0.24562213011851242
13.0,1.000948,0.2463818728866541
15.0,0.99365,0.2463094716552886
13.0,1.001313,0.2482250869892491
15.0,0.994822,0.2437065147845519
13.0,1.00183,0.2437065147845519
15.0,0.99365,0.2463094716552886
13.0,1.001313,0.2482250869892491
14.0,1.006997,0.2467502489276691
14.0,0.981835,0.2437065147845519
13.0,0.990245,0.2437065147845519
13.0,0.989498,0.24562213011851242
12.0,0.989498,0.24562213011851242
13.0,1.000658,0.2463094716552886
11.0,0.990245,0.2437065147845519
10.0,0.997908,0.24562213011851242
13.0,1.00183,0.2437065147845519
13.0,1.000658,0.2463094716552886
12.0,1.014005,0.2467502489276691
15.0,0.992538,0.2463818728866541
13.0,1.000201,0.24829748822061462
14.0,0.98249,0.24562213011851242
12.0,0.990153,0.24753774545247292
13.0,0.9909,0.24562213011851242
13.0,0.990153,0.24753774545247292
12.0,1.001313,0.2482250869892491
13.0,0.990153,0.24753774545247292
11.0,0.997816,0.24945336078643343
13.0,0.989498,0.24562213011851242
11.0,0.997908,0.24562213011851242
12.0,1.000201,0.24829748822061465
12.0,0.990153,0.24753774545247292
9.0,0.997816,0.24945336078643343
12.0,1.001313,0.2482250869892491
12.0,1.000201,0.24829748822061462
8.0,1.013234,0.24945336078643343
15.0,0.99365,0.2463094716552886
14.0,1.001313,0.2482250869892491
14.0,1.000658,0.2463094716552886
13.0,1.001313,0.2482250869892491
13.0,1.01136,0.2489848297573908
15.0,0.986658,0.2463818728866541
14.0,0.995068,0.2463818728866541
14.0,0.994321,0.24829748822061462
13.0,0.994321,0.24829748822061462
13.0,1.00548,0.2489848297573908
10.0,1.005571,0.24753774545247292
8.0,1.013234,0.24945336078643343
15.0,0.992538,0.24638187288665414
13.0,1.000948,0.24638187288665414
13.0,1.000201,0.24829748822061465
10.0,1.01136,0.24898482975739084
12.0,1.020281,0.24831898970444988
15.0,0.991489,0.2437065147845519
13.0,0.999899,0.2437065147845519
13.0,0.999899,0.2437065147845519
10.0,1.011483,0.2437065147845519
12.0,1.018652,0.24839450595757778
14.0,1.004191,0.24688197588124067
12.0,1.012601,0.24688197588124067
7.0,1.034472,0.24945336078643343
16.0,0.985987,0.2443938563213281
15.0,0.99365,0.2463094716552886
14.0,0.994397,0.2443938563213281
15.0,0.99365,0.2463094716552886
14.0,1.004809,0.2469968131920648
14.0,0.99365,0.2463094716552886
12.0,1.001313,0.2482250869892491
15.0,0.992995,0.2443938563213281
12.0,1.001405,0.2443938563213281
14.0,1.003697,0.24706921442343033
14.0,0.99365,0.2463094716552886
12.0,1.001313,0.2482250869892491
11.0,1.004809,0.2469968131920648
14.0,1.003697,0.2470692144234303
10.0,1.016731,0.2482250869892491
15.0,0.992995,0.2443938563213281
13.0,1.001405,0.2443938563213281
13.0,1.000658,0.2463094716552886
13.0,1.000658,0.2463094716552886
10.0,1.011817,0.2469968131920648
16.0,1.003697,0.2470692144234303
13.0,1.01136,0.2489848297573908
15.0,1.003697,0.24706921442343033
12.0,1.01136,0.24898482975739084
15.0,1.002648,0.2443938563213281
12.0,1.011058,0.2443938563213281
14.0,1.015351,0.24756931741801685
16.0,0.999334,0.2448346335937086
15.0,1.006997,0.2467502489276691
15.0,1.006342,0.2448346335937086
14.0,1.006997,0.2467502489276691
14.0,1.017045,0.2475099916958108
14.0,1.006342,0.2448346335937086
12.0,1.014005,0.2467502489276691
13.0,1.017045,0.24750999169581084
13.0,1.015996,0.2448346335937086
10.0,1.028698,0.24801009469039736
16.0,0.984875,0.2444662575526936
15.0,0.992538,0.2463818728866541
15.0,0.993285,0.2444662575526936
14.0,0.992538,0.2463818728866541
14.0,1.003697,0.2470692144234303
15.0,0.992538,0.2463818728866541
12.0,1.000201,0.24829748822061462
14.0,0.991883,0.2444662575526936
12.0,1.000293,0.2444662575526936
14.0,1.002585,0.24714161565479584
14.0,0.992538,0.2463818728866541
12.0,1.000201,0.24829748822061462
14.0,1.003697,0.2470692144234303
11.0,1.002585,0.24714161565479587
10.0,1.015619,0.24829748822061462
15.0,0.993285,0.2444662575526936
13.0,1.000948,0.2463818728866541
13.0,1.000293,0.2444662575526936
13.0,1.000948,0.2463818728866541
10.0,1.010995,0.24714161565479587
16.0,1.003697,0.2470692144234303
13.0,1.01136,0.2489848297573908
15.0,1.004869,0.2444662575526936
12.0,1.011877,0.2444662575526936
15.0,1.003697,0.2470692144234303
12.0,1.01136,0.2489848297573908
14.0,1.017045,0.2475099916958108
16.0,0.996528,0.24496636054728016
15.0,1.004938,0.24496636054728016
15.0,1.004191,0.24688197588124067
14.0,1.004191,0.24688197588124067
14.0,1.015351,0.24756931741801685
14.0,1.004938,0.24496636054728016
12.0,1.012601,0.24688197588124067
13.0,1.016523,0.24496636054728016
13.0,1.015351,0.24756931741801685
10.0,1.028698,0.24801009469039736
12.0,0.997908,0.24562213011851242
11.0,1.005571,0.24753774545247292
11.0,1.006318,0.24562213011851242
11.0,1.005571,0.24753774545247292
10.0,1.016731,0.2482250869892491
11.0,1.005571,0.24753774545247292
8.0,1.013234,0.24945336078643343
11.0,1.004916,0.24562213011851242
8.0,1.013326,0.24562213011851242
10.0,1.015619,0.24829748822061465
11.0,1.005571,0.24753774545247292
8.0,1.013234,0.24945336078643343
10.0,1.016731,0.2482250869892491
10.0,1.015619,0.24829748822061462
5.0,1.028652,0.24945336078643343
10.0,1.026809,0.24753774545247292
7.0,1.034472,0.24945336078643343
16.0,0.985987,0.2443938563213281
15.0,0.99365,0.2463094716552886
15.0,0.994397,0.2443938563213281
15.0,1.004809,0.2469968131920648
15.0,0.992995,0.2443938563213281
12.0,1.001405,0.2443938563213281
16.0,1.003697,0.2470692144234303
15.0,0.99365,0.2463094716552886
13.0,1.001313,0.2482250869892491
14.0,1.004809,0.2469968131920648
15.0,0.997817,0.2470692144234303
11.0,1.016731,0.2482250869892491
15.0,0.99365,0.2463094716552886
14.0,1.000658,0.2463094716552886
14.0,1.001313,0.2482250869892491
13.0,1.00548,0.2489848297573908
15.0,0.992995,0.2443938563213281
14.0,1.001405,0.2443938563213281
14.0,1.000658,0.2463094716552886
12.0,1.011817,0.2469968131920648
16.0,1.003697,0.24706921442343033
13.0,1.01136,0.24898482975739084
16.0,1.004809,0.2469968131920648
13.0,1.011817,0.2469968131920648
16.0,1.002648,0.2443938563213281
13.0,1.011058,0.2443938563213281
11.0,1.029811,0.24908184749435403
14.0,1.014283,0.24516032978817992
12.0,1.021291,0.24516032978817992
12.0,1.021291,0.24516032978817992
10.0,1.030944,0.24516032978817992
11.0,1.028637,0.2469968131920648
8.0,1.035645,0.2469968131920648
10.0,1.043738,0.24835856370850873
16.0,0.984875,0.24446625755269363
15.0,0.992538,0.24638187288665414
15.0,0.993285,0.24446625755269363
16.0,1.003697,0.24706921442343033
15.0,0.991883,0.24446625755269363
12.0,1.000293,0.24446625755269363
15.0,1.002585,0.24714161565479584
15.0,0.992538,0.24638187288665414
13.0,1.000201,0.24829748822061465
15.0,1.003697,0.24706921442343033
14.0,0.996705,0.24714161565479584
11.0,1.015619,0.24829748822061465
15.0,0.993285,0.24446625755269363
14.0,1.000293,0.24446625755269363
14.0,1.000948,0.24638187288665414
12.0,1.005115,0.24714161565479584
15.0,0.992538,0.24638187288665414
14.0,1.000948,0.24638187288665414
14.0,1.000201,0.24829748822061465
13.0,1.01136,0.24898482975739084
16.0,1.003697,0.24706921442343033
13.0,1.01136,0.24898482975739084
16.0,1.004869,0.24446625755269363
13.0,1.011877,0.24446625755269363
16.0,1.002585,0.24714161565479587
13.0,1.010995,0.24714161565479587
11.0,1.030328,0.2490787324725916
14.0,1.009397,0.24534084615164153
12.0,1.017807,0.24534084615164153
12.0,1.017807,0.24534084615164153
10.0,1.029392,0.24534084615164153
11.0,1.025011,0.24714161565479584
8.0,1.033421,0.24714161565479584
10.0,1.041769,0.248434913744065
11.0,0.997908,0.24562213011851242
10.0,1.005571,0.24753774545247292
10.0,1.006318,0.24562213011851242
11.0,1.016731,0.2482250869892491
10.0,1.004916,0.24562213011851242
7.0,1.013326,0.24562213011851242
11.0,1.015619,0.24829748822061462
10.0,1.005571,0.24753774545247292
8.0,1.013234,0.24945336078643343
11.0,1.016731,0.2482250869892491
11.0,1.009739,0.24829748822061462
5.0,1.028652,0.24945336078643343
14.0,1.012618,0.2464033743704894
12.0,1.019626,0.2464033743704894
12.0,1.020281,0.2483189897044499
11.0,1.024448,0.2490787324725916
14.0,1.010989,0.24647889062361733
12.0,1.019399,0.24647889062361733
12.0,1.018652,0.24839450595757784
11.0,1.029811,0.24908184749435403
10.0,1.026809,0.24753774545247292
7.0,1.034472,0.24945336078643343
14.0,1.012618,0.2464033743704894
12.0,1.020281,0.2483189897044499
12.0,1.019626,0.2464033743704894
11.0,1.030328,0.2490787324725916
10.0,1.028637,0.2469968131920648
7.0,1.035645,0.2469968131920648
10.0,1.043738,0.24835856370850873
14.0,1.010989,0.24647889062361733
12.0,1.018652,0.24839450595757784
12.0,1.019399,0.24647889062361733
11.0,1.029811,0.24908184749435403
10.0,1.025011,0.24714161565479587
7.0,1.033421,0.24714161565479587
10.0,1.041769,0.248434913744065
10.0,1.026809,0.24753774545247292
7.0,1.034472,0.24945336078643343
10.0,1.043738,0.24835856370850873
10.0,1.041769,0.248434913744065
2.0,1.059488,0.24945336078643343
15.0,1.039756,0.24647770058085075
14.0,1.047419,0.24839331591481126
15.0,1.048166,0.24647770058085075
15.0,1.047419,0.24839331591481126
16.0,1.058579,0.24908065745158744
15.0,1.047419,0.24839331591481126
14.0,1.055082,0.25030893124877174
15.0,1.046764,0.24647770058085075
14.0,1.055174,0.24647770058085075
16.0,1.057466,0.24915305868295293
14.0,1.047419,0.24839331591481126
13.0,1.055082,0.25030893124877174
16.0,1.058579,0.24908065745158744
16.0,1.057466,0.24915305868295295
13.0,1.0705,0.25030893124877174
14.0,1.048166,0.24647770058085075
13.0,1.055829,0.24839331591481126
14.0,1.055829,0.24839331591481126
14.0,1.055174,0.24647770058085075
15.0,1.065876,0.24915305868295293
16.0,1.059751,0.24647770058085075
15.0,1.066759,0.24647770058085075
16.0,1.058579,0.24908065745158744
15.0,1.066242,0.2509962727855479
16.0,1.071926,0.24952143472396796
15.0,1.058579,0.24908065745158744
14.0,1.066242,0.2509962727855479
14.0,1.047419,0.24839331591481126
13.0,1.055082,0.25030893124877174
14.0,1.055829,0.24839331591481126
14.0,1.055082,0.25030893124877174
14.0,1.066242,0.2509962727855479
14.0,1.055082,0.25030893124877174
13.0,1.062745,0.25222454658273225
14.0,1.054427,0.24839331591481126
13.0,1.062837,0.24839331591481126
14.0,1.065129,0.2510686740169134
13.0,1.055082,0.25030893124877174
11.0,1.062745,0.25222454658273225
14.0,1.066242,0.2509962727855479
14.0,1.065129,0.25106867401691346
10.0,1.078163,0.25222454658273225
15.0,1.058579,0.24908065745158744
14.0,1.066242,0.2509962727855479
15.0,1.066242,0.2509962727855479
15.0,1.065587,0.24908065745158744
14.0,1.076289,0.25175601555368965
14.0,1.046764,0.24647770058085075
13.0,1.054427,0.24839331591481126
14.0,1.055174,0.24647770058085075
14.0,1.054427,0.24839331591481126
15.0,1.065587,0.24908065745158744
11.0,1.055174,0.24647770058085075
10.0,1.062837,0.24839331591481126
13.0,1.066759,0.24647770058085075
13.0,1.065587,0.24908065745158744
13.0,1.078934,0.24952143472396796
16.0,1.057466,0.24915305868295295
15.0,1.065129,0.25106867401691346
13.0,1.065876,0.24915305868295295
11.0,1.076289,0.25175601555368965
16.0,1.056417,0.24647770058085075
15.0,1.064827,0.24647770058085075
13.0,1.064827,0.24647770058085075
11.0,1.076412,0.24647770058085075
16.0,1.06912,0.2496531616775395
13.0,1.07753,0.2496531616775395
15.0,1.057466,0.24915305868295298
14.0,1.065129,0.25106867401691346
15.0,1.065876,0.24915305868295298
15.0,1.065129,0.2510686740169134
14.0,1.076289,0.25175601555368965
15.0,1.057466,0.24915305868295298
14.0,1.065129,0.25106867401691346
10.0,1.0705,0.25030893124877174
8.0,1.078163,0.25222454658273225
12.0,1.08521,0.2510901755007487
12.0,1.083581,0.25116569175387665
8.0,1.099401,0.25222454658273225
15.0,1.039756,0.24647770058085075
14.0,1.047419,0.24839331591481126
15.0,1.048166,0.24647770058085075
15.0,1.047419,0.24839331591481126
16.0,1.058579,0.24908065745158744
15.0,1.047419,0.24839331591481126
14.0,1.055082,0.25030893124877174
15.0,1.046764,0.24647770058085075
14.0,1.055174,0.24647770058085075
16.0,1.057466,0.24915305868295293
14.0,1.047419,0.24839331591481126
13.0,1.055082,0.25030893124877174
16.0,1.058579,0.24908065745158744
16.0,1.057466,0.24915305868295295
13.0,1.0705,0.25030893124877174
14.0,1.048166,0.24647770058085075
13.0,1.055829,0.24839331591481126
14.0,1.055829,0.24839331591481126
14.0,1.055174,0.24647770058085075
15.0,1.065876,0.24915305868295293
16.0,1.059751,0.24647770058085075
15.0,1.066759,0.24647770058085075
16.0,1.058579,0.24908065745158744
15.0,1.066242,0.250996272785548
16.0,1.071926,0.24952143472396796
15.0,1.058579,0.24908065745158744
14.0,1.066242,0.2509962727855479
14.0,1.046764,0.24647770058085075
13.0,1.054427,0.24839331591481126
14.0,1.055174,0.24647770058085075
14.0,1.054427,0.24839331591481126
15.0,1.065587,0.24908065745158744
11.0,1.055174,0.24647770058085075
10.0,1.062837,0.24839331591481126
13.0,1.066759,0.24647770058085075
13.0,1.065587,0.24908065745158744
13.0,1.078934,0.24952143472396796
16.0,1.057466,0.24915305868295295
15.0,1.065129,0.25106867401691346
13.0,1.065876,0.24915305868295295
11.0,1.076289,0.2517560155536897
16.0,1.056417,0.24647770058085075
15.0,1.064827,0.24647770058085075
13.0,1.064827,0.24647770058085075
11.0,1.076412,0.24647770058085075
16.0,1.06912,0.2496531616775395
13.0,1.07753,0.2496531616775395
15.0,1.057466,0.24915305868295298
14.0,1.065129,0.25106867401691346
14.0,1.047419,0.24839331591481126
13.0,1.055082,0.25030893124877174
14.0,1.055829,0.24839331591481126
14.0,1.055082,0.25030893124877174
14.0,1.066242,0.250996272785548
14.0,1.055082,0.25030893124877174
13.0,1.062745,0.25222454658273225
14.0,1.054427,0.24839331591481126
13.0,1.062837,0.24839331591481126
14.0,1.065129,0.25106867401691346
13.0,1.055082,0.25030893124877174
11.0,1.062745,0.25222454658273225
14.0,1.066242,0.2509962727855479
14.0,1.065129,0.25106867401691346
10.0,1.078163,0.25222454658273225
15.0,1.058579,0.24908065745158744
14.0,1.066242,0.2509962727855479
15.0,1.066242,0.2509962727855479
15.0,1.065587,0.24908065745158744
14.0,1.076289,0.2517560155536897
15.0,1.057466,0.24915305868295298
14.0,1.065129,0.25106867401691346
15.0,1.065876,0.24915305868295298
15.0,1.065129,0.2510686740169134
14.0,1.076289,0.2517560155536897
10.0,1.0705,0.25030893124877174
8.0,1.078163,0.25222454658273225
12.0,1.08521,0.2510901755007487
12.0,1.083581,0.25116569175387665
8.0,1.099401,0.25222454658273225
11.0,1.112436,0.25114270503860636
10.0,1.120099,0.2530583203725668
10.0,1.120846,0.25114270503860636
11.0,1.131258,0.253745661909343
10.0,1.119444,0.25114270503860636
7.0,1.127854,0.25114270503860636
11.0,1.130146,0.25381806314070854
10.0,1.120099,0.2530583203725668
9.0,1.127762,0.2549739357065273
11.0,1.131258,0.253745661909343
11.0,1.130146,0.25381806314070854
6.0,1.14318,0.2549739357065273
15.0,0.09412,0.012657252954086033
13.0,0.10253,0.012657252954086033
13.0,0.101782,0.01457286828804653
12.0,0.112942,0.015260209824822735
14.0,0.101782,0.01457286828804653
11.0,0.109445,0.016488483622007027
13.0,0.112942,0.015260209824822735
14.0,0.101128,0.012657252954086033
11.0,0.109538,0.012657252954086033
13.0,0.11183,0.015332611056188246
14.0,0.11183,0.015332611056188246
9.0,0.124863,0.016488483622007027
14.0,0.16458,0.0156655397461197
12.0,0.171588,0.0156655397461197
11.0,0.194918,0.024488707335825387
12.0,0.194918,0.024488707335825387
12.0,0.189952,0.030061756887157925
13.0,0.189952,0.030061756887157925
10.0,0.225289,0.03156014096174813
15.0,0.10253,0.012657252954086033
12.0,0.110192,0.01457286828804653
14.0,0.109538,0.012657252954086033
12.0,0.12024,0.015332611056188246
12.0,0.198362,0.030061756887157925
14.0,0.114114,0.012657252954086033
12.0,0.121122,0.012657252954086033
13.0,0.199885,0.017151450634362114
12.0,0.206893,0.017151450634362114
14.0,0.101782,0.01457286828804653
12.0,0.110192,0.01457286828804653
12.0,0.109445,0.016488483622007027
11.0,0.120605,0.01717582515878323
13.0,0.172243,0.017581155080080197
10.0,0.202581,0.026404322669785884
15.0,0.112942,0.015260209824822733
12.0,0.120605,0.01717582515878323
14.0,0.126289,0.015700987097203214
16.0,0.11183,0.015332611056188248
13.0,0.12024,0.015332611056188248
13.0,0.18229,0.018340897848221915
15.0,0.089261,0.0037484530626491464
13.0,0.097671,0.0037484530626491464
13.0,0.097671,0.0037484530626491464
12.0,0.109256,0.0037484530626491464
14.0,0.097671,0.0037484530626491464
11.0,0.106081,0.0037484530626491464
13.0,0.109256,0.0037484530626491464
14.0,0.097671,0.0037484530626491464
11.0,0.106081,0.0037484530626491464
13.0,0.109256,0.0037484530626491464
14.0,0.109256,0.0037484530626491464
9.0,0.122901,0.0037484530626491464
15.0,0.096924,0.005664068396609644
12.0,0.105334,0.005664068396609644
14.0,0.105334,0.005664068396609644
12.0,0.116918,0.005664068396609644
14.0,0.108084,0.006351409933385847
12.0,0.116494,0.006351409933385847
14.0,0.096924,0.005664068396609644
12.0,0.105334,0.005664068396609644
12.0,0.105334,0.005664068396609644
11.0,0.116918,0.005664068396609644
15.0,0.108084,0.006351409933385847
12.0,0.116494,0.006351409933385847
14.0,0.121431,0.006792187205766326
16.0,0.108084,0.006351409933385847
13.0,0.116494,0.006351409933385847
10.0,0.13638,0.007117883400237626
13.0,0.159722,0.0067567398546828136
11.0,0.168132,0.0067567398546828136
12.0,0.167385,0.00867235518864331
13.0,0.178544,0.009359696725419513
11.0,0.195026,0.008242650742925225
9.0,0.202689,0.010158266076885723
12.0,0.195026,0.008242650742925225
12.0,0.195026,0.008242650742925225
11.0,0.202689,0.010158266076885723
13.0,0.195026,0.008242650742925225
10.0,0.230379,0.009716666286350775
13.0,0.190059,0.015579907444388497
12.0,0.198469,0.015579907444388497
11.0,0.260798,0.018540387057143788
15.0,0.128824,0.020704134433591283
14.0,0.136487,0.02261974976755178
14.0,0.137234,0.020704134433591283
14.0,0.136487,0.02261974976755178
14.0,0.147646,0.02330709130432798
14.0,0.136487,0.02261974976755178
11.0,0.14415,0.024535365101512278
14.0,0.135832,0.020704134433591283
11.0,0.144242,0.020704134433591283
14.0,0.146534,0.023379492535693495
14.0,0.136487,0.02261974976755178
13.0,0.14415,0.024535365101512278
13.0,0.147646,0.02330709130432798
14.0,0.146534,0.023379492535693498
10.0,0.159568,0.024535365101512278
10.0,0.259993,0.03960702244125342
15.0,1.112436,0.2511427050386063
14.0,1.120099,0.2530583203725668
14.0,1.120846,0.2511427050386063
14.0,1.120099,0.25305832037256676
13.0,1.131258,0.253745661909343
14.0,1.120099,0.25305832037256676
11.0,1.127762,0.25497393570652727
14.0,1.119444,0.2511427050386063
11.0,1.127854,0.2511427050386063
13.0,1.130146,0.25381806314070854
14.0,1.120099,0.25305832037256676
11.0,1.127762,0.25497393570652727
13.0,1.131258,0.253745661909343
13.0,1.130146,0.25381806314070854
8.0,1.14318,0.25497393570652727
9.0,1.185203,0.2557862530310293
6.0,1.192866,0.25770186836498976
15.0,0.09412,0.012657252954086033
13.0,0.10253,0.012657252954086033
14.0,0.101782,0.01457286828804653
13.0,0.112942,0.015260209824822735
13.0,0.101782,0.01457286828804653
11.0,0.109445,0.016488483622007027
12.0,0.112942,0.015260209824822735
14.0,0.101128,0.012657252954086033
11.0,0.109538,0.012657252954086033
14.0,0.11183,0.015332611056188246
13.0,0.11183,0.015332611056188246
9.0,0.124863,0.016488483622007027
14.0,0.16458,0.0156655397461197
12.0,0.171588,0.0156655397461197
12.0,0.194918,0.024488707335825387
11.0,0.194918,0.024488707335825387
13.0,0.189952,0.030061756887157925
12.0,0.189952,0.030061756887157925
10.0,0.225289,0.03156014096174813
15.0,0.10253,0.012657252954086033
12.0,0.110192,0.01457286828804653
14.0,0.109538,0.012657252954086033
12.0,0.12024,0.015332611056188246
12.0,0.198362,0.030061756887157925
14.0,0.114114,0.012657252954086033
12.0,0.121122,0.012657252954086033
13.0,0.199885,0.017151450634362114
12.0,0.206893,0.017151450634362114
14.0,0.101782,0.01457286828804653
12.0,0.110192,0.01457286828804653
12.0,0.109445,0.016488483622007027
11.0,0.120605,0.01717582515878323
13.0,0.172243,0.017581155080080197
10.0,0.202581,0.026404322669785884
15.0,0.112942,0.015260209824822733
12.0,0.120605,0.01717582515878323
14.0,0.126289,0.015700987097203214
16.0,0.11183,0.015332611056188248
13.0,0.12024,0.015332611056188248
13.0,0.18229,0.018340897848221915
15.0,0.098979,0.019454240190536234
14.0,0.107389,0.019454240190536234
13.0,0.106642,0.021369855524496734
13.0,0.117802,0.022057197061272932
14.0,0.106642,0.021369855524496734
11.0,0.114305,0.02328547085845723
14.0,0.117802,0.022057197061272932
13.0,0.105987,0.019454240190536234
11.0,0.114397,0.019454240190536234
12.0,0.116689,0.02212959829263845
13.0,0.116689,0.02212959829263845
9.0,0.129723,0.02328547085845723
14.0,0.106642,0.02136985552449673
12.0,0.114305,0.02328547085845723
12.0,0.11365,0.02136985552449673
11.0,0.124352,0.024045213626598946
16.0,0.117802,0.022057197061272932
13.0,0.12481,0.022057197061272932
15.0,0.105987,0.019454240190536234
14.0,0.114397,0.019454240190536234
12.0,0.11365,0.021369855524496734
12.0,0.12481,0.022057197061272932
15.0,0.116689,0.02212959829263845
12.0,0.124352,0.024045213626598946
14.0,0.11564,0.019454240190536234
12.0,0.12405,0.019454240190536234
14.0,0.128343,0.02262970128722496
15.0,0.16944,0.0224625269825699
14.0,0.176448,0.0224625269825699
13.0,0.176448,0.0224625269825699
13.0,0.186101,0.0224625269825699
12.0,0.199777,0.031285694572275584
12.0,0.206785,0.031285694572275584
13.0,0.199777,0.031285694572275584
11.0,0.194812,0.03685874412360813
10.0,0.202475,0.03877435945756863
12.0,0.194812,0.03685874412360813
10.0,0.230149,0.03835712819819833
13.0,0.138563,0.032186357960705056
12.0,0.145571,0.032186357960705056
12.0,0.145571,0.032186357960705056
11.0,0.155224,0.032186357960705056
12.0,0.145571,0.032186357960705056
9.0,0.152579,0.032186357960705056
11.0,0.155224,0.032186357960705056
12.0,0.145571,0.032186357960705056
9.0,0.152579,0.032186357960705056
11.0,0.155224,0.032186357960705056
11.0,0.155224,0.032186357960705056
6.0,0.166595,0.032186357960705056
7.0,0.259789,0.06047095333956623
15.0,0.098979,0.019454240190536234
14.0,0.107389,0.019454240190536234
14.0,0.106642,0.021369855524496734
14.0,0.117802,0.022057197061272932
13.0,0.106642,0.021369855524496734
11.0,0.114305,0.02328547085845723
13.0,0.117802,0.022057197061272932
13.0,0.105987,0.019454240190536234
11.0,0.114397,0.019454240190536234
13.0,0.116689,0.02212959829263845
12.0,0.116689,0.02212959829263845
9.0,0.129723,0.02328547085845723
14.0,0.106642,0.02136985552449673
12.0,0.114305,0.02328547085845723
12.0,0.11365,0.02136985552449673
11.0,0.124352,0.024045213626598946
16.0,0.117802,0.022057197061272932
13.0,0.12481,0.022057197061272932
15.0,0.105987,0.019454240190536234
14.0,0.114397,0.019454240190536234
12.0,0.11365,0.021369855524496734
12.0,0.12481,0.022057197061272932
15.0,0.116689,0.02212959829263845
12.0,0.124352,0.024045213626598946
14.0,0.11564,0.019454240190536234
12.0,0.12405,0.019454240190536234
14.0,0.128343,0.02262970128722496
15.0,0.16944,0.0224625269825699
14.0,0.176448,0.0224625269825699
13.0,0.176448,0.0224625269825699
13.0,0.186101,0.0224625269825699
13.0,0.199777,0.03128569457227559
12.0,0.199777,0.03128569457227559
12.0,0.206785,0.03128569457227559
12.0,0.194812,0.03685874412360813
11.0,0.194812,0.03685874412360813
10.0,0.202475,0.03877435945756863
10.0,0.230149,0.03835712819819833
13.0,0.128824,0.02070413443359128
12.0,0.137234,0.02070413443359128
12.0,0.136487,0.022619749767551777
11.0,0.147646,0.023307091304327978
12.0,0.136487,0.022619749767551777
9.0,0.14415,0.024535365101512278
11.0,0.147646,0.023307091304327978
12.0,0.135832,0.02070413443359128
8.0,0.144242,0.02070413443359128
11.0,0.146534,0.023379492535693495
11.0,0.146534,0.023379492535693495
6.0,0.159568,0.024535365101512278
12.0,0.199285,0.023712421225624947
9.0,0.206293,0.023712421225624947
10.0,0.229622,0.03253558881533063
10.0,0.229622,0.03253558881533063
10.0,0.224656,0.038108638366663165
10.0,0.224656,0.038108638366663165
6.0,0.259993,0.03960702244125337
13.0,1.123652,0.25164678822200726
12.0,1.13066,0.25164678822200726
12.0,1.13066,0.25164678822200726
11.0,1.140313,0.25164678822200726
12.0,1.13066,0.25164678822200726
9.0,1.137668,0.25164678822200726
11.0,1.140313,0.25164678822200726
12.0,1.13066,0.25164678822200726
9.0,1.137668,0.25164678822200726
11.0,1.140313,0.25164678822200726
11.0,1.140313,0.25164678822200726
5.0,1.151684,0.25164678822200726
13.0,1.112436,0.2511427050386063
12.0,1.120846,0.2511427050386063
12.0,1.120099,0.25305832037256676
11.0,1.131258,0.253745661909343
12.0,1.120099,0.25305832037256676
9.0,1.127762,0.25497393570652727
11.0,1.131258,0.253745661909343
12.0,1.119444,0.2511427050386063
8.0,1.127854,0.2511427050386063
11.0,1.130146,0.25381806314070854
11.0,1.130146,0.25381806314070854
6.0,1.14318,0.25497393570652727
12.0,1.190818,0.2560465374423413
9.0,1.197826,0.2560465374423413
13.0,1.190818,0.25604653744234135
10.0,1.197826,0.25604653744234135
15.0,0.089261,0.0037484530626491464
13.0,0.097671,0.0037484530626491464
14.0,0.097671,0.0037484530626491464
13.0,0.109256,0.0037484530626491464
13.0,0.097671,0.0037484530626491464
11.0,0.106081,0.0037484530626491464
12.0,0.109256,0.0037484530626491464
14.0,0.097671,0.0037484530626491464
11.0,0.106081,0.0037484530626491464
14.0,0.109256,0.0037484530626491464
13.0,0.109256,0.0037484530626491464
9.0,0.122901,0.0037484530626491464
15.0,0.096924,0.005664068396609644
12.0,0.105334,0.005664068396609644
14.0,0.105334,0.005664068396609644
12.0,0.116918,0.005664068396609644
14.0,0.108084,0.006351409933385847
12.0,0.116494,0.006351409933385847
14.0,0.096924,0.005664068396609644
12.0,0.105334,0.005664068396609644
12.0,0.105334,0.005664068396609644
11.0,0.116918,0.005664068396609644
15.0,0.108084,0.006351409933385847
12.0,0.116494,0.006351409933385847
14.0,0.121431,0.006792187205766326
16.0,0.108084,0.006351409933385847
13.0,0.116494,0.006351409933385847
10.0,0.13638,0.007117883400237626
13.0,0.159722,0.0067567398546828136
12.0,0.167385,0.00867235518864331
11.0,0.168132,0.0067567398546828136
13.0,0.178544,0.009359696725419513
12.0,0.195026,0.008242650742925225
13.0,0.190059,0.015579907444388497
12.0,0.198469,0.015579907444388497
11.0,0.195026,0.008242650742925225
9.0,0.202689,0.010158266076885723
13.0,0.195026,0.008242650742925225
12.0,0.195026,0.008242650742925225
11.0,0.202689,0.010158266076885723
10.0,0.230379,0.009716666286350775
11.0,0.260798,0.018540387057143788
15.0,0.089261,0.0037484530626491273
14.0,0.097671,0.0037484530626491273
13.0,0.097671,0.0037484530626491273
13.0,0.109256,0.0037484530626491273
14.0,0.097671,0.0037484530626491273
11.0,0.106081,0.0037484530626491273
14.0,0.109256,0.0037484530626491273
13.0,0.097671,0.0037484530626491273
11.0,0.106081,0.0037484530626491273
12.0,0.109256,0.0037484530626491273
13.0,0.109256,0.0037484530626491273
9.0,0.122901,0.0037484530626491273
14.0,0.096924,0.005664068396609625
12.0,0.105334,0.005664068396609625
12.0,0.105334,0.005664068396609625
11.0,0.116918,0.005664068396609625
16.0,0.108084,0.0063514099333858275
13.0,0.116494,0.0063514099333858275
15.0,0.096924,0.005664068396609625
14.0,0.105334,0.005664068396609625
12.0,0.105334,0.005664068396609625
12.0,0.116918,0.005664068396609625
15.0,0.108084,0.0063514099333858275
12.0,0.116494,0.0063514099333858275
14.0,0.108084,0.0063514099333858275
12.0,0.116494,0.0063514099333858275
14.0,0.121431,0.006792187205766307
10.0,0.13638,0.007117883400237606
14.0,0.159722,0.0067567398546827945
14.0,0.167385,0.008672355188643292
12.0,0.168132,0.0067567398546827945
13.0,0.178544,0.009359696725419494
12.0,0.195026,0.008242650742925206
11.0,0.202689,0.010158266076885705
13.0,0.195026,0.008242650742925206
11.0,0.195026,0.008242650742925206
9.0,0.202689,0.010158266076885704
12.0,0.195026,0.008242650742925206
10.0,0.230379,0.009716666286350756
11.0,0.260798,0.018540387057143767
13.0,0.128824,0.020704134433591263
12.0,0.135832,0.020704134433591263
12.0,0.136487,0.02261974976755176
11.0,0.146534,0.02337949253569348
12.0,0.136487,0.02261974976755176
9.0,0.14415,0.02453536510151226
11.0,0.146534,0.02337949253569348
12.0,0.137234,0.020704134433591263
8.0,0.144242,0.020704134433591263
11.0,0.147646,0.023307091304327964
11.0,0.147646,0.023307091304327964
6.0,0.159568,0.02453536510151226
7.0,0.259993,0.039607022441253414
15.0,0.089261,0.0037484530626491273
14.0,0.097671,0.0037484530626491273
14.0,0.097671,0.0037484530626491273
14.0,0.109256,0.0037484530626491273
13.0,0.097671,0.0037484530626491273
11.0,0.106081,0.0037484530626491273
13.0,0.109256,0.0037484530626491273
13.0,0.097671,0.0037484530626491273
11.0,0.106081,0.0037484530626491273
13.0,0.109256,0.0037484530626491273
12.0,0.109256,0.0037484530626491273
9.0,0.122901,0.0037484530626491273
14.0,0.096924,0.005664068396609625
12.0,0.105334,0.005664068396609625
12.0,0.105334,0.005664068396609625
11.0,0.116918,0.005664068396609625
16.0,0.108084,0.0063514099333858275
13.0,0.116494,0.0063514099333858275
15.0,0.096924,0.005664068396609625
14.0,0.105334,0.005664068396609625
12.0,0.105334,0.005664068396609625
12.0,0.116918,0.005664068396609625
15.0,0.108084,0.0063514099333858275
12.0,0.116494,0.0063514099333858275
14.0,0.108084,0.0063514099333858275
12.0,0.116494,0.0063514099333858275
14.0,0.121431,0.006792187205766307
10.0,0.13638,0.007117883400237603
14.0,0.159722,0.0067567398546827945
14.0,0.167385,0.008672355188643292
12.0,0.168132,0.0067567398546827945
13.0,0.178544,0.009359696725419494
13.0,0.195026,0.008242650742925206
12.0,0.195026,0.008242650742925206
11.0,0.202689,0.010158266076885705
12.0,0.195026,0.008242650742925206
11.0,0.195026,0.008242650742925206
9.0,0.202689,0.010158266076885704
10.0,0.230379,0.009716666286350756
11.0,0.260798,0.018540387057143767
13.0,0.119091,0.004979296913363896
11.0,0.127501,0.004979296913363896
12.0,0.127501,0.004979296913363896
11.0,0.139085,0.004979296913363896
12.0,0.127501,0.004979296913363896
9.0,0.135911,0.004979296913363896
11.0,0.139085,0.004979296913363896
11.0,0.127501,0.004979296913363896
8.0,0.135911,0.004979296913363896
11.0,0.139085,0.004979296913363896
11.0,0.139085,0.004979296913363896
6.0,0.152731,0.004979296913363896
11.0,0.189552,0.007987583705397563
8.0,0.197962,0.007987583705397563
10.0,0.224856,0.009473494593639976
10.0,0.224856,0.009473494593639976
10.0,0.224856,0.009473494593639976
10.0,0.224856,0.009473494593639976
4.0,0.260209,0.010947510137065526
15.0,0.153831,0.015128769945119027
13.0,0.162241,0.015128769945119027
13.0,0.162241,0.015128769945119027
11.0,0.173826,0.015128769945119027
11.0,0.259596,0.01962296762539511
15.0,0.153831,0.015128769945119027
13.0,0.162241,0.015128769945119027
13.0,0.162241,0.015128769945119027
11.0,0.173826,0.015128769945119027
11.0,0.259596,0.01962296762539511
12.0,0.188625,0.023176440976146025
9.0,0.197035,0.023176440976146025
13.0,1.112436,0.2511427050386064
12.0,1.119444,0.2511427050386064
12.0,1.120099,0.2530583203725669
11.0,1.130146,0.25381806314070865
12.0,1.120099,0.2530583203725669
9.0,1.127762,0.25497393570652743
11.0,1.130146,0.25381806314070865
12.0,1.120846,0.2511427050386064
8.0,1.127854,0.2511427050386064
11.0,1.131258,0.2537456619093431
11.0,1.131258,0.2537456619093431
6.0,1.14318,0.25497393570652743
13.0,1.101223,0.2505514429618609
12.0,1.109633,0.2505514429618609
12.0,1.109633,0.2505514429618609
11.0,1.121217,0.2505514429618609
12.0,1.109633,0.2505514429618609
9.0,1.118043,0.2505514429618609
11.0,1.121217,0.2505514429618609
12.0,1.109633,0.2505514429618609
9.0,1.118043,0.2505514429618609
11.0,1.121217,0.2505514429618609
11.0,1.121217,0.2505514429618609
5.0,1.134863,0.2505514429618609
13.0,1.179588,0.2555043456950447
10.0,1.187998,0.2555043456950447
15.0,0.153831,0.015128769945119027
13.0,0.162241,0.015128769945119027
13.0,0.162241,0.015128769945119027
11.0,0.173826,0.015128769945119027
13.0,0.224292,0.0181370567371527
11.0,0.259596,0.01962296762539511
12.0,0.188625,0.023176440976146025
9.0,0.197035,0.023176440976146025
11.0,0.223472,0.030431224780799807
13.0,1.179588,0.2555043456950446
10.0,1.187998,0.2555043456950446
15.0,0.128824,0.020704134433591283
14.0,0.136487,0.02261974976755178
14.0,0.137234,0.020704134433591283
14.0,0.136487,0.02261974976755178
14.0,0.147646,0.02330709130432798
14.0,0.136487,0.02261974976755178
11.0,0.14415,0.024535365101512278
14.0,0.135832,0.020704134433591283
11.0,0.144242,0.020704134433591283
14.0,0.146534,0.023379492535693495
14.0,0.136487,0.02261974976755178
13.0,0.14415,0.024535365101512278
13.0,0.147646,0.02330709130432798
14.0,0.146534,0.023379492535693498
10.0,0.159568,0.024535365101512278
10.0,0.259993,0.03960702244125343
19.0,1.039756,0.24647770058085072
18.0,1.047419,0.24839331591481123
18.0,1.048166,0.24647770058085072
18.0,1.047419,0.24839331591481123
19.0,1.058579,0.24908065745158742
18.0,1.047419,0.24839331591481123
16.0,1.055082,0.25030893124877174
18.0,1.046764,0.24647770058085072
16.0,1.055174,0.24647770058085072
19.0,1.057466,0.24915305868295295
18.0,1.047419,0.24839331591481123
17.0,1.055082,0.25030893124877174
18.0,1.058579,0.24908065745158742
18.0,1.057466,0.24915305868295293
15.0,1.0705,0.25030893124877174
18.0,1.048166,0.24647770058085072
17.0,1.055829,0.24839331591481123
17.0,1.055174,0.24647770058085072
17.0,1.055829,0.24839331591481123
17.0,1.065876,0.24915305868295293
19.0,1.058579,0.24908065745158742
18.0,1.066242,0.2509962727855479
19.0,1.059751,0.24647770058085072
17.0,1.066759,0.24647770058085072
19.0,1.058579,0.24908065745158742
17.0,1.066242,0.2509962727855479
18.0,1.071926,0.24952143472396793
18.0,1.046764,0.24647770058085072
17.0,1.055174,0.24647770058085072
17.0,1.054427,0.24839331591481123
17.0,1.054427,0.24839331591481123
17.0,1.065587,0.24908065745158742
15.0,1.055174,0.24647770058085072
14.0,1.062837,0.24839331591481123
17.0,1.066759,0.24647770058085072
17.0,1.065587,0.24908065745158742
15.0,1.078934,0.24952143472396793
19.0,1.057466,0.24915305868295293
18.0,1.065129,0.25106867401691346
18.0,1.047419,0.24839331591481123
17.0,1.055082,0.25030893124877174
17.0,1.055829,0.24839331591481123
17.0,1.055082,0.25030893124877174
17.0,1.066242,0.2509962727855479
17.0,1.055082,0.25030893124877174
15.0,1.062745,0.25222454658273225
17.0,1.054427,0.24839331591481123
15.0,1.062837,0.24839331591481123
17.0,1.065129,0.25106867401691346
17.0,1.055082,0.25030893124877174
14.0,1.062745,0.25222454658273225
16.0,1.066242,0.2509962727855479
16.0,1.065129,0.25106867401691346
12.0,1.078163,0.25222454658273225
19.0,1.058579,0.24908065745158742
18.0,1.066242,0.2509962727855479
18.0,1.065587,0.24908065745158742
17.0,1.066242,0.2509962727855479
16.0,1.076289,0.25175601555368965
19.0,1.051586,0.24915305868295293
18.0,1.059996,0.24915305868295293
18.0,1.059249,0.25106867401691346
17.0,1.059249,0.25106867401691346
16.0,1.070409,0.25175601555368965
14.0,1.0705,0.25030893124877174
12.0,1.078163,0.25222454658273225
19.0,1.057466,0.24915305868295295
17.0,1.065876,0.24915305868295295
17.0,1.065129,0.25106867401691346
13.0,1.076289,0.2517560155536897
16.0,1.08521,0.2510901755007487
19.0,1.056417,0.24647770058085072
17.0,1.064827,0.24647770058085072
17.0,1.064827,0.24647770058085072
13.0,1.076412,0.24647770058085072
16.0,1.083581,0.2511656917538766
18.0,1.06912,0.24965316167753948
15.0,1.07753,0.24965316167753948
10.0,1.099401,0.25222454658273225
15.0,1.112436,0.2511427050386063
14.0,1.120099,0.2530583203725668
14.0,1.120846,0.2511427050386063
14.0,1.120099,0.25305832037256676
13.0,1.131258,0.253745661909343
14.0,1.120099,0.25305832037256676
11.0,1.127762,0.25497393570652727
14.0,1.119444,0.2511427050386063
11.0,1.127854,0.2511427050386063
13.0,1.130146,0.25381806314070854
14.0,1.120099,0.25305832037256676
11.0,1.127762,0.25497393570652727
13.0,1.131258,0.253745661909343
13.0,1.130146,0.25381806314070854
8.0,1.14318,0.25497393570652727
9.0,1.185203,0.2557862530310293
6.0,1.192866,0.25770186836498976
13.0,1.190818,0.25604653744234135
10.0,1.197826,0.25604653744234135
15.0,0.153831,0.015128769945119027
13.0,0.162241,0.015128769945119027
13.0,0.162241,0.015128769945119027
11.0,0.173826,0.015128769945119027
13.0,0.224292,0.0181370567371527
11.0,0.259596,0.01962296762539511
12.0,0.188625,0.023176440976146025
9.0,0.197035,0.023176440976146025
11.0,0.223472,0.030431224780799848
13.0,1.179588,0.2555043456950447
10.0,1.187998,0.2555043456950447
12.0,0.128824,0.020704134433591263
11.0,0.136487,0.02261974976755176
11.0,0.137234,0.020704134433591263
12.0,0.147646,0.02330709130432796
11.0,0.135832,0.020704134433591263
8.0,0.144242,0.020704134433591263
12.0,0.146534,0.023379492535693477
11.0,0.136487,0.02261974976755176
10.0,0.14415,0.024535365101512257
12.0,0.147646,0.02330709130432796
12.0,0.140654,0.023379492535693477
7.0,0.159568,0.024535365101512257
12.0,0.199285,0.02371242122562493
9.0,0.206293,0.02371242122562493
8.0,0.259993,0.03960702244125341
11.0,0.188625,0.023176440976146025
8.0,0.197035,0.023176440976146025
8.0,0.259086,0.02618472776817969
10.0,0.223472,0.030431224780799845
10.0,0.223472,0.030431224780799845
5.0,0.258371,0.03717142620794134
12.0,1.112436,0.25114270503860625
11.0,1.120099,0.25305832037256676
11.0,1.120846,0.25114270503860625
12.0,1.131258,0.25374566190934295
11.0,1.119444,0.25114270503860625
8.0,1.127854,0.25114270503860625
12.0,1.130146,0.25381806314070854
11.0,1.120099,0.25305832037256676
9.0,1.127762,0.25497393570652727
12.0,1.131258,0.25374566190934295
12.0,1.124266,0.25381806314070854
6.0,1.14318,0.25497393570652727
9.0,1.185203,0.25578625303102925
6.0,1.192866,0.25770186836498976
13.0,1.190818,0.25604653744234135
10.0,1.197826,0.25604653744234135
12.0,1.179588,0.2555043456950447
9.0,1.187998,0.2555043456950447
9.0,1.185203,0.25578625303102925
6.0,1.192866,0.25770186836498976
2.0,1.258056,0.26040867686190255
