complexity,cost,feature_based_cost
16.0,0.0,0.0
15.0,0.00841,0.0021023125437981778
16.0,0.00841,0.0021023125437981778
16.0,0.019994,0.004998129820073722
16.0,0.00841,0.0021023125437981778
13.0,0.01682,0.0042046250875963555
16.0,0.019994,0.004998129820073722
15.0,0.00841,0.0021023125437981778
14.0,0.01682,0.0042046250875963555
16.0,0.019994,0.004998129820073722
16.0,0.019994,0.004998129820073722
12.0,0.03364,0.008409250175192711
15.0,0.007663,0.003831230667920995
14.0,0.016073,0.005933543211719172
14.0,0.016073,0.005933543211719172
15.0,0.027657,0.008829360487994717
16.0,0.018822,0.007308226285271578
15.0,0.027232,0.009410538829069759
16.0,0.007663,0.003831230667920995
14.0,0.016073,0.005933543211719173
15.0,0.016073,0.005933543211719173
15.0,0.027657,0.008829360487994715
16.0,0.018822,0.007308226285271578
14.0,0.027232,0.009410538829069759
16.0,0.018822,0.007308226285271578
15.0,0.027232,0.009410538829069757
16.0,0.03217,0.01108559810630808
15.0,0.047119,0.015148110850369665
15.0,0.007008,0.001751927119831815
12.0,0.015418,0.0038542396636299927
14.0,0.015418,0.0038542396636299927
14.0,0.027002,0.006750056939905537
14.0,0.015418,0.0038542396636299927
12.0,0.023828,0.0059565522074281705
14.0,0.027002,0.006750056939905537
14.0,0.015418,0.0038542396636299927
11.0,0.023828,0.0059565522074281705
15.0,0.027002,0.006750056939905537
15.0,0.027002,0.006750056939905537
11.0,0.040648,0.010161177295024526
16.0,0.01771,0.0071026433240362445
15.0,0.02612,0.009204955867834421
15.0,0.02612,0.009204955867834421
16.0,0.037704,0.012100773144109966
15.0,0.007663,0.003831230667920995
14.0,0.015326,0.007662461335841989
14.0,0.016073,0.005933543211719173
14.0,0.015326,0.007662461335841989
15.0,0.026485,0.011139456953192574
14.0,0.016073,0.005933543211719172
13.0,0.023736,0.009764773879640167
15.0,0.027657,0.008829360487994715
15.0,0.026485,0.011139456953192574
15.0,0.039833,0.014916828774229075
16.0,0.018822,0.007308226285271578
15.0,0.026485,0.011139456953192574
15.0,0.027232,0.009410538829069755
16.0,0.037645,0.014616452570543158
16.0,0.01183,0.007102643324036244
15.0,0.02024,0.009204955867834421
15.0,0.02024,0.009204955867834423
16.0,0.031824,0.01210077314410997
11.0,0.030744,0.011516700999471984
10.0,0.039154,0.01361901354327016
16.0,0.01771,0.007102643324036244
14.0,0.02612,0.009204955867834421
15.0,0.02612,0.009204955867834423
14.0,0.037704,0.012100773144109966
14.0,0.045453,0.015975006779701494
16.0,0.007663,0.003831230667920995
14.0,0.015326,0.007662461335841989
15.0,0.016073,0.005933543211719173
13.0,0.015326,0.007662461335841989
14.0,0.026485,0.011139456953192574
14.0,0.016073,0.005933543211719173
12.0,0.023736,0.009764773879640167
15.0,0.026485,0.011139456953192574
15.0,0.027657,0.008829360487994717
16.0,0.01771,0.007102643324036244
14.0,0.02612,0.009204955867834421
15.0,0.02612,0.009204955867834421
14.0,0.037704,0.012100773144109966
16.0,0.018822,0.007308226285271578
15.0,0.026485,0.011139456953192572
14.0,0.027232,0.009410538829069757
14.0,0.026485,0.011139456953192574
12.0,0.037645,0.014616452570543158
14.0,0.045453,0.015975006779701494
16.0,0.018822,0.007308226285271578
15.0,0.026485,0.011139456953192572
15.0,0.027232,0.009410538829069757
16.0,0.037645,0.014616452570543158
12.0,0.030744,0.011516700999471982
11.0,0.039154,0.01361901354327016
16.0,0.03217,0.01108559810630808
15.0,0.039833,0.014916828774229075
15.0,0.047119,0.01514811085036967
11.0,0.061473,0.020573004777971325
16.0,0.007663,0.003831230667920995
14.0,0.014671,0.00558315778775281
13.0,0.015326,0.007662461335841989
14.0,0.025373,0.010933873991957239
15.0,0.015326,0.007662461335841989
12.0,0.022989,0.011493692003762985
15.0,0.025373,0.010933873991957239
14.0,0.016073,0.005933543211719173
13.0,0.023081,0.007685470331550988
14.0,0.026485,0.011139456953192574
15.0,0.026485,0.011139456953192574
11.0,0.038407,0.015347931667392976
14.0,0.015326,0.007662461335841989
12.0,0.022989,0.011493692003762985
13.0,0.023736,0.009764773879640167
13.0,0.034148,0.014970687621113568
15.0,0.019493,0.010933873991957239
14.0,0.027903,0.013036186535755417
15.0,0.016073,0.005933543211719173
14.0,0.023081,0.007685470331550988
13.0,0.023736,0.009764773879640167
13.0,0.033783,0.013036186535755417
15.0,0.026485,0.011139456953192574
12.0,0.034148,0.014970687621113568
15.0,0.027657,0.008829360487994717
14.0,0.034665,0.010581287607826532
15.0,0.039833,0.014916828774229075
16.0,0.007008,0.001751927119831815
14.0,0.015418,0.0038542396636299927
13.0,0.015418,0.0038542396636299927
14.0,0.027002,0.006750056939905537
15.0,0.015418,0.0038542396636299927
12.0,0.023828,0.0059565522074281705
15.0,0.027002,0.006750056939905537
15.0,0.015418,0.0038542396636299927
13.0,0.023828,0.0059565522074281705
14.0,0.027002,0.006750056939905537
15.0,0.027002,0.006750056939905537
11.0,0.040648,0.010161177295024526
14.0,0.014671,0.00558315778775281
12.0,0.023081,0.007685470331550988
13.0,0.023081,0.007685470331550987
13.0,0.034665,0.01058128760782653
15.0,0.02583,0.009060153405103395
14.0,0.03424,0.01116246594890157
15.0,0.014671,0.00558315778775281
14.0,0.023081,0.007685470331550988
13.0,0.023081,0.007685470331550988
13.0,0.034665,0.01058128760782653
15.0,0.02583,0.009060153405103393
12.0,0.03424,0.011162465948901574
15.0,0.02583,0.009060153405103395
14.0,0.03424,0.011162465948901574
15.0,0.039178,0.012837525226139896
13.0,0.054127,0.016900037970201485
16.0,0.01771,0.0071026433240362445
15.0,0.025373,0.010933873991957239
15.0,0.02612,0.009204955867834421
15.0,0.025373,0.010933873991957239
15.0,0.036533,0.014410869609307826
15.0,0.02612,0.009204955867834421
14.0,0.033783,0.013036186535755417
15.0,0.037704,0.012100773144109966
15.0,0.036533,0.014410869609307823
15.0,0.04988,0.018188241430344324
16.0,0.018822,0.007308226285271578
14.0,0.02583,0.009060153405103395
14.0,0.026485,0.011139456953192574
11.0,0.036533,0.014410869609307824
15.0,0.026485,0.011139456953192574
12.0,0.034148,0.014970687621113568
13.0,0.036533,0.014410869609307824
15.0,0.027232,0.009410538829069755
12.0,0.03424,0.01116246594890157
14.0,0.037645,0.014616452570543158
15.0,0.037645,0.014616452570543158
10.0,0.049566,0.01882492728474356
16.0,0.016661,0.00416510818339477
14.0,0.025071,0.0062674207271929475
14.0,0.025071,0.0062674207271929475
11.0,0.036655,0.00916323800346849
15.0,0.025071,0.0062674207271929475
12.0,0.033481,0.008369733270991126
13.0,0.036655,0.00916323800346849
15.0,0.025071,0.0062674207271929475
12.0,0.033481,0.008369733270991126
14.0,0.036655,0.00916323800346849
15.0,0.036655,0.009163238003468492
10.0,0.050301,0.01257435835858748
14.0,0.043824,0.015643403073244803
12.0,0.052234,0.01774571561704298
15.0,0.007663,0.003831230667920995
14.0,0.015326,0.007662461335841989
14.0,0.016073,0.005933543211719173
15.0,0.026485,0.011139456953192574
14.0,0.014671,0.00558315778775281
11.0,0.023081,0.007685470331550988
15.0,0.025373,0.010933873991957239
14.0,0.015326,0.007662461335841989
13.0,0.022989,0.011493692003762985
15.0,0.026485,0.011139456953192574
15.0,0.019493,0.010933873991957239
10.0,0.038407,0.015347931667392978
14.0,0.016073,0.005933543211719173
13.0,0.023736,0.009764773879640167
13.0,0.023081,0.007685470331550988
14.0,0.033783,0.013036186535755417
15.0,0.027657,0.008829360487994715
13.0,0.034665,0.01058128760782653
14.0,0.015326,0.007662461335841989
13.0,0.022989,0.011493692003762985
13.0,0.023736,0.009764773879640167
14.0,0.034148,0.014970687621113568
15.0,0.025373,0.010933873991957239
13.0,0.033783,0.01303618653575542
15.0,0.026485,0.011139456953192574
14.0,0.034148,0.014970687621113568
13.0,0.053116,0.019806237447622492
16.0,0.018822,0.007308226285271578
15.0,0.026485,0.011139456953192574
14.0,0.027232,0.009410538829069755
15.0,0.026485,0.011139456953192574
14.0,0.037645,0.014616452570543158
15.0,0.02583,0.009060153405103395
13.0,0.03424,0.01116246594890157
16.0,0.030653,0.014410869609307824
15.0,0.036533,0.014410869609307824
16.0,0.01771,0.007102643324036244
15.0,0.025373,0.010933873991957239
15.0,0.02612,0.009204955867834423
14.0,0.025373,0.010933873991957239
14.0,0.036533,0.014410869609307826
15.0,0.02612,0.009204955867834421
13.0,0.033783,0.01303618653575542
16.0,0.036533,0.014410869609307824
15.0,0.037704,0.012100773144109966
12.0,0.030744,0.011516700999471984
11.0,0.038407,0.015347931667392978
11.0,0.039154,0.01361901354327016
11.0,0.038407,0.015347931667392978
11.0,0.049566,0.01882492728474356
16.0,0.03217,0.011085598106308082
14.0,0.039178,0.012837525226139897
15.0,0.039833,0.014916828774229077
13.0,0.04988,0.018188241430344327
16.0,0.029364,0.010516030376772224
14.0,0.037774,0.012618342920570402
15.0,0.037774,0.012618342920570402
13.0,0.049358,0.015514160196845948
10.0,0.059644,0.02065693000723148
16.0,0.018822,0.007308226285271578
15.0,0.026485,0.011139456953192572
15.0,0.027232,0.009410538829069757
14.0,0.037645,0.014616452570543158
15.0,0.02583,0.009060153405103393
12.0,0.03424,0.011162465948901572
15.0,0.036533,0.014410869609307823
15.0,0.026485,0.011139456953192572
14.0,0.034148,0.014970687621113567
15.0,0.037645,0.014616452570543158
16.0,0.030653,0.014410869609307823
11.0,0.049566,0.01882492728474356
15.0,0.047119,0.01514811085036967
13.0,0.054127,0.016900037970201485
12.0,0.061473,0.020573004777971325
11.0,0.076573,0.02570968687442215
16.0,0.007663,0.003831230667920995
15.0,0.015326,0.007662461335841989
15.0,0.016073,0.005933543211719173
15.0,0.015326,0.007662461335841989
15.0,0.026485,0.011139456953192574
13.0,0.015326,0.007662461335841989
12.0,0.022989,0.011493692003762985
15.0,0.014671,0.00558315778775281
13.0,0.023081,0.007685470331550988
14.0,0.025373,0.010933873991957239
14.0,0.015326,0.007662461335841989
13.0,0.022989,0.011493692003762985
14.0,0.026485,0.011139456953192574
15.0,0.025373,0.010933873991957239
11.0,0.038407,0.015347931667392978
14.0,0.014671,0.00558315778775281
14.0,0.023081,0.007685470331550988
12.0,0.022334,0.009414388455673805
13.0,0.022334,0.009414388455673805
13.0,0.033493,0.01289138407302439
15.0,0.025373,0.010933873991957239
14.0,0.033036,0.014765104659878233
15.0,0.025373,0.010933873991957239
12.0,0.033036,0.014765104659878233
15.0,0.024324,0.007996338851315765
13.0,0.032734,0.010098651395113942
15.0,0.037027,0.01434726104469322
13.0,0.015326,0.007662461335841989
12.0,0.022989,0.011493692003762985
13.0,0.023736,0.009764773879640167
12.0,0.022989,0.011493692003762985
12.0,0.034148,0.014970687621113568
12.0,0.022989,0.011493692003762985
9.0,0.030652,0.015324922671683979
13.0,0.022334,0.009414388455673805
11.0,0.030744,0.011516700999471982
12.0,0.033036,0.014765104659878237
12.0,0.022989,0.011493692003762985
11.0,0.030652,0.015324922671683979
12.0,0.034148,0.014970687621113568
12.0,0.033036,0.014765104659878233
8.0,0.04607,0.01917916233531397
14.0,0.025373,0.010933873991957239
13.0,0.033783,0.01303618653575542
12.0,0.033036,0.014765104659878233
13.0,0.033036,0.014765104659878233
12.0,0.044196,0.01824210027722882
15.0,0.016073,0.005933543211719173
13.0,0.023736,0.009764773879640167
12.0,0.023736,0.009764773879640167
14.0,0.023081,0.007685470331550988
13.0,0.033783,0.013036186535755417
13.0,0.023081,0.007685470331550988
10.0,0.030744,0.011516700999471982
14.0,0.033783,0.013036186535755417
14.0,0.032734,0.010098651395113942
15.0,0.027657,0.008829360487994715
14.0,0.034665,0.01058128760782653
13.0,0.034665,0.010581287607826534
12.0,0.044318,0.012994468671389488
15.0,0.026485,0.011139456953192574
12.0,0.034148,0.014970687621113568
15.0,0.039833,0.014916828774229075
14.0,0.026485,0.011139456953192574
13.0,0.034148,0.014970687621113568
12.0,0.034148,0.014970687621113568
13.0,0.033493,0.01289138407302439
12.0,0.044196,0.018242100277228817
11.0,0.038407,0.015347931667392976
8.0,0.04607,0.01917916233531397
15.0,0.026485,0.011139456953192574
14.0,0.034148,0.014970687621113568
14.0,0.033493,0.01289138407302439
14.0,0.044196,0.018242100277228817
16.0,0.018822,0.007308226285271578
14.0,0.02583,0.009060153405103395
15.0,0.026485,0.011139456953192574
13.0,0.036533,0.014410869609307824
14.0,0.026485,0.011139456953192574
12.0,0.034148,0.014970687621113568
11.0,0.036533,0.014410869609307824
15.0,0.027232,0.009410538829069755
12.0,0.03424,0.01116246594890157
15.0,0.037645,0.014616452570543158
14.0,0.037645,0.014616452570543158
10.0,0.049566,0.01882492728474356
15.0,0.02583,0.009060153405103395
13.0,0.033493,0.01289138407302439
14.0,0.03424,0.01116246594890157
12.0,0.044653,0.01636837969037497
14.0,0.035484,0.011473334468666349
11.0,0.043894,0.013575647012464524
15.0,0.026485,0.011139456953192574
13.0,0.033493,0.01289138407302439
13.0,0.034148,0.014970687621113568
10.0,0.044196,0.01824210027722882
15.0,0.036533,0.014410869609307824
12.0,0.044196,0.018242100277228817
13.0,0.048186,0.017824256662043802
16.0,0.037645,0.014616452570543158
13.0,0.044653,0.016368379690374975
16.0,0.007008,0.001751927119831815
14.0,0.014671,0.005583157787752809
15.0,0.015418,0.0038542396636299927
15.0,0.014671,0.00558315778775281
15.0,0.02583,0.009060153405103395
15.0,0.014671,0.00558315778775281
13.0,0.022334,0.009414388455673805
13.0,0.014016,0.00350385423966363
12.0,0.022426,0.0056061667834618086
14.0,0.024718,0.00885457044386806
14.0,0.014671,0.00558315778775281
13.0,0.022334,0.009414388455673805
15.0,0.02583,0.009060153405103395
14.0,0.024718,0.00885457044386806
11.0,0.037752,0.013268628119303799
14.0,0.015418,0.0038542396636299927
14.0,0.023081,0.007685470331550988
12.0,0.022426,0.0056061667834618086
13.0,0.023081,0.007685470331550988
13.0,0.033128,0.01095688298766624
15.0,0.02583,0.009060153405103395
14.0,0.033493,0.01289138407302439
15.0,0.027002,0.006750056939905537
12.0,0.03401,0.008501984059737351
15.0,0.02583,0.009060153405103395
13.0,0.033493,0.01289138407302439
15.0,0.039178,0.012837525226139897
13.0,0.015418,0.0038542396636299927
12.0,0.023081,0.007685470331550987
12.0,0.023828,0.0059565522074281705
13.0,0.023081,0.007685470331550988
12.0,0.03424,0.011162465948901574
13.0,0.023081,0.007685470331550988
11.0,0.030744,0.011516700999471982
12.0,0.022426,0.005606166783461808
9.0,0.030836,0.0077084793272599855
12.0,0.033128,0.010956882987666238
12.0,0.023081,0.007685470331550988
11.0,0.030744,0.011516700999471982
12.0,0.03424,0.01116246594890157
12.0,0.033128,0.010956882987666238
8.0,0.046162,0.015370940663101976
14.0,0.027002,0.006750056939905537
13.0,0.034665,0.01058128760782653
12.0,0.03401,0.008501984059737351
13.0,0.034665,0.01058128760782653
12.0,0.044712,0.01385270026394178
15.0,0.015418,0.0038542396636299927
13.0,0.023081,0.007685470331550987
14.0,0.023081,0.007685470331550988
12.0,0.022426,0.005606166783461808
13.0,0.033128,0.010956882987666238
13.0,0.023828,0.0059565522074281705
11.0,0.030836,0.0077084793272599855
14.0,0.03424,0.011162465948901574
14.0,0.03424,0.01116246594890157
15.0,0.027002,0.006750056939905537
12.0,0.03401,0.008501984059737351
15.0,0.02583,0.009060153405103395
14.0,0.03424,0.011162465948901574
13.0,0.033493,0.01289138407302439
12.0,0.044653,0.01636837969037497
15.0,0.039178,0.012837525226139896
14.0,0.027002,0.006750056939905537
13.0,0.034665,0.010581287607826532
13.0,0.034665,0.01058128760782653
12.0,0.03401,0.008501984059737351
12.0,0.044712,0.01385270026394178
11.0,0.040648,0.010161177295024526
8.0,0.047656,0.011913104414856341
13.0,0.054127,0.01690003797020148
15.0,0.02583,0.009060153405103393
14.0,0.033493,0.012891384073024387
14.0,0.03424,0.011162465948901572
13.0,0.044653,0.01636837969037497
13.0,0.054127,0.016900037970201485
9.0,0.068481,0.02232493189780314
16.0,0.016661,0.00416510818339477
14.0,0.025071,0.0062674207271929475
15.0,0.025071,0.0062674207271929475
13.0,0.036655,0.00916323800346849
14.0,0.025071,0.0062674207271929475
12.0,0.033481,0.008369733270991126
11.0,0.036655,0.00916323800346849
15.0,0.025071,0.0062674207271929475
12.0,0.033481,0.008369733270991126
15.0,0.036655,0.00916323800346849
14.0,0.036655,0.009163238003468492
10.0,0.050301,0.01257435835858748
15.0,0.024324,0.007996338851315765
13.0,0.032734,0.010098651395113942
14.0,0.032734,0.010098651395113942
12.0,0.044318,0.012994468671389484
14.0,0.035484,0.011473334468666349
11.0,0.043894,0.013575647012464527
15.0,0.024324,0.007996338851315765
13.0,0.032734,0.010098651395113942
13.0,0.032734,0.010098651395113942
10.0,0.044318,0.012994468671389488
15.0,0.035484,0.011473334468666349
12.0,0.043894,0.013575647012464527
13.0,0.048831,0.015250706289702851
16.0,0.035484,0.011473334468666349
13.0,0.043894,0.013575647012464527
11.0,0.06378,0.019313219033764442
16.0,0.01771,0.0071026433240362445
15.0,0.025373,0.010933873991957239
15.0,0.02612,0.009204955867834421
15.0,0.025373,0.010933873991957239
15.0,0.036533,0.014410869609307824
14.0,0.025373,0.010933873991957239
12.0,0.033036,0.014765104659878233
14.0,0.024718,0.00885457044386806
12.0,0.033128,0.010956882987666238
12.0,0.03542,0.014205286648072489
15.0,0.025373,0.010933873991957239
14.0,0.033036,0.014765104659878233
14.0,0.036533,0.014410869609307824
14.0,0.03542,0.014205286648072489
11.0,0.048454,0.01861934432350823
15.0,0.02612,0.009204955867834421
14.0,0.033783,0.013036186535755416
13.0,0.033783,0.013036186535755417
13.0,0.033128,0.010956882987666238
11.0,0.04383,0.016307599191870668
15.0,0.037704,0.012100773144109966
12.0,0.044712,0.01385270026394178
15.0,0.036533,0.014410869609307823
12.0,0.044196,0.018242100277228817
15.0,0.04988,0.018188241430344324
16.0,0.036533,0.014410869609307826
15.0,0.044196,0.01824210027722882
14.0,0.043824,0.015643403073244803
13.0,0.051487,0.019474633741165797
12.0,0.052234,0.01774571561704298
13.0,0.062647,0.02295162935851638
15.0,0.007008,0.001751927119831815
14.0,0.015418,0.0038542396636299927
15.0,0.015418,0.0038542396636299927
15.0,0.027002,0.006750056939905537
15.0,0.015418,0.0038542396636299927
12.0,0.023828,0.0059565522074281705
15.0,0.027002,0.006750056939905537
12.0,0.015418,0.0038542396636299927
11.0,0.023828,0.0059565522074281705
14.0,0.027002,0.006750056939905537
14.0,0.027002,0.006750056939905537
11.0,0.040648,0.010161177295024526
14.0,0.014671,0.005583157787752809
13.0,0.023081,0.007685470331550987
11.0,0.023081,0.007685470331550987
13.0,0.034665,0.010581287607826532
15.0,0.02583,0.009060153405103395
12.0,0.03424,0.011162465948901574
15.0,0.014671,0.005583157787752809
13.0,0.023081,0.007685470331550988
14.0,0.023081,0.007685470331550988
14.0,0.034665,0.01058128760782653
15.0,0.02583,0.009060153405103395
13.0,0.03424,0.011162465948901574
14.0,0.02583,0.009060153405103395
12.0,0.03424,0.011162465948901574
14.0,0.039178,0.012837525226139896
13.0,0.054127,0.01690003797020148
14.0,0.014016,0.00350385423966363
11.0,0.022426,0.0056061667834618086
13.0,0.022426,0.0056061667834618086
12.0,0.03401,0.008501984059737351
13.0,0.022426,0.005606166783461808
11.0,0.030836,0.0077084793272599855
12.0,0.03401,0.008501984059737351
11.0,0.022426,0.005606166783461808
8.0,0.030836,0.0077084793272599855
12.0,0.03401,0.008501984059737351
12.0,0.03401,0.008501984059737351
8.0,0.047656,0.011913104414856341
15.0,0.024718,0.00885457044386806
14.0,0.033128,0.010956882987666236
12.0,0.033128,0.010956882987666238
13.0,0.044712,0.01385270026394178
14.0,0.014671,0.005583157787752809
13.0,0.022334,0.009414388455673803
13.0,0.023081,0.007685470331550988
13.0,0.022334,0.009414388455673803
14.0,0.033493,0.01289138407302439
11.0,0.023081,0.007685470331550987
10.0,0.030744,0.011516700999471982
13.0,0.034665,0.01058128760782653
13.0,0.033493,0.01289138407302439
13.0,0.046841,0.016668755894060888
15.0,0.02583,0.009060153405103395
14.0,0.033493,0.01289138407302439
12.0,0.03424,0.01116246594890157
13.0,0.044653,0.01636837969037497
15.0,0.018838,0.00885457044386806
14.0,0.027248,0.010956882987666236
12.0,0.027248,0.010956882987666238
13.0,0.038832,0.013852700263941784
10.0,0.037752,0.013268628119303799
7.0,0.046162,0.015370940663101976
15.0,0.024718,0.00885457044386806
12.0,0.033128,0.010956882987666236
14.0,0.033128,0.010956882987666238
11.0,0.044712,0.013852700263941784
12.0,0.052461,0.01772693389953331
15.0,0.014671,0.00558315778775281
13.0,0.022334,0.009414388455673805
14.0,0.023081,0.007685470331550988
12.0,0.022334,0.009414388455673805
13.0,0.033493,0.01289138407302439
13.0,0.023081,0.007685470331550988
10.0,0.030744,0.011516700999471982
14.0,0.033493,0.01289138407302439
14.0,0.034665,0.010581287607826534
15.0,0.024718,0.00885457044386806
12.0,0.033128,0.010956882987666236
14.0,0.033128,0.010956882987666236
11.0,0.044712,0.013852700263941784
15.0,0.02583,0.009060153405103395
14.0,0.033493,0.01289138407302439
13.0,0.03424,0.011162465948901572
13.0,0.033493,0.01289138407302439
11.0,0.044653,0.01636837969037497
12.0,0.052461,0.01772693389953331
14.0,0.02583,0.009060153405103395
13.0,0.033493,0.01289138407302439
12.0,0.03424,0.011162465948901574
13.0,0.044653,0.01636837969037497
11.0,0.037752,0.013268628119303797
7.0,0.046162,0.015370940663101976
14.0,0.039178,0.012837525226139896
13.0,0.046841,0.01666875589406089
13.0,0.054127,0.016900037970201485
8.0,0.068481,0.02232493189780314
16.0,0.01771,0.0071026433240362445
15.0,0.024718,0.00885457044386806
14.0,0.025373,0.010933873991957239
14.0,0.03542,0.014205286648072489
15.0,0.025373,0.010933873991957239
12.0,0.033036,0.014765104659878233
15.0,0.03542,0.014205286648072489
14.0,0.02612,0.009204955867834421
12.0,0.033128,0.010956882987666236
11.0,0.036533,0.014410869609307824
13.0,0.036533,0.014410869609307824
10.0,0.048454,0.018619344323508223
15.0,0.025373,0.010933873991957239
13.0,0.033036,0.014765104659878233
13.0,0.033783,0.013036186535755416
10.0,0.044196,0.018242100277228817
16.0,0.02954,0.014205286648072489
13.0,0.03795,0.016307599191870668
15.0,0.02612,0.009204955867834421
14.0,0.033128,0.010956882987666236
13.0,0.033783,0.013036186535755416
12.0,0.04383,0.016307599191870668
15.0,0.036533,0.014410869609307824
12.0,0.044196,0.018242100277228817
14.0,0.037704,0.012100773144109966
11.0,0.044712,0.013852700263941782
13.0,0.04988,0.018188241430344324
16.0,0.016661,0.00416510818339477
15.0,0.025071,0.0062674207271929475
14.0,0.025071,0.0062674207271929475
14.0,0.036655,0.009163238003468492
15.0,0.025071,0.0062674207271929475
12.0,0.033481,0.008369733270991126
15.0,0.036655,0.00916323800346849
14.0,0.025071,0.0062674207271929475
12.0,0.033481,0.008369733270991126
11.0,0.036655,0.00916323800346849
13.0,0.036655,0.009163238003468492
10.0,0.050301,0.01257435835858748
15.0,0.024324,0.007996338851315765
13.0,0.032734,0.010098651395113942
13.0,0.032734,0.010098651395113942
10.0,0.044318,0.012994468671389484
16.0,0.035484,0.011473334468666349
13.0,0.043894,0.013575647012464527
15.0,0.024324,0.007996338851315765
14.0,0.032734,0.010098651395113942
13.0,0.032734,0.010098651395113942
12.0,0.044318,0.012994468671389488
15.0,0.035484,0.011473334468666349
12.0,0.043894,0.013575647012464526
14.0,0.035484,0.011473334468666349
11.0,0.043894,0.013575647012464527
13.0,0.048831,0.015250706289702851
11.0,0.06378,0.01931321903376444
16.0,0.029364,0.01051603037677222
15.0,0.037027,0.014347261044693216
15.0,0.037774,0.012618342920570399
15.0,0.037027,0.014347261044693216
15.0,0.048186,0.017824256662043802
14.0,0.037774,0.012618342920570399
13.0,0.045437,0.016449573588491393
13.0,0.049358,0.015514160196845945
13.0,0.048186,0.017824256662043805
12.0,0.061534,0.021601628483080303
16.0,0.01771,0.0071026433240362445
15.0,0.024718,0.00885457044386806
15.0,0.025373,0.010933873991957239
15.0,0.03542,0.014205286648072489
14.0,0.025373,0.010933873991957239
12.0,0.033036,0.014765104659878233
14.0,0.03542,0.014205286648072489
14.0,0.02612,0.009204955867834421
12.0,0.033128,0.010956882987666236
13.0,0.036533,0.014410869609307824
11.0,0.036533,0.014410869609307824
10.0,0.048454,0.018619344323508227
15.0,0.025373,0.010933873991957239
13.0,0.033036,0.014765104659878233
13.0,0.033783,0.013036186535755416
10.0,0.044196,0.01824210027722882
16.0,0.03542,0.014205286648072489
13.0,0.04383,0.016307599191870668
15.0,0.02612,0.009204955867834423
14.0,0.033128,0.010956882987666238
13.0,0.033783,0.013036186535755417
12.0,0.04383,0.016307599191870664
15.0,0.036533,0.014410869609307824
12.0,0.044196,0.018242100277228817
14.0,0.037704,0.012100773144109966
11.0,0.044712,0.01385270026394178
13.0,0.04988,0.018188241430344324
12.0,0.030744,0.011516700999471984
11.0,0.037752,0.013268628119303799
11.0,0.038407,0.015347931667392978
10.0,0.048454,0.01861934432350823
11.0,0.038407,0.01534793166739298
8.0,0.04607,0.019179162335313974
10.0,0.048454,0.01861934432350823
11.0,0.039154,0.013619013543270162
7.0,0.046162,0.015370940663101977
10.0,0.049566,0.018824927284743564
10.0,0.049566,0.018824927284743564
5.0,0.061488,0.023033401998943964
16.0,0.016661,0.00416510818339477
15.0,0.025071,0.0062674207271929475
15.0,0.025071,0.0062674207271929475
15.0,0.036655,0.009163238003468492
14.0,0.025071,0.0062674207271929475
12.0,0.033481,0.008369733270991126
14.0,0.036655,0.00916323800346849
14.0,0.025071,0.0062674207271929475
12.0,0.033481,0.008369733270991126
13.0,0.036655,0.00916323800346849
11.0,0.036655,0.00916323800346849
10.0,0.050301,0.01257435835858748
15.0,0.024324,0.007996338851315765
13.0,0.032734,0.010098651395113942
13.0,0.032734,0.010098651395113942
10.0,0.044318,0.012994468671389484
16.0,0.035484,0.011473334468666349
13.0,0.043894,0.013575647012464527
15.0,0.024324,0.007996338851315765
14.0,0.032734,0.010098651395113942
13.0,0.032734,0.010098651395113942
12.0,0.044318,0.012994468671389484
15.0,0.035484,0.011473334468666349
12.0,0.043894,0.013575647012464527
14.0,0.035484,0.011473334468666349
11.0,0.043894,0.013575647012464527
13.0,0.048831,0.015250706289702851
11.0,0.06378,0.019313219033764435
12.0,0.028032,0.00700770847932726
11.0,0.036442,0.009110021023125438
11.0,0.036442,0.009110021023125438
10.0,0.048026,0.012005838299400981
11.0,0.036442,0.009110021023125438
8.0,0.044852,0.011212333566923617
10.0,0.048026,0.012005838299400981
11.0,0.036442,0.009110021023125438
8.0,0.044852,0.011212333566923617
10.0,0.048026,0.012005838299400981
10.0,0.048026,0.012005838299400981
5.0,0.061672,0.015416958654519971
15.0,0.042233,0.014107601881427545
13.0,0.050643,0.01620991442522572
13.0,0.050643,0.01620991442522572
11.0,0.062227,0.019105731701501268
16.0,0.029364,0.01051603037677222
15.0,0.037027,0.014347261044693214
15.0,0.037774,0.012618342920570399
15.0,0.037027,0.014347261044693214
15.0,0.048186,0.0178242566620438
14.0,0.037774,0.012618342920570399
13.0,0.045437,0.016449573588491393
13.0,0.049358,0.015514160196845945
13.0,0.048186,0.017824256662043802
12.0,0.061534,0.021601628483080303
15.0,0.042233,0.014107601881427543
13.0,0.050643,0.01620991442522572
13.0,0.050643,0.01620991442522572
11.0,0.062227,0.019105731701501268
11.0,0.057846,0.019811453431534294
8.0,0.066256,0.02191376597533247
16.0,0.01771,0.0071026433240362445
15.0,0.025373,0.010933873991957239
15.0,0.02612,0.009204955867834423
15.0,0.036533,0.014410869609307824
15.0,0.024718,0.00885457044386806
12.0,0.033128,0.010956882987666238
14.0,0.03542,0.014205286648072489
15.0,0.025373,0.010933873991957239
14.0,0.033036,0.014765104659878233
16.0,0.036533,0.014410869609307824
15.0,0.02954,0.014205286648072489
11.0,0.048454,0.018619344323508227
15.0,0.02612,0.009204955867834421
14.0,0.033783,0.013036186535755416
14.0,0.033128,0.010956882987666236
13.0,0.04383,0.016307599191870668
16.0,0.037704,0.012100773144109966
13.0,0.044712,0.01385270026394178
15.0,0.025373,0.010933873991957239
14.0,0.033036,0.014765104659878233
14.0,0.033783,0.013036186535755417
14.0,0.044196,0.018242100277228817
16.0,0.03542,0.014205286648072489
13.0,0.04383,0.016307599191870668
16.0,0.036533,0.014410869609307824
15.0,0.044196,0.01824210027722882
13.0,0.063164,0.02307765010373774
15.0,0.042233,0.014107601881427545
13.0,0.050643,0.01620991442522572
13.0,0.050643,0.016209914425225725
11.0,0.062227,0.01910573170150127
12.0,0.057846,0.019811453431534298
9.0,0.066256,0.021913765975332473
11.0,0.074604,0.025293866886348205
15.0,0.007663,0.003831230667920995
14.0,0.015326,0.007662461335841989
14.0,0.016073,0.005933543211719173
14.0,0.015326,0.007662461335841989
15.0,0.026485,0.011139456953192574
14.0,0.015326,0.007662461335841989
12.0,0.022989,0.011493692003762985
14.0,0.014671,0.00558315778775281
12.0,0.023081,0.007685470331550988
15.0,0.025373,0.010933873991957239
13.0,0.015326,0.007662461335841989
12.0,0.022989,0.011493692003762985
14.0,0.026485,0.011139456953192574
14.0,0.025373,0.010933873991957239
11.0,0.038407,0.015347931667392978
14.0,0.016073,0.005933543211719173
13.0,0.023736,0.009764773879640167
13.0,0.023081,0.007685470331550988
12.0,0.023736,0.009764773879640167
13.0,0.033783,0.01303618653575542
15.0,0.026485,0.011139456953192574
14.0,0.034148,0.014970687621113568
15.0,0.027657,0.008829360487994717
13.0,0.034665,0.01058128760782653
15.0,0.026485,0.011139456953192574
13.0,0.034148,0.014970687621113568
14.0,0.039833,0.014916828774229078
14.0,0.014671,0.00558315778775281
13.0,0.023081,0.007685470331550988
13.0,0.022334,0.009414388455673805
12.0,0.022334,0.009414388455673805
13.0,0.033493,0.01289138407302439
11.0,0.023081,0.007685470331550988
10.0,0.030744,0.011516700999471984
13.0,0.034665,0.01058128760782653
13.0,0.033493,0.01289138407302439
12.0,0.046841,0.01666875589406089
15.0,0.025373,0.010933873991957239
14.0,0.033036,0.014765104659878233
14.0,0.015326,0.007662461335841989
13.0,0.022989,0.011493692003762985
13.0,0.023736,0.009764773879640167
13.0,0.022989,0.011493692003762985
14.0,0.034148,0.014970687621113568
13.0,0.022989,0.011493692003762985
11.0,0.030652,0.015324922671683979
13.0,0.022334,0.009414388455673805
11.0,0.030744,0.011516700999471982
14.0,0.033036,0.014765104659878237
12.0,0.022989,0.011493692003762985
11.0,0.030652,0.015324922671683979
12.0,0.034148,0.014970687621113568
12.0,0.033036,0.014765104659878233
10.0,0.04607,0.01917916233531397
15.0,0.026485,0.011139456953192574
14.0,0.034148,0.014970687621113568
14.0,0.033493,0.01289138407302439
14.0,0.034148,0.014970687621113568
14.0,0.044196,0.01824210027722882
15.0,0.019493,0.010933873991957239
14.0,0.027903,0.01303618653575542
14.0,0.027156,0.014765104659878233
14.0,0.027156,0.014765104659878233
14.0,0.038316,0.01824210027722882
10.0,0.038407,0.015347931667392978
9.0,0.04607,0.01917916233531397
15.0,0.025373,0.010933873991957239
13.0,0.033783,0.01303618653575542
13.0,0.033036,0.014765104659878233
10.0,0.044196,0.01824210027722882
13.0,0.053116,0.019806237447622492
15.0,0.024324,0.007996338851315765
13.0,0.032734,0.010098651395113942
13.0,0.032734,0.010098651395113942
10.0,0.044318,0.012994468671389488
13.0,0.051487,0.019474633741165797
14.0,0.037027,0.014347261044693218
12.0,0.045437,0.016449573588491397
9.0,0.067307,0.024488160675152474
16.0,0.018822,0.007308226285271578
15.0,0.026485,0.011139456953192572
14.0,0.027232,0.009410538829069757
15.0,0.026485,0.011139456953192574
14.0,0.037645,0.014616452570543158
14.0,0.026485,0.011139456953192574
12.0,0.034148,0.014970687621113568
15.0,0.02583,0.009060153405103393
12.0,0.03424,0.011162465948901574
14.0,0.036533,0.014410869609307826
14.0,0.026485,0.011139456953192574
12.0,0.034148,0.014970687621113568
11.0,0.037645,0.014616452570543158
14.0,0.036533,0.014410869609307826
10.0,0.049566,0.01882492728474356
15.0,0.02583,0.009060153405103393
13.0,0.03424,0.011162465948901574
13.0,0.033493,0.012891384073024387
13.0,0.033493,0.012891384073024387
10.0,0.044653,0.016368379690374975
16.0,0.036533,0.014410869609307826
14.0,0.044196,0.018242100277228817
15.0,0.036533,0.014410869609307826
12.0,0.044196,0.01824210027722882
15.0,0.035484,0.011473334468666349
12.0,0.043894,0.013575647012464526
14.0,0.048186,0.017824256662043802
16.0,0.03217,0.011085598106308082
15.0,0.039833,0.014916828774229077
15.0,0.039178,0.012837525226139897
14.0,0.039833,0.014916828774229077
14.0,0.04988,0.018188241430344327
14.0,0.039178,0.012837525226139897
12.0,0.046841,0.01666875589406089
13.0,0.04988,0.018188241430344327
13.0,0.048831,0.015250706289702851
10.0,0.061534,0.0216016284830803
16.0,0.01771,0.007102643324036244
15.0,0.025373,0.010933873991957239
15.0,0.02612,0.009204955867834421
14.0,0.025373,0.010933873991957239
14.0,0.036533,0.014410869609307824
15.0,0.025373,0.010933873991957239
12.0,0.033036,0.014765104659878233
14.0,0.024718,0.008854570443868058
12.0,0.033128,0.010956882987666238
14.0,0.03542,0.014205286648072489
14.0,0.025373,0.010933873991957239
12.0,0.033036,0.014765104659878233
14.0,0.036533,0.014410869609307824
11.0,0.03542,0.014205286648072489
10.0,0.048454,0.018619344323508227
15.0,0.02612,0.009204955867834421
13.0,0.033783,0.013036186535755417
13.0,0.033128,0.010956882987666236
13.0,0.033783,0.013036186535755417
10.0,0.04383,0.016307599191870668
16.0,0.036533,0.014410869609307824
14.0,0.044196,0.018242100277228817
15.0,0.037704,0.01210077314410997
12.0,0.044712,0.01385270026394178
15.0,0.036533,0.014410869609307824
12.0,0.044196,0.01824210027722882
14.0,0.04988,0.018188241430344324
16.0,0.029364,0.010516030376772224
15.0,0.037774,0.012618342920570402
15.0,0.037027,0.01434726104469322
14.0,0.037027,0.01434726104469322
14.0,0.048186,0.017824256662043802
14.0,0.037774,0.012618342920570402
12.0,0.045437,0.016449573588491397
13.0,0.049358,0.015514160196845948
13.0,0.048186,0.017824256662043802
10.0,0.061534,0.0216016284830803
12.0,0.030744,0.011516700999471984
11.0,0.038407,0.015347931667392978
11.0,0.039154,0.01361901354327016
11.0,0.038407,0.015347931667392978
11.0,0.049566,0.01882492728474356
11.0,0.038407,0.015347931667392978
8.0,0.04607,0.019179162335313974
11.0,0.037752,0.013268628119303799
8.0,0.046162,0.015370940663101976
11.0,0.048454,0.018619344323508223
11.0,0.038407,0.015347931667392978
10.0,0.04607,0.019179162335313974
10.0,0.049566,0.01882492728474356
10.0,0.048454,0.018619344323508227
7.0,0.061488,0.023033401998943964
10.0,0.059644,0.02065693000723148
9.0,0.067307,0.024488160675152474
16.0,0.018822,0.007308226285271578
15.0,0.026485,0.011139456953192572
15.0,0.027232,0.009410538829069757
15.0,0.037645,0.014616452570543158
15.0,0.02583,0.009060153405103393
12.0,0.03424,0.011162465948901572
16.0,0.036533,0.014410869609307823
15.0,0.026485,0.011139456953192572
14.0,0.034148,0.014970687621113567
14.0,0.037645,0.014616452570543158
15.0,0.030653,0.014410869609307823
11.0,0.049566,0.01882492728474356
15.0,0.026485,0.011139456953192574
14.0,0.033493,0.01289138407302439
14.0,0.034148,0.014970687621113568
14.0,0.038316,0.01824210027722882
15.0,0.02583,0.009060153405103393
14.0,0.03424,0.011162465948901572
14.0,0.033493,0.012891384073024387
13.0,0.044653,0.01636837969037497
16.0,0.036533,0.014410869609307826
15.0,0.044196,0.018242100277228817
16.0,0.037645,0.014616452570543158
13.0,0.044653,0.016368379690374975
16.0,0.035484,0.011473334468666349
13.0,0.043894,0.013575647012464527
13.0,0.062647,0.02295162935851638
15.0,0.047119,0.01514811085036967
13.0,0.054127,0.016900037970201485
13.0,0.054127,0.016900037970201485
11.0,0.06378,0.019313219033764442
12.0,0.061473,0.020573004777971325
9.0,0.068481,0.02232493189780314
11.0,0.076573,0.02570968687442215
16.0,0.01771,0.007102643324036244
15.0,0.025373,0.010933873991957239
15.0,0.02612,0.009204955867834421
16.0,0.036533,0.014410869609307824
15.0,0.024718,0.008854570443868058
12.0,0.033128,0.010956882987666236
15.0,0.03542,0.014205286648072489
15.0,0.025373,0.010933873991957239
14.0,0.033036,0.014765104659878233
15.0,0.036533,0.014410869609307821
14.0,0.02954,0.014205286648072489
11.0,0.048454,0.018619344323508227
15.0,0.02612,0.009204955867834421
14.0,0.033128,0.010956882987666236
14.0,0.033783,0.013036186535755416
13.0,0.03795,0.016307599191870664
15.0,0.025373,0.010933873991957239
14.0,0.033783,0.013036186535755417
14.0,0.033036,0.014765104659878233
14.0,0.044196,0.01824210027722882
16.0,0.036533,0.014410869609307824
15.0,0.044196,0.018242100277228817
16.0,0.037704,0.012100773144109966
13.0,0.044712,0.01385270026394178
16.0,0.03542,0.014205286648072489
13.0,0.04383,0.016307599191870668
13.0,0.063164,0.02307765010373774
15.0,0.042233,0.014107601881427545
13.0,0.050643,0.01620991442522572
13.0,0.050643,0.01620991442522572
11.0,0.062227,0.01910573170150127
12.0,0.057846,0.019811453431534298
9.0,0.066256,0.021913765975332473
11.0,0.074604,0.0252938668863482
11.0,0.030744,0.011516700999471984
10.0,0.038407,0.015347931667392978
10.0,0.039154,0.013619013543270162
11.0,0.049566,0.01882492728474356
10.0,0.037752,0.013268628119303799
7.0,0.046162,0.015370940663101977
11.0,0.048454,0.018619344323508227
10.0,0.038407,0.015347931667392978
9.0,0.04607,0.019179162335313974
11.0,0.049566,0.01882492728474356
11.0,0.042574,0.01861934432350823
6.0,0.061488,0.023033401998943964
14.0,0.045453,0.015975006779701498
12.0,0.052461,0.017726933899533316
12.0,0.053116,0.019806237447622495
12.0,0.057283,0.023077650103737742
14.0,0.043824,0.015643403073244806
12.0,0.052234,0.01774571561704298
12.0,0.051487,0.019474633741165797
12.0,0.062647,0.02295162935851638
10.0,0.059644,0.02065693000723148
9.0,0.067307,0.024488160675152474
14.0,0.045453,0.015975006779701498
12.0,0.053116,0.019806237447622492
12.0,0.052461,0.017726933899533316
12.0,0.063164,0.023077650103737742
10.0,0.061473,0.020573004777971325
7.0,0.068481,0.02232493189780314
11.0,0.076573,0.02570968687442215
14.0,0.043824,0.015643403073244806
12.0,0.051487,0.0194746337411658
12.0,0.052234,0.01774571561704298
12.0,0.062647,0.022951629358516384
10.0,0.057846,0.019811453431534298
7.0,0.066256,0.021913765975332473
11.0,0.074604,0.025293866886348205
10.0,0.059644,0.02065693000723148
9.0,0.067307,0.024488160675152474
11.0,0.076573,0.025709686874422155
11.0,0.074604,0.025293866886348205
4.0,0.092324,0.03074188132620395
16.0,0.070461,0.020622165927236973
13.0,0.077469,0.022374093047068784
15.0,0.077469,0.022374093047068784
14.0,0.087122,0.024787274110631738
15.0,0.077469,0.022374093047068784
12.0,0.084477,0.024126020166900596
14.0,0.087122,0.024787274110631738
15.0,0.077469,0.022374093047068784
12.0,0.084477,0.024126020166900596
15.0,0.087122,0.024787274110631738
15.0,0.087122,0.024787274110631738
11.0,0.098493,0.027629874406564232
16.0,0.078124,0.024453396595157967
14.0,0.085132,0.02620532371498978
15.0,0.085132,0.02620532371498978
14.0,0.094785,0.028618504778552732
15.0,0.088171,0.027724809251273214
13.0,0.095179,0.029476736371105025
15.0,0.078124,0.024453396595157967
12.0,0.085132,0.02620532371498978
14.0,0.085132,0.02620532371498978
13.0,0.094785,0.028618504778552732
15.0,0.088171,0.027724809251273214
13.0,0.095179,0.029476736371105025
14.0,0.099825,0.031138196304009193
16.0,0.088171,0.027724809251273214
13.0,0.095179,0.029476736371105025
13.0,0.112694,0.03472976780866452
16.0,0.078124,0.024453396595157967
13.0,0.085787,0.02828462726307896
14.0,0.085132,0.02620532371498978
14.0,0.085787,0.02828462726307896
14.0,0.095834,0.03155603991919421
15.0,0.085132,0.02620532371498978
12.0,0.092795,0.030036554382910773
14.0,0.094785,0.028618504778552732
15.0,0.095834,0.03155603991919421
15.0,0.088171,0.027724809251273214
14.0,0.095834,0.03155603991919421
13.0,0.095179,0.029476736371105025
13.0,0.105881,0.034827452575309455
15.0,0.078871,0.022724478471035148
12.0,0.085879,0.02447640559086696
14.0,0.085879,0.02447640559086696
12.0,0.095532,0.02688958665442992
14.0,0.085879,0.02447640559086696
11.0,0.092887,0.026228332710698778
12.0,0.095532,0.02688958665442992
12.0,0.085879,0.02447640559086696
9.0,0.092887,0.026228332710698778
13.0,0.095532,0.02688958665442992
13.0,0.095532,0.026889586654429913
8.0,0.106903,0.029732186950362408
16.0,0.089283,0.02793039221250855
14.0,0.096291,0.029682319332340362
14.0,0.096291,0.029682319332340362
11.0,0.105944,0.032095500395903316
16.0,0.089283,0.02793039221250855
14.0,0.096291,0.029682319332340362
14.0,0.096291,0.029682319332340362
11.0,0.105944,0.032095500395903316
12.0,0.101205,0.032138866926708955
9.0,0.108213,0.03389079404654077
16.0,0.089283,0.027930392212508544
13.0,0.096291,0.029682319332340362
15.0,0.096291,0.029682319332340362
13.0,0.105944,0.03209550039590332
15.0,0.078124,0.024453396595157967
14.0,0.085787,0.02828462726307896
14.0,0.085132,0.02620532371498978
13.0,0.085787,0.02828462726307896
14.0,0.095834,0.03155603991919421
12.0,0.085132,0.02620532371498978
11.0,0.092795,0.030036554382910773
14.0,0.095834,0.03155603991919421
13.0,0.094785,0.028618504778552732
12.0,0.107488,0.03496942697193018
15.0,0.088171,0.027724809251273214
14.0,0.095834,0.03155603991919421
13.0,0.095179,0.029476736371105025
14.0,0.095834,0.03155603991919421
10.0,0.105881,0.034827452575309455
14.0,0.099825,0.031138196304009193
12.0,0.107488,0.03496942697193019
16.0,0.089283,0.027930392212508544
13.0,0.096291,0.029682319332340362
15.0,0.096291,0.029682319332340362
13.0,0.105944,0.03209550039590332
16.0,0.088171,0.027724809251273214
13.0,0.095179,0.029476736371105025
15.0,0.095834,0.03155603991919421
13.0,0.105881,0.034827452575309455
13.0,0.112694,0.03472976780866452
11.0,0.101205,0.032138866926708955
8.0,0.108213,0.033890794046540766
13.0,0.114285,0.03626556900048177
13.0,0.114285,0.03626556900048177
7.0,0.128307,0.04043361935877127
12.0,0.131169,0.051693397612567846
11.0,0.138832,0.05552462828048885
11.0,0.139579,0.05379571015636603
12.0,0.149992,0.05900162389783943
11.0,0.138177,0.053445324732399664
8.0,0.146587,0.05554763727619784
12.0,0.14888,0.058796040936604094
11.0,0.138832,0.05552462828048885
10.0,0.146495,0.05935585894840984
12.0,0.149992,0.05900162389783943
12.0,0.14888,0.058796040936604094
7.0,0.161913,0.06321009861203983
15.0,0.105765,0.03093349821434349
13.0,0.112773,0.0326854253341753
13.0,0.112773,0.0326854253341753
12.0,0.122426,0.03509860639773826
14.0,0.112773,0.03268542533417531
11.0,0.119781,0.03443735245400712
13.0,0.122426,0.03509860639773826
14.0,0.112773,0.03268542533417531
11.0,0.119781,0.03443735245400712
13.0,0.122426,0.03509860639773826
14.0,0.122426,0.03509860639773826
9.0,0.133797,0.03794120669367075
15.0,0.113428,0.034764728882264485
12.0,0.120436,0.0365166560020963
14.0,0.120436,0.036516656002096304
12.0,0.130089,0.03892983706565926
14.0,0.123475,0.03803614153837973
12.0,0.130483,0.039788068658211544
14.0,0.113428,0.034764728882264485
12.0,0.120436,0.036516656002096304
12.0,0.120436,0.0365166560020963
11.0,0.130089,0.03892983706565926
15.0,0.123475,0.03803614153837973
12.0,0.130483,0.039788068658211544
14.0,0.135129,0.04144952859111571
16.0,0.123475,0.03803614153837973
13.0,0.130483,0.039788068658211544
10.0,0.147998,0.04504110009577104
15.0,0.100798,0.03702941079821066
13.0,0.107806,0.038781337918042474
13.0,0.108461,0.040860641466131664
12.0,0.118508,0.044132054122246904
14.0,0.108461,0.04086064146613166
11.0,0.116124,0.04469187213405266
13.0,0.118508,0.044132054122246904
14.0,0.109208,0.03913172334200884
11.0,0.116216,0.04088365046184065
13.0,0.119621,0.044337637083482234
14.0,0.119621,0.04433763708348224
9.0,0.131542,0.048546111797682645
15.0,0.107806,0.038781337918042474
12.0,0.115469,0.042612568585963476
14.0,0.116216,0.04088365046184065
12.0,0.126629,0.046089564203314046
14.0,0.117459,0.041194518981605435
12.0,0.125869,0.04329683152540361
14.0,0.108461,0.04086064146613166
12.0,0.115469,0.04261256858596347
12.0,0.116124,0.04469187213405266
11.0,0.126171,0.04796328479016789
15.0,0.118508,0.044132054122246904
12.0,0.126171,0.0479632847901679
14.0,0.130162,0.04754544117498288
16.0,0.119621,0.04433763708348224
13.0,0.126629,0.04608956420331405
15.0,0.131169,0.05169339761256785
14.0,0.138832,0.055524628280488854
14.0,0.139579,0.05379571015636603
14.0,0.138832,0.055524628280488854
14.0,0.149992,0.059001623897839424
14.0,0.138832,0.05552462828048885
11.0,0.146495,0.05935585894840985
14.0,0.138177,0.053445324732399664
11.0,0.146587,0.055547637276197846
14.0,0.14888,0.0587960409366041
14.0,0.138832,0.05552462828048885
13.0,0.146495,0.05935585894840985
14.0,0.149992,0.05900162389783943
13.0,0.14888,0.058796040936604094
10.0,0.161913,0.06321009861203984
15.0,0.105765,0.03093349821434349
13.0,0.112773,0.0326854253341753
14.0,0.112773,0.0326854253341753
13.0,0.122426,0.03509860639773826
13.0,0.112773,0.03268542533417531
11.0,0.119781,0.03443735245400712
12.0,0.122426,0.03509860639773826
14.0,0.112773,0.0326854253341753
11.0,0.119781,0.03443735245400712
14.0,0.122426,0.03509860639773826
13.0,0.122426,0.03509860639773826
9.0,0.133797,0.03794120669367075
15.0,0.113428,0.034764728882264485
12.0,0.120436,0.036516656002096304
14.0,0.120436,0.0365166560020963
12.0,0.130089,0.03892983706565926
14.0,0.123475,0.03803614153837973
12.0,0.130483,0.039788068658211544
14.0,0.113428,0.034764728882264485
12.0,0.120436,0.036516656002096304
12.0,0.120436,0.036516656002096304
11.0,0.130089,0.03892983706565926
15.0,0.123475,0.03803614153837974
12.0,0.130483,0.039788068658211544
14.0,0.135129,0.041449528591115704
16.0,0.123475,0.03803614153837974
13.0,0.130483,0.039788068658211544
10.0,0.147998,0.04504110009577104
15.0,0.105765,0.03093349821434349
14.0,0.112773,0.0326854253341753
13.0,0.112773,0.0326854253341753
13.0,0.122426,0.03509860639773826
14.0,0.112773,0.0326854253341753
11.0,0.119781,0.034437352454007114
14.0,0.122426,0.03509860639773826
13.0,0.112773,0.0326854253341753
11.0,0.119781,0.034437352454007114
12.0,0.122426,0.03509860639773826
13.0,0.122426,0.03509860639773826
9.0,0.133797,0.03794120669367075
14.0,0.113428,0.034764728882264485
12.0,0.120436,0.0365166560020963
12.0,0.120436,0.0365166560020963
11.0,0.130089,0.03892983706565926
16.0,0.117595,0.03803614153837973
13.0,0.124603,0.039788068658211544
15.0,0.113428,0.034764728882264485
14.0,0.120436,0.0365166560020963
12.0,0.120436,0.0365166560020963
12.0,0.130089,0.03892983706565926
15.0,0.123475,0.03803614153837973
12.0,0.130483,0.039788068658211544
14.0,0.123475,0.03803614153837973
12.0,0.130483,0.039788068658211544
14.0,0.135129,0.041449528591115704
10.0,0.147998,0.04504110009577103
15.0,0.105765,0.03093349821434349
14.0,0.112773,0.0326854253341753
14.0,0.112773,0.0326854253341753
14.0,0.122426,0.03509860639773826
13.0,0.112773,0.0326854253341753
11.0,0.119781,0.034437352454007114
13.0,0.122426,0.03509860639773826
13.0,0.112773,0.0326854253341753
11.0,0.119781,0.034437352454007114
13.0,0.122426,0.03509860639773826
12.0,0.122426,0.03509860639773826
9.0,0.133797,0.03794120669367075
14.0,0.113428,0.03476472888226449
12.0,0.120436,0.036516656002096304
12.0,0.120436,0.036516656002096304
11.0,0.130089,0.038929837065659265
16.0,0.123475,0.03803614153837974
13.0,0.130483,0.03978806865821155
15.0,0.113428,0.034764728882264485
14.0,0.120436,0.0365166560020963
12.0,0.120436,0.0365166560020963
12.0,0.130089,0.03892983706565926
15.0,0.123475,0.03803614153837974
12.0,0.130483,0.03978806865821155
14.0,0.123475,0.03803614153837974
12.0,0.130483,0.03978806865821155
14.0,0.135129,0.04144952859111571
10.0,0.147998,0.04504110009577104
13.0,0.141118,0.04124512415276797
11.0,0.148126,0.042997051272599784
12.0,0.148126,0.042997051272599784
11.0,0.157779,0.045410232336162745
12.0,0.148126,0.042997051272599784
9.0,0.155134,0.044748978392431596
11.0,0.157779,0.045410232336162745
11.0,0.148126,0.042997051272599784
8.0,0.155134,0.044748978392431596
11.0,0.157779,0.045410232336162745
11.0,0.157779,0.04541023233616274
6.0,0.16915,0.04825283263209523
15.0,0.171536,0.05767316968163467
13.0,0.178544,0.05942509680146648
13.0,0.178544,0.05942509680146648
11.0,0.188198,0.06183827786502944
13.0,0.131169,0.05169339761256785
12.0,0.139579,0.053795710156366035
12.0,0.138832,0.055524628280488854
11.0,0.149992,0.05900162389783944
12.0,0.138832,0.055524628280488854
9.0,0.146495,0.05935585894840984
11.0,0.149992,0.05900162389783944
12.0,0.138177,0.05344532473239967
8.0,0.146587,0.05554763727619785
11.0,0.14888,0.0587960409366041
11.0,0.14888,0.0587960409366041
6.0,0.161913,0.06321009861203984
15.0,0.171536,0.05767316968163467
13.0,0.178544,0.05942509680146648
13.0,0.178544,0.05942509680146648
11.0,0.188198,0.06183827786502944
11.0,0.201988,0.07235794895722504
8.0,0.208996,0.07410987607705687
15.0,0.171536,0.05767316968163467
13.0,0.178544,0.05942509680146648
13.0,0.178544,0.05942509680146648
11.0,0.188198,0.06183827786502944
12.0,0.201988,0.07235794895722505
9.0,0.208996,0.07410987607705685
10.0,0.232473,0.08639013062470022
15.0,0.100798,0.03702941079821066
13.0,0.107806,0.038781337918042474
14.0,0.108461,0.040860641466131664
13.0,0.118508,0.044132054122246904
13.0,0.108461,0.04086064146613166
11.0,0.116124,0.04469187213405266
12.0,0.118508,0.044132054122246904
14.0,0.109208,0.03913172334200884
11.0,0.116216,0.04088365046184065
14.0,0.119621,0.04433763708348223
13.0,0.119621,0.044337637083482234
9.0,0.131542,0.048546111797682645
15.0,0.107806,0.038781337918042474
12.0,0.115469,0.04261256858596347
14.0,0.116216,0.04088365046184065
12.0,0.126629,0.04608956420331405
14.0,0.117459,0.041194518981605435
12.0,0.125869,0.04329683152540361
14.0,0.108461,0.04086064146613166
12.0,0.115469,0.04261256858596347
12.0,0.116124,0.04469187213405265
11.0,0.126171,0.0479632847901679
15.0,0.118508,0.044132054122246904
12.0,0.126171,0.0479632847901679
14.0,0.130162,0.04754544117498288
16.0,0.119621,0.044337637083482234
13.0,0.126629,0.046089564203314046
15.0,0.095833,0.04136145526579356
14.0,0.102841,0.04311338238562537
13.0,0.103495,0.04519268593371456
13.0,0.113543,0.0484640985898298
14.0,0.103495,0.04519268593371456
11.0,0.111158,0.04902391660163556
14.0,0.113543,0.04846409858982981
13.0,0.104243,0.04346376780959174
11.0,0.111251,0.04521569492942355
12.0,0.114655,0.04866968155106514
13.0,0.114655,0.04866968155106514
9.0,0.126576,0.052878156265265555
14.0,0.103495,0.04519268593371456
12.0,0.111158,0.04902391660163556
12.0,0.111905,0.04729499847751274
11.0,0.122318,0.05250091221898614
16.0,0.107663,0.04846409858982981
13.0,0.116073,0.05056641113362799
15.0,0.104243,0.04346376780959174
14.0,0.111251,0.04521569492942355
12.0,0.111905,0.04729499847751274
12.0,0.121953,0.05056641113362798
15.0,0.114655,0.04866968155106514
12.0,0.122318,0.05250091221898614
14.0,0.115827,0.04635958508586728
12.0,0.122835,0.04811151220569909
14.0,0.128002,0.05244705337210165
15.0,0.095833,0.04136145526579356
14.0,0.102841,0.04311338238562537
14.0,0.103495,0.04519268593371456
14.0,0.113543,0.0484640985898298
13.0,0.103495,0.04519268593371456
11.0,0.111158,0.04902391660163556
13.0,0.113543,0.04846409858982981
13.0,0.104243,0.04346376780959174
11.0,0.111251,0.04521569492942355
13.0,0.114655,0.04866968155106514
12.0,0.114655,0.04866968155106514
9.0,0.126576,0.052878156265265555
14.0,0.103495,0.04519268593371456
12.0,0.111158,0.04902391660163556
12.0,0.111905,0.04729499847751274
11.0,0.122318,0.05250091221898614
16.0,0.113543,0.04846409858982981
13.0,0.121953,0.05056641113362799
15.0,0.104243,0.04346376780959174
14.0,0.111251,0.04521569492942355
12.0,0.111905,0.04729499847751274
12.0,0.121953,0.05056641113362798
15.0,0.114655,0.04866968155106513
12.0,0.122318,0.05250091221898613
14.0,0.115827,0.04635958508586728
12.0,0.122835,0.04811151220569909
14.0,0.128002,0.05244705337210165
13.0,0.131169,0.05169339761256779
12.0,0.138177,0.0534453247323996
12.0,0.138832,0.05552462828048879
11.0,0.14888,0.058796040936604024
12.0,0.138832,0.05552462828048879
9.0,0.146495,0.059355858948409786
11.0,0.14888,0.058796040936604024
12.0,0.139579,0.05379571015636596
8.0,0.146587,0.05554763727619777
11.0,0.149992,0.059001623897839355
11.0,0.149992,0.059001623897839355
6.0,0.161913,0.06321009861203977
13.0,0.121226,0.05859005076130341
12.0,0.129636,0.06069236330510159
12.0,0.129636,0.06069236330510158
11.0,0.14122,0.06358818058137712
12.0,0.129636,0.06069236330510159
9.0,0.138046,0.06279467584889976
11.0,0.14122,0.06358818058137712
12.0,0.129636,0.06069236330510158
9.0,0.138046,0.06279467584889976
11.0,0.14122,0.06358818058137714
11.0,0.14122,0.06358818058137712
6.0,0.154866,0.06699930093649611
15.0,0.131169,0.05169339761256785
14.0,0.138832,0.055524628280488854
14.0,0.139579,0.05379571015636603
14.0,0.138832,0.055524628280488854
14.0,0.149992,0.059001623897839424
14.0,0.138832,0.05552462828048885
11.0,0.146495,0.05935585894840985
14.0,0.138177,0.053445324732399664
11.0,0.146587,0.05554763727619784
14.0,0.14888,0.0587960409366041
14.0,0.138832,0.05552462828048885
13.0,0.146495,0.05935585894840985
14.0,0.149992,0.05900162389783943
13.0,0.14888,0.058796040936604094
10.0,0.161913,0.06321009861203984
15.0,0.171536,0.05767316968163467
13.0,0.178544,0.05942509680146648
13.0,0.178544,0.05942509680146648
11.0,0.188198,0.06183827786502944
12.0,0.201988,0.07235794895722505
9.0,0.208996,0.07410987607705687
10.0,0.232473,0.08639013062470022
12.0,0.131169,0.05169339761256778
11.0,0.138832,0.055524628280488784
11.0,0.139579,0.053795710156365965
12.0,0.149992,0.059001623897839355
11.0,0.138177,0.053445324732399595
8.0,0.146587,0.05554763727619778
12.0,0.14888,0.05879604093660403
11.0,0.138832,0.055524628280488784
10.0,0.146495,0.059355858948409786
12.0,0.149992,0.059001623897839355
12.0,0.142999,0.05879604093660403
7.0,0.161913,0.06321009861203979
12.0,0.201988,0.07235794895722499
9.0,0.208996,0.07410987607705681
11.0,0.232473,0.08639013062470022
11.0,0.232473,0.08639013062470022
5.0,0.262991,0.10000154424698685
16.0,0.059469,0.01737520436932035
13.0,0.067879,0.01947751691311853
15.0,0.067879,0.019477516913118526
14.0,0.079464,0.022373334189394075
15.0,0.067879,0.01947751691311853
12.0,0.076289,0.021579829456916708
14.0,0.079464,0.022373334189394075
15.0,0.067879,0.01947751691311853
12.0,0.076289,0.021579829456916708
15.0,0.079464,0.022373334189394075
15.0,0.079464,0.022373334189394075
11.0,0.093109,0.025784454544513065
16.0,0.067132,0.021206435037241345
14.0,0.075542,0.023308747581039527
15.0,0.075542,0.023308747581039523
14.0,0.087127,0.02620456485731507
15.0,0.078292,0.02468343065459193
13.0,0.086702,0.026785743198390107
15.0,0.067132,0.021206435037241345
12.0,0.075542,0.02330874758103952
14.0,0.075542,0.023308747581039523
13.0,0.087127,0.02620456485731507
15.0,0.078292,0.02468343065459193
13.0,0.086702,0.026785743198390104
14.0,0.091639,0.02846080247562843
16.0,0.078292,0.02468343065459193
13.0,0.086702,0.026785743198390104
13.0,0.106588,0.03252331521969002
16.0,0.067132,0.021206435037241345
14.0,0.075542,0.023308747581039523
13.0,0.074795,0.02503766570516234
15.0,0.074795,0.02503766570516234
14.0,0.085955,0.028514661322512923
15.0,0.075542,0.023308747581039523
12.0,0.083205,0.027139978248960517
14.0,0.087127,0.02620456485731507
16.0,0.085955,0.028514661322512926
15.0,0.078292,0.02468343065459193
14.0,0.085955,0.028514661322512923
13.0,0.086702,0.026785743198390107
14.0,0.097114,0.03199165693986351
15.0,0.066477,0.019127131489152165
12.0,0.074887,0.021229444032950344
14.0,0.074887,0.02122944403295034
12.0,0.086472,0.02412526130922589
14.0,0.074887,0.021229444032950344
11.0,0.083297,0.02333175657674852
12.0,0.086472,0.02412526130922589
12.0,0.074887,0.021229444032950344
9.0,0.083297,0.02333175657674852
13.0,0.086472,0.02412526130922589
13.0,0.086472,0.02412526130922589
8.0,0.100117,0.02753638166434488
16.0,0.07718,0.02447784769335659
14.0,0.08559,0.026580160237154767
14.0,0.08559,0.02658016023715477
11.0,0.097174,0.029475977513430316
16.0,0.07718,0.02447784769335659
14.0,0.08559,0.02658016023715477
14.0,0.08559,0.02658016023715477
11.0,0.097174,0.029475977513430316
12.0,0.090213,0.028891905368792332
9.0,0.098623,0.03099421791259051
16.0,0.07718,0.024477847693356595
13.0,0.08559,0.02658016023715477
15.0,0.08559,0.02658016023715477
13.0,0.097174,0.02947597751343032
15.0,0.067132,0.021206435037241345
14.0,0.075542,0.023308747581039523
15.0,0.074795,0.02503766570516234
13.0,0.074795,0.02503766570516234
14.0,0.085955,0.028514661322512926
12.0,0.075542,0.02330874758103952
11.0,0.083205,0.027139978248960514
13.0,0.087127,0.02620456485731507
14.0,0.085955,0.028514661322512923
13.0,0.099302,0.03229203314354943
15.0,0.078292,0.02468343065459193
13.0,0.086702,0.026785743198390107
14.0,0.085955,0.028514661322512923
14.0,0.085955,0.028514661322512923
11.0,0.097114,0.03199165693986351
14.0,0.091639,0.02846080247562843
13.0,0.099302,0.03229203314354943
16.0,0.078292,0.02468343065459193
13.0,0.086702,0.026785743198390104
16.0,0.085955,0.028514661322512926
14.0,0.097114,0.03199165693986351
13.0,0.106588,0.03252331521969002
16.0,0.07718,0.024477847693356595
13.0,0.08559,0.02658016023715477
15.0,0.08559,0.02658016023715477
13.0,0.097174,0.02947597751343032
11.0,0.090213,0.028891905368792332
8.0,0.098623,0.030994217912590508
13.0,0.104923,0.03335021114902185
13.0,0.104923,0.033350211149021855
8.0,0.120942,0.03794820914729168
13.0,0.12993,0.037997370296557316
12.0,0.137593,0.04182860096447831
12.0,0.13834,0.0400996828403555
13.0,0.148753,0.045305596581828894
12.0,0.136938,0.039749297416389134
9.0,0.145348,0.04185160996018731
13.0,0.14764,0.045100013620593564
12.0,0.137593,0.04182860096447831
11.0,0.145256,0.045659831632399304
13.0,0.148753,0.045305596581828894
13.0,0.14764,0.045100013620593564
8.0,0.160674,0.0495140712960293
13.0,0.165234,0.048308702583663835
11.0,0.172242,0.05006062970349565
12.0,0.172897,0.052139933251584836
13.0,0.182945,0.05541134590770008
14.0,0.160267,0.054404615167531006
12.0,0.168677,0.05650692771132919
13.0,0.16793,0.05823584583545201
14.0,0.17909,0.061712841452802585
13.0,0.165234,0.048308702583663835
12.0,0.172897,0.052139933251584836
11.0,0.172242,0.05006062970349565
13.0,0.182945,0.05541134590770008
14.0,0.165234,0.04830870258366384
14.0,0.172897,0.052139933251584836
12.0,0.172242,0.05006062970349565
13.0,0.182945,0.05541134590770009
14.0,0.165234,0.04830870258366384
14.0,0.172897,0.052139933251584836
12.0,0.172242,0.05006062970349565
13.0,0.182945,0.05541134590770009
11.0,0.200587,0.058620328522088316
8.0,0.207595,0.060372255641920135
13.0,0.231006,0.07504837405095502
14.0,0.160267,0.054404615167531006
13.0,0.16793,0.05823584583545201
12.0,0.168677,0.05650692771132919
14.0,0.17909,0.061712841452802585
15.0,0.155302,0.05873665963511391
14.0,0.163712,0.06083897217891209
13.0,0.163712,0.06083897217891209
13.0,0.175296,0.06373478945518762
15.0,0.155302,0.05873665963511391
14.0,0.163712,0.06083897217891209
13.0,0.163712,0.06083897217891209
13.0,0.175296,0.06373478945518764
12.0,0.190639,0.06906860198188813
9.0,0.199049,0.0711709145256863
13.0,0.231006,0.07504837405095502
12.0,0.190639,0.06906860198188813
9.0,0.199049,0.0711709145256863
9.0,0.261458,0.08973315332654534
12.0,0.128824,0.05290832178983512
11.0,0.136487,0.056739552457756116
11.0,0.137234,0.0550106343336333
12.0,0.147646,0.06021654807510671
11.0,0.135832,0.05466024890966694
8.0,0.144242,0.056762561453465116
12.0,0.146534,0.06001096511387137
11.0,0.136487,0.056739552457756116
10.0,0.14415,0.06057078312567712
12.0,0.147646,0.06021654807510671
12.0,0.146534,0.06001096511387137
7.0,0.159568,0.0644250227893071
8.0,0.259993,0.10460171940240288
16.0,0.967165,0.48358179890118286
15.0,0.975575,0.4856841114449811
16.0,0.975575,0.485684111444981
16.0,0.987159,0.48857992872125655
16.0,0.975575,0.485684111444981
13.0,0.983985,0.48778642398877925
16.0,0.987159,0.48857992872125655
15.0,0.975575,0.485684111444981
14.0,0.983985,0.48778642398877925
16.0,0.987159,0.4885799287212566
16.0,0.987159,0.4885799287212566
12.0,1.000805,0.4919910490763756
15.0,0.974827,0.4874130295691039
14.0,0.983237,0.48951534211290204
14.0,0.983237,0.48951534211290204
15.0,0.994822,0.4924111593891776
16.0,0.985987,0.49089002518645447
15.0,0.994397,0.49299233773025264
15.0,0.974827,0.4874130295691039
14.0,0.983237,0.4895153421129021
15.0,0.983237,0.48951534211290204
15.0,0.994822,0.49241115938917757
16.0,0.985987,0.4908900251864544
14.0,0.994397,0.49299233773025264
16.0,0.985987,0.4908900251864544
15.0,0.994397,0.49299233773025264
16.0,0.999334,0.4946673970074909
14.0,1.014283,0.4987299097515525
15.0,0.974173,0.4853337260210147
12.0,0.982583,0.48743603856481293
14.0,0.982583,0.4874360385648129
14.0,0.994167,0.4903318558410884
14.0,0.982583,0.4874360385648129
12.0,0.990993,0.4895383511086111
14.0,0.994167,0.4903318558410884
14.0,0.982583,0.4874360385648129
11.0,0.990993,0.4895383511086111
15.0,0.994167,0.49033185584108846
15.0,0.994167,0.49033185584108846
11.0,1.007813,0.49374297619620744
16.0,0.984875,0.4906844422252192
15.0,0.993285,0.49278675476901734
15.0,0.993285,0.49278675476901734
16.0,1.004869,0.4956825720452929
15.0,0.974827,0.4874130295691039
13.0,0.98249,0.4912442602370249
14.0,0.983237,0.48951534211290204
14.0,0.98249,0.4912442602370249
14.0,0.99365,0.49472125585437543
14.0,0.983237,0.48951534211290204
12.0,0.9909,0.49334657278082306
15.0,0.994822,0.4924111593891776
15.0,0.99365,0.49472125585437543
14.0,1.006997,0.4984986276754119
16.0,0.985987,0.49089002518645447
15.0,0.99365,0.4947212558543755
15.0,0.994397,0.49299233773025264
16.0,1.004809,0.49819825147172603
16.0,0.978995,0.4906844422252192
15.0,0.987405,0.49278675476901734
15.0,0.987405,0.49278675476901734
16.0,0.998989,0.4956825720452929
11.0,0.997908,0.49509849990065485
10.0,1.006318,0.497200812444453
16.0,0.984875,0.4906844422252191
14.0,0.993285,0.49278675476901734
15.0,0.993285,0.49278675476901734
14.0,1.004869,0.49568257204529287
14.0,1.012618,0.49955680568088434
15.0,0.974827,0.4874130295691039
14.0,0.98249,0.4912442602370249
15.0,0.983237,0.48951534211290204
13.0,0.98249,0.49124426023702483
14.0,0.99365,0.49472125585437543
14.0,0.983237,0.4895153421129021
12.0,0.9909,0.49334657278082306
15.0,0.99365,0.4947212558543755
15.0,0.994822,0.49241115938917757
16.0,0.984875,0.4906844422252191
14.0,0.993285,0.49278675476901734
15.0,0.993285,0.49278675476901734
14.0,1.004869,0.49568257204529287
16.0,0.985987,0.4908900251864544
14.0,0.99365,0.49472125585437543
14.0,0.994397,0.49299233773025264
14.0,0.99365,0.49472125585437543
11.0,1.004809,0.49819825147172603
14.0,1.012618,0.49955680568088434
16.0,0.985987,0.4908900251864544
15.0,0.99365,0.49472125585437543
15.0,0.994397,0.49299233773025264
16.0,1.004809,0.49819825147172603
12.0,0.997908,0.4950984999006549
11.0,1.006318,0.49720081244445313
16.0,0.999334,0.4946673970074909
14.0,1.006997,0.4984986276754119
14.0,1.014283,0.4987299097515525
10.0,1.028637,0.5041548036791543
15.0,0.974827,0.4874130295691039
14.0,0.981835,0.4891649566889357
13.0,0.98249,0.49124426023702483
14.0,0.992538,0.49451567289314013
15.0,0.98249,0.49124426023702483
12.0,0.990153,0.49507549090494585
15.0,0.992538,0.49451567289314013
15.0,0.983237,0.48951534211290204
13.0,0.990245,0.4912672692327339
14.0,0.99365,0.49472125585437543
15.0,0.99365,0.49472125585437543
11.0,1.005571,0.4989297305685759
14.0,0.98249,0.4912442602370249
12.0,0.990153,0.49507549090494585
13.0,0.9909,0.49334657278082306
13.0,1.001313,0.49855248652229645
15.0,0.986658,0.4945156728931402
14.0,0.995068,0.49661798543693836
15.0,0.983237,0.48951534211290204
14.0,0.990245,0.4912672692327339
13.0,0.9909,0.49334657278082306
13.0,1.000948,0.49661798543693836
15.0,0.99365,0.49472125585437543
12.0,1.001313,0.49855248652229645
15.0,0.994822,0.49241115938917757
14.0,1.00183,0.4941630865090094
15.0,1.006997,0.4984986276754119
16.0,0.974173,0.4853337260210147
14.0,0.982583,0.48743603856481293
13.0,0.982583,0.4874360385648129
14.0,0.994167,0.4903318558410884
15.0,0.982583,0.4874360385648129
12.0,0.990993,0.4895383511086111
15.0,0.994167,0.4903318558410884
15.0,0.982583,0.4874360385648129
13.0,0.990993,0.4895383511086111
14.0,0.994167,0.4903318558410884
15.0,0.994167,0.4903318558410884
11.0,1.007813,0.4937429761962074
14.0,0.981835,0.4891649566889357
12.0,0.990245,0.4912672692327339
13.0,0.990245,0.4912672692327339
13.0,1.00183,0.4941630865090094
15.0,0.992995,0.4926419523062863
14.0,1.001405,0.4947442648500845
15.0,0.981835,0.48916495668893567
14.0,0.990245,0.4912672692327339
13.0,0.990245,0.4912672692327339
13.0,1.00183,0.4941630865090094
15.0,0.992995,0.49264195230628627
12.0,1.001405,0.4947442648500845
15.0,0.992995,0.49264195230628627
14.0,1.001405,0.4947442648500845
15.0,1.006342,0.4964193241273227
12.0,1.021291,0.5004818368713843
16.0,0.984875,0.4906844422252191
14.0,0.992538,0.49451567289314013
15.0,0.993285,0.4927867547690174
15.0,0.992538,0.4945156728931402
14.0,1.003697,0.4979926685104908
15.0,0.993285,0.49278675476901734
13.0,1.000948,0.49661798543693836
15.0,1.004869,0.49568257204529287
15.0,1.003697,0.49799266851049073
14.0,1.017045,0.5017700403315272
16.0,0.985987,0.49089002518645447
14.0,0.992995,0.4926419523062863
14.0,0.99365,0.4947212558543755
11.0,1.003697,0.49799266851049073
15.0,0.99365,0.4947212558543755
12.0,1.001313,0.49855248652229645
13.0,1.003697,0.49799266851049073
15.0,0.994397,0.49299233773025264
12.0,1.001405,0.4947442648500845
14.0,1.004809,0.49819825147172603
15.0,1.004809,0.49819825147172603
10.0,1.016731,0.5024067261859265
16.0,0.983826,0.4877469070845776
14.0,0.992236,0.4898492196283758
14.0,0.992236,0.4898492196283758
11.0,1.00382,0.4927450369046513
15.0,0.992236,0.4898492196283758
12.0,1.000646,0.491951532172174
13.0,1.00382,0.4927450369046513
15.0,0.992236,0.4898492196283758
12.0,1.000646,0.491951532172174
14.0,1.00382,0.49274503690465127
15.0,1.00382,0.49274503690465127
10.0,1.017466,0.49615615725977025
14.0,1.010989,0.49922520197442766
12.0,1.019399,0.5013275145182259
15.0,0.974827,0.4874130295691038
14.0,0.98249,0.49124426023702483
14.0,0.983237,0.48951534211290204
15.0,0.99365,0.49472125585437543
14.0,0.981835,0.48916495668893567
11.0,0.990245,0.4912672692327339
15.0,0.992538,0.49451567289314013
14.0,0.98249,0.49124426023702483
12.0,0.990153,0.49507549090494585
15.0,0.99365,0.49472125585437543
15.0,0.986658,0.49451567289314013
10.0,1.005571,0.4989297305685758
14.0,0.983237,0.48951534211290204
13.0,0.9909,0.49334657278082306
13.0,0.990245,0.4912672692327339
14.0,1.000948,0.49661798543693836
15.0,0.994822,0.49241115938917757
13.0,1.00183,0.4941630865090094
14.0,0.98249,0.49124426023702483
13.0,0.990153,0.49507549090494585
13.0,0.9909,0.49334657278082306
14.0,1.001313,0.49855248652229645
15.0,0.992538,0.49451567289314013
13.0,1.000948,0.49661798543693836
15.0,0.99365,0.49472125585437543
12.0,1.001313,0.49855248652229645
12.0,1.020281,0.5033880363488054
16.0,0.985987,0.4908900251864544
15.0,0.99365,0.49472125585437543
14.0,0.994397,0.49299233773025264
15.0,0.99365,0.49472125585437543
14.0,1.004809,0.49819825147172603
15.0,0.992995,0.49264195230628627
13.0,1.001405,0.4947442648500845
16.0,0.997817,0.49799266851049073
15.0,1.003697,0.49799266851049073
16.0,0.984875,0.4906844422252191
15.0,0.992538,0.49451567289314013
15.0,0.993285,0.4927867547690173
14.0,0.992538,0.4945156728931401
14.0,1.003697,0.4979926685104907
15.0,0.993285,0.49278675476901734
13.0,1.000948,0.4966179854369383
16.0,1.003697,0.49799266851049073
15.0,1.004869,0.4956825720452928
12.0,0.997908,0.49509849990065485
11.0,1.005571,0.49892973056857587
11.0,1.006318,0.4972008124444531
11.0,1.005571,0.49892973056857587
10.0,1.016731,0.5024067261859264
16.0,0.999334,0.49466739700749096
14.0,1.006342,0.4964193241273228
15.0,1.006997,0.498498627675412
13.0,1.017045,0.5017700403315273
16.0,0.996528,0.4940978292779551
14.0,1.004938,0.4962001418217533
15.0,1.004938,0.4962001418217533
13.0,1.016523,0.4990959590980288
10.0,1.026809,0.5042387289084143
16.0,0.985987,0.4908900251864544
15.0,0.99365,0.49472125585437543
15.0,0.994397,0.49299233773025264
14.0,1.004809,0.49819825147172603
15.0,0.992995,0.49264195230628627
12.0,1.001405,0.4947442648500845
15.0,1.003697,0.49799266851049073
15.0,0.99365,0.49472125585437543
13.0,1.001313,0.49855248652229645
15.0,1.004809,0.49819825147172603
16.0,0.997817,0.49799266851049073
11.0,1.016731,0.5024067261859264
14.0,1.014283,0.4987299097515525
12.0,1.021291,0.5004818368713844
11.0,1.028637,0.5041548036791542
10.0,1.043738,0.5092914857756049
16.0,0.974827,0.4874130295691039
14.0,0.98249,0.4912442602370249
15.0,0.983237,0.48951534211290204
15.0,0.98249,0.49124426023702483
15.0,0.99365,0.49472125585437543
13.0,0.98249,0.4912442602370249
12.0,0.990153,0.49507549090494585
15.0,0.981835,0.48916495668893567
13.0,0.990245,0.4912672692327339
14.0,0.992538,0.4945156728931402
14.0,0.98249,0.49124426023702483
13.0,0.990153,0.49507549090494585
14.0,0.99365,0.49472125585437543
15.0,0.992538,0.49451567289314013
11.0,1.005571,0.49892973056857587
14.0,0.981835,0.4891649566889357
14.0,0.990245,0.4912672692327339
12.0,0.989498,0.49299618735685674
13.0,0.989498,0.4929961873568567
13.0,1.000658,0.4964731829742073
15.0,0.992538,0.4945156728931402
14.0,1.000201,0.49834690356106115
15.0,0.992538,0.49451567289314013
12.0,1.000201,0.49834690356106115
15.0,0.991489,0.4915781377524986
13.0,0.999899,0.4936804502962968
15.0,1.004191,0.4979290599458761
13.0,0.98249,0.49124426023702483
12.0,0.990153,0.49507549090494585
13.0,0.9909,0.49334657278082306
12.0,0.990153,0.49507549090494585
12.0,1.001313,0.49855248652229645
12.0,0.990153,0.49507549090494585
9.0,0.997816,0.49890672157286686
13.0,0.989498,0.4929961873568567
11.0,0.997908,0.4950984999006549
12.0,1.000201,0.4983469035610612
12.0,0.990153,0.49507549090494585
11.0,0.997816,0.49890672157286686
12.0,1.001313,0.49855248652229645
12.0,1.000201,0.4983469035610611
8.0,1.013234,0.5027609612364968
14.0,0.992538,0.49451567289314013
13.0,1.000948,0.49661798543693836
12.0,1.000201,0.49834690356106115
13.0,1.000201,0.49834690356106115
12.0,1.01136,0.5018238991784117
15.0,0.983237,0.48951534211290204
13.0,0.9909,0.49334657278082306
12.0,0.9909,0.49334657278082306
14.0,0.990245,0.4912672692327339
13.0,1.000948,0.49661798543693836
13.0,0.990245,0.4912672692327339
10.0,0.997908,0.4950984999006549
14.0,1.000948,0.49661798543693836
14.0,0.999899,0.4936804502962968
15.0,0.994822,0.49241115938917757
14.0,1.00183,0.4941630865090094
13.0,1.00183,0.4941630865090094
12.0,1.011483,0.4965762675725723
15.0,0.99365,0.49472125585437543
12.0,1.001313,0.49855248652229645
15.0,1.006997,0.4984986276754119
14.0,0.99365,0.49472125585437543
13.0,1.001313,0.49855248652229645
12.0,1.001313,0.49855248652229645
13.0,1.000658,0.4964731829742073
12.0,1.01136,0.5018238991784117
11.0,1.005571,0.4989297305685759
8.0,1.013234,0.5027609612364968
15.0,0.99365,0.49472125585437543
14.0,1.001313,0.49855248652229645
14.0,1.000658,0.4964731829742073
13.0,1.01136,0.5018238991784117
16.0,0.985987,0.49089002518645447
14.0,0.992995,0.4926419523062863
15.0,0.99365,0.4947212558543755
13.0,1.003697,0.49799266851049073
14.0,0.99365,0.4947212558543755
12.0,1.001313,0.49855248652229645
11.0,1.003697,0.49799266851049073
15.0,0.994397,0.49299233773025264
12.0,1.001405,0.4947442648500845
15.0,1.004809,0.49819825147172603
14.0,1.004809,0.49819825147172603
10.0,1.016731,0.5024067261859265
15.0,0.992995,0.4926419523062863
13.0,1.000658,0.4964731829742073
14.0,1.001405,0.4947442648500845
12.0,1.011817,0.4999501785915579
14.0,1.002648,0.4950551333698492
11.0,1.011058,0.4971574459136474
15.0,0.99365,0.49472125585437543
13.0,1.000658,0.4964731829742073
13.0,1.001313,0.49855248652229645
10.0,1.01136,0.5018238991784117
15.0,1.003697,0.49799266851049073
12.0,1.01136,0.5018238991784117
13.0,1.015351,0.5014060555632267
16.0,1.004809,0.49819825147172603
13.0,1.011817,0.4999501785915579
16.0,0.974173,0.4853337260210147
14.0,0.981835,0.4891649566889357
15.0,0.982583,0.4874360385648129
15.0,0.981835,0.48916495668893567
15.0,0.992995,0.49264195230628627
15.0,0.981835,0.48916495668893567
13.0,0.989498,0.4929961873568567
13.0,0.981181,0.4870856531408465
12.0,0.989591,0.48918796568464473
14.0,0.991883,0.49243636934505103
14.0,0.981835,0.48916495668893567
13.0,0.989498,0.4929961873568567
15.0,0.992995,0.49264195230628627
14.0,0.991883,0.4924363693450509
11.0,1.004916,0.4968504270204867
14.0,0.982583,0.48743603856481293
14.0,0.990245,0.4912672692327339
12.0,0.989591,0.48918796568464473
13.0,0.990245,0.4912672692327339
13.0,1.000293,0.49453868188884914
15.0,0.992995,0.4926419523062863
14.0,1.000658,0.4964731829742073
15.0,0.994167,0.4903318558410884
12.0,1.001175,0.49208378296092026
15.0,0.992995,0.4926419523062863
13.0,1.000658,0.4964731829742073
15.0,1.006342,0.4964193241273228
13.0,0.982583,0.4874360385648129
12.0,0.990245,0.4912672692327339
12.0,0.990993,0.4895383511086111
13.0,0.990245,0.4912672692327339
12.0,1.001405,0.4947442648500845
13.0,0.990245,0.4912672692327339
11.0,0.997908,0.4950984999006549
12.0,0.989591,0.48918796568464473
9.0,0.998001,0.49129027822844296
12.0,1.000293,0.4945386818888492
12.0,0.990245,0.4912672692327339
11.0,0.997908,0.4950984999006549
12.0,1.001405,0.4947442648500845
12.0,1.000293,0.49453868188884914
8.0,1.013326,0.4989527395642849
14.0,0.994167,0.4903318558410884
13.0,1.00183,0.4941630865090094
12.0,1.001175,0.49208378296092026
13.0,1.00183,0.4941630865090094
12.0,1.011877,0.49743449916512467
15.0,0.982583,0.4874360385648129
13.0,0.990245,0.4912672692327339
14.0,0.990245,0.4912672692327339
12.0,0.989591,0.48918796568464473
13.0,1.000293,0.49453868188884914
13.0,0.990993,0.4895383511086111
11.0,0.998001,0.49129027822844296
14.0,1.001405,0.4947442648500845
14.0,1.001405,0.4947442648500845
15.0,0.994167,0.4903318558410884
12.0,1.001175,0.4920837829609202
15.0,0.992995,0.49264195230628627
14.0,1.001405,0.4947442648500845
13.0,1.000658,0.4964731829742073
12.0,1.011817,0.4999501785915579
15.0,1.006342,0.4964193241273227
14.0,0.994167,0.4903318558410884
13.0,1.00183,0.4941630865090094
13.0,1.00183,0.4941630865090094
12.0,1.001175,0.4920837829609202
12.0,1.011877,0.4974344991651247
11.0,1.007813,0.4937429761962074
8.0,1.014821,0.4954949033160392
12.0,1.021291,0.5004818368713843
15.0,0.992995,0.49264195230628627
14.0,1.000658,0.4964731829742073
14.0,1.001405,0.4947442648500845
12.0,1.011817,0.4999501785915579
12.0,1.021291,0.5004818368713844
8.0,1.035645,0.5059067307989861
16.0,0.983826,0.4877469070845776
14.0,0.992236,0.4898492196283758
15.0,0.992236,0.4898492196283758
13.0,1.00382,0.4927450369046513
14.0,0.992236,0.4898492196283758
12.0,1.000646,0.491951532172174
11.0,1.00382,0.4927450369046513
15.0,0.992236,0.4898492196283758
12.0,1.000646,0.491951532172174
15.0,1.00382,0.49274503690465127
14.0,1.00382,0.49274503690465127
10.0,1.017466,0.49615615725977025
15.0,0.991489,0.4915781377524986
13.0,0.999899,0.4936804502962968
14.0,0.999899,0.4936804502962968
12.0,1.011483,0.4965762675725723
14.0,1.002648,0.4950551333698492
11.0,1.011058,0.4971574459136474
15.0,0.991489,0.4915781377524986
13.0,0.999899,0.4936804502962968
13.0,0.999899,0.4936804502962968
10.0,1.011483,0.4965762675725723
15.0,1.002648,0.4950551333698492
12.0,1.011058,0.4971574459136474
13.0,1.015996,0.4988325051908857
16.0,1.002648,0.4950551333698492
13.0,1.011058,0.4971574459136474
10.0,1.030944,0.5028950179349473
16.0,0.984875,0.4906844422252191
14.0,0.992538,0.49451567289314013
15.0,0.993285,0.4927867547690174
15.0,0.992538,0.4945156728931402
14.0,1.003697,0.4979926685104908
14.0,0.992538,0.4945156728931402
12.0,1.000201,0.4983469035610612
14.0,0.991883,0.49243636934505103
12.0,1.000293,0.4945386818888492
11.0,1.002585,0.49778708554925544
15.0,0.992538,0.4945156728931402
12.0,1.000201,0.4983469035610612
14.0,1.003697,0.4979926685104908
14.0,1.002585,0.49778708554925544
10.0,1.015619,0.5022011432246911
15.0,0.993285,0.49278675476901734
13.0,1.000948,0.49661798543693836
13.0,1.000948,0.49661798543693836
13.0,1.000293,0.49453868188884914
10.0,1.010995,0.49988939809305366
15.0,1.004869,0.49568257204529287
12.0,1.011877,0.4974344991651247
15.0,1.003697,0.49799266851049073
12.0,1.01136,0.5018238991784116
14.0,1.017045,0.5017700403315273
16.0,1.003697,0.49799266851049073
13.0,1.01136,0.5018238991784116
14.0,1.010989,0.49922520197442766
12.0,1.018652,0.5030564326423487
12.0,1.019399,0.5013275145182259
11.0,1.029811,0.5065334282596993
15.0,0.974173,0.48533372602101466
14.0,0.982583,0.4874360385648129
15.0,0.982583,0.4874360385648129
15.0,0.994167,0.4903318558410884
15.0,0.982583,0.4874360385648129
12.0,0.990993,0.4895383511086111
15.0,0.994167,0.4903318558410884
12.0,0.982583,0.4874360385648129
11.0,0.990993,0.4895383511086111
14.0,0.994167,0.49033185584108835
14.0,0.994167,0.49033185584108835
11.0,1.007813,0.49374297619620733
14.0,0.981835,0.48916495668893567
13.0,0.990245,0.4912672692327339
11.0,0.990245,0.4912672692327339
13.0,1.00183,0.49416308650900936
15.0,0.992995,0.49264195230628627
12.0,1.001405,0.4947442648500845
15.0,0.981835,0.48916495668893567
13.0,0.990245,0.4912672692327339
14.0,0.990245,0.4912672692327339
14.0,1.00183,0.49416308650900936
15.0,0.992995,0.49264195230628627
13.0,1.001405,0.4947442648500845
14.0,0.992995,0.49264195230628627
12.0,1.001405,0.4947442648500845
14.0,1.006342,0.4964193241273227
12.0,1.021291,0.5004818368713843
14.0,0.981181,0.4870856531408465
11.0,0.989591,0.48918796568464473
13.0,0.989591,0.48918796568464473
12.0,1.001175,0.49208378296092026
13.0,0.989591,0.48918796568464473
11.0,0.998001,0.49129027822844296
12.0,1.001175,0.49208378296092026
11.0,0.989591,0.48918796568464473
8.0,0.998001,0.49129027822844296
12.0,1.001175,0.4920837829609202
12.0,1.001175,0.4920837829609202
8.0,1.014821,0.4954949033160392
15.0,0.991883,0.492436369345051
14.0,1.000293,0.4945386818888492
12.0,1.000293,0.4945386818888492
13.0,1.011877,0.49743449916512467
14.0,0.981835,0.48916495668893567
12.0,0.989498,0.4929961873568567
13.0,0.990245,0.4912672692327339
13.0,0.989498,0.4929961873568567
13.0,1.000658,0.4964731829742073
11.0,0.990245,0.4912672692327339
10.0,0.997908,0.4950984999006549
13.0,1.00183,0.49416308650900936
13.0,1.000658,0.4964731829742073
12.0,1.014005,0.5002505547952437
15.0,0.992995,0.49264195230628627
14.0,1.000658,0.4964731829742073
12.0,1.001405,0.4947442648500845
13.0,1.011817,0.4999501785915579
15.0,0.986003,0.492436369345051
14.0,0.994413,0.4945386818888492
12.0,0.994413,0.4945386818888492
13.0,1.005997,0.49743449916512467
10.0,1.004916,0.49685042702048665
7.0,1.013326,0.4989527395642849
15.0,0.991883,0.492436369345051
12.0,1.000293,0.4945386818888492
14.0,1.000293,0.49453868188884914
11.0,1.011877,0.4974344991651246
12.0,1.019626,0.5013087328007161
15.0,0.981835,0.48916495668893567
13.0,0.989498,0.4929961873568567
14.0,0.990245,0.4912672692327339
12.0,0.989498,0.4929961873568567
13.0,1.000658,0.4964731829742073
13.0,0.990245,0.4912672692327339
10.0,0.997908,0.4950984999006549
14.0,1.000658,0.4964731829742073
14.0,1.00183,0.4941630865090094
15.0,0.991883,0.492436369345051
12.0,1.000293,0.4945386818888492
14.0,1.000293,0.49453868188884914
11.0,1.011877,0.4974344991651246
15.0,0.992995,0.49264195230628627
13.0,1.000658,0.4964731829742073
13.0,1.001405,0.4947442648500845
13.0,1.000658,0.4964731829742073
10.0,1.011817,0.4999501785915579
12.0,1.019626,0.5013087328007161
14.0,0.992995,0.49264195230628627
13.0,1.000658,0.4964731829742073
12.0,1.001405,0.4947442648500845
13.0,1.011817,0.4999501785915579
11.0,1.004916,0.4968504270204867
7.0,1.013326,0.49895273956428493
14.0,1.006342,0.4964193241273227
12.0,1.014005,0.5002505547952437
12.0,1.021291,0.5004818368713843
7.0,1.035645,0.5059067307989861
16.0,0.984875,0.4906844422252191
15.0,0.991883,0.492436369345051
14.0,0.992538,0.49451567289314013
14.0,1.002585,0.49778708554925544
15.0,0.992538,0.49451567289314013
12.0,1.000201,0.49834690356106115
15.0,1.002585,0.49778708554925544
14.0,0.993285,0.49278675476901734
12.0,1.000293,0.4945386818888492
11.0,1.003697,0.49799266851049073
13.0,1.003697,0.49799266851049073
10.0,1.015619,0.5022011432246911
15.0,0.992538,0.49451567289314013
13.0,1.000201,0.49834690356106115
13.0,1.000948,0.49661798543693836
10.0,1.01136,0.5018238991784117
16.0,0.996705,0.49778708554925544
13.0,1.005115,0.49988939809305366
15.0,0.993285,0.49278675476901734
14.0,1.000293,0.4945386818888492
13.0,1.000948,0.49661798543693836
12.0,1.010995,0.49988939809305366
15.0,1.003697,0.49799266851049073
12.0,1.01136,0.5018238991784117
14.0,1.004869,0.49568257204529287
11.0,1.011877,0.4974344991651247
13.0,1.017045,0.5017700403315272
16.0,0.983826,0.48774690708457763
15.0,0.992236,0.48984921962837585
14.0,0.992236,0.4898492196283758
14.0,1.00382,0.4927450369046513
15.0,0.992236,0.4898492196283758
12.0,1.000646,0.491951532172174
15.0,1.00382,0.4927450369046513
14.0,0.992236,0.4898492196283758
12.0,1.000646,0.491951532172174
11.0,1.00382,0.4927450369046513
13.0,1.00382,0.4927450369046513
10.0,1.017466,0.4961561572597703
15.0,0.991489,0.49157813775249865
13.0,0.999899,0.4936804502962968
13.0,0.999899,0.4936804502962968
10.0,1.011483,0.49657626757257234
16.0,1.002648,0.49505513336984924
13.0,1.011058,0.4971574459136474
15.0,0.991489,0.49157813775249865
14.0,0.999899,0.49368045029629687
13.0,0.999899,0.4936804502962968
12.0,1.011483,0.4965762675725723
15.0,1.002648,0.49505513336984924
12.0,1.011058,0.4971574459136474
14.0,1.002648,0.4950551333698492
11.0,1.011058,0.4971574459136474
13.0,1.015996,0.4988325051908857
10.0,1.030944,0.5028950179349473
16.0,0.996528,0.4940978292779551
14.0,1.004191,0.4979290599458761
15.0,1.004938,0.49620014182175326
15.0,1.004191,0.49792905994587605
14.0,1.015351,0.5014060555632266
14.0,1.004938,0.49620014182175326
12.0,1.012601,0.5000313724896742
13.0,1.016523,0.49909595909802884
13.0,1.015351,0.5014060555632266
10.0,1.028698,0.5051834273842631
16.0,0.984875,0.4906844422252191
15.0,0.991883,0.492436369345051
15.0,0.992538,0.49451567289314013
15.0,1.002585,0.49778708554925544
14.0,0.992538,0.49451567289314013
12.0,1.000201,0.49834690356106115
14.0,1.002585,0.49778708554925544
14.0,0.993285,0.49278675476901734
12.0,1.000293,0.4945386818888492
13.0,1.003697,0.49799266851049073
11.0,1.003697,0.49799266851049073
10.0,1.015619,0.5022011432246911
15.0,0.992538,0.49451567289314013
13.0,1.000201,0.49834690356106115
13.0,1.000948,0.49661798543693836
10.0,1.01136,0.5018238991784116
16.0,1.002585,0.49778708554925544
13.0,1.010995,0.49988939809305366
15.0,0.993285,0.49278675476901734
14.0,1.000293,0.4945386818888492
13.0,1.000948,0.49661798543693836
12.0,1.010995,0.49988939809305366
15.0,1.003697,0.49799266851049073
12.0,1.01136,0.5018238991784117
14.0,1.004869,0.49568257204529287
11.0,1.011877,0.4974344991651247
13.0,1.017045,0.5017700403315272
12.0,0.997908,0.4950984999006548
11.0,1.004916,0.49685042702048665
11.0,1.005571,0.4989297305685758
10.0,1.015619,0.5022011432246911
11.0,1.005571,0.4989297305685758
8.0,1.013234,0.5027609612364968
10.0,1.015619,0.5022011432246911
11.0,1.006318,0.497200812444453
7.0,1.013326,0.4989527395642849
10.0,1.016731,0.5024067261859264
10.0,1.016731,0.5024067261859264
5.0,1.028652,0.5066152009001268
16.0,0.983826,0.48774690708457763
15.0,0.992236,0.48984921962837585
15.0,0.992236,0.4898492196283758
15.0,1.00382,0.4927450369046513
14.0,0.992236,0.4898492196283758
12.0,1.000646,0.491951532172174
14.0,1.00382,0.4927450369046513
14.0,0.992236,0.4898492196283758
12.0,1.000646,0.491951532172174
13.0,1.00382,0.4927450369046513
11.0,1.00382,0.4927450369046513
10.0,1.017466,0.4961561572597703
15.0,0.991489,0.49157813775249865
13.0,0.999899,0.4936804502962968
13.0,0.999899,0.4936804502962968
10.0,1.011483,0.49657626757257234
16.0,1.002648,0.49505513336984924
13.0,1.011058,0.4971574459136474
15.0,0.991489,0.49157813775249865
14.0,0.999899,0.49368045029629687
13.0,0.999899,0.4936804502962968
12.0,1.011483,0.4965762675725723
15.0,1.002648,0.49505513336984924
12.0,1.011058,0.4971574459136474
14.0,1.002648,0.4950551333698492
11.0,1.011058,0.4971574459136474
13.0,1.015996,0.4988325051908857
10.0,1.030944,0.5028950179349473
12.0,0.995197,0.4905895073805101
11.0,1.003607,0.4926918199243083
11.0,1.003607,0.49269181992430827
10.0,1.015191,0.4955876372005838
11.0,1.003607,0.49269181992430827
8.0,1.012017,0.4947941324681065
10.0,1.015191,0.4955876372005838
11.0,1.003607,0.49269181992430827
8.0,1.012017,0.4947941324681065
10.0,1.015191,0.4955876372005838
10.0,1.015191,0.4955876372005838
4.0,1.028837,0.4989987575557028
14.0,1.009397,0.49768940078261037
12.0,1.017807,0.49979171332640854
12.0,1.017807,0.4997917133264085
10.0,1.029392,0.5026875306026841
16.0,0.996528,0.4940978292779551
14.0,1.004191,0.4979290599458761
15.0,1.004938,0.49620014182175326
15.0,1.004191,0.49792905994587605
14.0,1.015351,0.5014060555632267
14.0,1.004938,0.49620014182175326
12.0,1.012601,0.5000313724896742
13.0,1.016523,0.49909595909802884
13.0,1.015351,0.5014060555632267
10.0,1.028698,0.5051834273842633
14.0,1.009397,0.49768940078261037
12.0,1.017807,0.49979171332640854
12.0,1.017807,0.4997917133264085
10.0,1.029392,0.5026875306026841
10.0,1.025011,0.5033932523327173
7.0,1.033421,0.5054955648765154
16.0,0.984875,0.4906844422252191
15.0,0.992538,0.49451567289314013
15.0,0.993285,0.49278675476901734
15.0,1.003697,0.49799266851049073
15.0,0.991883,0.492436369345051
12.0,1.000293,0.4945386818888492
14.0,1.002585,0.49778708554925544
15.0,0.992538,0.49451567289314013
13.0,1.000201,0.49834690356106115
16.0,1.003697,0.49799266851049073
15.0,0.996705,0.49778708554925544
11.0,1.015619,0.5022011432246911
15.0,0.993285,0.49278675476901734
14.0,1.000948,0.49661798543693836
14.0,1.000293,0.4945386818888492
12.0,1.010995,0.49988939809305366
16.0,1.004869,0.4956825720452928
13.0,1.011877,0.49743449916512467
15.0,0.992538,0.49451567289314013
14.0,1.000201,0.49834690356106115
14.0,1.000948,0.49661798543693836
13.0,1.01136,0.5018238991784117
16.0,1.002585,0.4977870855492554
13.0,1.010995,0.4998893980930536
16.0,1.003697,0.49799266851049073
13.0,1.01136,0.5018238991784116
11.0,1.030328,0.5066594490049205
14.0,1.009397,0.49768940078261037
12.0,1.017807,0.4997917133264086
12.0,1.017807,0.4997917133264086
10.0,1.029392,0.5026875306026842
11.0,1.025011,0.5033932523327173
8.0,1.033421,0.5054955648765154
10.0,1.041769,0.5088756657875312
15.0,0.974827,0.4874130295691038
14.0,0.98249,0.49124426023702483
14.0,0.983237,0.48951534211290204
14.0,0.98249,0.49124426023702483
15.0,0.99365,0.49472125585437543
14.0,0.98249,0.49124426023702483
12.0,0.990153,0.49507549090494585
14.0,0.981835,0.48916495668893567
12.0,0.990245,0.4912672692327339
15.0,0.992538,0.4945156728931402
13.0,0.98249,0.49124426023702483
12.0,0.990153,0.49507549090494585
14.0,0.99365,0.49472125585437543
14.0,0.992538,0.4945156728931401
11.0,1.005571,0.49892973056857587
14.0,0.983237,0.48951534211290204
13.0,0.9909,0.49334657278082306
13.0,0.990245,0.4912672692327339
12.0,0.9909,0.49334657278082306
13.0,1.000948,0.4966179854369383
15.0,0.99365,0.49472125585437543
13.0,1.001313,0.49855248652229645
15.0,0.994822,0.49241115938917757
13.0,1.00183,0.4941630865090094
15.0,0.99365,0.49472125585437543
13.0,1.001313,0.49855248652229645
14.0,1.006997,0.498498627675412
14.0,0.981835,0.48916495668893567
13.0,0.990245,0.4912672692327339
13.0,0.989498,0.4929961873568567
12.0,0.989498,0.4929961873568567
13.0,1.000658,0.4964731829742073
11.0,0.990245,0.4912672692327339
10.0,0.997908,0.4950984999006549
13.0,1.00183,0.4941630865090094
13.0,1.000658,0.4964731829742073
12.0,1.014005,0.5002505547952438
15.0,0.992538,0.49451567289314013
13.0,1.000201,0.49834690356106115
14.0,0.98249,0.49124426023702483
12.0,0.990153,0.49507549090494585
13.0,0.9909,0.49334657278082306
13.0,0.990153,0.49507549090494585
12.0,1.001313,0.49855248652229645
13.0,0.990153,0.49507549090494585
11.0,0.997816,0.49890672157286686
13.0,0.989498,0.4929961873568567
11.0,0.997908,0.4950984999006549
12.0,1.000201,0.4983469035610612
12.0,0.990153,0.49507549090494585
9.0,0.997816,0.49890672157286686
12.0,1.001313,0.49855248652229645
12.0,1.000201,0.4983469035610611
8.0,1.013234,0.5027609612364968
15.0,0.99365,0.49472125585437543
14.0,1.001313,0.49855248652229645
14.0,1.000658,0.4964731829742073
13.0,1.001313,0.49855248652229645
13.0,1.01136,0.5018238991784117
15.0,0.986658,0.49451567289314013
14.0,0.995068,0.49661798543693836
14.0,0.994321,0.49834690356106115
13.0,0.994321,0.49834690356106115
13.0,1.00548,0.5018238991784117
10.0,1.005571,0.4989297305685758
8.0,1.013234,0.5027609612364968
15.0,0.992538,0.49451567289314013
13.0,1.000948,0.49661798543693836
13.0,1.000201,0.49834690356106115
10.0,1.01136,0.5018238991784117
12.0,1.020281,0.5033880363488054
15.0,0.991489,0.4915781377524986
13.0,0.999899,0.4936804502962968
13.0,0.999899,0.4936804502962968
10.0,1.011483,0.4965762675725723
12.0,1.018652,0.5030564326423487
14.0,1.004191,0.4979290599458761
12.0,1.012601,0.5000313724896743
7.0,1.034472,0.5080699595763353
16.0,0.985987,0.4908900251864544
15.0,0.99365,0.49472125585437543
14.0,0.994397,0.49299233773025264
15.0,0.99365,0.49472125585437543
14.0,1.004809,0.49819825147172603
14.0,0.99365,0.49472125585437543
12.0,1.001313,0.49855248652229645
15.0,0.992995,0.49264195230628627
12.0,1.001405,0.4947442648500845
14.0,1.003697,0.4979926685104908
14.0,0.99365,0.49472125585437543
12.0,1.001313,0.49855248652229645
11.0,1.004809,0.49819825147172603
14.0,1.003697,0.4979926685104907
10.0,1.016731,0.5024067261859264
15.0,0.992995,0.49264195230628627
13.0,1.001405,0.4947442648500845
13.0,1.000658,0.4964731829742073
13.0,1.000658,0.4964731829742073
10.0,1.011817,0.4999501785915579
16.0,1.003697,0.49799266851049073
13.0,1.01136,0.5018238991784117
15.0,1.003697,0.49799266851049073
12.0,1.01136,0.5018238991784116
15.0,1.002648,0.4950551333698492
12.0,1.011058,0.4971574459136474
14.0,1.015351,0.5014060555632267
16.0,0.999334,0.49466739700749096
15.0,1.006997,0.498498627675412
15.0,1.006342,0.4964193241273228
14.0,1.006997,0.498498627675412
14.0,1.017045,0.5017700403315273
14.0,1.006342,0.4964193241273228
12.0,1.014005,0.5002505547952438
13.0,1.017045,0.5017700403315273
13.0,1.015996,0.4988325051908857
10.0,1.028698,0.5051834273842633
16.0,0.984875,0.4906844422252191
15.0,0.992538,0.49451567289314013
15.0,0.993285,0.4927867547690173
14.0,0.992538,0.4945156728931401
14.0,1.003697,0.4979926685104907
15.0,0.992538,0.49451567289314013
12.0,1.000201,0.4983469035610611
14.0,0.991883,0.4924363693450509
12.0,1.000293,0.49453868188884914
14.0,1.002585,0.49778708554925544
14.0,0.992538,0.4945156728931401
12.0,1.000201,0.4983469035610611
14.0,1.003697,0.4979926685104907
11.0,1.002585,0.4977870855492554
10.0,1.015619,0.5022011432246911
15.0,0.993285,0.49278675476901734
13.0,1.000948,0.4966179854369383
13.0,1.000293,0.49453868188884914
13.0,1.000948,0.4966179854369383
10.0,1.010995,0.4998893980930536
16.0,1.003697,0.49799266851049073
13.0,1.01136,0.5018238991784117
15.0,1.004869,0.4956825720452928
12.0,1.011877,0.49743449916512467
15.0,1.003697,0.49799266851049073
12.0,1.01136,0.5018238991784117
14.0,1.017045,0.5017700403315273
16.0,0.996528,0.4940978292779551
15.0,1.004938,0.4962001418217533
15.0,1.004191,0.4979290599458761
14.0,1.004191,0.4979290599458761
14.0,1.015351,0.5014060555632267
14.0,1.004938,0.4962001418217533
12.0,1.012601,0.5000313724896743
13.0,1.016523,0.4990959590980288
13.0,1.015351,0.5014060555632267
10.0,1.028698,0.5051834273842633
12.0,0.997908,0.49509849990065485
11.0,1.005571,0.49892973056857587
11.0,1.006318,0.4972008124444531
11.0,1.005571,0.49892973056857587
10.0,1.016731,0.5024067261859265
11.0,1.005571,0.49892973056857587
8.0,1.013234,0.5027609612364967
11.0,1.004916,0.4968504270204867
8.0,1.013326,0.4989527395642849
10.0,1.015619,0.5022011432246911
11.0,1.005571,0.49892973056857587
8.0,1.013234,0.5027609612364967
10.0,1.016731,0.5024067261859264
10.0,1.015619,0.502201143224691
5.0,1.028652,0.5066152009001268
10.0,1.026809,0.5042387289084143
7.0,1.034472,0.5080699595763353
16.0,0.985987,0.4908900251864544
15.0,0.99365,0.49472125585437543
15.0,0.994397,0.49299233773025264
15.0,1.004809,0.49819825147172603
15.0,0.992995,0.49264195230628627
12.0,1.001405,0.4947442648500845
16.0,1.003697,0.49799266851049073
15.0,0.99365,0.49472125585437543
13.0,1.001313,0.49855248652229645
14.0,1.004809,0.49819825147172603
15.0,0.997817,0.49799266851049073
11.0,1.016731,0.5024067261859264
15.0,0.99365,0.49472125585437543
14.0,1.000658,0.4964731829742073
14.0,1.001313,0.49855248652229645
13.0,1.00548,0.5018238991784116
15.0,0.992995,0.49264195230628627
14.0,1.001405,0.4947442648500845
14.0,1.000658,0.4964731829742073
12.0,1.011817,0.4999501785915579
16.0,1.003697,0.49799266851049073
13.0,1.01136,0.5018238991784117
16.0,1.004809,0.49819825147172603
13.0,1.011817,0.4999501785915579
16.0,1.002648,0.4950551333698492
13.0,1.011058,0.4971574459136474
11.0,1.029811,0.5065334282596993
14.0,1.014283,0.4987299097515525
12.0,1.021291,0.5004818368713844
12.0,1.021291,0.5004818368713844
10.0,1.030944,0.5028950179349473
11.0,1.028637,0.5041548036791543
8.0,1.035645,0.5059067307989862
10.0,1.043738,0.5092914857756049
16.0,0.984875,0.4906844422252191
15.0,0.992538,0.49451567289314013
15.0,0.993285,0.49278675476901734
16.0,1.003697,0.49799266851049073
15.0,0.991883,0.492436369345051
12.0,1.000293,0.4945386818888492
15.0,1.002585,0.49778708554925544
15.0,0.992538,0.49451567289314013
13.0,1.000201,0.49834690356106115
15.0,1.003697,0.49799266851049073
14.0,0.996705,0.49778708554925544
11.0,1.015619,0.5022011432246911
15.0,0.993285,0.49278675476901734
14.0,1.000293,0.4945386818888492
14.0,1.000948,0.49661798543693836
12.0,1.005115,0.49988939809305366
15.0,0.992538,0.49451567289314013
14.0,1.000948,0.49661798543693836
14.0,1.000201,0.49834690356106115
13.0,1.01136,0.5018238991784117
16.0,1.003697,0.49799266851049073
13.0,1.01136,0.5018238991784117
16.0,1.004869,0.4956825720452928
13.0,1.011877,0.49743449916512467
16.0,1.002585,0.4977870855492554
13.0,1.010995,0.4998893980930536
11.0,1.030328,0.5066594490049205
14.0,1.009397,0.49768940078261037
12.0,1.017807,0.4997917133264086
12.0,1.017807,0.4997917133264086
10.0,1.029392,0.5026875306026842
11.0,1.025011,0.5033932523327171
8.0,1.033421,0.5054955648765154
10.0,1.041769,0.5088756657875311
11.0,0.997908,0.49509849990065485
10.0,1.005571,0.49892973056857587
10.0,1.006318,0.4972008124444531
11.0,1.016731,0.5024067261859265
10.0,1.004916,0.4968504270204867
7.0,1.013326,0.49895273956428493
11.0,1.015619,0.5022011432246911
10.0,1.005571,0.49892973056857587
8.0,1.013234,0.5027609612364967
11.0,1.016731,0.5024067261859265
11.0,1.009739,0.5022011432246911
5.0,1.028652,0.5066152009001268
14.0,1.012618,0.4995568056808844
12.0,1.019626,0.5013087328007162
12.0,1.020281,0.5033880363488054
11.0,1.024448,0.5066594490049205
14.0,1.010989,0.49922520197442766
12.0,1.019399,0.5013275145182259
12.0,1.018652,0.5030564326423487
11.0,1.029811,0.5065334282596993
10.0,1.026809,0.5042387289084143
7.0,1.034472,0.5080699595763353
14.0,1.012618,0.4995568056808844
12.0,1.020281,0.5033880363488052
12.0,1.019626,0.5013087328007162
11.0,1.030328,0.5066594490049205
10.0,1.028637,0.5041548036791543
7.0,1.035645,0.5059067307989862
10.0,1.043738,0.509291485775605
14.0,1.010989,0.49922520197442766
12.0,1.018652,0.5030564326423486
12.0,1.019399,0.5013275145182259
11.0,1.029811,0.5065334282596994
10.0,1.025011,0.5033932523327171
7.0,1.033421,0.5054955648765154
10.0,1.041769,0.5088756657875312
10.0,1.026809,0.5042387289084143
7.0,1.034472,0.5080699595763352
10.0,1.043738,0.509291485775605
10.0,1.041769,0.5088756657875312
2.0,1.059488,0.5143236802273868
15.0,1.039756,0.5064155191888853
14.0,1.047419,0.5102467498568063
15.0,1.048166,0.5085178317326835
15.0,1.047419,0.5102467498568063
16.0,1.058579,0.5137237454741569
15.0,1.047419,0.5102467498568063
14.0,1.055082,0.5140779805247273
15.0,1.046764,0.5081674463087171
14.0,1.055174,0.5102697588525152
16.0,1.057466,0.5135181625129216
14.0,1.047419,0.5102467498568063
13.0,1.055082,0.5140779805247273
16.0,1.058579,0.5137237454741569
16.0,1.057466,0.5135181625129216
13.0,1.0705,0.5179322201883573
14.0,1.048166,0.5085178317326834
13.0,1.055829,0.5123490624006044
14.0,1.055829,0.5123490624006044
14.0,1.055174,0.5102697588525152
15.0,1.065876,0.5156204750567198
16.0,1.059751,0.511413649008959
15.0,1.066759,0.5131655761287909
16.0,1.058579,0.5137237454741569
15.0,1.066242,0.5175549761420778
16.0,1.071926,0.5175011172951934
15.0,1.058579,0.5137237454741569
14.0,1.066242,0.5175549761420779
14.0,1.047419,0.5102467498568063
13.0,1.055082,0.5140779805247273
14.0,1.055829,0.5123490624006044
14.0,1.055082,0.5140779805247273
14.0,1.066242,0.517554976142078
14.0,1.055082,0.5140779805247273
13.0,1.062745,0.5179092111926483
14.0,1.054427,0.5119986769766381
13.0,1.062837,0.5141009895204363
14.0,1.065129,0.5173493931808426
13.0,1.055082,0.5140779805247273
11.0,1.062745,0.5179092111926483
14.0,1.066242,0.517554976142078
14.0,1.065129,0.5173493931808426
10.0,1.078163,0.5217634508562782
15.0,1.058579,0.5137237454741569
14.0,1.066242,0.5175549761420779
15.0,1.066242,0.5175549761420779
15.0,1.065587,0.5154756725939886
14.0,1.076289,0.5208263887981932
14.0,1.046764,0.5081674463087171
13.0,1.054427,0.5119986769766381
14.0,1.055174,0.5102697588525152
14.0,1.054427,0.511998676976638
15.0,1.065587,0.5154756725939886
11.0,1.055174,0.5102697588525152
10.0,1.062837,0.5141009895204363
13.0,1.066759,0.5131655761287909
13.0,1.065587,0.5154756725939886
13.0,1.078934,0.5192530444150252
16.0,1.057466,0.5135181625129216
15.0,1.065129,0.5173493931808426
13.0,1.065876,0.5156204750567197
11.0,1.076289,0.5208263887981932
16.0,1.056417,0.51058062737228
15.0,1.064827,0.5126829399160783
13.0,1.064827,0.5126829399160783
11.0,1.076412,0.5155787571923537
16.0,1.06912,0.5169315495656576
13.0,1.07753,0.5190338621094557
15.0,1.057466,0.5135181625129215
14.0,1.065129,0.5173493931808425
15.0,1.065876,0.5156204750567197
15.0,1.065129,0.5173493931808425
14.0,1.076289,0.5208263887981932
15.0,1.057466,0.5135181625129215
14.0,1.065129,0.5173493931808425
10.0,1.0705,0.5179322201883573
8.0,1.078163,0.5217634508562782
12.0,1.08521,0.5223905259685867
12.0,1.083581,0.5220589222621301
8.0,1.099401,0.5270724491961167
15.0,1.039756,0.5064155191888853
14.0,1.047419,0.5102467498568062
15.0,1.048166,0.5085178317326835
15.0,1.047419,0.5102467498568063
16.0,1.058579,0.513723745474157
15.0,1.047419,0.5102467498568062
14.0,1.055082,0.5140779805247272
15.0,1.046764,0.5081674463087171
14.0,1.055174,0.5102697588525152
16.0,1.057466,0.5135181625129215
14.0,1.047419,0.5102467498568063
13.0,1.055082,0.5140779805247272
16.0,1.058579,0.5137237454741569
16.0,1.057466,0.5135181625129215
13.0,1.0705,0.5179322201883572
14.0,1.048166,0.5085178317326834
13.0,1.055829,0.5123490624006043
14.0,1.055829,0.5123490624006043
14.0,1.055174,0.5102697588525152
15.0,1.065876,0.5156204750567197
16.0,1.059751,0.511413649008959
15.0,1.066759,0.5131655761287909
16.0,1.058579,0.513723745474157
15.0,1.066242,0.5175549761420778
16.0,1.071926,0.5175011172951934
15.0,1.058579,0.5137237454741569
14.0,1.066242,0.5175549761420778
14.0,1.046764,0.5081674463087171
13.0,1.054427,0.511998676976638
14.0,1.055174,0.5102697588525152
14.0,1.054427,0.511998676976638
15.0,1.065587,0.5154756725939887
11.0,1.055174,0.5102697588525152
10.0,1.062837,0.5141009895204361
13.0,1.066759,0.5131655761287909
13.0,1.065587,0.5154756725939887
13.0,1.078934,0.5192530444150252
16.0,1.057466,0.5135181625129216
15.0,1.065129,0.5173493931808426
13.0,1.065876,0.5156204750567197
11.0,1.076289,0.5208263887981932
16.0,1.056417,0.51058062737228
15.0,1.064827,0.5126829399160783
13.0,1.064827,0.5126829399160783
11.0,1.076412,0.5155787571923538
16.0,1.06912,0.5169315495656576
13.0,1.07753,0.5190338621094557
15.0,1.057466,0.5135181625129215
14.0,1.065129,0.5173493931808424
14.0,1.047419,0.5102467498568063
13.0,1.055082,0.5140779805247272
14.0,1.055829,0.5123490624006044
14.0,1.055082,0.5140779805247273
14.0,1.066242,0.517554976142078
14.0,1.055082,0.5140779805247272
13.0,1.062745,0.5179092111926482
14.0,1.054427,0.5119986769766381
13.0,1.062837,0.5141009895204363
14.0,1.065129,0.5173493931808425
13.0,1.055082,0.5140779805247273
11.0,1.062745,0.5179092111926482
14.0,1.066242,0.5175549761420779
14.0,1.065129,0.5173493931808425
10.0,1.078163,0.5217634508562782
15.0,1.058579,0.5137237454741569
14.0,1.066242,0.5175549761420778
15.0,1.066242,0.5175549761420778
15.0,1.065587,0.5154756725939886
14.0,1.076289,0.5208263887981931
15.0,1.057466,0.5135181625129215
14.0,1.065129,0.5173493931808424
15.0,1.065876,0.5156204750567197
15.0,1.065129,0.5173493931808425
14.0,1.076289,0.5208263887981932
10.0,1.0705,0.5179322201883573
8.0,1.078163,0.5217634508562782
12.0,1.08521,0.5223905259685867
12.0,1.083581,0.5220589222621301
8.0,1.099401,0.5270724491961167
11.0,1.112436,0.5292493818470263
10.0,1.120099,0.5330806125149473
10.0,1.120846,0.5313516943908245
11.0,1.131258,0.5365576081322979
10.0,1.119444,0.5310013089668582
7.0,1.127854,0.5331036215106563
11.0,1.130146,0.5363520251710625
10.0,1.120099,0.5330806125149473
9.0,1.127762,0.5369118431828683
11.0,1.131258,0.5365576081322979
11.0,1.130146,0.5363520251710625
6.0,1.14318,0.5407660828464983
15.0,0.09412,0.036185972295464656
13.0,0.10253,0.03828828483926284
13.0,0.101782,0.04001720296338565
12.0,0.112942,0.043494198580736235
14.0,0.101782,0.04001720296338565
11.0,0.109445,0.043848433631306645
13.0,0.112942,0.043494198580736235
14.0,0.101128,0.037937899415296475
11.0,0.109538,0.04004021195909466
13.0,0.11183,0.043288615619500904
14.0,0.11183,0.043288615619500904
9.0,0.124863,0.047702673294936646
14.0,0.16458,0.05680813822270162
12.0,0.171588,0.05856006534253344
11.0,0.194918,0.07321538309367533
12.0,0.194918,0.07321538309367533
12.0,0.189952,0.07754742756125821
13.0,0.189952,0.07754742756125821
10.0,0.225289,0.08787936990803244
15.0,0.10253,0.03828828483926283
12.0,0.110192,0.04211951550718383
14.0,0.109538,0.04004021195909465
12.0,0.12024,0.04539092816329909
12.0,0.198362,0.07964974010505639
14.0,0.114114,0.04118410211553838
12.0,0.121122,0.04293602923537019
13.0,0.199885,0.06711947050980814
12.0,0.206893,0.06887139762963995
14.0,0.101782,0.04001720296338565
12.0,0.110192,0.04211951550718383
12.0,0.109445,0.043848433631306645
11.0,0.120605,0.04732542924865723
13.0,0.172243,0.060639368890622616
10.0,0.202581,0.07704661376159631
15.0,0.112942,0.043494198580736235
12.0,0.120605,0.04732542924865723
14.0,0.126289,0.047271570401772746
16.0,0.11183,0.043288615619500904
13.0,0.12024,0.04539092816329909
13.0,0.18229,0.06391078154673788
15.0,0.089261,0.026062985707735964
13.0,0.097671,0.028165298251534143
13.0,0.097671,0.028165298251534143
12.0,0.109256,0.03106111552780969
14.0,0.097671,0.028165298251534146
11.0,0.106081,0.030267610795332318
13.0,0.109256,0.03106111552780969
14.0,0.097671,0.02816529825153414
11.0,0.106081,0.030267610795332318
13.0,0.109256,0.03106111552780969
14.0,0.109256,0.031061115527809692
9.0,0.122901,0.03447223588292868
15.0,0.096924,0.029894216375656958
12.0,0.105334,0.03199652891945514
14.0,0.105334,0.03199652891945513
12.0,0.116918,0.03489234619573068
14.0,0.108084,0.03337121199300754
12.0,0.116494,0.03547352453680572
14.0,0.096924,0.029894216375656958
12.0,0.105334,0.03199652891945514
12.0,0.105334,0.03199652891945514
11.0,0.116918,0.034892346195730686
15.0,0.108084,0.03337121199300754
12.0,0.116494,0.03547352453680572
14.0,0.121431,0.037148583814044046
16.0,0.108084,0.03337121199300754
13.0,0.116494,0.035473524536805724
10.0,0.13638,0.04121109655810563
13.0,0.159722,0.04668515163497293
11.0,0.168132,0.048787464178771105
12.0,0.167385,0.050516382302893924
13.0,0.178544,0.05399337792024451
11.0,0.195026,0.05699648392207945
9.0,0.202689,0.06082771459000044
12.0,0.195026,0.05699648392207945
12.0,0.195026,0.05699648392207944
11.0,0.202689,0.060827714590000435
13.0,0.195026,0.05699648392207944
10.0,0.230379,0.06730810986050392
13.0,0.190059,0.06309239650594661
12.0,0.198469,0.0651947090497448
11.0,0.260798,0.08373615538937064
15.0,0.128824,0.05290832178983513
14.0,0.136487,0.05673955245775613
14.0,0.137234,0.055010634333633304
14.0,0.136487,0.05673955245775613
14.0,0.147646,0.0602165480751067
14.0,0.136487,0.05673955245775612
11.0,0.14415,0.060570783125677125
14.0,0.135832,0.05466024890966694
11.0,0.144242,0.056762561453465116
14.0,0.146534,0.06001096511387137
14.0,0.136487,0.05673955245775612
13.0,0.14415,0.060570783125677125
13.0,0.147646,0.0602165480751067
14.0,0.146534,0.06001096511387137
10.0,0.159568,0.06442502278930712
10.0,0.259993,0.10460171940240295
15.0,1.112436,0.5292493818470261
14.0,1.120099,0.533080612514947
14.0,1.120846,0.5313516943908243
14.0,1.120099,0.5330806125149471
13.0,1.131258,0.5365576081322978
14.0,1.120099,0.533080612514947
11.0,1.127762,0.536911843182868
14.0,1.119444,0.5310013089668579
11.0,1.127854,0.5331036215106562
13.0,1.130146,0.5363520251710623
14.0,1.120099,0.5330806125149471
11.0,1.127762,0.536911843182868
13.0,1.131258,0.5365576081322977
13.0,1.130146,0.5363520251710623
8.0,1.14318,0.540766082846498
9.0,1.185203,0.5520835553145045
6.0,1.192866,0.5559147859824254
15.0,0.09412,0.036185972295464656
13.0,0.10253,0.03828828483926284
14.0,0.101782,0.04001720296338565
13.0,0.112942,0.043494198580736235
13.0,0.101782,0.04001720296338565
11.0,0.109445,0.043848433631306645
12.0,0.112942,0.043494198580736235
14.0,0.101128,0.037937899415296475
11.0,0.109538,0.04004021195909466
14.0,0.11183,0.043288615619500904
13.0,0.11183,0.043288615619500904
9.0,0.124863,0.047702673294936646
14.0,0.16458,0.05680813822270162
12.0,0.171588,0.05856006534253344
12.0,0.194918,0.07321538309367533
11.0,0.194918,0.07321538309367533
13.0,0.189952,0.07754742756125821
12.0,0.189952,0.07754742756125821
10.0,0.225289,0.08787936990803244
15.0,0.10253,0.03828828483926284
12.0,0.110192,0.04211951550718383
14.0,0.109538,0.04004021195909465
12.0,0.12024,0.04539092816329909
12.0,0.198362,0.07964974010505639
14.0,0.114114,0.04118410211553838
12.0,0.121122,0.04293602923537019
13.0,0.199885,0.06711947050980814
12.0,0.206893,0.06887139762963995
14.0,0.101782,0.04001720296338565
12.0,0.110192,0.04211951550718383
12.0,0.109445,0.043848433631306645
11.0,0.120605,0.04732542924865723
13.0,0.172243,0.060639368890622616
10.0,0.202581,0.07704661376159631
15.0,0.112942,0.043494198580736235
12.0,0.120605,0.04732542924865723
14.0,0.126289,0.047271570401772746
16.0,0.11183,0.0432886156195009
13.0,0.12024,0.04539092816329908
13.0,0.18229,0.06391078154673786
15.0,0.098979,0.04419752318532894
14.0,0.107389,0.046299835729127124
13.0,0.106642,0.04802875385324993
13.0,0.117802,0.05150574947060051
14.0,0.106642,0.04802875385324993
11.0,0.114305,0.05185998452117093
14.0,0.117802,0.05150574947060051
13.0,0.105987,0.045949450305160754
11.0,0.114397,0.048051762848958936
12.0,0.116689,0.05130016650936519
13.0,0.116689,0.05130016650936519
9.0,0.129723,0.05571422418480093
14.0,0.106642,0.04802875385324994
12.0,0.114305,0.05185998452117093
12.0,0.11365,0.049780680973081755
11.0,0.124352,0.05513139717728619
16.0,0.117802,0.05150574947060051
13.0,0.12481,0.053257676590432325
15.0,0.105987,0.04594945030516075
14.0,0.114397,0.04805176284895893
12.0,0.11365,0.04978068097308175
12.0,0.12481,0.05325767659043233
15.0,0.116689,0.05130016650936519
12.0,0.124352,0.05513139717728618
14.0,0.11564,0.04836263136872371
12.0,0.12405,0.05046494391252189
14.0,0.128343,0.05471355356210115
15.0,0.16944,0.06481968911256591
14.0,0.176448,0.06657161623239771
13.0,0.176448,0.06657161623239773
13.0,0.186101,0.06898479729596067
12.0,0.199777,0.0812269339835396
12.0,0.206785,0.08297886110337141
13.0,0.199777,0.0812269339835396
11.0,0.194812,0.08555897845112248
10.0,0.202475,0.0893902091190435
12.0,0.194812,0.08555897845112248
10.0,0.230149,0.09589092079789671
13.0,0.138563,0.06682454571056921
12.0,0.145571,0.06857647283040103
12.0,0.145571,0.06857647283040103
11.0,0.155224,0.07098965389396399
12.0,0.145571,0.06857647283040103
9.0,0.152579,0.07032839995023284
11.0,0.155224,0.07098965389396399
12.0,0.145571,0.06857647283040103
9.0,0.152579,0.07032839995023284
11.0,0.155224,0.07098965389396399
11.0,0.155224,0.07098965389396399
6.0,0.166595,0.07383225418989646
7.0,0.259789,0.12541459647187259
15.0,0.098979,0.04419752318532894
14.0,0.107389,0.046299835729127124
14.0,0.106642,0.04802875385324993
14.0,0.117802,0.05150574947060051
13.0,0.106642,0.04802875385324993
11.0,0.114305,0.05185998452117093
13.0,0.117802,0.05150574947060051
13.0,0.105987,0.045949450305160754
11.0,0.114397,0.048051762848958936
13.0,0.116689,0.05130016650936519
12.0,0.116689,0.05130016650936519
9.0,0.129723,0.05571422418480093
14.0,0.106642,0.04802875385324994
12.0,0.114305,0.05185998452117093
12.0,0.11365,0.049780680973081755
11.0,0.124352,0.05513139717728619
16.0,0.117802,0.05150574947060051
13.0,0.12481,0.053257676590432325
15.0,0.105987,0.045949450305160754
14.0,0.114397,0.048051762848958936
12.0,0.11365,0.04978068097308175
12.0,0.12481,0.05325767659043233
15.0,0.116689,0.05130016650936519
12.0,0.124352,0.05513139717728618
14.0,0.11564,0.04836263136872371
12.0,0.12405,0.05046494391252189
14.0,0.128343,0.05471355356210115
15.0,0.16944,0.06481968911256591
14.0,0.176448,0.06657161623239773
13.0,0.176448,0.06657161623239773
13.0,0.186101,0.06898479729596067
13.0,0.199777,0.0812269339835396
12.0,0.199777,0.0812269339835396
12.0,0.206785,0.08297886110337142
12.0,0.194812,0.08555897845112248
11.0,0.194812,0.08555897845112248
10.0,0.202475,0.0893902091190435
10.0,0.230149,0.09589092079789671
13.0,0.128824,0.052908321789835115
12.0,0.137234,0.0550106343336333
12.0,0.136487,0.05673955245775611
11.0,0.147646,0.06021654807510669
12.0,0.136487,0.05673955245775611
9.0,0.14415,0.060570783125677104
11.0,0.147646,0.06021654807510669
12.0,0.135832,0.054660248909666934
8.0,0.144242,0.056762561453465116
11.0,0.146534,0.06001096511387136
11.0,0.146534,0.06001096511387136
6.0,0.159568,0.0644250227893071
12.0,0.199285,0.07353048771707207
9.0,0.206293,0.0752824148369039
10.0,0.229622,0.08993773258804579
10.0,0.229622,0.08993773258804579
10.0,0.224656,0.09426977705562867
10.0,0.224656,0.09426977705562867
6.0,0.259993,0.1046017194024029
13.0,1.123652,0.5325565278434747
12.0,1.13066,0.5343084549633066
12.0,1.13066,0.5343084549633066
11.0,1.140313,0.5367216360268696
12.0,1.13066,0.5343084549633066
9.0,1.137668,0.5360603820831384
11.0,1.140313,0.5367216360268696
12.0,1.13066,0.5343084549633066
9.0,1.137668,0.5360603820831384
11.0,1.140313,0.5367216360268696
11.0,1.140313,0.5367216360268696
5.0,1.151684,0.5395642363228021
13.0,1.112436,0.529249381847026
12.0,1.120846,0.5313516943908242
12.0,1.120099,0.5330806125149469
11.0,1.131258,0.5365576081322976
12.0,1.120099,0.5330806125149469
9.0,1.127762,0.5369118431828678
11.0,1.131258,0.5365576081322976
12.0,1.119444,0.5310013089668578
8.0,1.127854,0.533103621510656
11.0,1.130146,0.5363520251710623
11.0,1.130146,0.5363520251710623
6.0,1.14318,0.5407660828464979
12.0,1.190818,0.553747251668251
9.0,1.197826,0.5554991787880827
13.0,1.190818,0.553747251668251
10.0,1.197826,0.5554991787880829
15.0,0.089261,0.026062985707735964
13.0,0.097671,0.028165298251534143
14.0,0.097671,0.028165298251534143
13.0,0.109256,0.03106111552780969
13.0,0.097671,0.028165298251534146
11.0,0.106081,0.030267610795332318
12.0,0.109256,0.03106111552780969
14.0,0.097671,0.02816529825153414
11.0,0.106081,0.030267610795332318
14.0,0.109256,0.03106111552780969
13.0,0.109256,0.031061115527809692
9.0,0.122901,0.03447223588292868
15.0,0.096924,0.029894216375656958
12.0,0.105334,0.03199652891945514
14.0,0.105334,0.03199652891945513
12.0,0.116918,0.034892346195730686
14.0,0.108084,0.03337121199300754
12.0,0.116494,0.03547352453680572
14.0,0.096924,0.029894216375656958
12.0,0.105334,0.03199652891945514
12.0,0.105334,0.03199652891945514
11.0,0.116918,0.03489234619573068
15.0,0.108084,0.03337121199300754
12.0,0.116494,0.035473524536805724
14.0,0.121431,0.037148583814044046
16.0,0.108084,0.03337121199300754
13.0,0.116494,0.035473524536805724
10.0,0.13638,0.04121109655810563
13.0,0.159722,0.04668515163497293
12.0,0.167385,0.050516382302893924
11.0,0.168132,0.048787464178771105
13.0,0.178544,0.05399337792024451
12.0,0.195026,0.05699648392207945
13.0,0.190059,0.06309239650594661
12.0,0.198469,0.0651947090497448
11.0,0.195026,0.05699648392207945
9.0,0.202689,0.060827714590000435
13.0,0.195026,0.05699648392207944
12.0,0.195026,0.05699648392207944
11.0,0.202689,0.060827714590000435
10.0,0.230379,0.06730810986050392
11.0,0.260798,0.08373615538937064
15.0,0.089261,0.02606298570773593
14.0,0.097671,0.0281652982515341
13.0,0.097671,0.0281652982515341
13.0,0.109256,0.031061115527809654
14.0,0.097671,0.028165298251534104
11.0,0.106081,0.030267610795332283
14.0,0.109256,0.031061115527809647
13.0,0.097671,0.028165298251534104
11.0,0.106081,0.030267610795332283
12.0,0.109256,0.031061115527809647
13.0,0.109256,0.03106111552780965
9.0,0.122901,0.03447223588292864
14.0,0.096924,0.029894216375656923
12.0,0.105334,0.0319965289194551
12.0,0.105334,0.0319965289194551
11.0,0.116918,0.03489234619573064
16.0,0.108084,0.03337121199300751
13.0,0.116494,0.03547352453680568
15.0,0.096924,0.029894216375656923
14.0,0.105334,0.0319965289194551
12.0,0.105334,0.0319965289194551
12.0,0.116918,0.034892346195730645
15.0,0.108084,0.03337121199300751
12.0,0.116494,0.03547352453680568
14.0,0.108084,0.03337121199300751
12.0,0.116494,0.03547352453680568
14.0,0.121431,0.03714858381404401
10.0,0.13638,0.041211096558105585
14.0,0.159722,0.046685151634972895
14.0,0.167385,0.05051638230289389
12.0,0.168132,0.04878746417877107
13.0,0.178544,0.053993377920244466
12.0,0.195026,0.056996483922079406
11.0,0.202689,0.06082771459000041
13.0,0.195026,0.056996483922079406
11.0,0.195026,0.056996483922079406
9.0,0.202689,0.06082771459000041
12.0,0.195026,0.056996483922079406
10.0,0.230379,0.0673081098605039
11.0,0.260798,0.0837361553893706
13.0,0.128824,0.05290832178983509
12.0,0.135832,0.054660248909666906
12.0,0.136487,0.05673955245775609
11.0,0.146534,0.060010965113871335
12.0,0.136487,0.05673955245775608
9.0,0.14415,0.06057078312567709
11.0,0.146534,0.06001096511387133
12.0,0.137234,0.05501063433363327
8.0,0.144242,0.05676256145346508
11.0,0.147646,0.06021654807510666
11.0,0.147646,0.060216548075106666
6.0,0.159568,0.06442502278930708
7.0,0.259993,0.10460171940240291
15.0,0.089261,0.02606298570773593
14.0,0.097671,0.028165298251534104
14.0,0.097671,0.0281652982515341
14.0,0.109256,0.03106111552780965
13.0,0.097671,0.0281652982515341
11.0,0.106081,0.03026761079533228
13.0,0.109256,0.03106111552780965
13.0,0.097671,0.028165298251534104
11.0,0.106081,0.03026761079533228
13.0,0.109256,0.031061115527809647
12.0,0.109256,0.031061115527809647
9.0,0.122901,0.03447223588292863
14.0,0.096924,0.029894216375656923
12.0,0.105334,0.0319965289194551
12.0,0.105334,0.0319965289194551
11.0,0.116918,0.034892346195730645
16.0,0.108084,0.03337121199300751
13.0,0.116494,0.035473524536805676
15.0,0.096924,0.029894216375656923
14.0,0.105334,0.0319965289194551
12.0,0.105334,0.0319965289194551
12.0,0.116918,0.034892346195730645
15.0,0.108084,0.03337121199300751
12.0,0.116494,0.035473524536805676
14.0,0.108084,0.0333712119930075
12.0,0.116494,0.03547352453680568
14.0,0.121431,0.03714858381404401
10.0,0.13638,0.041211096558105585
14.0,0.159722,0.046685151634972895
14.0,0.167385,0.050516382302893896
12.0,0.168132,0.04878746417877107
13.0,0.178544,0.053993377920244466
13.0,0.195026,0.056996483922079406
12.0,0.195026,0.056996483922079406
11.0,0.202689,0.06082771459000041
12.0,0.195026,0.056996483922079406
11.0,0.195026,0.056996483922079406
9.0,0.202689,0.06082771459000041
10.0,0.230379,0.0673081098605039
11.0,0.260798,0.0837361553893706
13.0,0.119091,0.03475097833289775
11.0,0.127501,0.03685329087669593
12.0,0.127501,0.03685329087669593
11.0,0.139085,0.03974910815297147
12.0,0.127501,0.03685329087669593
9.0,0.135911,0.03895560342049411
11.0,0.139085,0.03974910815297147
11.0,0.127501,0.03685329087669593
8.0,0.135911,0.03895560342049411
11.0,0.139085,0.039749108152971474
11.0,0.139085,0.039749108152971474
6.0,0.152731,0.04316022850809046
11.0,0.189552,0.05537314426013472
8.0,0.197962,0.057475456803932894
10.0,0.224856,0.06568447654724124
10.0,0.224856,0.06568447654724124
10.0,0.224856,0.06568447654724123
10.0,0.224856,0.06568447654724123
4.0,0.260209,0.07599610248566571
15.0,0.153831,0.053584899467409526
13.0,0.162241,0.0556872120112077
13.0,0.162241,0.0556872120112077
11.0,0.173826,0.05858302928748325
11.0,0.259596,0.08451839768175301
15.0,0.153831,0.053584899467409526
13.0,0.162241,0.0556872120112077
13.0,0.162241,0.0556872120112077
11.0,0.173826,0.05858302928748325
11.0,0.259596,0.08451839768175301
12.0,0.188625,0.07033038980698406
9.0,0.197035,0.07243270235078222
13.0,1.112436,0.5292493818470264
12.0,1.119444,0.5310013089668583
12.0,1.120099,0.5330806125149474
11.0,1.130146,0.5363520251710626
12.0,1.120099,0.5330806125149474
9.0,1.127762,0.5369118431828684
11.0,1.130146,0.5363520251710626
12.0,1.120846,0.5313516943908246
8.0,1.127854,0.5331036215106565
11.0,1.131258,0.5365576081322981
11.0,1.131258,0.5365576081322981
6.0,1.14318,0.5407660828464985
13.0,1.101223,0.5258557765294526
12.0,1.109633,0.5279580890732508
12.0,1.109633,0.5279580890732508
11.0,1.121217,0.5308539063495264
12.0,1.109633,0.5279580890732508
9.0,1.118043,0.530060401617049
11.0,1.121217,0.5308539063495264
12.0,1.109633,0.5279580890732508
9.0,1.118043,0.530060401617049
11.0,1.121217,0.5308539063495264
11.0,1.121217,0.5308539063495264
5.0,1.134863,0.5342650267046455
13.0,1.179588,0.5503984145316203
10.0,1.187998,0.5525007270754184
15.0,0.153831,0.05358489946740952
13.0,0.162241,0.0556872120112077
13.0,0.162241,0.0556872120112077
11.0,0.173826,0.05858302928748324
13.0,0.224292,0.07420706539464648
11.0,0.259596,0.08451839768175301
12.0,0.188625,0.07033038980698404
9.0,0.197035,0.07243270235078222
11.0,0.223472,0.08629624725884344
13.0,1.179588,0.5503984145316201
10.0,1.187998,0.5525007270754183
15.0,0.128824,0.05290832178983513
14.0,0.136487,0.05673955245775613
14.0,0.137234,0.055010634333633304
14.0,0.136487,0.05673955245775612
14.0,0.147646,0.06021654807510669
14.0,0.136487,0.056739552457756116
11.0,0.14415,0.06057078312567712
14.0,0.135832,0.05466024890966694
11.0,0.144242,0.056762561453465116
14.0,0.146534,0.06001096511387137
14.0,0.136487,0.056739552457756116
13.0,0.14415,0.06057078312567712
13.0,0.147646,0.0602165480751067
14.0,0.146534,0.06001096511387136
10.0,0.159568,0.06442502278930712
10.0,0.259993,0.10460171940240295
19.0,1.039756,0.5064155191888852
18.0,1.047419,0.5102467498568061
18.0,1.048166,0.5085178317326833
18.0,1.047419,0.5102467498568061
19.0,1.058579,0.5137237454741568
18.0,1.047419,0.510246749856806
16.0,1.055082,0.514077980524727
18.0,1.046764,0.5081674463087169
16.0,1.055174,0.5102697588525151
19.0,1.057466,0.5135181625129214
18.0,1.047419,0.5102467498568061
17.0,1.055082,0.514077980524727
18.0,1.058579,0.5137237454741567
18.0,1.057466,0.5135181625129213
15.0,1.0705,0.517932220188357
18.0,1.048166,0.5085178317326834
17.0,1.055829,0.5123490624006043
17.0,1.055174,0.5102697588525151
17.0,1.055829,0.5123490624006043
17.0,1.065876,0.5156204750567195
19.0,1.058579,0.5137237454741569
18.0,1.066242,0.5175549761420778
19.0,1.059751,0.5114136490089589
17.0,1.066759,0.5131655761287908
19.0,1.058579,0.5137237454741568
17.0,1.066242,0.5175549761420777
18.0,1.071926,0.5175011172951932
18.0,1.046764,0.508167446308717
17.0,1.055174,0.5102697588525151
17.0,1.054427,0.5119986769766378
17.0,1.054427,0.5119986769766379
17.0,1.065587,0.5154756725939885
15.0,1.055174,0.5102697588525152
14.0,1.062837,0.5141009895204361
17.0,1.066759,0.5131655761287908
17.0,1.065587,0.5154756725939886
15.0,1.078934,0.5192530444150251
19.0,1.057466,0.5135181625129214
18.0,1.065129,0.5173493931808423
18.0,1.047419,0.5102467498568061
17.0,1.055082,0.514077980524727
17.0,1.055829,0.5123490624006042
17.0,1.055082,0.514077980524727
17.0,1.066242,0.5175549761420777
17.0,1.055082,0.5140779805247269
15.0,1.062745,0.5179092111926479
17.0,1.054427,0.5119986769766378
15.0,1.062837,0.514100989520436
17.0,1.065129,0.5173493931808423
17.0,1.055082,0.514077980524727
14.0,1.062745,0.5179092111926479
16.0,1.066242,0.5175549761420776
16.0,1.065129,0.5173493931808422
12.0,1.078163,0.521763450856278
19.0,1.058579,0.5137237454741569
18.0,1.066242,0.5175549761420778
18.0,1.065587,0.5154756725939886
17.0,1.066242,0.5175549761420778
16.0,1.076289,0.520826388798193
19.0,1.051586,0.5135181625129214
18.0,1.059996,0.5156204750567195
18.0,1.059249,0.5173493931808422
17.0,1.059249,0.5173493931808423
16.0,1.070409,0.5208263887981929
14.0,1.0705,0.517932220188357
12.0,1.078163,0.521763450856278
19.0,1.057466,0.5135181625129213
17.0,1.065876,0.5156204750567195
17.0,1.065129,0.5173493931808422
13.0,1.076289,0.5208263887981929
16.0,1.08521,0.5223905259685867
19.0,1.056417,0.5105806273722799
17.0,1.064827,0.5126829399160782
17.0,1.064827,0.5126829399160782
13.0,1.076412,0.5155787571923538
16.0,1.083581,0.5220589222621299
18.0,1.06912,0.5169315495656575
15.0,1.07753,0.5190338621094557
10.0,1.099401,0.5270724491961166
15.0,1.112436,0.5292493818470261
14.0,1.120099,0.533080612514947
14.0,1.120846,0.5313516943908243
14.0,1.120099,0.5330806125149471
13.0,1.131258,0.5365576081322978
14.0,1.120099,0.533080612514947
11.0,1.127762,0.536911843182868
14.0,1.119444,0.5310013089668579
11.0,1.127854,0.5331036215106562
13.0,1.130146,0.5363520251710623
14.0,1.120099,0.5330806125149471
11.0,1.127762,0.536911843182868
13.0,1.131258,0.5365576081322977
13.0,1.130146,0.5363520251710623
8.0,1.14318,0.540766082846498
9.0,1.185203,0.5520835553145045
6.0,1.192866,0.5559147859824254
13.0,1.190818,0.553747251668251
10.0,1.197826,0.5554991787880829
15.0,0.153831,0.053584899467409526
13.0,0.162241,0.05568721201120771
13.0,0.162241,0.0556872120112077
11.0,0.173826,0.05858302928748324
13.0,0.224292,0.0742070653946465
11.0,0.259596,0.08451839768175301
12.0,0.188625,0.07033038980698406
9.0,0.197035,0.07243270235078222
11.0,0.223472,0.0862962472588435
13.0,1.179588,0.5503984145316203
10.0,1.187998,0.5525007270754184
12.0,0.128824,0.05290832178983509
11.0,0.136487,0.05673955245775609
11.0,0.137234,0.05501063433363327
12.0,0.147646,0.06021654807510666
11.0,0.135832,0.0546602489096669
8.0,0.144242,0.05676256145346508
12.0,0.146534,0.060010965113871335
11.0,0.136487,0.05673955245775609
10.0,0.14415,0.06057078312567709
12.0,0.147646,0.06021654807510666
12.0,0.140654,0.060010965113871335
7.0,0.159568,0.06442502278930709
12.0,0.199285,0.07353048771707206
9.0,0.206293,0.07528241483690387
8.0,0.259993,0.10460171940240293
11.0,0.188625,0.07033038980698406
8.0,0.197035,0.07243270235078222
8.0,0.259086,0.09095255573422104
10.0,0.223472,0.0862962472588435
10.0,0.223472,0.0862962472588435
5.0,0.258371,0.10176066182992714
12.0,1.112436,0.529249381847026
11.0,1.120099,0.5330806125149469
11.0,1.120846,0.5313516943908242
12.0,1.131258,0.5365576081322977
11.0,1.119444,0.5310013089668578
8.0,1.127854,0.533103621510656
12.0,1.130146,0.5363520251710622
11.0,1.120099,0.5330806125149469
9.0,1.127762,0.5369118431828678
12.0,1.131258,0.5365576081322977
12.0,1.124266,0.5363520251710622
6.0,1.14318,0.5407660828464979
9.0,1.185203,0.5520835553145045
6.0,1.192866,0.5559147859824254
13.0,1.190818,0.553747251668251
10.0,1.197826,0.5554991787880829
12.0,1.179588,0.5503984145316203
9.0,1.187998,0.5525007270754185
9.0,1.185203,0.5520835553145045
6.0,1.192866,0.5559147859824254
2.0,1.258056,0.5749182027956274
