complexity,cost,feature_based_cost
18.0,0.0,0.0
17.0,0.01522,0.0042615219721329044
17.0,0.0,0.00045659163987138256
20.0,0.01522,0.004718113612004287
17.0,0.0,0.00045659163987138256
16.0,0.0,0.0009131832797427651
20.0,0.01522,0.004718113612004287
17.0,0.01522,0.0042615219721329044
16.0,0.03044,0.008523043944265809
20.0,0.01522,0.004718113612004287
20.0,0.01522,0.004718113612004287
15.0,0.03044,0.009436227224008574
17.0,0.01522,0.0042615219721329044
17.0,0.01522,0.004718113612004287
16.0,0.03044,0.008523043944265809
19.0,0.03044,0.008979635584137191
17.0,0.0,0.0
16.0,0.01522,0.0042615219721329044
17.0,0.0,0.00045659163987138256
20.0,0.01522,0.004718113612004287
18.0,0.01522,0.004718113612004287
17.0,0.01522,0.0051747052518756696
20.0,0.01522,0.0042615219721329044
19.0,0.03044,0.008523043944265809
17.0,0.01522,0.0042615219721329044
15.0,0.03044,0.008523043944265809
17.0,0.01522,0.004718113612004287
16.0,0.01522,0.0042615219721329044
16.0,0.03044,0.008979635584137191
16.0,0.03044,0.008523043944265809
14.0,0.04566,0.012784565916398713
19.0,0.03044,0.008979635584137191
19.0,0.03044,0.008523043944265809
17.0,0.01522,0.0042615219721329044
16.0,0.03044,0.008523043944265809
16.0,0.01522,0.004718113612004287
19.0,0.03044,0.008979635584137191
16.0,0.01522,0.004718113612004287
15.0,0.01522,0.0051747052518756696
19.0,0.03044,0.008979635584137191
16.0,0.03044,0.008523043944265809
15.0,0.04566,0.012784565916398713
19.0,0.03044,0.008979635584137191
19.0,0.03044,0.008979635584137191
14.0,0.04566,0.013697749196141478
14.0,0.06088,0.017046087888531614
13.0,0.0761,0.021307609860664517
19.0,0.01522,0.0042615219721329044
18.0,0.03044,0.008523043944265809
19.0,0.01522,0.004718113612004287
20.0,0.03044,0.008979635584137191
17.0,0.0,0.0
16.0,0.01522,0.0042615219721329044
17.0,0.0,0.00045659163987138256
15.0,0.0,0.0
16.0,0.01522,0.004718113612004287
16.0,0.01522,0.0042615219721329044
14.0,0.01522,0.0042615219721329044
20.0,0.01522,0.004718113612004287
18.0,0.01522,0.004718113612004287
16.0,0.03044,0.008979635584137191
17.0,0.01522,0.0051747052518756696
16.0,0.01522,0.004718113612004287
15.0,0.03044,0.009436227224008574
19.0,0.01522,0.0042615219721329044
18.0,0.03044,0.008523043944265809
19.0,0.01522,0.004718113612004287
20.0,0.03044,0.008979635584137191
20.0,0.01522,0.0042615219721329044
19.0,0.03044,0.008523043944265809
19.0,0.03044,0.008523043944265809
14.0,0.03044,0.008523043944265809
13.0,0.04566,0.012784565916398713
14.0,0.0761,0.022220793140407282
17.0,0.0,0.0
16.0,0.01522,0.0042615219721329044
16.0,0.0,0.0
18.0,0.01522,0.0042615219721329044
16.0,0.0,0.0
14.0,0.0,0.0
18.0,0.01522,0.0042615219721329044
16.0,0.01522,0.0042615219721329044
15.0,0.03044,0.008523043944265809
19.0,0.01522,0.0042615219721329044
19.0,0.01522,0.0042615219721329044
13.0,0.03044,0.008523043944265809
17.0,0.01522,0.0042615219721329044
15.0,0.01522,0.0042615219721329044
16.0,0.03044,0.008523043944265809
18.0,0.03044,0.008523043944265809
17.0,0.0,0.00045659163987138256
16.0,0.01522,0.004718113612004287
16.0,0.0,0.00045659163987138256
18.0,0.01522,0.004718113612004287
17.0,0.01522,0.004718113612004287
15.0,0.01522,0.004718113612004287
20.0,0.01522,0.004718113612004287
19.0,0.03044,0.008979635584137191
20.0,0.01522,0.0042615219721329044
19.0,0.03044,0.008523043944265809
19.0,0.01522,0.0042615219721329044
17.0,0.03044,0.008523043944265809
19.0,0.01522,0.0042615219721329044
17.0,0.01522,0.0042615219721329044
19.0,0.03044,0.008523043944265809
19.0,0.03044,0.008523043944265809
17.0,0.04566,0.012784565916398713
20.0,0.03044,0.008523043944265809
21.0,0.03044,0.008523043944265809
15.0,0.04566,0.012784565916398713
17.0,0.0,0.00045659163987138256
16.0,0.01522,0.004718113612004287
16.0,0.0,0.0009131832797427651
19.0,0.01522,0.0051747052518756696
16.0,0.0,0.0009131832797427651
15.0,0.0,0.0013697749196141477
19.0,0.01522,0.0051747052518756696
16.0,0.01522,0.004718113612004287
15.0,0.03044,0.008979635584137191
19.0,0.01522,0.0051747052518756696
19.0,0.01522,0.0051747052518756696
14.0,0.03044,0.009892818863879957
16.0,0.01522,0.004718113612004287
15.0,0.01522,0.0051747052518756696
15.0,0.03044,0.008979635584137191
18.0,0.03044,0.009436227224008574
16.0,0.0,0.00045659163987138256
15.0,0.01522,0.004718113612004287
15.0,0.0,0.0009131832797427651
18.0,0.01522,0.0051747052518756696
16.0,0.01522,0.0051747052518756696
15.0,0.01522,0.005631296891747052
19.0,0.01522,0.004718113612004287
18.0,0.03044,0.008979635584137191
18.0,0.01522,0.004718113612004287
16.0,0.03044,0.008979635584137191
17.0,0.01522,0.0051747052518756696
16.0,0.01522,0.004718113612004287
17.0,0.03044,0.009436227224008574
17.0,0.03044,0.008979635584137191
15.0,0.04566,0.013241157556270096
20.0,0.03044,0.009436227224008574
19.0,0.03044,0.008979635584137191
19.0,0.01522,0.004718113612004287
18.0,0.03044,0.008979635584137191
18.0,0.01522,0.0051747052518756696
17.0,0.03044,0.009436227224008574
18.0,0.01522,0.0051747052518756696
17.0,0.01522,0.005631296891747052
19.0,0.03044,0.009436227224008574
18.0,0.03044,0.008979635584137191
16.0,0.04566,0.013241157556270096
19.0,0.03044,0.009436227224008574
20.0,0.03044,0.009436227224008574
15.0,0.04566,0.014154340836012861
17.0,0.01522,0.0042615219721329044
16.0,0.03044,0.008523043944265809
17.0,0.01522,0.004718113612004287
17.0,0.01522,0.0042615219721329044
17.0,0.03044,0.008979635584137191
16.0,0.03044,0.008523043944265809
16.0,0.03044,0.008523043944265809
19.0,0.03044,0.008979635584137191
16.0,0.03044,0.008523043944265809
14.0,0.04566,0.012784565916398713
16.0,0.03044,0.008979635584137191
15.0,0.03044,0.008523043944265809
15.0,0.04566,0.013241157556270096
16.0,0.03044,0.008523043944265809
15.0,0.04566,0.012784565916398713
16.0,0.03044,0.008979635584137191
18.0,0.04566,0.013241157556270096
13.0,0.0761,0.021307609860664517
19.0,0.03044,0.008523043944265809
18.0,0.04566,0.012784565916398713
18.0,0.01522,0.004718113612004287
17.0,0.03044,0.008979635584137191
17.0,0.01522,0.0051747052518756696
17.0,0.01522,0.004718113612004287
18.0,0.03044,0.009436227224008574
17.0,0.03044,0.008979635584137191
16.0,0.03044,0.009436227224008574
19.0,0.03044,0.008979635584137191
18.0,0.01522,0.004718113612004287
16.0,0.03044,0.008979635584137191
17.0,0.01522,0.0051747052518756696
16.0,0.01522,0.004718113612004287
17.0,0.03044,0.009436227224008574
17.0,0.03044,0.008979635584137191
15.0,0.03044,0.008979635584137191
20.0,0.03044,0.009436227224008574
15.0,0.03044,0.009436227224008574
13.0,0.04566,0.013697749196141478
14.0,0.03044,0.009892818863879957
13.0,0.03044,0.009436227224008574
14.0,0.04566,0.014154340836012861
15.0,0.0761,0.022220793140407282
17.0,0.0,0.0
17.0,0.01522,0.0042615219721329044
17.0,0.0,0.00045659163987138256
16.0,0.0,0.0
17.0,0.01522,0.004718113612004287
15.0,0.0,0.0
14.0,0.0,0.0
16.0,0.0,0.00045659163987138256
15.0,0.0,0.0009131832797427651
16.0,0.01522,0.004718113612004287
16.0,0.01522,0.0042615219721329044
15.0,0.03044,0.008523043944265809
16.0,0.01522,0.004718113612004287
16.0,0.01522,0.004718113612004287
13.0,0.03044,0.009436227224008574
16.0,0.01522,0.0042615219721329044
16.0,0.01522,0.004718113612004287
14.0,0.01522,0.0042615219721329044
15.0,0.03044,0.008523043944265809
15.0,0.03044,0.008979635584137191
18.0,0.01522,0.0042615219721329044
16.0,0.01522,0.0042615219721329044
18.0,0.01522,0.004718113612004287
17.0,0.01522,0.0051747052518756696
16.0,0.0,0.0
15.0,0.01522,0.0042615219721329044
16.0,0.0,0.00045659163987138256
14.0,0.0,0.0
15.0,0.01522,0.004718113612004287
14.0,0.0,0.0
12.0,0.0,0.0
14.0,0.0,0.00045659163987138256
14.0,0.0,0.0009131832797427651
14.0,0.01522,0.004718113612004287
15.0,0.01522,0.0042615219721329044
14.0,0.03044,0.008523043944265809
15.0,0.01522,0.004718113612004287
14.0,0.01522,0.004718113612004287
11.0,0.03044,0.009436227224008574
18.0,0.01522,0.0042615219721329044
18.0,0.01522,0.004718113612004287
16.0,0.01522,0.0042615219721329044
17.0,0.03044,0.008523043944265809
17.0,0.03044,0.008979635584137191
16.0,0.01522,0.0042615219721329044
16.0,0.03044,0.008523043944265809
14.0,0.01522,0.0042615219721329044
15.0,0.01522,0.004718113612004287
15.0,0.03044,0.008979635584137191
15.0,0.03044,0.008523043944265809
13.0,0.03044,0.008523043944265809
17.0,0.03044,0.008979635584137191
20.0,0.01522,0.004718113612004287
19.0,0.03044,0.008979635584137191
18.0,0.01522,0.0051747052518756696
18.0,0.03044,0.009436227224008574
19.0,0.01522,0.0042615219721329044
17.0,0.01522,0.0042615219721329044
19.0,0.01522,0.0042615219721329044
18.0,0.03044,0.008523043944265809
17.0,0.01522,0.0042615219721329044
17.0,0.01522,0.004718113612004287
17.0,0.03044,0.008979635584137191
13.0,0.03044,0.008523043944265809
11.0,0.03044,0.008523043944265809
20.0,0.01522,0.0042615219721329044
19.0,0.03044,0.008523043944265809
19.0,0.01522,0.0042615219721329044
19.0,0.03044,0.008523043944265809
19.0,0.01522,0.0042615219721329044
17.0,0.01522,0.0042615219721329044
17.0,0.03044,0.008523043944265809
19.0,0.03044,0.008523043944265809
17.0,0.04566,0.012784565916398713
21.0,0.03044,0.008523043944265809
20.0,0.03044,0.008523043944265809
15.0,0.04566,0.012784565916398713
19.0,0.01522,0.004718113612004287
17.0,0.01522,0.004718113612004287
18.0,0.03044,0.008979635584137191
18.0,0.03044,0.008979635584137191
19.0,0.03044,0.008979635584137191
17.0,0.04566,0.013241157556270096
19.0,0.03044,0.008523043944265809
18.0,0.04566,0.012784565916398713
18.0,0.03044,0.008523043944265809
16.0,0.04566,0.012784565916398713
19.0,0.03044,0.008979635584137191
17.0,0.03044,0.008979635584137191
17.0,0.0,0.00045659163987138256
16.0,0.01522,0.004718113612004287
16.0,0.0,0.0009131832797427651
16.0,0.0,0.00045659163987138256
16.0,0.01522,0.0051747052518756696
16.0,0.0,0.00045659163987138256
14.0,0.0,0.00045659163987138256
14.0,0.0,0.0009131832797427651
13.0,0.0,0.0013697749196141477
15.0,0.01522,0.0051747052518756696
16.0,0.01522,0.004718113612004287
14.0,0.03044,0.008979635584137191
16.0,0.01522,0.0051747052518756696
15.0,0.01522,0.0051747052518756696
12.0,0.03044,0.009892818863879957
16.0,0.01522,0.004718113612004287
15.0,0.01522,0.004718113612004287
13.0,0.01522,0.0051747052518756696
15.0,0.03044,0.008979635584137191
14.0,0.03044,0.009436227224008574
19.0,0.01522,0.0051747052518756696
16.0,0.01522,0.005631296891747052
19.0,0.01522,0.004718113612004287
17.0,0.01522,0.004718113612004287
16.0,0.0,0.0009131832797427651
15.0,0.01522,0.0051747052518756696
15.0,0.0,0.0013697749196141477
15.0,0.0,0.0009131832797427651
15.0,0.01522,0.005631296891747052
15.0,0.0,0.0009131832797427651
14.0,0.0,0.0009131832797427651
13.0,0.0,0.0013697749196141477
12.0,0.0,0.0018263665594855302
14.0,0.01522,0.005631296891747052
15.0,0.01522,0.0051747052518756696
14.0,0.03044,0.009436227224008574
15.0,0.01522,0.005631296891747052
14.0,0.01522,0.005631296891747052
11.0,0.03044,0.010349410503751339
19.0,0.01522,0.0051747052518756696
18.0,0.01522,0.0051747052518756696
16.0,0.01522,0.005631296891747052
18.0,0.03044,0.009436227224008574
17.0,0.03044,0.009892818863879957
16.0,0.01522,0.004718113612004287
15.0,0.03044,0.008979635584137191
15.0,0.01522,0.004718113612004287
13.0,0.01522,0.0051747052518756696
14.0,0.03044,0.009436227224008574
15.0,0.03044,0.008979635584137191
12.0,0.03044,0.009436227224008574
18.0,0.03044,0.008979635584137191
19.0,0.01522,0.0051747052518756696
16.0,0.01522,0.005631296891747052
19.0,0.01522,0.0051747052518756696
18.0,0.03044,0.009436227224008574
18.0,0.01522,0.0051747052518756696
16.0,0.01522,0.005631296891747052
17.0,0.03044,0.009892818863879957
14.0,0.03044,0.009892818863879957
11.0,0.03044,0.010349410503751339
19.0,0.01522,0.004718113612004287
18.0,0.03044,0.008979635584137191
17.0,0.01522,0.004718113612004287
18.0,0.03044,0.008979635584137191
18.0,0.01522,0.004718113612004287
16.0,0.03044,0.008979635584137191
17.0,0.01522,0.0051747052518756696
16.0,0.01522,0.004718113612004287
17.0,0.03044,0.009436227224008574
16.0,0.01522,0.004718113612004287
14.0,0.01522,0.004718113612004287
15.0,0.01522,0.0051747052518756696
14.0,0.01522,0.005631296891747052
13.0,0.03044,0.009436227224008574
16.0,0.03044,0.008979635584137191
14.0,0.04566,0.013241157556270096
17.0,0.03044,0.009436227224008574
15.0,0.03044,0.009436227224008574
12.0,0.04566,0.014154340836012861
17.0,0.03044,0.008979635584137191
15.0,0.04566,0.013241157556270096
15.0,0.03044,0.008979635584137191
14.0,0.03044,0.009436227224008574
12.0,0.04566,0.013697749196141478
20.0,0.03044,0.009436227224008574
17.0,0.03044,0.009892818863879957
19.0,0.03044,0.008979635584137191
17.0,0.03044,0.008979635584137191
19.0,0.01522,0.004718113612004287
18.0,0.03044,0.008979635584137191
18.0,0.01522,0.0051747052518756696
19.0,0.03044,0.009436227224008574
18.0,0.01522,0.0051747052518756696
17.0,0.01522,0.005631296891747052
17.0,0.03044,0.009436227224008574
18.0,0.03044,0.008979635584137191
16.0,0.04566,0.013241157556270096
20.0,0.03044,0.009436227224008574
19.0,0.03044,0.009436227224008574
15.0,0.04566,0.014154340836012861
18.0,0.01522,0.004718113612004287
17.0,0.01522,0.0051747052518756696
17.0,0.03044,0.008979635584137191
18.0,0.03044,0.009436227224008574
19.0,0.03044,0.008979635584137191
17.0,0.04566,0.013241157556270096
18.0,0.03044,0.008979635584137191
17.0,0.04566,0.013241157556270096
17.0,0.03044,0.009436227224008574
16.0,0.04566,0.013697749196141478
18.0,0.03044,0.009436227224008574
17.0,0.03044,0.009892818863879957
17.0,0.01522,0.0042615219721329044
16.0,0.03044,0.008523043944265809
17.0,0.01522,0.004718113612004287
17.0,0.01522,0.0042615219721329044
17.0,0.03044,0.008979635584137191
16.0,0.01522,0.0042615219721329044
15.0,0.01522,0.0042615219721329044
16.0,0.01522,0.004718113612004287
15.0,0.01522,0.0051747052518756696
16.0,0.03044,0.008979635584137191
15.0,0.03044,0.008523043944265809
14.0,0.04566,0.012784565916398713
16.0,0.03044,0.008979635584137191
16.0,0.03044,0.008979635584137191
13.0,0.04566,0.013697749196141478
16.0,0.03044,0.008523043944265809
16.0,0.03044,0.008523043944265809
15.0,0.03044,0.008979635584137191
14.0,0.04566,0.012784565916398713
15.0,0.04566,0.013241157556270096
19.0,0.03044,0.008979635584137191
18.0,0.03044,0.009436227224008574
19.0,0.03044,0.008523043944265809
18.0,0.03044,0.008523043944265809
16.0,0.03044,0.008523043944265809
14.0,0.04566,0.012784565916398713
16.0,0.03044,0.008979635584137191
15.0,0.03044,0.008523043944265809
15.0,0.04566,0.013241157556270096
15.0,0.03044,0.008523043944265809
14.0,0.03044,0.008523043944265809
14.0,0.03044,0.008979635584137191
14.0,0.03044,0.009436227224008574
14.0,0.04566,0.013241157556270096
14.0,0.04566,0.012784565916398713
12.0,0.06088,0.017046087888531618
15.0,0.04566,0.013241157556270096
14.0,0.04566,0.013241157556270096
11.0,0.06088,0.017959271168274383
16.0,0.03044,0.008523043944265809
16.0,0.03044,0.008979635584137191
15.0,0.03044,0.008523043944265809
14.0,0.04566,0.012784565916398713
15.0,0.04566,0.013241157556270096
15.0,0.04566,0.012784565916398713
13.0,0.06088,0.017046087888531618
18.0,0.04566,0.013241157556270096
18.0,0.04566,0.012784565916398713
13.0,0.0761,0.021307609860664517
11.0,0.09132,0.025569131832797423
19.0,0.03044,0.008523043944265809
18.0,0.04566,0.012784565916398713
17.0,0.03044,0.008523043944265809
16.0,0.04566,0.012784565916398713
18.0,0.03044,0.008979635584137191
17.0,0.04566,0.013241157556270096
17.0,0.03044,0.009436227224008574
16.0,0.04566,0.013697749196141478
13.0,0.09132,0.02648231511254019
18.0,0.01522,0.004718113612004287
17.0,0.03044,0.008979635584137191
17.0,0.01522,0.0051747052518756696
17.0,0.01522,0.004718113612004287
18.0,0.03044,0.009436227224008574
16.0,0.01522,0.004718113612004287
15.0,0.01522,0.004718113612004287
16.0,0.01522,0.0051747052518756696
15.0,0.01522,0.005631296891747052
17.0,0.03044,0.009436227224008574
16.0,0.03044,0.008979635584137191
15.0,0.04566,0.013241157556270096
15.0,0.03044,0.009436227224008574
17.0,0.03044,0.009436227224008574
14.0,0.04566,0.014154340836012861
17.0,0.03044,0.008979635584137191
16.0,0.03044,0.009436227224008574
15.0,0.03044,0.008979635584137191
15.0,0.04566,0.013241157556270096
14.0,0.04566,0.013697749196141478
19.0,0.03044,0.008979635584137191
17.0,0.03044,0.008979635584137191
18.0,0.03044,0.009436227224008574
17.0,0.03044,0.009892818863879957
18.0,0.01522,0.004718113612004287
16.0,0.03044,0.008979635584137191
17.0,0.01522,0.0051747052518756696
16.0,0.01522,0.004718113612004287
17.0,0.03044,0.009436227224008574
16.0,0.01522,0.004718113612004287
14.0,0.01522,0.004718113612004287
15.0,0.01522,0.0051747052518756696
14.0,0.01522,0.005631296891747052
15.0,0.03044,0.009436227224008574
16.0,0.03044,0.008979635584137191
14.0,0.04566,0.013241157556270096
17.0,0.03044,0.009436227224008574
13.0,0.03044,0.009436227224008574
12.0,0.04566,0.014154340836012861
17.0,0.03044,0.008979635584137191
15.0,0.03044,0.008979635584137191
14.0,0.03044,0.009436227224008574
15.0,0.04566,0.013241157556270096
12.0,0.04566,0.013697749196141478
20.0,0.03044,0.009436227224008574
17.0,0.03044,0.009892818863879957
19.0,0.03044,0.008979635584137191
17.0,0.03044,0.008979635584137191
15.0,0.03044,0.009436227224008574
13.0,0.04566,0.013697749196141478
14.0,0.03044,0.009892818863879957
13.0,0.03044,0.009436227224008574
14.0,0.04566,0.014154340836012861
13.0,0.03044,0.009436227224008574
11.0,0.03044,0.009436227224008574
12.0,0.03044,0.009892818863879957
11.0,0.03044,0.010349410503751339
12.0,0.04566,0.014154340836012861
13.0,0.04566,0.013697749196141478
11.0,0.06088,0.017959271168274383
14.0,0.04566,0.014154340836012861
12.0,0.04566,0.014154340836012861
9.0,0.06088,0.018872454448017148
15.0,0.0761,0.022220793140407282
13.0,0.09132,0.02648231511254019
17.0,0.01522,0.0042615219721329044
16.0,0.03044,0.008523043944265809
16.0,0.01522,0.004718113612004287
19.0,0.03044,0.008979635584137191
16.0,0.01522,0.004718113612004287
15.0,0.01522,0.0051747052518756696
19.0,0.03044,0.008979635584137191
16.0,0.03044,0.008523043944265809
15.0,0.04566,0.012784565916398713
19.0,0.03044,0.008979635584137191
19.0,0.03044,0.008979635584137191
14.0,0.04566,0.013697749196141478
16.0,0.03044,0.008523043944265809
16.0,0.03044,0.008979635584137191
15.0,0.04566,0.012784565916398713
18.0,0.04566,0.013241157556270096
16.0,0.01522,0.0042615219721329044
15.0,0.03044,0.008523043944265809
16.0,0.01522,0.004718113612004287
19.0,0.03044,0.008979635584137191
17.0,0.03044,0.008979635584137191
16.0,0.03044,0.009436227224008574
19.0,0.03044,0.008523043944265809
17.0,0.04566,0.012784565916398713
16.0,0.03044,0.008523043944265809
14.0,0.04566,0.012784565916398713
16.0,0.03044,0.008979635584137191
15.0,0.03044,0.008523043944265809
15.0,0.04566,0.013241157556270096
15.0,0.04566,0.012784565916398713
13.0,0.06088,0.017046087888531618
18.0,0.04566,0.013241157556270096
18.0,0.04566,0.012784565916398713
15.0,0.03044,0.008523043944265809
14.0,0.04566,0.012784565916398713
15.0,0.03044,0.008979635584137191
16.0,0.04566,0.013241157556270096
15.0,0.03044,0.008979635584137191
14.0,0.03044,0.009436227224008574
16.0,0.04566,0.013241157556270096
14.0,0.04566,0.012784565916398713
11.0,0.06088,0.017046087888531618
16.0,0.04566,0.013241157556270096
16.0,0.04566,0.013241157556270096
10.0,0.06088,0.017959271168274383
13.0,0.0761,0.021307609860664517
10.0,0.09132,0.025569131832797423
18.0,0.03044,0.008523043944265809
16.0,0.04566,0.012784565916398713
18.0,0.03044,0.008979635584137191
18.0,0.04566,0.013241157556270096
16.0,0.01522,0.0042615219721329044
15.0,0.03044,0.008523043944265809
16.0,0.01522,0.004718113612004287
14.0,0.01522,0.0042615219721329044
15.0,0.03044,0.008979635584137191
15.0,0.03044,0.008523043944265809
13.0,0.03044,0.008523043944265809
19.0,0.03044,0.008979635584137191
17.0,0.03044,0.008979635584137191
15.0,0.04566,0.013241157556270096
16.0,0.03044,0.009436227224008574
15.0,0.03044,0.008979635584137191
14.0,0.04566,0.013697749196141478
18.0,0.03044,0.008523043944265809
16.0,0.04566,0.012784565916398713
18.0,0.03044,0.008979635584137191
18.0,0.04566,0.013241157556270096
19.0,0.03044,0.008523043944265809
17.0,0.04566,0.012784565916398713
18.0,0.04566,0.012784565916398713
13.0,0.04566,0.012784565916398713
10.0,0.06088,0.017046087888531618
11.0,0.09132,0.02648231511254019
19.0,0.01522,0.0042615219721329044
18.0,0.03044,0.008523043944265809
18.0,0.01522,0.0042615219721329044
18.0,0.03044,0.008523043944265809
18.0,0.01522,0.0042615219721329044
16.0,0.01522,0.0042615219721329044
19.0,0.03044,0.008523043944265809
18.0,0.03044,0.008523043944265809
16.0,0.04566,0.012784565916398713
17.0,0.03044,0.008523043944265809
19.0,0.03044,0.008523043944265809
14.0,0.04566,0.012784565916398713
19.0,0.03044,0.008523043944265809
17.0,0.03044,0.008523043944265809
18.0,0.04566,0.012784565916398713
16.0,0.04566,0.012784565916398713
19.0,0.01522,0.004718113612004287
18.0,0.03044,0.008979635584137191
18.0,0.01522,0.004718113612004287
18.0,0.03044,0.008979635584137191
19.0,0.03044,0.008979635584137191
17.0,0.03044,0.008979635584137191
20.0,0.03044,0.008979635584137191
18.0,0.04566,0.013241157556270096
19.0,0.01522,0.0042615219721329044
18.0,0.03044,0.008523043944265809
18.0,0.01522,0.0042615219721329044
19.0,0.03044,0.008523043944265809
18.0,0.01522,0.0042615219721329044
16.0,0.01522,0.0042615219721329044
18.0,0.03044,0.008523043944265809
18.0,0.03044,0.008523043944265809
16.0,0.04566,0.012784565916398713
19.0,0.03044,0.008523043944265809
17.0,0.03044,0.008523043944265809
14.0,0.04566,0.012784565916398713
19.0,0.03044,0.008523043944265809
17.0,0.03044,0.008523043944265809
18.0,0.04566,0.012784565916398713
16.0,0.04566,0.012784565916398713
19.0,0.01522,0.004718113612004287
18.0,0.03044,0.008979635584137191
18.0,0.01522,0.004718113612004287
18.0,0.03044,0.008979635584137191
19.0,0.03044,0.008979635584137191
17.0,0.03044,0.008979635584137191
20.0,0.03044,0.008979635584137191
18.0,0.04566,0.013241157556270096
14.0,0.03044,0.008523043944265809
13.0,0.04566,0.012784565916398713
13.0,0.03044,0.008523043944265809
14.0,0.04566,0.012784565916398713
13.0,0.03044,0.008523043944265809
11.0,0.03044,0.008523043944265809
14.0,0.04566,0.012784565916398713
13.0,0.04566,0.012784565916398713
10.0,0.06088,0.017046087888531618
15.0,0.04566,0.012784565916398713
15.0,0.04566,0.012784565916398713
8.0,0.06088,0.017046087888531618
19.0,0.01522,0.004718113612004287
18.0,0.03044,0.008979635584137191
18.0,0.01522,0.0051747052518756696
19.0,0.03044,0.009436227224008574
18.0,0.01522,0.0051747052518756696
17.0,0.01522,0.005631296891747052
20.0,0.03044,0.009436227224008574
18.0,0.03044,0.008979635584137191
16.0,0.04566,0.013241157556270096
17.0,0.03044,0.009436227224008574
19.0,0.03044,0.009436227224008574
15.0,0.04566,0.014154340836012861
18.0,0.03044,0.008979635584137191
17.0,0.03044,0.009436227224008574
17.0,0.04566,0.013241157556270096
16.0,0.04566,0.013697749196141478
18.0,0.01522,0.004718113612004287
17.0,0.03044,0.008979635584137191
17.0,0.01522,0.0051747052518756696
18.0,0.03044,0.009436227224008574
18.0,0.03044,0.009436227224008574
17.0,0.03044,0.009892818863879957
19.0,0.03044,0.008979635584137191
17.0,0.04566,0.013241157556270096
19.0,0.01522,0.004718113612004287
18.0,0.03044,0.008979635584137191
18.0,0.01522,0.0051747052518756696
20.0,0.03044,0.009436227224008574
18.0,0.01522,0.0051747052518756696
17.0,0.01522,0.005631296891747052
19.0,0.03044,0.009436227224008574
18.0,0.03044,0.008979635584137191
16.0,0.04566,0.013241157556270096
19.0,0.03044,0.009436227224008574
17.0,0.03044,0.009436227224008574
15.0,0.04566,0.014154340836012861
18.0,0.03044,0.008979635584137191
17.0,0.03044,0.009436227224008574
17.0,0.04566,0.013241157556270096
16.0,0.04566,0.013697749196141478
18.0,0.01522,0.004718113612004287
17.0,0.03044,0.008979635584137191
17.0,0.01522,0.0051747052518756696
18.0,0.03044,0.009436227224008574
18.0,0.03044,0.009436227224008574
17.0,0.03044,0.009892818863879957
19.0,0.03044,0.008979635584137191
17.0,0.04566,0.013241157556270096
13.0,0.03044,0.009436227224008574
12.0,0.04566,0.013697749196141478
12.0,0.03044,0.009892818863879957
14.0,0.04566,0.014154340836012861
12.0,0.03044,0.009892818863879957
11.0,0.03044,0.010349410503751339
14.0,0.04566,0.014154340836012861
12.0,0.04566,0.013697749196141478
9.0,0.06088,0.017959271168274383
14.0,0.04566,0.014154340836012861
14.0,0.04566,0.014154340836012861
8.0,0.06088,0.018872454448017148
12.0,0.0761,0.022220793140407282
9.0,0.09132,0.02648231511254019
14.0,0.06088,0.017046087888531614
13.0,0.0761,0.021307609860664517
13.0,0.0761,0.021307609860664517
13.0,0.0761,0.021307609860664517
11.0,0.09132,0.025569131832797423
13.0,0.0761,0.021307609860664517
10.0,0.09132,0.025569131832797423
8.0,0.12176,0.03409217577706323
14.0,0.0761,0.022220793140407282
11.0,0.09132,0.02648231511254019
15.0,0.0761,0.022220793140407282
13.0,0.09132,0.02648231511254019
15.0,0.0761,0.022220793140407282
13.0,0.09132,0.02648231511254019
12.0,0.0761,0.022220793140407282
9.0,0.09132,0.02648231511254019
6.0,0.12176,0.03591854233654876
21.0,0.056326,0.013375130505024837
20.0,0.071546,0.01763665247715774
20.0,0.056326,0.013375130505024837
23.0,0.071546,0.01763665247715774
20.0,0.056326,0.013375130505024837
18.0,0.056326,0.013375130505024837
23.0,0.071546,0.01763665247715774
20.0,0.071546,0.01763665247715774
19.0,0.086766,0.021898174449290646
24.0,0.071546,0.01763665247715774
24.0,0.071546,0.01763665247715774
17.0,0.086766,0.021898174449290646
20.0,0.056326,0.01383172214489622
19.0,0.056326,0.01383172214489622
19.0,0.071546,0.018093244117029124
23.0,0.071546,0.018093244117029124
23.0,0.071546,0.018093244117029124
21.0,0.086766,0.02235476608916203
20.0,0.071546,0.01763665247715774
19.0,0.086766,0.021898174449290646
20.0,0.071546,0.01763665247715774
23.0,0.086766,0.021898174449290646
21.0,0.071546,0.018093244117029124
19.0,0.071546,0.018093244117029124
20.0,0.056326,0.01383172214489622
19.0,0.056326,0.01383172214489622
17.0,0.056326,0.014288313784767602
19.0,0.071546,0.018093244117029124
18.0,0.071546,0.018549835756900505
19.0,0.071546,0.018093244117029124
16.0,0.071546,0.018549835756900505
23.0,0.071546,0.018093244117029124
23.0,0.071546,0.018093244117029124
22.0,0.086766,0.02235476608916203
21.0,0.086766,0.02235476608916203
20.0,0.071546,0.01763665247715774
20.0,0.071546,0.01763665247715774
19.0,0.071546,0.018093244117029124
18.0,0.086766,0.021898174449290646
19.0,0.086766,0.02235476608916203
19.0,0.086766,0.021898174449290646
17.0,0.101986,0.02615969642142355
23.0,0.086766,0.021898174449290646
21.0,0.086766,0.02235476608916203
21.0,0.071546,0.018093244117029124
19.0,0.071546,0.018093244117029124
18.0,0.071546,0.018549835756900505
19.0,0.086766,0.02235476608916203
16.0,0.086766,0.02281135772903341
20.0,0.071546,0.01763665247715774
18.0,0.086766,0.021898174449290646
19.0,0.071546,0.01763665247715774
21.0,0.086766,0.021898174449290646
19.0,0.071546,0.01763665247715774
17.0,0.071546,0.01763665247715774
22.0,0.086766,0.021898174449290646
19.0,0.086766,0.021898174449290646
16.0,0.101986,0.02615969642142355
22.0,0.086766,0.021898174449290646
23.0,0.086766,0.021898174449290646
15.0,0.101986,0.02615969642142355
23.0,0.071546,0.018093244117029124
22.0,0.071546,0.018093244117029124
21.0,0.086766,0.02235476608916203
22.0,0.086766,0.02235476608916203
23.0,0.071546,0.018093244117029124
22.0,0.071546,0.018093244117029124
22.0,0.086766,0.02235476608916203
22.0,0.086766,0.02235476608916203
16.0,0.086766,0.02281135772903341
14.0,0.101986,0.027072879701166314
17.0,0.117206,0.03042121839355645
15.0,0.132426,0.03468274036568936
14.0,0.132426,0.035595923645432126
19.0,0.071546,0.01763665247715774
18.0,0.071546,0.01763665247715774
18.0,0.071546,0.018093244117029124
18.0,0.086766,0.021898174449290646
18.0,0.086766,0.02235476608916203
18.0,0.086766,0.021898174449290646
17.0,0.086766,0.02235476608916203
22.0,0.086766,0.021898174449290646
18.0,0.086766,0.021898174449290646
17.0,0.086766,0.021898174449290646
16.0,0.086766,0.02235476608916203
16.0,0.101986,0.02615969642142355
16.0,0.101986,0.02661628806129493
18.0,0.086766,0.021898174449290646
17.0,0.086766,0.021898174449290646
17.0,0.101986,0.02615969642142355
20.0,0.101986,0.02615969642142355
20.0,0.086766,0.02235476608916203
18.0,0.101986,0.02661628806129493
15.0,0.132426,0.03468274036568936
20.0,0.056326,0.01383172214489622
19.0,0.071546,0.018093244117029124
19.0,0.056326,0.014288313784767602
22.0,0.071546,0.018549835756900505
19.0,0.056326,0.014288313784767602
16.0,0.056326,0.014744905424638985
22.0,0.071546,0.018549835756900505
19.0,0.071546,0.018093244117029124
17.0,0.086766,0.02235476608916203
22.0,0.071546,0.018549835756900505
22.0,0.071546,0.018549835756900505
15.0,0.086766,0.02326794936890479
20.0,0.056326,0.01383172214489622
18.0,0.056326,0.014288313784767602
19.0,0.071546,0.018093244117029124
21.0,0.071546,0.018549835756900505
23.0,0.071546,0.018093244117029124
21.0,0.086766,0.02235476608916203
19.0,0.071546,0.018093244117029124
18.0,0.086766,0.02235476608916203
18.0,0.071546,0.018549835756900505
20.0,0.086766,0.02281135772903341
20.0,0.071546,0.018549835756900505
17.0,0.071546,0.019006427396771886
20.0,0.071546,0.018093244117029124
19.0,0.071546,0.018093244117029124
19.0,0.071546,0.018549835756900505
19.0,0.086766,0.02235476608916203
19.0,0.086766,0.02281135772903341
19.0,0.086766,0.02235476608916203
18.0,0.086766,0.02235476608916203
21.0,0.086766,0.02281135772903341
23.0,0.071546,0.018093244117029124
22.0,0.086766,0.02235476608916203
23.0,0.071546,0.018549835756900505
23.0,0.086766,0.02281135772903341
23.0,0.071546,0.018549835756900505
20.0,0.071546,0.019006427396771886
23.0,0.086766,0.02281135772903341
22.0,0.086766,0.02235476608916203
17.0,0.101986,0.02661628806129493
22.0,0.086766,0.02281135772903341
21.0,0.086766,0.02281135772903341
16.0,0.101986,0.027529471341037698
20.0,0.056326,0.013375130505024837
19.0,0.071546,0.01763665247715774
19.0,0.056326,0.013375130505024837
22.0,0.071546,0.01763665247715774
19.0,0.056326,0.013375130505024837
17.0,0.056326,0.013375130505024837
22.0,0.071546,0.01763665247715774
19.0,0.071546,0.01763665247715774
18.0,0.086766,0.021898174449290646
23.0,0.071546,0.01763665247715774
23.0,0.071546,0.01763665247715774
16.0,0.086766,0.021898174449290646
19.0,0.056326,0.01383172214489622
17.0,0.056326,0.01383172214489622
18.0,0.071546,0.018093244117029124
21.0,0.071546,0.018093244117029124
21.0,0.071546,0.018093244117029124
19.0,0.086766,0.02235476608916203
18.0,0.071546,0.01763665247715774
17.0,0.086766,0.021898174449290646
18.0,0.071546,0.01763665247715774
21.0,0.086766,0.021898174449290646
19.0,0.071546,0.018093244117029124
17.0,0.071546,0.018093244117029124
20.0,0.071546,0.018093244117029124
19.0,0.071546,0.018093244117029124
18.0,0.071546,0.018549835756900505
18.0,0.086766,0.02235476608916203
18.0,0.086766,0.02281135772903341
19.0,0.086766,0.02235476608916203
17.0,0.086766,0.02281135772903341
23.0,0.086766,0.02235476608916203
20.0,0.071546,0.018093244117029124
20.0,0.071546,0.018093244117029124
19.0,0.071546,0.018549835756900505
18.0,0.086766,0.02235476608916203
19.0,0.086766,0.02281135772903341
19.0,0.086766,0.02235476608916203
17.0,0.101986,0.02661628806129493
23.0,0.086766,0.02235476608916203
21.0,0.086766,0.02281135772903341
17.0,0.086766,0.02281135772903341
16.0,0.086766,0.02281135772903341
15.0,0.086766,0.02326794936890479
15.0,0.101986,0.027072879701166314
15.0,0.101986,0.027529471341037698
23.0,0.071546,0.01763665247715774
22.0,0.086766,0.021898174449290646
22.0,0.071546,0.01763665247715774
22.0,0.086766,0.021898174449290646
22.0,0.071546,0.01763665247715774
20.0,0.071546,0.01763665247715774
22.0,0.086766,0.021898174449290646
22.0,0.086766,0.021898174449290646
19.0,0.101986,0.02615969642142355
22.0,0.086766,0.021898174449290646
21.0,0.086766,0.021898174449290646
17.0,0.101986,0.02615969642142355
18.0,0.132426,0.035595923645432126
21.0,0.056326,0.013375130505024837
20.0,0.071546,0.01763665247715774
20.0,0.056326,0.013375130505024837
23.0,0.071546,0.01763665247715774
20.0,0.056326,0.013375130505024837
18.0,0.056326,0.013375130505024837
23.0,0.071546,0.01763665247715774
20.0,0.071546,0.01763665247715774
19.0,0.086766,0.021898174449290646
24.0,0.071546,0.01763665247715774
24.0,0.071546,0.01763665247715774
17.0,0.086766,0.021898174449290646
20.0,0.056326,0.01383172214489622
19.0,0.056326,0.01383172214489622
19.0,0.071546,0.018093244117029124
23.0,0.071546,0.018093244117029124
23.0,0.071546,0.018093244117029124
22.0,0.086766,0.02235476608916203
20.0,0.071546,0.01763665247715774
19.0,0.086766,0.021898174449290646
20.0,0.071546,0.01763665247715774
23.0,0.086766,0.021898174449290646
21.0,0.071546,0.018093244117029124
19.0,0.071546,0.018093244117029124
20.0,0.056326,0.01383172214489622
19.0,0.056326,0.01383172214489622
17.0,0.056326,0.014288313784767602
19.0,0.071546,0.018093244117029124
18.0,0.071546,0.018549835756900505
19.0,0.071546,0.018093244117029124
16.0,0.071546,0.018549835756900505
23.0,0.071546,0.018093244117029124
23.0,0.071546,0.018093244117029124
21.0,0.086766,0.02235476608916203
21.0,0.086766,0.02235476608916203
20.0,0.071546,0.01763665247715774
20.0,0.071546,0.01763665247715774
19.0,0.071546,0.018093244117029124
18.0,0.086766,0.021898174449290646
19.0,0.086766,0.02235476608916203
19.0,0.086766,0.021898174449290646
17.0,0.101986,0.02615969642142355
23.0,0.086766,0.021898174449290646
21.0,0.086766,0.02235476608916203
21.0,0.071546,0.018093244117029124
19.0,0.071546,0.018093244117029124
18.0,0.071546,0.018549835756900505
19.0,0.086766,0.02235476608916203
16.0,0.086766,0.02281135772903341
20.0,0.071546,0.01763665247715774
18.0,0.086766,0.021898174449290646
19.0,0.071546,0.01763665247715774
22.0,0.086766,0.021898174449290646
19.0,0.071546,0.01763665247715774
17.0,0.071546,0.01763665247715774
21.0,0.086766,0.021898174449290646
19.0,0.086766,0.021898174449290646
16.0,0.101986,0.02615969642142355
23.0,0.086766,0.021898174449290646
22.0,0.086766,0.021898174449290646
15.0,0.101986,0.02615969642142355
23.0,0.071546,0.018093244117029124
22.0,0.071546,0.018093244117029124
22.0,0.086766,0.02235476608916203
22.0,0.086766,0.02235476608916203
23.0,0.071546,0.018093244117029124
22.0,0.071546,0.018093244117029124
21.0,0.086766,0.02235476608916203
22.0,0.086766,0.02235476608916203
16.0,0.086766,0.02281135772903341
14.0,0.101986,0.027072879701166314
17.0,0.117206,0.03042121839355645
15.0,0.132426,0.03468274036568936
14.0,0.132426,0.035595923645432126
19.0,0.071546,0.01763665247715774
18.0,0.071546,0.01763665247715774
18.0,0.071546,0.018093244117029124
18.0,0.086766,0.021898174449290646
18.0,0.086766,0.02235476608916203
18.0,0.086766,0.021898174449290646
17.0,0.086766,0.02235476608916203
22.0,0.086766,0.021898174449290646
18.0,0.086766,0.021898174449290646
17.0,0.086766,0.021898174449290646
16.0,0.086766,0.02235476608916203
16.0,0.101986,0.02615969642142355
16.0,0.101986,0.02661628806129493
18.0,0.086766,0.021898174449290646
17.0,0.086766,0.021898174449290646
17.0,0.101986,0.02615969642142355
20.0,0.101986,0.02615969642142355
20.0,0.086766,0.02235476608916203
18.0,0.101986,0.02661628806129493
15.0,0.132426,0.03468274036568936
20.0,0.056326,0.01383172214489622
19.0,0.071546,0.018093244117029124
19.0,0.056326,0.014288313784767602
22.0,0.071546,0.018549835756900505
19.0,0.056326,0.014288313784767602
16.0,0.056326,0.014744905424638985
22.0,0.071546,0.018549835756900505
19.0,0.071546,0.018093244117029124
17.0,0.086766,0.02235476608916203
22.0,0.071546,0.018549835756900505
22.0,0.071546,0.018549835756900505
15.0,0.086766,0.02326794936890479
20.0,0.056326,0.01383172214489622
18.0,0.056326,0.014288313784767602
19.0,0.071546,0.018093244117029124
21.0,0.071546,0.018549835756900505
23.0,0.071546,0.018093244117029124
21.0,0.086766,0.02235476608916203
19.0,0.071546,0.018093244117029124
18.0,0.086766,0.02235476608916203
18.0,0.071546,0.018549835756900505
20.0,0.086766,0.02281135772903341
20.0,0.071546,0.018549835756900505
17.0,0.071546,0.019006427396771886
20.0,0.071546,0.018093244117029124
19.0,0.071546,0.018093244117029124
19.0,0.071546,0.018549835756900505
19.0,0.086766,0.02235476608916203
19.0,0.086766,0.02281135772903341
19.0,0.086766,0.02235476608916203
18.0,0.086766,0.02235476608916203
21.0,0.086766,0.02281135772903341
23.0,0.071546,0.018093244117029124
22.0,0.086766,0.02235476608916203
23.0,0.071546,0.018549835756900505
23.0,0.086766,0.02281135772903341
23.0,0.071546,0.018549835756900505
20.0,0.071546,0.019006427396771886
23.0,0.086766,0.02281135772903341
22.0,0.086766,0.02235476608916203
17.0,0.101986,0.02661628806129493
21.0,0.086766,0.02281135772903341
22.0,0.086766,0.02281135772903341
16.0,0.101986,0.027529471341037698
20.0,0.056326,0.013375130505024837
19.0,0.071546,0.01763665247715774
19.0,0.056326,0.013375130505024837
22.0,0.071546,0.01763665247715774
19.0,0.056326,0.013375130505024837
17.0,0.056326,0.013375130505024837
22.0,0.071546,0.01763665247715774
19.0,0.071546,0.01763665247715774
18.0,0.086766,0.021898174449290646
23.0,0.071546,0.01763665247715774
23.0,0.071546,0.01763665247715774
16.0,0.086766,0.021898174449290646
19.0,0.056326,0.01383172214489622
17.0,0.056326,0.01383172214489622
18.0,0.071546,0.018093244117029124
21.0,0.071546,0.018093244117029124
21.0,0.071546,0.018093244117029124
19.0,0.086766,0.02235476608916203
18.0,0.071546,0.01763665247715774
17.0,0.086766,0.021898174449290646
18.0,0.071546,0.01763665247715774
21.0,0.086766,0.021898174449290646
19.0,0.071546,0.018093244117029124
17.0,0.071546,0.018093244117029124
20.0,0.071546,0.018093244117029124
19.0,0.071546,0.018093244117029124
18.0,0.071546,0.018549835756900505
18.0,0.086766,0.02235476608916203
18.0,0.086766,0.02281135772903341
19.0,0.086766,0.02235476608916203
17.0,0.086766,0.02281135772903341
23.0,0.086766,0.02235476608916203
20.0,0.071546,0.018093244117029124
20.0,0.071546,0.018093244117029124
19.0,0.071546,0.018549835756900505
18.0,0.086766,0.02235476608916203
19.0,0.086766,0.02281135772903341
19.0,0.086766,0.02235476608916203
17.0,0.101986,0.02661628806129493
23.0,0.086766,0.02235476608916203
21.0,0.086766,0.02281135772903341
17.0,0.086766,0.02281135772903341
16.0,0.086766,0.02281135772903341
15.0,0.086766,0.02326794936890479
15.0,0.101986,0.027072879701166314
15.0,0.101986,0.027529471341037698
23.0,0.071546,0.01763665247715774
22.0,0.086766,0.021898174449290646
22.0,0.071546,0.01763665247715774
22.0,0.086766,0.021898174449290646
22.0,0.071546,0.01763665247715774
20.0,0.071546,0.01763665247715774
22.0,0.086766,0.021898174449290646
22.0,0.086766,0.021898174449290646
19.0,0.101986,0.02615969642142355
21.0,0.086766,0.021898174449290646
22.0,0.086766,0.021898174449290646
17.0,0.101986,0.02615969642142355
18.0,0.132426,0.035595923645432126
17.0,0.112827,0.02683719721769997
16.0,0.128047,0.031098719189832875
17.0,0.112827,0.02683719721769997
20.0,0.128047,0.031098719189832875
17.0,0.112827,0.02683719721769997
15.0,0.112827,0.02683719721769997
20.0,0.128047,0.031098719189832875
16.0,0.128047,0.031098719189832875
15.0,0.143267,0.03536024116196578
21.0,0.128047,0.031098719189832875
21.0,0.128047,0.031098719189832875
14.0,0.143267,0.03536024116196578
17.0,0.112827,0.027293788857571354
15.0,0.112827,0.027293788857571354
16.0,0.128047,0.03155531082970426
19.0,0.128047,0.03155531082970426
19.0,0.128047,0.03155531082970426
17.0,0.143267,0.035816832801837166
16.0,0.128047,0.031098719189832875
15.0,0.143267,0.03536024116196578
16.0,0.128047,0.031098719189832875
19.0,0.143267,0.03536024116196578
17.0,0.128047,0.03155531082970426
16.0,0.128047,0.03155531082970426
17.0,0.112827,0.027293788857571354
15.0,0.112827,0.027293788857571354
14.0,0.112827,0.027750380497442734
15.0,0.128047,0.03155531082970426
15.0,0.128047,0.03201190246957564
16.0,0.128047,0.03155531082970426
13.0,0.128047,0.03201190246957564
19.0,0.128047,0.03155531082970426
19.0,0.128047,0.03155531082970426
17.0,0.143267,0.035816832801837166
17.0,0.143267,0.035816832801837166
16.0,0.128047,0.031098719189832875
16.0,0.128047,0.031098719189832875
15.0,0.128047,0.03155531082970426
14.0,0.143267,0.035360241161965775
15.0,0.143267,0.03581683280183716
15.0,0.143267,0.03536024116196578
13.0,0.158487,0.03962176313409868
19.0,0.143267,0.03536024116196578
17.0,0.143267,0.035816832801837166
17.0,0.128047,0.03155531082970426
16.0,0.128047,0.03155531082970426
15.0,0.128047,0.03201190246957564
15.0,0.143267,0.03581683280183716
13.0,0.143267,0.03627342444170854
16.0,0.128047,0.031098719189832875
14.0,0.143267,0.03536024116196578
16.0,0.128047,0.031098719189832875
18.0,0.143267,0.03536024116196578
16.0,0.128047,0.031098719189832875
14.0,0.128047,0.031098719189832875
18.0,0.143267,0.03536024116196578
15.0,0.143267,0.035360241161965775
11.0,0.158487,0.03962176313409868
19.0,0.143267,0.035360241161965775
19.0,0.143267,0.035360241161965775
11.0,0.158487,0.03962176313409868
19.0,0.128047,0.03155531082970426
18.0,0.128047,0.03155531082970426
17.0,0.143267,0.03581683280183716
17.0,0.143267,0.03581683280183716
19.0,0.128047,0.03155531082970426
18.0,0.128047,0.03155531082970426
17.0,0.143267,0.03581683280183716
17.0,0.143267,0.03581683280183716
13.0,0.143267,0.03627342444170854
10.0,0.158487,0.04053494641384145
13.0,0.173707,0.04388328510623159
10.0,0.188927,0.04814480707836449
10.0,0.188927,0.04905799035810726
20.0,0.112827,0.03591894496631948
17.0,0.128047,0.04018046693845238
19.0,0.112827,0.03637553660619086
19.0,0.112827,0.03591894496631948
18.0,0.128047,0.04063705857832377
19.0,0.112827,0.03591894496631948
17.0,0.112827,0.03591894496631948
19.0,0.112827,0.03637553660619086
17.0,0.112827,0.036832128246062246
18.0,0.128047,0.04063705857832377
19.0,0.128047,0.04018046693845238
16.0,0.143267,0.04444198891058529
19.0,0.128047,0.04063705857832377
19.0,0.128047,0.04063705857832377
15.0,0.143267,0.04535517219032806
19.0,0.128047,0.04018046693845238
16.0,0.143267,0.04444198891058529
18.0,0.128047,0.04018046693845238
18.0,0.128047,0.04063705857832377
17.0,0.143267,0.044898580550456674
22.0,0.128047,0.04063705857832377
21.0,0.128047,0.04109365021819515
23.0,0.128047,0.04018046693845238
21.0,0.128047,0.04018046693845238
19.0,0.128047,0.04018046693845238
16.0,0.143267,0.04444198891058529
18.0,0.128047,0.04063705857832377
18.0,0.128047,0.04018046693845238
17.0,0.143267,0.044898580550456674
17.0,0.128047,0.04018046693845238
16.0,0.128047,0.04018046693845238
17.0,0.128047,0.04063705857832377
16.0,0.128047,0.04109365021819515
16.0,0.143267,0.044898580550456674
17.0,0.143267,0.04444198891058529
14.0,0.158487,0.048703510882718196
17.0,0.143267,0.044898580550456674
17.0,0.143267,0.044898580550456674
13.0,0.158487,0.049616694162460964
19.0,0.128047,0.04018046693845238
16.0,0.143267,0.04444198891058529
18.0,0.128047,0.04063705857832377
18.0,0.128047,0.04018046693845238
17.0,0.143267,0.044898580550456674
17.0,0.143267,0.04444198891058529
14.0,0.158487,0.048703510882718196
20.0,0.143267,0.044898580550456674
20.0,0.143267,0.04444198891058529
22.0,0.128047,0.04018046693845238
20.0,0.128047,0.04018046693845238
20.0,0.143267,0.04444198891058529
17.0,0.143267,0.04444198891058529
21.0,0.128047,0.04063705857832377
20.0,0.128047,0.04109365021819515
19.0,0.143267,0.044898580550456674
17.0,0.143267,0.04535517219032806
15.0,0.173707,0.05296503285485109
12.0,0.188927,0.057226554826983994
14.0,0.188927,0.05813973810672676
20.0,0.112827,0.03591894496631948
17.0,0.128047,0.04018046693845238
19.0,0.112827,0.03637553660619086
19.0,0.112827,0.03591894496631948
18.0,0.128047,0.04063705857832377
19.0,0.112827,0.03591894496631948
17.0,0.112827,0.03591894496631948
19.0,0.112827,0.03637553660619086
17.0,0.112827,0.036832128246062246
18.0,0.128047,0.04063705857832377
19.0,0.128047,0.04018046693845238
16.0,0.143267,0.04444198891058529
19.0,0.128047,0.04063705857832377
19.0,0.128047,0.04063705857832377
15.0,0.143267,0.04535517219032806
19.0,0.128047,0.04018046693845238
16.0,0.143267,0.04444198891058529
18.0,0.128047,0.04018046693845238
18.0,0.128047,0.04063705857832377
17.0,0.143267,0.044898580550456674
22.0,0.128047,0.04063705857832377
21.0,0.128047,0.04109365021819515
23.0,0.128047,0.04018046693845238
21.0,0.128047,0.04018046693845238
19.0,0.128047,0.04018046693845238
16.0,0.143267,0.04444198891058529
18.0,0.128047,0.04063705857832377
18.0,0.128047,0.04018046693845238
17.0,0.143267,0.044898580550456674
17.0,0.128047,0.04018046693845238
16.0,0.128047,0.04018046693845238
17.0,0.128047,0.04063705857832377
16.0,0.128047,0.04109365021819515
16.0,0.143267,0.044898580550456674
17.0,0.143267,0.04444198891058529
14.0,0.158487,0.048703510882718196
17.0,0.143267,0.044898580550456674
17.0,0.143267,0.044898580550456674
13.0,0.158487,0.049616694162460964
19.0,0.128047,0.04018046693845238
16.0,0.143267,0.04444198891058529
18.0,0.128047,0.04063705857832377
18.0,0.128047,0.04018046693845238
17.0,0.143267,0.044898580550456674
17.0,0.143267,0.04444198891058529
14.0,0.158487,0.048703510882718196
20.0,0.143267,0.044898580550456674
20.0,0.143267,0.04444198891058529
22.0,0.128047,0.04018046693845238
20.0,0.128047,0.04018046693845238
20.0,0.143267,0.04444198891058529
17.0,0.143267,0.04444198891058529
21.0,0.128047,0.04063705857832377
20.0,0.128047,0.04109365021819515
19.0,0.143267,0.044898580550456674
17.0,0.143267,0.04535517219032806
15.0,0.173707,0.05296503285485109
12.0,0.188927,0.057226554826983994
14.0,0.188927,0.05813973810672676
14.0,0.226344,0.06894273386134606
13.0,0.241564,0.07320425583347896
13.0,0.241564,0.07320425583347896
13.0,0.241564,0.07320425583347896
11.0,0.256784,0.07746577780561187
13.0,0.241564,0.07320425583347896
10.0,0.256784,0.07746577780561187
8.0,0.287224,0.08598882174987767
20.0,0.056326,0.013375130505024837
19.0,0.071546,0.01763665247715774
19.0,0.056326,0.01383172214489622
19.0,0.056326,0.013375130505024837
19.0,0.071546,0.018093244117029124
17.0,0.056326,0.013375130505024837
16.0,0.056326,0.013375130505024837
19.0,0.056326,0.01383172214489622
17.0,0.056326,0.014288313784767602
18.0,0.071546,0.018093244117029124
19.0,0.071546,0.01763665247715774
17.0,0.086766,0.021898174449290646
18.0,0.071546,0.018093244117029124
19.0,0.071546,0.018093244117029124
15.0,0.086766,0.02281135772903341
19.0,0.071546,0.01763665247715774
18.0,0.071546,0.018093244117029124
16.0,0.071546,0.01763665247715774
18.0,0.086766,0.021898174449290646
17.0,0.086766,0.02235476608916203
22.0,0.071546,0.01763665247715774
19.0,0.071546,0.01763665247715774
21.0,0.071546,0.018093244117029124
20.0,0.071546,0.018549835756900505
19.0,0.056326,0.013375130505024837
17.0,0.071546,0.01763665247715774
18.0,0.056326,0.01383172214489622
17.0,0.056326,0.013375130505024837
17.0,0.071546,0.018093244117029124
16.0,0.056326,0.013375130505024837
14.0,0.056326,0.013375130505024837
17.0,0.056326,0.01383172214489622
16.0,0.056326,0.014288313784767602
16.0,0.071546,0.018093244117029124
18.0,0.071546,0.01763665247715774
16.0,0.086766,0.021898174449290646
17.0,0.071546,0.018093244117029124
17.0,0.071546,0.018093244117029124
13.0,0.086766,0.02281135772903341
21.0,0.071546,0.01763665247715774
20.0,0.071546,0.018093244117029124
18.0,0.071546,0.01763665247715774
20.0,0.086766,0.021898174449290646
19.0,0.086766,0.02235476608916203
19.0,0.071546,0.01763665247715774
18.0,0.086766,0.021898174449290646
16.0,0.071546,0.01763665247715774
18.0,0.071546,0.018093244117029124
17.0,0.086766,0.02235476608916203
17.0,0.086766,0.021898174449290646
14.0,0.086766,0.021898174449290646
19.0,0.086766,0.02235476608916203
22.0,0.071546,0.018093244117029124
20.0,0.086766,0.02235476608916203
21.0,0.071546,0.018549835756900505
19.0,0.086766,0.02281135772903341
22.0,0.071546,0.01763665247715774
20.0,0.086766,0.021898174449290646
19.0,0.071546,0.01763665247715774
20.0,0.071546,0.018093244117029124
19.0,0.086766,0.02235476608916203
23.0,0.071546,0.01763665247715774
20.0,0.071546,0.01763665247715774
15.0,0.086766,0.021898174449290646
12.0,0.086766,0.021898174449290646
18.0,0.128047,0.04109365021819515
15.0,0.143267,0.04535517219032806
17.0,0.128047,0.04155024185806653
16.0,0.128047,0.04109365021819515
16.0,0.143267,0.045811763830199435
15.0,0.128047,0.04109365021819515
13.0,0.128047,0.04109365021819515
16.0,0.128047,0.04155024185806653
14.0,0.128047,0.042006833497937913
15.0,0.143267,0.045811763830199435
16.0,0.143267,0.04535517219032806
13.0,0.158487,0.049616694162460964
16.0,0.143267,0.045811763830199435
16.0,0.143267,0.045811763830199435
12.0,0.158487,0.050529877442203726
13.0,0.241564,0.07411743911322173
11.0,0.256784,0.07837896108535464
20.0,0.056326,0.013375130505024837
19.0,0.071546,0.01763665247715774
19.0,0.056326,0.01383172214489622
19.0,0.056326,0.013375130505024837
19.0,0.071546,0.018093244117029124
17.0,0.056326,0.013375130505024837
16.0,0.056326,0.013375130505024837
19.0,0.056326,0.01383172214489622
17.0,0.056326,0.014288313784767602
18.0,0.071546,0.018093244117029124
19.0,0.071546,0.01763665247715774
17.0,0.086766,0.021898174449290646
18.0,0.071546,0.018093244117029124
19.0,0.071546,0.018093244117029124
15.0,0.086766,0.02281135772903341
19.0,0.071546,0.01763665247715774
18.0,0.071546,0.018093244117029124
16.0,0.071546,0.01763665247715774
18.0,0.086766,0.021898174449290646
17.0,0.086766,0.02235476608916203
22.0,0.071546,0.01763665247715774
19.0,0.071546,0.01763665247715774
21.0,0.071546,0.018093244117029124
20.0,0.071546,0.018549835756900505
19.0,0.056326,0.013375130505024837
17.0,0.071546,0.01763665247715774
18.0,0.056326,0.01383172214489622
17.0,0.056326,0.013375130505024837
17.0,0.071546,0.018093244117029124
16.0,0.056326,0.013375130505024837
14.0,0.056326,0.013375130505024837
17.0,0.056326,0.01383172214489622
16.0,0.056326,0.014288313784767602
16.0,0.071546,0.018093244117029124
18.0,0.071546,0.01763665247715774
16.0,0.086766,0.021898174449290646
17.0,0.071546,0.018093244117029124
17.0,0.071546,0.018093244117029124
13.0,0.086766,0.02281135772903341
21.0,0.071546,0.01763665247715774
20.0,0.071546,0.018093244117029124
18.0,0.071546,0.01763665247715774
20.0,0.086766,0.021898174449290646
19.0,0.086766,0.02235476608916203
19.0,0.071546,0.01763665247715774
18.0,0.086766,0.021898174449290646
16.0,0.071546,0.01763665247715774
18.0,0.071546,0.018093244117029124
17.0,0.086766,0.02235476608916203
17.0,0.086766,0.021898174449290646
14.0,0.086766,0.021898174449290646
19.0,0.086766,0.02235476608916203
22.0,0.071546,0.018093244117029124
20.0,0.086766,0.02235476608916203
21.0,0.071546,0.018549835756900505
19.0,0.086766,0.02281135772903341
23.0,0.071546,0.01763665247715774
20.0,0.071546,0.01763665247715774
22.0,0.071546,0.01763665247715774
20.0,0.086766,0.021898174449290646
19.0,0.071546,0.01763665247715774
20.0,0.071546,0.018093244117029124
19.0,0.086766,0.02235476608916203
15.0,0.086766,0.021898174449290646
12.0,0.086766,0.021898174449290646
18.0,0.128047,0.04109365021819515
15.0,0.143267,0.04535517219032806
17.0,0.128047,0.04155024185806653
16.0,0.128047,0.04109365021819515
16.0,0.143267,0.045811763830199435
15.0,0.128047,0.04109365021819515
13.0,0.128047,0.04109365021819515
16.0,0.128047,0.04155024185806653
14.0,0.128047,0.042006833497937913
15.0,0.143267,0.045811763830199435
16.0,0.143267,0.04535517219032806
13.0,0.158487,0.049616694162460964
16.0,0.143267,0.045811763830199435
16.0,0.143267,0.045811763830199435
12.0,0.158487,0.050529877442203726
13.0,0.241564,0.07411743911322173
11.0,0.256784,0.07837896108535464
14.0,0.128047,0.031098719189832875
13.0,0.143267,0.03536024116196578
13.0,0.128047,0.031098719189832875
15.0,0.143267,0.03536024116196578
13.0,0.128047,0.031098719189832875
11.0,0.128047,0.031098719189832875
15.0,0.143267,0.03536024116196578
13.0,0.143267,0.035360241161965775
10.0,0.158487,0.03962176313409868
16.0,0.143267,0.035360241161965775
16.0,0.143267,0.035360241161965775
8.0,0.158487,0.03962176313409868
18.0,0.06088,0.017046087888531614
17.0,0.0761,0.021307609860664517
17.0,0.0761,0.021307609860664517
17.0,0.0761,0.021307609860664517
14.0,0.09132,0.025569131832797423
17.0,0.0761,0.021307609860664517
14.0,0.09132,0.025569131832797423
11.0,0.12176,0.03409217577706323
7.0,0.287224,0.08781518830936319
18.0,0.0,0.028173633440514472
17.0,0.01522,0.032435155412647375
17.0,0.0,0.028630225080385853
19.0,0.01522,0.03289174705251876
17.0,0.0,0.028630225080385853
14.0,0.0,0.029086816720257237
19.0,0.01522,0.03289174705251876
17.0,0.01522,0.032435155412647375
16.0,0.03044,0.03669667738478028
19.0,0.01522,0.03289174705251876
19.0,0.01522,0.03289174705251876
13.0,0.03044,0.03760986066452304
18.0,0.01522,0.032435155412647375
16.0,0.01522,0.03289174705251876
17.0,0.03044,0.03669667738478028
18.0,0.03044,0.03715326902465166
18.0,0.0,0.028173633440514472
17.0,0.01522,0.032435155412647375
16.0,0.0,0.028630225080385853
18.0,0.01522,0.03289174705251876
18.0,0.01522,0.03289174705251876
15.0,0.01522,0.03334833869239014
20.0,0.01522,0.032435155412647375
19.0,0.03044,0.03669667738478028
18.0,0.01522,0.032435155412647375
15.0,0.03044,0.03669667738478028
16.0,0.01522,0.03289174705251876
17.0,0.01522,0.032435155412647375
16.0,0.03044,0.03715326902465166
17.0,0.03044,0.03669667738478028
14.0,0.04566,0.04095819935691319
18.0,0.03044,0.03715326902465166
19.0,0.03044,0.03669667738478028
17.0,0.01522,0.032435155412647375
16.0,0.03044,0.03669667738478028
16.0,0.01522,0.03289174705251876
18.0,0.03044,0.03715326902465166
16.0,0.01522,0.03289174705251876
13.0,0.01522,0.03334833869239014
18.0,0.03044,0.03715326902465166
16.0,0.03044,0.03669667738478028
15.0,0.04566,0.04095819935691319
18.0,0.03044,0.03715326902465166
18.0,0.03044,0.03715326902465166
12.0,0.04566,0.04187138263665595
14.0,0.06088,0.045219721329046086
13.0,0.0761,0.04948124330117899
20.0,0.01522,0.032435155412647375
19.0,0.03044,0.03669667738478028
18.0,0.01522,0.03289174705251876
18.0,0.03044,0.03715326902465166
18.0,0.0,0.028173633440514472
17.0,0.01522,0.032435155412647375
16.0,0.0,0.028630225080385853
15.0,0.0,0.028173633440514472
16.0,0.01522,0.03289174705251876
17.0,0.01522,0.032435155412647375
14.0,0.01522,0.032435155412647375
18.0,0.01522,0.03289174705251876
18.0,0.01522,0.03289174705251876
16.0,0.03044,0.03715326902465166
15.0,0.01522,0.03334833869239014
16.0,0.01522,0.03289174705251876
13.0,0.03044,0.03760986066452304
20.0,0.01522,0.032435155412647375
19.0,0.03044,0.03669667738478028
18.0,0.01522,0.03289174705251876
18.0,0.03044,0.03715326902465166
20.0,0.01522,0.032435155412647375
19.0,0.03044,0.03669667738478028
19.0,0.03044,0.03669667738478028
14.0,0.03044,0.03669667738478028
13.0,0.04566,0.04095819935691319
12.0,0.0761,0.050394426580921754
18.0,0.0,0.028173633440514472
17.0,0.01522,0.032435155412647375
17.0,0.0,0.028173633440514472
19.0,0.01522,0.032435155412647375
17.0,0.0,0.028173633440514472
14.0,0.0,0.028173633440514472
19.0,0.01522,0.032435155412647375
17.0,0.01522,0.032435155412647375
16.0,0.03044,0.03669667738478028
19.0,0.01522,0.032435155412647375
19.0,0.01522,0.032435155412647375
13.0,0.03044,0.03669667738478028
16.0,0.01522,0.032435155412647375
15.0,0.01522,0.032435155412647375
15.0,0.03044,0.03669667738478028
17.0,0.03044,0.03669667738478028
16.0,0.0,0.028630225080385853
15.0,0.01522,0.03289174705251876
14.0,0.0,0.028630225080385853
16.0,0.01522,0.03289174705251876
17.0,0.01522,0.03289174705251876
14.0,0.01522,0.03289174705251876
18.0,0.01522,0.03289174705251876
17.0,0.03044,0.03715326902465166
20.0,0.01522,0.032435155412647375
19.0,0.03044,0.03669667738478028
19.0,0.01522,0.032435155412647375
17.0,0.03044,0.03669667738478028
19.0,0.01522,0.032435155412647375
16.0,0.01522,0.032435155412647375
19.0,0.03044,0.03669667738478028
19.0,0.03044,0.03669667738478028
17.0,0.04566,0.04095819935691319
19.0,0.03044,0.03669667738478028
20.0,0.03044,0.03669667738478028
14.0,0.04566,0.04095819935691319
17.0,0.0,0.028630225080385853
16.0,0.01522,0.03289174705251876
16.0,0.0,0.029086816720257237
18.0,0.01522,0.03334833869239014
16.0,0.0,0.029086816720257237
13.0,0.0,0.02954340836012862
18.0,0.01522,0.03334833869239014
16.0,0.01522,0.03289174705251876
15.0,0.03044,0.03715326902465166
18.0,0.01522,0.03334833869239014
18.0,0.01522,0.03334833869239014
12.0,0.03044,0.03806645230439443
16.0,0.01522,0.03289174705251876
14.0,0.01522,0.03334833869239014
15.0,0.03044,0.03715326902465166
16.0,0.03044,0.03760986066452304
16.0,0.0,0.028630225080385853
15.0,0.01522,0.03289174705251876
14.0,0.0,0.029086816720257237
16.0,0.01522,0.03334833869239014
16.0,0.01522,0.03334833869239014
13.0,0.01522,0.03380493033226153
18.0,0.01522,0.03289174705251876
17.0,0.03044,0.03715326902465166
18.0,0.01522,0.03289174705251876
16.0,0.03044,0.03715326902465166
16.0,0.01522,0.03334833869239014
17.0,0.01522,0.03289174705251876
16.0,0.03044,0.03760986066452304
17.0,0.03044,0.03715326902465166
15.0,0.04566,0.041414790996784565
18.0,0.03044,0.03760986066452304
19.0,0.03044,0.03715326902465166
19.0,0.01522,0.03289174705251876
18.0,0.03044,0.03715326902465166
18.0,0.01522,0.03334833869239014
16.0,0.03044,0.03760986066452304
18.0,0.01522,0.03334833869239014
15.0,0.01522,0.03380493033226153
18.0,0.03044,0.03760986066452304
18.0,0.03044,0.03715326902465166
16.0,0.04566,0.041414790996784565
18.0,0.03044,0.03760986066452304
19.0,0.03044,0.03760986066452304
13.0,0.04566,0.04232797427652733
18.0,0.01522,0.032435155412647375
17.0,0.03044,0.03669667738478028
16.0,0.01522,0.03289174705251876
16.0,0.01522,0.032435155412647375
17.0,0.03044,0.03715326902465166
17.0,0.03044,0.03669667738478028
15.0,0.03044,0.03669667738478028
18.0,0.03044,0.03715326902465166
17.0,0.03044,0.03669667738478028
14.0,0.04566,0.04095819935691319
14.0,0.03044,0.03715326902465166
15.0,0.03044,0.03669667738478028
14.0,0.04566,0.041414790996784565
17.0,0.03044,0.03669667738478028
16.0,0.04566,0.04095819935691319
15.0,0.03044,0.03715326902465166
17.0,0.04566,0.041414790996784565
13.0,0.0761,0.04948124330117899
18.0,0.03044,0.03669667738478028
17.0,0.04566,0.04095819935691319
18.0,0.01522,0.03289174705251876
17.0,0.03044,0.03715326902465166
15.0,0.01522,0.03334833869239014
17.0,0.01522,0.03289174705251876
16.0,0.03044,0.03760986066452304
17.0,0.03044,0.03715326902465166
14.0,0.03044,0.03760986066452304
19.0,0.03044,0.03715326902465166
18.0,0.01522,0.03289174705251876
17.0,0.03044,0.03715326902465166
16.0,0.01522,0.03334833869239014
16.0,0.01522,0.03289174705251876
16.0,0.03044,0.03760986066452304
17.0,0.03044,0.03715326902465166
15.0,0.03044,0.03715326902465166
18.0,0.03044,0.03760986066452304
15.0,0.03044,0.03760986066452304
13.0,0.04566,0.04187138263665595
12.0,0.03044,0.03806645230439443
13.0,0.03044,0.03760986066452304
12.0,0.04566,0.04232797427652733
14.0,0.0761,0.050394426580921754
18.0,0.0,0.028173633440514472
16.0,0.01522,0.032435155412647375
16.0,0.0,0.028630225080385853
17.0,0.0,0.028173633440514472
17.0,0.01522,0.03289174705251876
15.0,0.0,0.028173633440514472
14.0,0.0,0.028173633440514472
16.0,0.0,0.028630225080385853
14.0,0.0,0.029086816720257237
16.0,0.01522,0.03289174705251876
17.0,0.01522,0.032435155412647375
15.0,0.03044,0.03669667738478028
16.0,0.01522,0.03289174705251876
17.0,0.01522,0.03289174705251876
13.0,0.03044,0.03760986066452304
17.0,0.01522,0.032435155412647375
15.0,0.01522,0.03289174705251876
14.0,0.01522,0.032435155412647375
16.0,0.03044,0.03669667738478028
15.0,0.03044,0.03715326902465166
19.0,0.01522,0.032435155412647375
16.0,0.01522,0.032435155412647375
18.0,0.01522,0.03289174705251876
16.0,0.01522,0.03334833869239014
17.0,0.0,0.028173633440514472
15.0,0.01522,0.032435155412647375
14.0,0.0,0.028630225080385853
14.0,0.0,0.028173633440514472
14.0,0.01522,0.03289174705251876
14.0,0.0,0.028173633440514472
11.0,0.0,0.028173633440514472
15.0,0.0,0.028630225080385853
12.0,0.0,0.029086816720257237
14.0,0.01522,0.03289174705251876
15.0,0.01522,0.032435155412647375
13.0,0.03044,0.03669667738478028
14.0,0.01522,0.03289174705251876
14.0,0.01522,0.03289174705251876
10.0,0.03044,0.03760986066452304
19.0,0.01522,0.032435155412647375
16.0,0.01522,0.03289174705251876
16.0,0.01522,0.032435155412647375
17.0,0.03044,0.03669667738478028
16.0,0.03044,0.03715326902465166
17.0,0.01522,0.032435155412647375
15.0,0.03044,0.03669667738478028
14.0,0.01522,0.032435155412647375
15.0,0.01522,0.03289174705251876
15.0,0.03044,0.03715326902465166
16.0,0.03044,0.03669667738478028
13.0,0.03044,0.03669667738478028
17.0,0.03044,0.03715326902465166
18.0,0.01522,0.03289174705251876
17.0,0.03044,0.03715326902465166
16.0,0.01522,0.03334833869239014
16.0,0.03044,0.03760986066452304
19.0,0.01522,0.032435155412647375
16.0,0.01522,0.032435155412647375
19.0,0.01522,0.032435155412647375
17.0,0.03044,0.03669667738478028
16.0,0.01522,0.032435155412647375
17.0,0.01522,0.03289174705251876
16.0,0.03044,0.03715326902465166
13.0,0.03044,0.03669667738478028
10.0,0.03044,0.03669667738478028
20.0,0.01522,0.032435155412647375
19.0,0.03044,0.03669667738478028
19.0,0.01522,0.032435155412647375
19.0,0.03044,0.03669667738478028
19.0,0.01522,0.032435155412647375
16.0,0.01522,0.032435155412647375
17.0,0.03044,0.03669667738478028
19.0,0.03044,0.03669667738478028
17.0,0.04566,0.04095819935691319
20.0,0.03044,0.03669667738478028
19.0,0.03044,0.03669667738478028
14.0,0.04566,0.04095819935691319
18.0,0.01522,0.03289174705251876
17.0,0.01522,0.03289174705251876
17.0,0.03044,0.03715326902465166
17.0,0.03044,0.03715326902465166
18.0,0.03044,0.03715326902465166
16.0,0.04566,0.041414790996784565
19.0,0.03044,0.03669667738478028
18.0,0.04566,0.04095819935691319
17.0,0.03044,0.03669667738478028
15.0,0.04566,0.04095819935691319
19.0,0.03044,0.03715326902465166
16.0,0.03044,0.03715326902465166
17.0,0.0,0.028630225080385853
16.0,0.01522,0.03289174705251876
16.0,0.0,0.029086816720257237
16.0,0.0,0.028630225080385853
16.0,0.01522,0.03334833869239014
16.0,0.0,0.028630225080385853
15.0,0.0,0.028630225080385853
14.0,0.0,0.029086816720257237
13.0,0.0,0.02954340836012862
15.0,0.01522,0.03334833869239014
16.0,0.01522,0.03289174705251876
15.0,0.03044,0.03715326902465166
16.0,0.01522,0.03334833869239014
15.0,0.01522,0.03334833869239014
12.0,0.03044,0.03806645230439443
16.0,0.01522,0.03289174705251876
15.0,0.01522,0.03289174705251876
13.0,0.01522,0.03334833869239014
15.0,0.03044,0.03715326902465166
14.0,0.03044,0.03760986066452304
18.0,0.01522,0.03334833869239014
15.0,0.01522,0.03380493033226153
18.0,0.01522,0.03289174705251876
17.0,0.01522,0.03289174705251876
16.0,0.0,0.029086816720257237
14.0,0.01522,0.03334833869239014
13.0,0.0,0.02954340836012862
14.0,0.0,0.029086816720257237
13.0,0.01522,0.03380493033226153
14.0,0.0,0.029086816720257237
12.0,0.0,0.029086816720257237
13.0,0.0,0.02954340836012862
10.0,0.0,0.030000000000000006
13.0,0.01522,0.03380493033226153
14.0,0.01522,0.03334833869239014
12.0,0.03044,0.03760986066452304
13.0,0.01522,0.03380493033226153
13.0,0.01522,0.03380493033226153
9.0,0.03044,0.03852304394426581
18.0,0.01522,0.03334833869239014
16.0,0.01522,0.03334833869239014
15.0,0.01522,0.03380493033226153
16.0,0.03044,0.03760986066452304
15.0,0.03044,0.03806645230439443
16.0,0.01522,0.03289174705251876
15.0,0.03044,0.03715326902465166
15.0,0.01522,0.03289174705251876
13.0,0.01522,0.03334833869239014
14.0,0.03044,0.03760986066452304
15.0,0.03044,0.03715326902465166
12.0,0.03044,0.03760986066452304
17.0,0.03044,0.03715326902465166
18.0,0.01522,0.03334833869239014
15.0,0.01522,0.03380493033226153
18.0,0.01522,0.03334833869239014
16.0,0.03044,0.03760986066452304
16.0,0.01522,0.03334833869239014
15.0,0.01522,0.03380493033226153
15.0,0.03044,0.03806645230439443
12.0,0.03044,0.03806645230439443
9.0,0.03044,0.03852304394426581
18.0,0.01522,0.03289174705251876
17.0,0.03044,0.03715326902465166
17.0,0.01522,0.03289174705251876
17.0,0.03044,0.03715326902465166
18.0,0.01522,0.03289174705251876
16.0,0.03044,0.03715326902465166
16.0,0.01522,0.03334833869239014
17.0,0.01522,0.03289174705251876
16.0,0.03044,0.03760986066452304
16.0,0.01522,0.03289174705251876
14.0,0.01522,0.03289174705251876
15.0,0.01522,0.03334833869239014
13.0,0.01522,0.03380493033226153
12.0,0.03044,0.03760986066452304
17.0,0.03044,0.03715326902465166
14.0,0.04566,0.041414790996784565
16.0,0.03044,0.03760986066452304
15.0,0.03044,0.03760986066452304
11.0,0.04566,0.04232797427652733
17.0,0.03044,0.03715326902465166
15.0,0.04566,0.041414790996784565
15.0,0.03044,0.03715326902465166
14.0,0.03044,0.03760986066452304
11.0,0.04566,0.04187138263665595
18.0,0.03044,0.03760986066452304
15.0,0.03044,0.03806645230439443
19.0,0.03044,0.03715326902465166
16.0,0.03044,0.03715326902465166
19.0,0.01522,0.03289174705251876
18.0,0.03044,0.03715326902465166
18.0,0.01522,0.03334833869239014
18.0,0.03044,0.03760986066452304
18.0,0.01522,0.03334833869239014
15.0,0.01522,0.03380493033226153
16.0,0.03044,0.03760986066452304
18.0,0.03044,0.03715326902465166
16.0,0.04566,0.041414790996784565
19.0,0.03044,0.03760986066452304
18.0,0.03044,0.03760986066452304
13.0,0.04566,0.04232797427652733
18.0,0.01522,0.03289174705251876
16.0,0.01522,0.03334833869239014
17.0,0.03044,0.03715326902465166
16.0,0.03044,0.03760986066452304
18.0,0.03044,0.03715326902465166
16.0,0.04566,0.041414790996784565
18.0,0.03044,0.03715326902465166
17.0,0.04566,0.041414790996784565
16.0,0.03044,0.03760986066452304
14.0,0.04566,0.04187138263665595
18.0,0.03044,0.03760986066452304
15.0,0.03044,0.03806645230439443
18.0,0.01522,0.032435155412647375
17.0,0.03044,0.03669667738478028
16.0,0.01522,0.03289174705251876
16.0,0.01522,0.032435155412647375
17.0,0.03044,0.03715326902465166
17.0,0.01522,0.032435155412647375
15.0,0.01522,0.032435155412647375
16.0,0.01522,0.03289174705251876
14.0,0.01522,0.03334833869239014
17.0,0.03044,0.03715326902465166
15.0,0.03044,0.03669667738478028
14.0,0.04566,0.04095819935691319
16.0,0.03044,0.03715326902465166
16.0,0.03044,0.03715326902465166
13.0,0.04566,0.04187138263665595
17.0,0.03044,0.03669667738478028
15.0,0.03044,0.03669667738478028
15.0,0.03044,0.03715326902465166
14.0,0.04566,0.04095819935691319
15.0,0.04566,0.041414790996784565
18.0,0.03044,0.03715326902465166
16.0,0.03044,0.03760986066452304
19.0,0.03044,0.03669667738478028
17.0,0.03044,0.03669667738478028
17.0,0.03044,0.03669667738478028
14.0,0.04566,0.04095819935691319
14.0,0.03044,0.03715326902465166
15.0,0.03044,0.03669667738478028
14.0,0.04566,0.041414790996784565
15.0,0.03044,0.03669667738478028
13.0,0.03044,0.03669667738478028
15.0,0.03044,0.03715326902465166
12.0,0.03044,0.03760986066452304
14.0,0.04566,0.041414790996784565
14.0,0.04566,0.04095819935691319
11.0,0.06088,0.045219721329046086
14.0,0.04566,0.041414790996784565
14.0,0.04566,0.041414790996784565
10.0,0.06088,0.046132904608788855
17.0,0.03044,0.03669667738478028
15.0,0.03044,0.03715326902465166
16.0,0.03044,0.03669667738478028
14.0,0.04566,0.04095819935691319
15.0,0.04566,0.041414790996784565
16.0,0.04566,0.04095819935691319
13.0,0.06088,0.045219721329046086
17.0,0.04566,0.041414790996784565
18.0,0.04566,0.04095819935691319
13.0,0.0761,0.04948124330117899
10.0,0.09132,0.0537427652733119
18.0,0.03044,0.03669667738478028
17.0,0.04566,0.04095819935691319
17.0,0.03044,0.03669667738478028
15.0,0.04566,0.04095819935691319
18.0,0.03044,0.03715326902465166
17.0,0.04566,0.041414790996784565
16.0,0.03044,0.03760986066452304
14.0,0.04566,0.04187138263665595
11.0,0.09132,0.05465594855305466
18.0,0.01522,0.03289174705251876
17.0,0.03044,0.03715326902465166
15.0,0.01522,0.03334833869239014
17.0,0.01522,0.03289174705251876
16.0,0.03044,0.03760986066452304
16.0,0.01522,0.03289174705251876
14.0,0.01522,0.03289174705251876
16.0,0.01522,0.03334833869239014
13.0,0.01522,0.03380493033226153
16.0,0.03044,0.03760986066452304
16.0,0.03044,0.03715326902465166
14.0,0.04566,0.041414790996784565
13.0,0.03044,0.03760986066452304
16.0,0.03044,0.03760986066452304
12.0,0.04566,0.04232797427652733
17.0,0.03044,0.03715326902465166
14.0,0.03044,0.03760986066452304
15.0,0.03044,0.03715326902465166
15.0,0.04566,0.041414790996784565
12.0,0.04566,0.04187138263665595
19.0,0.03044,0.03715326902465166
16.0,0.03044,0.03715326902465166
18.0,0.03044,0.03760986066452304
15.0,0.03044,0.03806645230439443
18.0,0.01522,0.03289174705251876
17.0,0.03044,0.03715326902465166
16.0,0.01522,0.03334833869239014
16.0,0.01522,0.03289174705251876
16.0,0.03044,0.03760986066452304
17.0,0.01522,0.03289174705251876
14.0,0.01522,0.03289174705251876
15.0,0.01522,0.03334833869239014
13.0,0.01522,0.03380493033226153
15.0,0.03044,0.03760986066452304
16.0,0.03044,0.03715326902465166
14.0,0.04566,0.041414790996784565
16.0,0.03044,0.03760986066452304
12.0,0.03044,0.03760986066452304
11.0,0.04566,0.04232797427652733
17.0,0.03044,0.03715326902465166
15.0,0.03044,0.03715326902465166
14.0,0.03044,0.03760986066452304
15.0,0.04566,0.041414790996784565
11.0,0.04566,0.04187138263665595
18.0,0.03044,0.03760986066452304
15.0,0.03044,0.03806645230439443
19.0,0.03044,0.03715326902465166
16.0,0.03044,0.03715326902465166
15.0,0.03044,0.03760986066452304
13.0,0.04566,0.04187138263665595
12.0,0.03044,0.03806645230439443
13.0,0.03044,0.03760986066452304
12.0,0.04566,0.04232797427652733
13.0,0.03044,0.03760986066452304
10.0,0.03044,0.03760986066452304
12.0,0.03044,0.03806645230439443
9.0,0.03044,0.03852304394426581
11.0,0.04566,0.04232797427652733
13.0,0.04566,0.04187138263665595
10.0,0.06088,0.046132904608788855
12.0,0.04566,0.04232797427652733
11.0,0.04566,0.04232797427652733
7.0,0.06088,0.047046087888531624
14.0,0.0761,0.050394426580921754
11.0,0.09132,0.05465594855305466
17.0,0.01522,0.032435155412647375
16.0,0.03044,0.03669667738478028
16.0,0.01522,0.03289174705251876
18.0,0.03044,0.03715326902465166
16.0,0.01522,0.03289174705251876
13.0,0.01522,0.03334833869239014
18.0,0.03044,0.03715326902465166
16.0,0.03044,0.03669667738478028
15.0,0.04566,0.04095819935691319
18.0,0.03044,0.03715326902465166
18.0,0.03044,0.03715326902465166
12.0,0.04566,0.04187138263665595
17.0,0.03044,0.03669667738478028
15.0,0.03044,0.03715326902465166
16.0,0.04566,0.04095819935691319
17.0,0.04566,0.041414790996784565
17.0,0.01522,0.032435155412647375
16.0,0.03044,0.03669667738478028
15.0,0.01522,0.03289174705251876
17.0,0.03044,0.03715326902465166
17.0,0.03044,0.03715326902465166
14.0,0.03044,0.03760986066452304
19.0,0.03044,0.03669667738478028
17.0,0.04566,0.04095819935691319
17.0,0.03044,0.03669667738478028
14.0,0.04566,0.04095819935691319
15.0,0.03044,0.03715326902465166
16.0,0.03044,0.03669667738478028
15.0,0.04566,0.041414790996784565
16.0,0.04566,0.04095819935691319
13.0,0.06088,0.045219721329046086
17.0,0.04566,0.041414790996784565
18.0,0.04566,0.04095819935691319
16.0,0.03044,0.03669667738478028
15.0,0.04566,0.04095819935691319
15.0,0.03044,0.03715326902465166
16.0,0.04566,0.041414790996784565
15.0,0.03044,0.03715326902465166
12.0,0.03044,0.03760986066452304
16.0,0.04566,0.041414790996784565
15.0,0.04566,0.04095819935691319
10.0,0.06088,0.045219721329046086
16.0,0.04566,0.041414790996784565
16.0,0.04566,0.041414790996784565
9.0,0.06088,0.046132904608788855
13.0,0.0761,0.04948124330117899
10.0,0.09132,0.0537427652733119
19.0,0.03044,0.03669667738478028
17.0,0.04566,0.04095819935691319
17.0,0.03044,0.03715326902465166
16.0,0.04566,0.041414790996784565
17.0,0.01522,0.032435155412647375
16.0,0.03044,0.03669667738478028
15.0,0.01522,0.03289174705251876
14.0,0.01522,0.032435155412647375
15.0,0.03044,0.03715326902465166
16.0,0.03044,0.03669667738478028
13.0,0.03044,0.03669667738478028
17.0,0.03044,0.03715326902465166
17.0,0.03044,0.03715326902465166
15.0,0.04566,0.041414790996784565
14.0,0.03044,0.03760986066452304
15.0,0.03044,0.03715326902465166
12.0,0.04566,0.04187138263665595
19.0,0.03044,0.03669667738478028
17.0,0.04566,0.04095819935691319
17.0,0.03044,0.03715326902465166
16.0,0.04566,0.041414790996784565
19.0,0.03044,0.03669667738478028
17.0,0.04566,0.04095819935691319
18.0,0.04566,0.04095819935691319
13.0,0.04566,0.04095819935691319
10.0,0.06088,0.045219721329046086
9.0,0.09132,0.05465594855305466
20.0,0.01522,0.032435155412647375
19.0,0.03044,0.03669667738478028
19.0,0.01522,0.032435155412647375
19.0,0.03044,0.03669667738478028
19.0,0.01522,0.032435155412647375
16.0,0.01522,0.032435155412647375
20.0,0.03044,0.03669667738478028
19.0,0.03044,0.03669667738478028
17.0,0.04566,0.04095819935691319
17.0,0.03044,0.03669667738478028
19.0,0.03044,0.03669667738478028
14.0,0.04566,0.04095819935691319
18.0,0.03044,0.03669667738478028
17.0,0.03044,0.03669667738478028
17.0,0.04566,0.04095819935691319
15.0,0.04566,0.04095819935691319
18.0,0.01522,0.03289174705251876
17.0,0.03044,0.03715326902465166
16.0,0.01522,0.03289174705251876
16.0,0.03044,0.03715326902465166
19.0,0.03044,0.03715326902465166
16.0,0.03044,0.03715326902465166
18.0,0.03044,0.03715326902465166
16.0,0.04566,0.041414790996784565
20.0,0.01522,0.032435155412647375
19.0,0.03044,0.03669667738478028
19.0,0.01522,0.032435155412647375
20.0,0.03044,0.03669667738478028
19.0,0.01522,0.032435155412647375
16.0,0.01522,0.032435155412647375
19.0,0.03044,0.03669667738478028
19.0,0.03044,0.03669667738478028
17.0,0.04566,0.04095819935691319
19.0,0.03044,0.03669667738478028
17.0,0.03044,0.03669667738478028
14.0,0.04566,0.04095819935691319
18.0,0.03044,0.03669667738478028
17.0,0.03044,0.03669667738478028
17.0,0.04566,0.04095819935691319
15.0,0.04566,0.04095819935691319
18.0,0.01522,0.03289174705251876
17.0,0.03044,0.03715326902465166
16.0,0.01522,0.03289174705251876
16.0,0.03044,0.03715326902465166
19.0,0.03044,0.03715326902465166
16.0,0.03044,0.03715326902465166
18.0,0.03044,0.03715326902465166
16.0,0.04566,0.041414790996784565
14.0,0.03044,0.03669667738478028
13.0,0.04566,0.04095819935691319
13.0,0.03044,0.03669667738478028
14.0,0.04566,0.04095819935691319
13.0,0.03044,0.03669667738478028
10.0,0.03044,0.03669667738478028
14.0,0.04566,0.04095819935691319
13.0,0.04566,0.04095819935691319
10.0,0.06088,0.045219721329046086
14.0,0.04566,0.04095819935691319
14.0,0.04566,0.04095819935691319
7.0,0.06088,0.045219721329046086
19.0,0.01522,0.03289174705251876
18.0,0.03044,0.03715326902465166
18.0,0.01522,0.03334833869239014
18.0,0.03044,0.03760986066452304
18.0,0.01522,0.03334833869239014
15.0,0.01522,0.03380493033226153
19.0,0.03044,0.03760986066452304
18.0,0.03044,0.03715326902465166
16.0,0.04566,0.041414790996784565
16.0,0.03044,0.03760986066452304
18.0,0.03044,0.03760986066452304
13.0,0.04566,0.04232797427652733
18.0,0.03044,0.03715326902465166
16.0,0.03044,0.03760986066452304
17.0,0.04566,0.041414790996784565
14.0,0.04566,0.04187138263665595
18.0,0.01522,0.03289174705251876
17.0,0.03044,0.03715326902465166
16.0,0.01522,0.03334833869239014
16.0,0.03044,0.03760986066452304
18.0,0.03044,0.03760986066452304
15.0,0.03044,0.03806645230439443
18.0,0.03044,0.03715326902465166
16.0,0.04566,0.041414790996784565
19.0,0.01522,0.03289174705251876
18.0,0.03044,0.03715326902465166
18.0,0.01522,0.03334833869239014
19.0,0.03044,0.03760986066452304
18.0,0.01522,0.03334833869239014
15.0,0.01522,0.03380493033226153
18.0,0.03044,0.03760986066452304
18.0,0.03044,0.03715326902465166
16.0,0.04566,0.041414790996784565
18.0,0.03044,0.03760986066452304
16.0,0.03044,0.03760986066452304
13.0,0.04566,0.04232797427652733
18.0,0.03044,0.03715326902465166
16.0,0.03044,0.03760986066452304
17.0,0.04566,0.041414790996784565
14.0,0.04566,0.04187138263665595
18.0,0.01522,0.03289174705251876
17.0,0.03044,0.03715326902465166
16.0,0.01522,0.03334833869239014
16.0,0.03044,0.03760986066452304
18.0,0.03044,0.03760986066452304
15.0,0.03044,0.03806645230439443
18.0,0.03044,0.03715326902465166
16.0,0.04566,0.041414790996784565
13.0,0.03044,0.03760986066452304
12.0,0.04566,0.04187138263665595
12.0,0.03044,0.03806645230439443
13.0,0.04566,0.04232797427652733
12.0,0.03044,0.03806645230439443
9.0,0.03044,0.03852304394426581
13.0,0.04566,0.04232797427652733
12.0,0.04566,0.04187138263665595
9.0,0.06088,0.046132904608788855
13.0,0.04566,0.04232797427652733
13.0,0.04566,0.04232797427652733
6.0,0.06088,0.047046087888531624
11.0,0.0761,0.050394426580921754
8.0,0.09132,0.05465594855305466
14.0,0.06088,0.045219721329046086
13.0,0.0761,0.04948124330117899
13.0,0.0761,0.04948124330117899
13.0,0.0761,0.04948124330117899
10.0,0.09132,0.0537427652733119
13.0,0.0761,0.04948124330117899
10.0,0.09132,0.0537427652733119
7.0,0.12176,0.0622658092175777
12.0,0.0761,0.050394426580921754
9.0,0.09132,0.05465594855305466
14.0,0.0761,0.050394426580921754
11.0,0.09132,0.05465594855305466
14.0,0.0761,0.050394426580921754
11.0,0.09132,0.05465594855305466
11.0,0.0761,0.050394426580921754
8.0,0.09132,0.05465594855305466
4.0,0.12176,0.06409217577706323
18.0,0.06088,0.017046087888531614
17.0,0.0761,0.021307609860664517
17.0,0.0761,0.021307609860664517
17.0,0.0761,0.021307609860664517
14.0,0.09132,0.025569131832797423
17.0,0.0761,0.021307609860664517
14.0,0.09132,0.025569131832797423
11.0,0.12176,0.03409217577706323
9.0,0.12176,0.03409217577706323
15.0,0.226344,0.09711636730186053
14.0,0.241564,0.10137788927399344
14.0,0.241564,0.10137788927399344
14.0,0.241564,0.10137788927399344
11.0,0.256784,0.10563941124612634
14.0,0.241564,0.10137788927399344
11.0,0.256784,0.10563941124612634
8.0,0.287224,0.11416245519039214
21.0,0.056326,0.013375130505024837
20.0,0.071546,0.01763665247715774
20.0,0.056326,0.013375130505024837
24.0,0.071546,0.01763665247715774
20.0,0.056326,0.013375130505024837
18.0,0.056326,0.013375130505024837
24.0,0.071546,0.01763665247715774
20.0,0.071546,0.01763665247715774
19.0,0.086766,0.021898174449290646
23.0,0.071546,0.01763665247715774
23.0,0.071546,0.01763665247715774
17.0,0.086766,0.021898174449290646
20.0,0.071546,0.01763665247715774
20.0,0.071546,0.01763665247715774
19.0,0.086766,0.021898174449290646
23.0,0.086766,0.021898174449290646
20.0,0.056326,0.01383172214489622
19.0,0.071546,0.018093244117029124
19.0,0.056326,0.01383172214489622
23.0,0.071546,0.018093244117029124
21.0,0.071546,0.018093244117029124
19.0,0.071546,0.018093244117029124
23.0,0.071546,0.018093244117029124
21.0,0.086766,0.02235476608916203
20.0,0.071546,0.01763665247715774
18.0,0.086766,0.021898174449290646
20.0,0.071546,0.01763665247715774
19.0,0.071546,0.018093244117029124
19.0,0.086766,0.02235476608916203
19.0,0.086766,0.021898174449290646
17.0,0.101986,0.02615969642142355
23.0,0.086766,0.021898174449290646
21.0,0.086766,0.02235476608916203
20.0,0.071546,0.01763665247715774
19.0,0.086766,0.021898174449290646
19.0,0.071546,0.01763665247715774
22.0,0.086766,0.021898174449290646
19.0,0.071546,0.01763665247715774
17.0,0.071546,0.01763665247715774
23.0,0.086766,0.021898174449290646
18.0,0.086766,0.021898174449290646
16.0,0.101986,0.02615969642142355
21.0,0.086766,0.021898174449290646
22.0,0.086766,0.021898174449290646
15.0,0.101986,0.02615969642142355
17.0,0.117206,0.03042121839355645
15.0,0.132426,0.03468274036568936
23.0,0.071546,0.018093244117029124
21.0,0.086766,0.02235476608916203
21.0,0.071546,0.018093244117029124
22.0,0.086766,0.02235476608916203
20.0,0.056326,0.01383172214489622
19.0,0.071546,0.018093244117029124
19.0,0.056326,0.01383172214489622
17.0,0.056326,0.014288313784767602
18.0,0.071546,0.018549835756900505
19.0,0.071546,0.018093244117029124
16.0,0.071546,0.018549835756900505
23.0,0.071546,0.018093244117029124
21.0,0.071546,0.018093244117029124
19.0,0.086766,0.02235476608916203
19.0,0.071546,0.018093244117029124
18.0,0.071546,0.018549835756900505
16.0,0.086766,0.02281135772903341
23.0,0.071546,0.018093244117029124
22.0,0.086766,0.02235476608916203
21.0,0.071546,0.018093244117029124
22.0,0.086766,0.02235476608916203
23.0,0.071546,0.018093244117029124
22.0,0.086766,0.02235476608916203
21.0,0.086766,0.02235476608916203
16.0,0.086766,0.02281135772903341
14.0,0.101986,0.027072879701166314
14.0,0.132426,0.035595923645432126
20.0,0.056326,0.01383172214489622
19.0,0.071546,0.018093244117029124
19.0,0.056326,0.014288313784767602
22.0,0.071546,0.018549835756900505
19.0,0.056326,0.014288313784767602
16.0,0.056326,0.014744905424638985
22.0,0.071546,0.018549835756900505
19.0,0.071546,0.018093244117029124
17.0,0.086766,0.02235476608916203
22.0,0.071546,0.018549835756900505
22.0,0.071546,0.018549835756900505
15.0,0.086766,0.02326794936890479
19.0,0.071546,0.018093244117029124
18.0,0.071546,0.018549835756900505
18.0,0.086766,0.02235476608916203
20.0,0.086766,0.02281135772903341
20.0,0.056326,0.01383172214489622
19.0,0.071546,0.018093244117029124
18.0,0.056326,0.014288313784767602
21.0,0.071546,0.018549835756900505
20.0,0.071546,0.018549835756900505
17.0,0.071546,0.019006427396771886
23.0,0.071546,0.018093244117029124
21.0,0.086766,0.02235476608916203
23.0,0.071546,0.018093244117029124
22.0,0.086766,0.02235476608916203
23.0,0.071546,0.018549835756900505
22.0,0.086766,0.02281135772903341
23.0,0.071546,0.018549835756900505
20.0,0.071546,0.019006427396771886
21.0,0.086766,0.02281135772903341
22.0,0.086766,0.02235476608916203
17.0,0.101986,0.02661628806129493
23.0,0.086766,0.02281135772903341
23.0,0.086766,0.02281135772903341
16.0,0.101986,0.027529471341037698
20.0,0.056326,0.013375130505024837
19.0,0.071546,0.01763665247715774
19.0,0.056326,0.013375130505024837
23.0,0.071546,0.01763665247715774
19.0,0.056326,0.013375130505024837
17.0,0.056326,0.013375130505024837
23.0,0.071546,0.01763665247715774
19.0,0.071546,0.01763665247715774
18.0,0.086766,0.021898174449290646
22.0,0.071546,0.01763665247715774
22.0,0.071546,0.01763665247715774
16.0,0.086766,0.021898174449290646
18.0,0.071546,0.01763665247715774
17.0,0.071546,0.01763665247715774
17.0,0.086766,0.021898174449290646
20.0,0.086766,0.021898174449290646
18.0,0.056326,0.01383172214489622
17.0,0.071546,0.018093244117029124
17.0,0.056326,0.01383172214489622
21.0,0.071546,0.018093244117029124
19.0,0.071546,0.018093244117029124
17.0,0.071546,0.018093244117029124
21.0,0.071546,0.018093244117029124
19.0,0.086766,0.02235476608916203
20.0,0.071546,0.018093244117029124
18.0,0.086766,0.02235476608916203
20.0,0.071546,0.018093244117029124
19.0,0.071546,0.018549835756900505
19.0,0.086766,0.02281135772903341
19.0,0.086766,0.02235476608916203
17.0,0.101986,0.02661628806129493
23.0,0.086766,0.02235476608916203
21.0,0.086766,0.02281135772903341
23.0,0.071546,0.01763665247715774
22.0,0.086766,0.021898174449290646
22.0,0.071546,0.01763665247715774
22.0,0.086766,0.021898174449290646
22.0,0.071546,0.01763665247715774
20.0,0.071546,0.01763665247715774
21.0,0.086766,0.021898174449290646
22.0,0.086766,0.021898174449290646
19.0,0.101986,0.02615969642142355
22.0,0.086766,0.021898174449290646
22.0,0.086766,0.021898174449290646
17.0,0.101986,0.02615969642142355
19.0,0.071546,0.01763665247715774
18.0,0.086766,0.021898174449290646
18.0,0.071546,0.01763665247715774
18.0,0.071546,0.018093244117029124
18.0,0.086766,0.02235476608916203
18.0,0.086766,0.021898174449290646
17.0,0.086766,0.02235476608916203
22.0,0.086766,0.021898174449290646
18.0,0.086766,0.021898174449290646
16.0,0.101986,0.02615969642142355
17.0,0.086766,0.021898174449290646
16.0,0.086766,0.02235476608916203
16.0,0.101986,0.02661628806129493
18.0,0.086766,0.021898174449290646
17.0,0.101986,0.02615969642142355
17.0,0.086766,0.021898174449290646
20.0,0.101986,0.02615969642142355
15.0,0.132426,0.03468274036568936
20.0,0.086766,0.02235476608916203
18.0,0.101986,0.02661628806129493
20.0,0.071546,0.018093244117029124
19.0,0.086766,0.02235476608916203
19.0,0.071546,0.018093244117029124
19.0,0.071546,0.018549835756900505
19.0,0.086766,0.02281135772903341
19.0,0.086766,0.02235476608916203
18.0,0.086766,0.02235476608916203
21.0,0.086766,0.02281135772903341
20.0,0.071546,0.018093244117029124
18.0,0.086766,0.02235476608916203
19.0,0.071546,0.018093244117029124
18.0,0.071546,0.018549835756900505
18.0,0.086766,0.02281135772903341
19.0,0.086766,0.02235476608916203
17.0,0.086766,0.02281135772903341
23.0,0.086766,0.02235476608916203
17.0,0.086766,0.02281135772903341
15.0,0.101986,0.027072879701166314
16.0,0.086766,0.02281135772903341
15.0,0.086766,0.02326794936890479
15.0,0.101986,0.027529471341037698
18.0,0.132426,0.035595923645432126
22.0,0.112652,0.026750261010049674
20.0,0.127872,0.031011782982182576
20.0,0.112652,0.027206852649921058
21.0,0.112652,0.026750261010049674
20.0,0.127872,0.03146837462205396
21.0,0.112652,0.026750261010049674
19.0,0.112652,0.026750261010049674
21.0,0.112652,0.027206852649921058
19.0,0.112652,0.02766344428979244
21.0,0.127872,0.03146837462205396
20.0,0.127872,0.031011782982182576
18.0,0.143092,0.03527330495431548
20.0,0.127872,0.03146837462205396
21.0,0.127872,0.03146837462205396
17.0,0.143092,0.03618648823405825
21.0,0.127872,0.031011782982182576
19.0,0.127872,0.03146837462205396
20.0,0.127872,0.031011782982182576
19.0,0.143092,0.03527330495431548
19.0,0.143092,0.035729896594186863
24.0,0.127872,0.031011782982182576
22.0,0.127872,0.031011782982182576
24.0,0.127872,0.03146837462205396
22.0,0.127872,0.03192496626192534
21.0,0.112652,0.027206852649921058
19.0,0.127872,0.03146837462205396
19.0,0.112652,0.02766344428979244
19.0,0.112652,0.027206852649921058
19.0,0.127872,0.03192496626192534
20.0,0.112652,0.027206852649921058
17.0,0.112652,0.027206852649921058
18.0,0.112652,0.02766344428979244
16.0,0.112652,0.02812003592966382
19.0,0.127872,0.03192496626192534
19.0,0.127872,0.03146837462205396
16.0,0.143092,0.035729896594186863
19.0,0.127872,0.03192496626192534
19.0,0.127872,0.03192496626192534
15.0,0.143092,0.036643079873929625
23.0,0.127872,0.03146837462205396
21.0,0.127872,0.03192496626192534
21.0,0.127872,0.03146837462205396
20.0,0.143092,0.035729896594186863
20.0,0.143092,0.03618648823405825
21.0,0.127872,0.031011782982182576
19.0,0.143092,0.03527330495431548
19.0,0.127872,0.03146837462205396
20.0,0.127872,0.031011782982182576
19.0,0.143092,0.035729896594186863
18.0,0.143092,0.03527330495431548
16.0,0.143092,0.035729896594186863
21.0,0.143092,0.03527330495431548
24.0,0.127872,0.031011782982182576
21.0,0.143092,0.03527330495431548
22.0,0.127872,0.031011782982182576
20.0,0.143092,0.03527330495431548
23.0,0.127872,0.03146837462205396
20.0,0.143092,0.035729896594186863
21.0,0.127872,0.03192496626192534
21.0,0.127872,0.03146837462205396
20.0,0.143092,0.03618648823405825
24.0,0.127872,0.03146837462205396
22.0,0.127872,0.03192496626192534
16.0,0.143092,0.03618648823405825
14.0,0.143092,0.036643079873929625
24.0,0.112652,0.026750261010049674
23.0,0.127872,0.031011782982182576
23.0,0.112652,0.027206852649921058
26.0,0.127872,0.03146837462205396
23.0,0.112652,0.027206852649921058
20.0,0.112652,0.02766344428979244
26.0,0.127872,0.03146837462205396
23.0,0.127872,0.031011782982182576
21.0,0.143092,0.03527330495431548
26.0,0.127872,0.03146837462205396
26.0,0.127872,0.03146837462205396
19.0,0.143092,0.03618648823405825
22.0,0.127872,0.031011782982182576
21.0,0.127872,0.03146837462205396
21.0,0.143092,0.03527330495431548
23.0,0.143092,0.035729896594186863
23.0,0.112652,0.026750261010049674
22.0,0.127872,0.031011782982182576
22.0,0.112652,0.027206852649921058
24.0,0.127872,0.03146837462205396
23.0,0.127872,0.03146837462205396
21.0,0.127872,0.03192496626192534
26.0,0.127872,0.031011782982182576
24.0,0.143092,0.03527330495431548
23.0,0.112652,0.026750261010049674
20.0,0.127872,0.031011782982182576
21.0,0.112652,0.026750261010049674
21.0,0.112652,0.027206852649921058
21.0,0.127872,0.03146837462205396
22.0,0.127872,0.031011782982182576
19.0,0.143092,0.03527330495431548
24.0,0.127872,0.031011782982182576
24.0,0.127872,0.03146837462205396
26.0,0.127872,0.031011782982182576
24.0,0.127872,0.031011782982182576
24.0,0.143092,0.03527330495431548
23.0,0.143092,0.03527330495431548
22.0,0.127872,0.031011782982182576
20.0,0.143092,0.03527330495431548
20.0,0.127872,0.031011782982182576
21.0,0.127872,0.03146837462205396
20.0,0.143092,0.035729896594186863
21.0,0.143092,0.03527330495431548
19.0,0.143092,0.03527330495431548
23.0,0.143092,0.035729896594186863
23.0,0.127872,0.03146837462205396
20.0,0.143092,0.035729896594186863
21.0,0.127872,0.03146837462205396
21.0,0.127872,0.03192496626192534
20.0,0.143092,0.03618648823405825
20.0,0.169154,0.0402123277227248
19.0,0.184374,0.04447384969485771
20.0,0.169154,0.04066891936259619
21.0,0.184374,0.04493044133472909
20.0,0.169154,0.04066891936259619
17.0,0.169154,0.04112551100246757
22.0,0.184374,0.04493044133472909
19.0,0.184374,0.04447384969485771
16.0,0.199594,0.048735371666990615
21.0,0.184374,0.04493044133472909
22.0,0.184374,0.04493044133472909
15.0,0.199594,0.049648554946733384
19.0,0.169154,0.0402123277227248
17.0,0.169154,0.04066891936259619
18.0,0.184374,0.04447384969485771
19.0,0.184374,0.04493044133472909
22.0,0.184374,0.04447384969485771
18.0,0.199594,0.048735371666990615
18.0,0.184374,0.04447384969485771
17.0,0.199594,0.048735371666990615
17.0,0.184374,0.04493044133472909
18.0,0.199594,0.049191963306862
19.0,0.184374,0.04493044133472909
17.0,0.184374,0.04538703297460048
21.0,0.169154,0.04929407547134432
18.0,0.184374,0.053555597443477224
19.0,0.169154,0.0497506671112157
19.0,0.169154,0.04929407547134432
18.0,0.184374,0.05401218908334861
20.0,0.169154,0.04929407547134432
17.0,0.169154,0.04929407547134432
20.0,0.169154,0.0497506671112157
18.0,0.169154,0.050207258751087086
19.0,0.184374,0.05401218908334861
19.0,0.184374,0.05355559744347722
16.0,0.199594,0.05781711941561012
19.0,0.184374,0.0540121890833486
19.0,0.184374,0.0540121890833486
15.0,0.199594,0.058730302695352885
19.0,0.184374,0.05355559744347722
16.0,0.199594,0.05781711941561012
17.0,0.184374,0.0540121890833486
17.0,0.184374,0.05355559744347722
16.0,0.199594,0.05827371105548151
21.0,0.184374,0.05355559744347722
18.0,0.184374,0.05355559744347722
21.0,0.184374,0.0540121890833486
19.0,0.184374,0.05446878072321998
23.0,0.169154,0.04929407547134432
20.0,0.184374,0.053555597443477224
22.0,0.169154,0.04929407547134432
22.0,0.169154,0.0497506671112157
21.0,0.184374,0.05401218908334861
22.0,0.184374,0.05355559744347722
19.0,0.199594,0.05781711941561012
25.0,0.184374,0.05355559744347722
24.0,0.184374,0.0540121890833486
21.0,0.184374,0.05355559744347722
18.0,0.199594,0.05781711941561012
19.0,0.184374,0.05355559744347722
19.0,0.184374,0.0540121890833486
18.0,0.199594,0.05827371105548151
17.0,0.28267,0.0823178643663709
15.0,0.29789,0.08657938633850379
15.0,0.29789,0.08657938633850379
21.0,0.112652,0.026750261010049674
20.0,0.127872,0.031011782982182576
20.0,0.112652,0.027206852649921058
20.0,0.112652,0.026750261010049674
20.0,0.127872,0.03146837462205396
18.0,0.112652,0.026750261010049674
17.0,0.112652,0.026750261010049674
20.0,0.112652,0.027206852649921058
18.0,0.112652,0.02766344428979244
19.0,0.127872,0.03146837462205396
19.0,0.127872,0.031011782982182576
17.0,0.143092,0.03527330495431548
19.0,0.127872,0.03146837462205396
20.0,0.127872,0.03146837462205396
16.0,0.143092,0.03618648823405825
19.0,0.127872,0.031011782982182576
18.0,0.127872,0.03146837462205396
16.0,0.127872,0.031011782982182576
17.0,0.143092,0.03527330495431548
17.0,0.143092,0.035729896594186863
21.0,0.127872,0.031011782982182576
18.0,0.127872,0.031011782982182576
21.0,0.127872,0.03146837462205396
19.0,0.127872,0.03192496626192534
23.0,0.112652,0.026750261010049674
22.0,0.127872,0.031011782982182576
20.0,0.112652,0.026750261010049674
22.0,0.112652,0.027206852649921058
21.0,0.127872,0.03146837462205396
22.0,0.127872,0.031011782982182576
19.0,0.127872,0.031011782982182576
24.0,0.127872,0.03146837462205396
22.0,0.112652,0.026750261010049674
19.0,0.127872,0.031011782982182576
19.0,0.112652,0.026750261010049674
20.0,0.112652,0.027206852649921058
19.0,0.127872,0.03146837462205396
24.0,0.127872,0.031011782982182576
21.0,0.127872,0.031011782982182576
20.0,0.184374,0.05446878072321998
17.0,0.199594,0.058730302695352885
18.0,0.184374,0.05446878072321998
18.0,0.184374,0.05492537236309136
17.0,0.199594,0.05918689433522427
16.0,0.29789,0.08749256961824656
17.0,0.184374,0.04447384969485771
15.0,0.199594,0.048735371666990615
16.0,0.184374,0.04447384969485771
16.0,0.199594,0.048735371666990615
20.0,0.112652,0.05538048609043553
18.0,0.127872,0.05964200806256843
17.0,0.112652,0.05583707773030691
19.0,0.112652,0.05538048609043553
18.0,0.127872,0.06009859970243982
19.0,0.112652,0.05538048609043553
17.0,0.112652,0.05538048609043553
19.0,0.112652,0.05583707773030691
16.0,0.112652,0.056293669370178295
19.0,0.127872,0.06009859970243982
18.0,0.127872,0.05964200806256843
16.0,0.143092,0.06390353003470134
18.0,0.127872,0.06009859970243982
19.0,0.127872,0.06009859970243982
15.0,0.143092,0.06481671331444411
19.0,0.127872,0.05964200806256843
16.0,0.127872,0.06009859970243982
18.0,0.127872,0.05964200806256843
17.0,0.143092,0.06390353003470134
17.0,0.143092,0.06436012167457272
22.0,0.127872,0.05964200806256843
20.0,0.127872,0.05964200806256843
22.0,0.127872,0.06009859970243982
19.0,0.127872,0.0605551913423112
19.0,0.112652,0.05583707773030691
17.0,0.127872,0.06009859970243982
16.0,0.112652,0.056293669370178295
17.0,0.112652,0.05583707773030691
16.0,0.127872,0.0605551913423112
17.0,0.112652,0.05583707773030691
15.0,0.112652,0.05583707773030691
16.0,0.112652,0.056293669370178295
13.0,0.112652,0.05675026101004968
16.0,0.127872,0.0605551913423112
17.0,0.127872,0.06009859970243982
14.0,0.143092,0.06436012167457272
16.0,0.127872,0.0605551913423112
16.0,0.127872,0.0605551913423112
12.0,0.143092,0.06527330495431549
21.0,0.127872,0.06009859970243982
18.0,0.127872,0.0605551913423112
19.0,0.127872,0.06009859970243982
18.0,0.143092,0.06436012167457272
18.0,0.143092,0.06481671331444411
19.0,0.127872,0.05964200806256843
17.0,0.143092,0.06390353003470134
16.0,0.127872,0.06009859970243982
18.0,0.127872,0.05964200806256843
17.0,0.143092,0.06436012167457272
16.0,0.143092,0.06390353003470134
14.0,0.143092,0.06436012167457272
19.0,0.143092,0.06390353003470134
22.0,0.127872,0.05964200806256843
19.0,0.143092,0.06390353003470134
20.0,0.127872,0.05964200806256843
18.0,0.143092,0.06390353003470134
21.0,0.127872,0.06009859970243982
18.0,0.143092,0.06436012167457272
18.0,0.127872,0.0605551913423112
19.0,0.127872,0.06009859970243982
18.0,0.143092,0.06481671331444411
22.0,0.127872,0.06009859970243982
19.0,0.127872,0.0605551913423112
14.0,0.143092,0.06481671331444411
11.0,0.143092,0.06527330495431549
20.0,0.056326,0.013375130505024837
19.0,0.071546,0.01763665247715774
19.0,0.056326,0.01383172214489622
17.0,0.056326,0.013375130505024837
18.0,0.071546,0.018093244117029124
19.0,0.056326,0.013375130505024837
16.0,0.056326,0.013375130505024837
19.0,0.056326,0.01383172214489622
17.0,0.056326,0.014288313784767602
19.0,0.071546,0.018093244117029124
19.0,0.071546,0.01763665247715774
17.0,0.086766,0.021898174449290646
19.0,0.071546,0.018093244117029124
18.0,0.071546,0.018093244117029124
15.0,0.086766,0.02281135772903341
19.0,0.071546,0.01763665247715774
16.0,0.071546,0.01763665247715774
18.0,0.071546,0.018093244117029124
18.0,0.086766,0.021898174449290646
17.0,0.086766,0.02235476608916203
22.0,0.071546,0.018093244117029124
21.0,0.071546,0.018549835756900505
23.0,0.071546,0.01763665247715774
20.0,0.071546,0.01763665247715774
19.0,0.056326,0.013375130505024837
18.0,0.071546,0.01763665247715774
18.0,0.056326,0.01383172214489622
16.0,0.056326,0.013375130505024837
17.0,0.071546,0.018093244117029124
17.0,0.056326,0.013375130505024837
14.0,0.056326,0.013375130505024837
17.0,0.056326,0.01383172214489622
16.0,0.056326,0.014288313784767602
17.0,0.071546,0.018093244117029124
17.0,0.071546,0.01763665247715774
16.0,0.086766,0.021898174449290646
17.0,0.071546,0.018093244117029124
16.0,0.071546,0.018093244117029124
13.0,0.086766,0.02281135772903341
22.0,0.071546,0.01763665247715774
19.0,0.071546,0.01763665247715774
20.0,0.071546,0.018093244117029124
20.0,0.086766,0.021898174449290646
19.0,0.086766,0.02235476608916203
19.0,0.071546,0.01763665247715774
18.0,0.086766,0.021898174449290646
18.0,0.071546,0.018093244117029124
16.0,0.071546,0.01763665247715774
17.0,0.086766,0.02235476608916203
17.0,0.086766,0.021898174449290646
14.0,0.086766,0.021898174449290646
20.0,0.086766,0.02235476608916203
21.0,0.071546,0.01763665247715774
20.0,0.086766,0.021898174449290646
20.0,0.071546,0.018093244117029124
18.0,0.071546,0.01763665247715774
19.0,0.086766,0.02235476608916203
22.0,0.071546,0.01763665247715774
19.0,0.071546,0.01763665247715774
15.0,0.086766,0.021898174449290646
12.0,0.086766,0.021898174449290646
22.0,0.071546,0.018093244117029124
20.0,0.086766,0.02235476608916203
20.0,0.071546,0.018549835756900505
19.0,0.086766,0.02281135772903341
21.0,0.112652,0.026750261010049674
19.0,0.127872,0.031011782982182576
20.0,0.112652,0.027206852649921058
18.0,0.112652,0.026750261010049674
19.0,0.127872,0.03146837462205396
20.0,0.112652,0.026750261010049674
17.0,0.112652,0.026750261010049674
20.0,0.112652,0.027206852649921058
18.0,0.112652,0.02766344428979244
20.0,0.127872,0.03146837462205396
20.0,0.127872,0.031011782982182576
17.0,0.143092,0.03527330495431548
20.0,0.127872,0.03146837462205396
19.0,0.127872,0.03146837462205396
16.0,0.143092,0.03618648823405825
19.0,0.127872,0.031011782982182576
17.0,0.143092,0.03527330495431548
18.0,0.127872,0.03146837462205396
16.0,0.127872,0.031011782982182576
17.0,0.143092,0.035729896594186863
21.0,0.127872,0.031011782982182576
18.0,0.127872,0.031011782982182576
21.0,0.127872,0.03146837462205396
19.0,0.127872,0.03192496626192534
23.0,0.112652,0.026750261010049674
20.0,0.112652,0.026750261010049674
22.0,0.112652,0.027206852649921058
22.0,0.127872,0.031011782982182576
21.0,0.127872,0.03146837462205396
22.0,0.127872,0.031011782982182576
19.0,0.127872,0.031011782982182576
25.0,0.127872,0.03146837462205396
22.0,0.112652,0.026750261010049674
19.0,0.112652,0.026750261010049674
20.0,0.112652,0.027206852649921058
20.0,0.127872,0.031011782982182576
19.0,0.127872,0.03146837462205396
24.0,0.127872,0.031011782982182576
21.0,0.127872,0.031011782982182576
20.0,0.169154,0.0402123277227248
17.0,0.169154,0.0402123277227248
18.0,0.169154,0.04066891936259619
18.0,0.184374,0.04447384969485771
18.0,0.184374,0.04493044133472909
18.0,0.184374,0.04447384969485771
15.0,0.184374,0.04447384969485771
19.0,0.184374,0.04493044133472909
22.0,0.169154,0.04929407547134432
20.0,0.169154,0.04929407547134432
21.0,0.184374,0.05355559744347722
22.0,0.184374,0.05355559744347722
20.0,0.184374,0.05355559744347722
18.0,0.184374,0.05355559744347722
19.0,0.112652,0.026750261010049674
17.0,0.127872,0.031011782982182576
17.0,0.112652,0.027206852649921058
16.0,0.112652,0.026750261010049674
16.0,0.127872,0.03146837462205396
16.0,0.112652,0.026750261010049674
13.0,0.112652,0.026750261010049674
17.0,0.112652,0.027206852649921058
15.0,0.112652,0.02766344428979244
16.0,0.127872,0.03146837462205396
17.0,0.127872,0.031011782982182576
15.0,0.143092,0.03527330495431548
16.0,0.127872,0.03146837462205396
16.0,0.127872,0.03146837462205396
12.0,0.143092,0.03618648823405825
22.0,0.112652,0.026750261010049674
19.0,0.112652,0.026750261010049674
19.0,0.112652,0.026750261010049674
16.0,0.112652,0.026750261010049674
18.0,0.184374,0.05446878072321998
15.0,0.184374,0.05446878072321998
15.0,0.184374,0.04447384969485771
12.0,0.184374,0.04447384969485771
21.0,0.056326,0.013375130505024837
20.0,0.071546,0.01763665247715774
20.0,0.056326,0.013375130505024837
24.0,0.071546,0.01763665247715774
20.0,0.056326,0.013375130505024837
18.0,0.056326,0.013375130505024837
24.0,0.071546,0.01763665247715774
20.0,0.071546,0.01763665247715774
19.0,0.086766,0.021898174449290646
23.0,0.071546,0.01763665247715774
23.0,0.071546,0.01763665247715774
17.0,0.086766,0.021898174449290646
20.0,0.071546,0.01763665247715774
20.0,0.071546,0.01763665247715774
19.0,0.086766,0.021898174449290646
23.0,0.086766,0.021898174449290646
20.0,0.056326,0.01383172214489622
19.0,0.071546,0.018093244117029124
19.0,0.056326,0.01383172214489622
23.0,0.071546,0.018093244117029124
21.0,0.071546,0.018093244117029124
19.0,0.071546,0.018093244117029124
23.0,0.071546,0.018093244117029124
22.0,0.086766,0.02235476608916203
20.0,0.071546,0.01763665247715774
18.0,0.086766,0.021898174449290646
20.0,0.071546,0.01763665247715774
19.0,0.071546,0.018093244117029124
19.0,0.086766,0.02235476608916203
19.0,0.086766,0.021898174449290646
17.0,0.101986,0.02615969642142355
23.0,0.086766,0.021898174449290646
21.0,0.086766,0.02235476608916203
20.0,0.071546,0.01763665247715774
19.0,0.086766,0.021898174449290646
19.0,0.071546,0.01763665247715774
23.0,0.086766,0.021898174449290646
19.0,0.071546,0.01763665247715774
17.0,0.071546,0.01763665247715774
22.0,0.086766,0.021898174449290646
18.0,0.086766,0.021898174449290646
16.0,0.101986,0.02615969642142355
22.0,0.086766,0.021898174449290646
21.0,0.086766,0.021898174449290646
15.0,0.101986,0.02615969642142355
17.0,0.117206,0.03042121839355645
15.0,0.132426,0.03468274036568936
23.0,0.071546,0.018093244117029124
22.0,0.086766,0.02235476608916203
21.0,0.071546,0.018093244117029124
22.0,0.086766,0.02235476608916203
20.0,0.056326,0.01383172214489622
19.0,0.071546,0.018093244117029124
19.0,0.056326,0.01383172214489622
17.0,0.056326,0.014288313784767602
18.0,0.071546,0.018549835756900505
19.0,0.071546,0.018093244117029124
16.0,0.071546,0.018549835756900505
23.0,0.071546,0.018093244117029124
21.0,0.071546,0.018093244117029124
19.0,0.086766,0.02235476608916203
19.0,0.071546,0.018093244117029124
18.0,0.071546,0.018549835756900505
16.0,0.086766,0.02281135772903341
23.0,0.071546,0.018093244117029124
21.0,0.086766,0.02235476608916203
21.0,0.071546,0.018093244117029124
22.0,0.086766,0.02235476608916203
23.0,0.071546,0.018093244117029124
21.0,0.086766,0.02235476608916203
21.0,0.086766,0.02235476608916203
16.0,0.086766,0.02281135772903341
14.0,0.101986,0.027072879701166314
14.0,0.132426,0.035595923645432126
20.0,0.056326,0.01383172214489622
19.0,0.071546,0.018093244117029124
19.0,0.056326,0.014288313784767602
22.0,0.071546,0.018549835756900505
19.0,0.056326,0.014288313784767602
16.0,0.056326,0.014744905424638985
22.0,0.071546,0.018549835756900505
19.0,0.071546,0.018093244117029124
17.0,0.086766,0.02235476608916203
22.0,0.071546,0.018549835756900505
22.0,0.071546,0.018549835756900505
15.0,0.086766,0.02326794936890479
19.0,0.071546,0.018093244117029124
18.0,0.071546,0.018549835756900505
18.0,0.086766,0.02235476608916203
20.0,0.086766,0.02281135772903341
20.0,0.056326,0.01383172214489622
19.0,0.071546,0.018093244117029124
18.0,0.056326,0.014288313784767602
21.0,0.071546,0.018549835756900505
20.0,0.071546,0.018549835756900505
17.0,0.071546,0.019006427396771886
23.0,0.071546,0.018093244117029124
21.0,0.086766,0.02235476608916203
23.0,0.071546,0.018093244117029124
22.0,0.086766,0.02235476608916203
23.0,0.071546,0.018549835756900505
21.0,0.086766,0.02281135772903341
23.0,0.071546,0.018549835756900505
20.0,0.071546,0.019006427396771886
22.0,0.086766,0.02281135772903341
22.0,0.086766,0.02235476608916203
17.0,0.101986,0.02661628806129493
23.0,0.086766,0.02281135772903341
23.0,0.086766,0.02281135772903341
16.0,0.101986,0.027529471341037698
20.0,0.056326,0.013375130505024837
19.0,0.071546,0.01763665247715774
19.0,0.056326,0.013375130505024837
23.0,0.071546,0.01763665247715774
19.0,0.056326,0.013375130505024837
17.0,0.056326,0.013375130505024837
23.0,0.071546,0.01763665247715774
19.0,0.071546,0.01763665247715774
18.0,0.086766,0.021898174449290646
22.0,0.071546,0.01763665247715774
22.0,0.071546,0.01763665247715774
16.0,0.086766,0.021898174449290646
18.0,0.071546,0.01763665247715774
17.0,0.071546,0.01763665247715774
17.0,0.086766,0.021898174449290646
20.0,0.086766,0.021898174449290646
18.0,0.056326,0.01383172214489622
17.0,0.071546,0.018093244117029124
17.0,0.056326,0.01383172214489622
21.0,0.071546,0.018093244117029124
19.0,0.071546,0.018093244117029124
17.0,0.071546,0.018093244117029124
21.0,0.071546,0.018093244117029124
19.0,0.086766,0.02235476608916203
20.0,0.071546,0.018093244117029124
18.0,0.086766,0.02235476608916203
20.0,0.071546,0.018093244117029124
19.0,0.071546,0.018549835756900505
19.0,0.086766,0.02281135772903341
19.0,0.086766,0.02235476608916203
17.0,0.101986,0.02661628806129493
23.0,0.086766,0.02235476608916203
21.0,0.086766,0.02281135772903341
23.0,0.071546,0.01763665247715774
22.0,0.086766,0.021898174449290646
22.0,0.071546,0.01763665247715774
21.0,0.086766,0.021898174449290646
22.0,0.071546,0.01763665247715774
20.0,0.071546,0.01763665247715774
22.0,0.086766,0.021898174449290646
22.0,0.086766,0.021898174449290646
19.0,0.101986,0.02615969642142355
22.0,0.086766,0.021898174449290646
22.0,0.086766,0.021898174449290646
17.0,0.101986,0.02615969642142355
19.0,0.071546,0.01763665247715774
18.0,0.086766,0.021898174449290646
18.0,0.071546,0.01763665247715774
18.0,0.071546,0.018093244117029124
18.0,0.086766,0.02235476608916203
18.0,0.086766,0.021898174449290646
17.0,0.086766,0.02235476608916203
22.0,0.086766,0.021898174449290646
18.0,0.086766,0.021898174449290646
16.0,0.101986,0.02615969642142355
17.0,0.086766,0.021898174449290646
16.0,0.086766,0.02235476608916203
16.0,0.101986,0.02661628806129493
18.0,0.086766,0.021898174449290646
17.0,0.101986,0.02615969642142355
17.0,0.086766,0.021898174449290646
20.0,0.101986,0.02615969642142355
15.0,0.132426,0.03468274036568936
20.0,0.086766,0.02235476608916203
18.0,0.101986,0.02661628806129493
20.0,0.071546,0.018093244117029124
19.0,0.086766,0.02235476608916203
19.0,0.071546,0.018093244117029124
19.0,0.071546,0.018549835756900505
19.0,0.086766,0.02281135772903341
19.0,0.086766,0.02235476608916203
18.0,0.086766,0.02235476608916203
21.0,0.086766,0.02281135772903341
20.0,0.071546,0.018093244117029124
18.0,0.086766,0.02235476608916203
19.0,0.071546,0.018093244117029124
18.0,0.071546,0.018549835756900505
18.0,0.086766,0.02281135772903341
19.0,0.086766,0.02235476608916203
17.0,0.086766,0.02281135772903341
23.0,0.086766,0.02235476608916203
17.0,0.086766,0.02281135772903341
15.0,0.101986,0.027072879701166314
16.0,0.086766,0.02281135772903341
15.0,0.086766,0.02326794936890479
15.0,0.101986,0.027529471341037698
18.0,0.132426,0.035595923645432126
24.0,0.112652,0.026750261010049674
23.0,0.127872,0.031011782982182576
23.0,0.112652,0.027206852649921058
26.0,0.127872,0.03146837462205396
23.0,0.112652,0.027206852649921058
20.0,0.112652,0.02766344428979244
26.0,0.127872,0.03146837462205396
23.0,0.127872,0.031011782982182576
21.0,0.143092,0.03527330495431548
26.0,0.127872,0.03146837462205396
26.0,0.127872,0.03146837462205396
19.0,0.143092,0.03618648823405825
22.0,0.127872,0.031011782982182576
21.0,0.127872,0.03146837462205396
21.0,0.143092,0.03527330495431548
23.0,0.143092,0.035729896594186863
23.0,0.112652,0.026750261010049674
22.0,0.127872,0.031011782982182576
22.0,0.112652,0.027206852649921058
24.0,0.127872,0.03146837462205396
23.0,0.127872,0.03146837462205396
21.0,0.127872,0.03192496626192534
26.0,0.127872,0.031011782982182576
24.0,0.143092,0.03527330495431548
23.0,0.112652,0.026750261010049674
20.0,0.127872,0.031011782982182576
21.0,0.112652,0.026750261010049674
21.0,0.112652,0.027206852649921058
21.0,0.127872,0.03146837462205396
22.0,0.127872,0.031011782982182576
19.0,0.143092,0.03527330495431548
24.0,0.127872,0.031011782982182576
24.0,0.127872,0.03146837462205396
26.0,0.127872,0.031011782982182576
24.0,0.127872,0.031011782982182576
24.0,0.143092,0.03527330495431548
23.0,0.143092,0.03527330495431548
22.0,0.127872,0.031011782982182576
20.0,0.143092,0.03527330495431548
20.0,0.127872,0.031011782982182576
21.0,0.127872,0.03146837462205396
20.0,0.143092,0.035729896594186863
21.0,0.143092,0.03527330495431548
19.0,0.143092,0.03527330495431548
23.0,0.143092,0.035729896594186863
23.0,0.127872,0.03146837462205396
20.0,0.143092,0.035729896594186863
21.0,0.127872,0.03146837462205396
21.0,0.127872,0.03192496626192534
20.0,0.143092,0.03618648823405825
22.0,0.112652,0.026750261010049674
20.0,0.127872,0.031011782982182576
20.0,0.112652,0.027206852649921058
21.0,0.112652,0.026750261010049674
20.0,0.127872,0.03146837462205396
21.0,0.112652,0.026750261010049674
19.0,0.112652,0.026750261010049674
21.0,0.112652,0.027206852649921058
19.0,0.112652,0.02766344428979244
21.0,0.127872,0.03146837462205396
20.0,0.127872,0.031011782982182576
18.0,0.143092,0.03527330495431548
20.0,0.127872,0.03146837462205396
21.0,0.127872,0.03146837462205396
17.0,0.143092,0.03618648823405825
21.0,0.127872,0.031011782982182576
19.0,0.127872,0.03146837462205396
20.0,0.127872,0.031011782982182576
19.0,0.143092,0.03527330495431548
19.0,0.143092,0.035729896594186863
24.0,0.127872,0.031011782982182576
22.0,0.127872,0.031011782982182576
24.0,0.127872,0.03146837462205396
22.0,0.127872,0.03192496626192534
21.0,0.112652,0.027206852649921058
19.0,0.127872,0.03146837462205396
19.0,0.112652,0.02766344428979244
19.0,0.112652,0.027206852649921058
19.0,0.127872,0.03192496626192534
20.0,0.112652,0.027206852649921058
17.0,0.112652,0.027206852649921058
18.0,0.112652,0.02766344428979244
16.0,0.112652,0.02812003592966382
19.0,0.127872,0.03192496626192534
19.0,0.127872,0.03146837462205396
16.0,0.143092,0.035729896594186863
19.0,0.127872,0.03192496626192534
19.0,0.127872,0.03192496626192534
15.0,0.143092,0.036643079873929625
23.0,0.127872,0.03146837462205396
21.0,0.127872,0.03192496626192534
21.0,0.127872,0.03146837462205396
20.0,0.143092,0.035729896594186863
20.0,0.143092,0.03618648823405825
21.0,0.127872,0.031011782982182576
19.0,0.143092,0.03527330495431548
19.0,0.127872,0.03146837462205396
20.0,0.127872,0.031011782982182576
19.0,0.143092,0.035729896594186863
18.0,0.143092,0.03527330495431548
16.0,0.143092,0.035729896594186863
21.0,0.143092,0.03527330495431548
24.0,0.127872,0.031011782982182576
21.0,0.143092,0.03527330495431548
22.0,0.127872,0.031011782982182576
20.0,0.143092,0.03527330495431548
24.0,0.127872,0.03146837462205396
22.0,0.127872,0.03192496626192534
23.0,0.127872,0.03146837462205396
20.0,0.143092,0.035729896594186863
21.0,0.127872,0.03192496626192534
21.0,0.127872,0.03146837462205396
20.0,0.143092,0.03618648823405825
16.0,0.143092,0.03618648823405825
14.0,0.143092,0.036643079873929625
20.0,0.169154,0.0402123277227248
19.0,0.184374,0.04447384969485771
20.0,0.169154,0.04066891936259619
22.0,0.184374,0.04493044133472909
20.0,0.169154,0.04066891936259619
17.0,0.169154,0.04112551100246757
21.0,0.184374,0.04493044133472909
19.0,0.184374,0.04447384969485771
16.0,0.199594,0.048735371666990615
22.0,0.184374,0.04493044133472909
21.0,0.184374,0.04493044133472909
15.0,0.199594,0.049648554946733384
19.0,0.169154,0.0402123277227248
17.0,0.169154,0.04066891936259619
18.0,0.184374,0.04447384969485771
19.0,0.184374,0.04493044133472909
22.0,0.184374,0.04447384969485771
18.0,0.199594,0.048735371666990615
18.0,0.184374,0.04447384969485771
17.0,0.199594,0.048735371666990615
17.0,0.184374,0.04493044133472909
18.0,0.199594,0.049191963306862
19.0,0.184374,0.04493044133472909
17.0,0.184374,0.04538703297460048
23.0,0.169154,0.04929407547134432
20.0,0.184374,0.053555597443477224
22.0,0.169154,0.04929407547134432
22.0,0.169154,0.0497506671112157
21.0,0.184374,0.05401218908334861
22.0,0.184374,0.05355559744347722
19.0,0.199594,0.05781711941561012
25.0,0.184374,0.05355559744347722
24.0,0.184374,0.0540121890833486
21.0,0.184374,0.05355559744347722
18.0,0.199594,0.05781711941561012
19.0,0.184374,0.05355559744347722
19.0,0.184374,0.0540121890833486
18.0,0.199594,0.05827371105548151
21.0,0.169154,0.04929407547134432
18.0,0.184374,0.053555597443477224
19.0,0.169154,0.0497506671112157
19.0,0.169154,0.04929407547134432
18.0,0.184374,0.05401218908334861
20.0,0.169154,0.04929407547134432
17.0,0.169154,0.04929407547134432
20.0,0.169154,0.0497506671112157
18.0,0.169154,0.050207258751087086
19.0,0.184374,0.05401218908334861
19.0,0.184374,0.05355559744347722
16.0,0.199594,0.05781711941561012
19.0,0.184374,0.0540121890833486
19.0,0.184374,0.0540121890833486
15.0,0.199594,0.058730302695352885
19.0,0.184374,0.05355559744347722
16.0,0.199594,0.05781711941561012
17.0,0.184374,0.0540121890833486
17.0,0.184374,0.05355559744347722
16.0,0.199594,0.05827371105548151
21.0,0.184374,0.05355559744347722
18.0,0.184374,0.05355559744347722
21.0,0.184374,0.0540121890833486
19.0,0.184374,0.05446878072321998
17.0,0.28267,0.0823178643663709
15.0,0.29789,0.08657938633850379
15.0,0.29789,0.08657938633850379
23.0,0.112652,0.026750261010049674
22.0,0.127872,0.031011782982182576
20.0,0.112652,0.026750261010049674
22.0,0.112652,0.027206852649921058
21.0,0.127872,0.03146837462205396
22.0,0.127872,0.031011782982182576
19.0,0.127872,0.031011782982182576
24.0,0.127872,0.03146837462205396
22.0,0.112652,0.026750261010049674
19.0,0.127872,0.031011782982182576
19.0,0.112652,0.026750261010049674
20.0,0.112652,0.027206852649921058
19.0,0.127872,0.03146837462205396
24.0,0.127872,0.031011782982182576
21.0,0.127872,0.031011782982182576
20.0,0.184374,0.05446878072321998
17.0,0.199594,0.058730302695352885
18.0,0.184374,0.05446878072321998
18.0,0.184374,0.05492537236309136
17.0,0.199594,0.05918689433522427
16.0,0.29789,0.08749256961824656
21.0,0.112652,0.026750261010049674
20.0,0.127872,0.031011782982182576
20.0,0.112652,0.027206852649921058
20.0,0.112652,0.026750261010049674
20.0,0.127872,0.03146837462205396
18.0,0.112652,0.026750261010049674
17.0,0.112652,0.026750261010049674
20.0,0.112652,0.027206852649921058
18.0,0.112652,0.02766344428979244
19.0,0.127872,0.03146837462205396
19.0,0.127872,0.031011782982182576
17.0,0.143092,0.03527330495431548
19.0,0.127872,0.03146837462205396
20.0,0.127872,0.03146837462205396
16.0,0.143092,0.03618648823405825
19.0,0.127872,0.031011782982182576
18.0,0.127872,0.03146837462205396
16.0,0.127872,0.031011782982182576
17.0,0.143092,0.03527330495431548
17.0,0.143092,0.035729896594186863
21.0,0.127872,0.031011782982182576
18.0,0.127872,0.031011782982182576
21.0,0.127872,0.03146837462205396
19.0,0.127872,0.03192496626192534
17.0,0.184374,0.04447384969485771
15.0,0.199594,0.048735371666990615
16.0,0.184374,0.04447384969485771
16.0,0.199594,0.048735371666990615
20.0,0.112652,0.05538048609043553
18.0,0.127872,0.05964200806256843
17.0,0.112652,0.05583707773030691
19.0,0.112652,0.05538048609043553
18.0,0.127872,0.06009859970243982
19.0,0.112652,0.05538048609043553
17.0,0.112652,0.05538048609043553
19.0,0.112652,0.05583707773030691
16.0,0.112652,0.056293669370178295
19.0,0.127872,0.06009859970243982
18.0,0.127872,0.05964200806256843
16.0,0.143092,0.06390353003470134
18.0,0.127872,0.06009859970243982
19.0,0.127872,0.06009859970243982
15.0,0.143092,0.06481671331444411
19.0,0.127872,0.05964200806256843
16.0,0.127872,0.06009859970243982
18.0,0.127872,0.05964200806256843
17.0,0.143092,0.06390353003470134
17.0,0.143092,0.06436012167457272
22.0,0.127872,0.05964200806256843
20.0,0.127872,0.05964200806256843
22.0,0.127872,0.06009859970243982
19.0,0.127872,0.0605551913423112
19.0,0.112652,0.05583707773030691
17.0,0.127872,0.06009859970243982
16.0,0.112652,0.056293669370178295
17.0,0.112652,0.05583707773030691
16.0,0.127872,0.0605551913423112
17.0,0.112652,0.05583707773030691
15.0,0.112652,0.05583707773030691
16.0,0.112652,0.056293669370178295
13.0,0.112652,0.05675026101004968
16.0,0.127872,0.0605551913423112
17.0,0.127872,0.06009859970243982
14.0,0.143092,0.06436012167457272
16.0,0.127872,0.0605551913423112
16.0,0.127872,0.0605551913423112
12.0,0.143092,0.06527330495431549
21.0,0.127872,0.06009859970243982
18.0,0.127872,0.0605551913423112
19.0,0.127872,0.06009859970243982
18.0,0.143092,0.06436012167457272
18.0,0.143092,0.06481671331444411
19.0,0.127872,0.05964200806256843
17.0,0.143092,0.06390353003470134
16.0,0.127872,0.06009859970243982
18.0,0.127872,0.05964200806256843
17.0,0.143092,0.06436012167457272
16.0,0.143092,0.06390353003470134
14.0,0.143092,0.06436012167457272
19.0,0.143092,0.06390353003470134
22.0,0.127872,0.05964200806256843
19.0,0.143092,0.06390353003470134
20.0,0.127872,0.05964200806256843
18.0,0.143092,0.06390353003470134
22.0,0.127872,0.06009859970243982
19.0,0.127872,0.0605551913423112
21.0,0.127872,0.06009859970243982
18.0,0.143092,0.06436012167457272
18.0,0.127872,0.0605551913423112
19.0,0.127872,0.06009859970243982
18.0,0.143092,0.06481671331444411
14.0,0.143092,0.06481671331444411
11.0,0.143092,0.06527330495431549
20.0,0.056326,0.013375130505024837
19.0,0.071546,0.01763665247715774
19.0,0.056326,0.01383172214489622
17.0,0.056326,0.013375130505024837
18.0,0.071546,0.018093244117029124
19.0,0.056326,0.013375130505024837
16.0,0.056326,0.013375130505024837
19.0,0.056326,0.01383172214489622
17.0,0.056326,0.014288313784767602
19.0,0.071546,0.018093244117029124
19.0,0.071546,0.01763665247715774
17.0,0.086766,0.021898174449290646
19.0,0.071546,0.018093244117029124
18.0,0.071546,0.018093244117029124
15.0,0.086766,0.02281135772903341
19.0,0.071546,0.01763665247715774
16.0,0.071546,0.01763665247715774
18.0,0.071546,0.018093244117029124
18.0,0.086766,0.021898174449290646
17.0,0.086766,0.02235476608916203
22.0,0.071546,0.018093244117029124
21.0,0.071546,0.018549835756900505
23.0,0.071546,0.01763665247715774
20.0,0.071546,0.01763665247715774
19.0,0.056326,0.013375130505024837
18.0,0.071546,0.01763665247715774
18.0,0.056326,0.01383172214489622
16.0,0.056326,0.013375130505024837
17.0,0.071546,0.018093244117029124
17.0,0.056326,0.013375130505024837
14.0,0.056326,0.013375130505024837
17.0,0.056326,0.01383172214489622
16.0,0.056326,0.014288313784767602
17.0,0.071546,0.018093244117029124
17.0,0.071546,0.01763665247715774
16.0,0.086766,0.021898174449290646
17.0,0.071546,0.018093244117029124
16.0,0.071546,0.018093244117029124
13.0,0.086766,0.02281135772903341
22.0,0.071546,0.01763665247715774
19.0,0.071546,0.01763665247715774
20.0,0.071546,0.018093244117029124
20.0,0.086766,0.021898174449290646
19.0,0.086766,0.02235476608916203
19.0,0.071546,0.01763665247715774
18.0,0.086766,0.021898174449290646
18.0,0.071546,0.018093244117029124
16.0,0.071546,0.01763665247715774
17.0,0.086766,0.02235476608916203
17.0,0.086766,0.021898174449290646
14.0,0.086766,0.021898174449290646
20.0,0.086766,0.02235476608916203
22.0,0.071546,0.01763665247715774
19.0,0.071546,0.01763665247715774
21.0,0.071546,0.01763665247715774
20.0,0.086766,0.021898174449290646
20.0,0.071546,0.018093244117029124
18.0,0.071546,0.01763665247715774
19.0,0.086766,0.02235476608916203
15.0,0.086766,0.021898174449290646
12.0,0.086766,0.021898174449290646
22.0,0.071546,0.018093244117029124
20.0,0.086766,0.02235476608916203
20.0,0.071546,0.018549835756900505
19.0,0.086766,0.02281135772903341
23.0,0.112652,0.026750261010049674
20.0,0.112652,0.026750261010049674
22.0,0.112652,0.027206852649921058
22.0,0.127872,0.031011782982182576
21.0,0.127872,0.03146837462205396
22.0,0.127872,0.031011782982182576
19.0,0.127872,0.031011782982182576
25.0,0.127872,0.03146837462205396
22.0,0.112652,0.026750261010049674
19.0,0.112652,0.026750261010049674
20.0,0.112652,0.027206852649921058
20.0,0.127872,0.031011782982182576
19.0,0.127872,0.03146837462205396
24.0,0.127872,0.031011782982182576
21.0,0.127872,0.031011782982182576
21.0,0.112652,0.026750261010049674
19.0,0.127872,0.031011782982182576
20.0,0.112652,0.027206852649921058
18.0,0.112652,0.026750261010049674
19.0,0.127872,0.03146837462205396
20.0,0.112652,0.026750261010049674
17.0,0.112652,0.026750261010049674
20.0,0.112652,0.027206852649921058
18.0,0.112652,0.02766344428979244
20.0,0.127872,0.03146837462205396
20.0,0.127872,0.031011782982182576
17.0,0.143092,0.03527330495431548
20.0,0.127872,0.03146837462205396
19.0,0.127872,0.03146837462205396
16.0,0.143092,0.03618648823405825
19.0,0.127872,0.031011782982182576
17.0,0.143092,0.03527330495431548
18.0,0.127872,0.03146837462205396
16.0,0.127872,0.031011782982182576
17.0,0.143092,0.035729896594186863
21.0,0.127872,0.031011782982182576
18.0,0.127872,0.031011782982182576
21.0,0.127872,0.03146837462205396
19.0,0.127872,0.03192496626192534
20.0,0.169154,0.0402123277227248
17.0,0.169154,0.0402123277227248
18.0,0.169154,0.04066891936259619
18.0,0.184374,0.04447384969485771
18.0,0.184374,0.04493044133472909
18.0,0.184374,0.04447384969485771
15.0,0.184374,0.04447384969485771
19.0,0.184374,0.04493044133472909
22.0,0.169154,0.04929407547134432
20.0,0.169154,0.04929407547134432
21.0,0.184374,0.05355559744347722
22.0,0.184374,0.05355559744347722
20.0,0.184374,0.05355559744347722
18.0,0.184374,0.05355559744347722
22.0,0.112652,0.026750261010049674
19.0,0.112652,0.026750261010049674
19.0,0.112652,0.026750261010049674
16.0,0.112652,0.026750261010049674
18.0,0.184374,0.05446878072321998
15.0,0.184374,0.05446878072321998
19.0,0.112652,0.026750261010049674
17.0,0.127872,0.031011782982182576
17.0,0.112652,0.027206852649921058
16.0,0.112652,0.026750261010049674
16.0,0.127872,0.03146837462205396
16.0,0.112652,0.026750261010049674
13.0,0.112652,0.026750261010049674
17.0,0.112652,0.027206852649921058
15.0,0.112652,0.02766344428979244
16.0,0.127872,0.03146837462205396
17.0,0.127872,0.031011782982182576
15.0,0.143092,0.03527330495431548
16.0,0.127872,0.03146837462205396
16.0,0.127872,0.03146837462205396
12.0,0.143092,0.03618648823405825
15.0,0.184374,0.04447384969485771
12.0,0.184374,0.04447384969485771
17.0,0.112827,0.02683719721769997
16.0,0.128047,0.031098719189832875
17.0,0.112827,0.02683719721769997
21.0,0.128047,0.031098719189832875
17.0,0.112827,0.02683719721769997
15.0,0.112827,0.02683719721769997
21.0,0.128047,0.031098719189832875
16.0,0.128047,0.031098719189832875
15.0,0.143267,0.03536024116196578
20.0,0.128047,0.031098719189832875
20.0,0.128047,0.031098719189832875
14.0,0.143267,0.03536024116196578
16.0,0.128047,0.031098719189832875
16.0,0.128047,0.031098719189832875
15.0,0.143267,0.03536024116196578
19.0,0.143267,0.03536024116196578
17.0,0.112827,0.027293788857571354
16.0,0.128047,0.03155531082970426
16.0,0.112827,0.027293788857571354
20.0,0.128047,0.03155531082970426
17.0,0.128047,0.03155531082970426
16.0,0.128047,0.03155531082970426
19.0,0.128047,0.03155531082970426
17.0,0.143267,0.035816832801837166
16.0,0.128047,0.031098719189832875
14.0,0.143267,0.035360241161965775
16.0,0.128047,0.031098719189832875
15.0,0.128047,0.03155531082970426
15.0,0.143267,0.03581683280183716
15.0,0.143267,0.03536024116196578
13.0,0.158487,0.03962176313409868
19.0,0.143267,0.03536024116196578
17.0,0.143267,0.035816832801837166
16.0,0.128047,0.031098719189832875
15.0,0.143267,0.035360241161965775
16.0,0.128047,0.031098719189832875
19.0,0.143267,0.035360241161965775
16.0,0.128047,0.031098719189832875
14.0,0.128047,0.031098719189832875
19.0,0.143267,0.035360241161965775
14.0,0.143267,0.03536024116196578
11.0,0.158487,0.03962176313409868
18.0,0.143267,0.03536024116196578
18.0,0.143267,0.03536024116196578
11.0,0.158487,0.03962176313409868
13.0,0.173707,0.04388328510623159
10.0,0.188927,0.04814480707836449
19.0,0.128047,0.03155531082970426
17.0,0.143267,0.03581683280183716
18.0,0.128047,0.03155531082970426
18.0,0.143267,0.03581683280183716
17.0,0.112827,0.027293788857571354
15.0,0.128047,0.03155531082970426
16.0,0.112827,0.027293788857571354
14.0,0.112827,0.027750380497442734
15.0,0.128047,0.03201190246957564
16.0,0.128047,0.03155531082970426
13.0,0.128047,0.03201190246957564
20.0,0.128047,0.03155531082970426
17.0,0.128047,0.03155531082970426
15.0,0.143267,0.03581683280183716
16.0,0.128047,0.03155531082970426
15.0,0.128047,0.03201190246957564
13.0,0.143267,0.03627342444170854
19.0,0.128047,0.03155531082970426
17.0,0.143267,0.03581683280183716
18.0,0.128047,0.03155531082970426
18.0,0.143267,0.03581683280183716
19.0,0.128047,0.03155531082970426
17.0,0.143267,0.035816832801837166
17.0,0.143267,0.035816832801837166
13.0,0.143267,0.03627342444170854
10.0,0.158487,0.04053494641384145
10.0,0.188927,0.04905799035810726
20.0,0.169154,0.0402123277227248
19.0,0.184374,0.04447384969485771
20.0,0.169154,0.04066891936259619
21.0,0.184374,0.04493044133472909
20.0,0.169154,0.04066891936259619
17.0,0.169154,0.04112551100246757
22.0,0.184374,0.04493044133472909
19.0,0.184374,0.04447384969485771
16.0,0.199594,0.048735371666990615
21.0,0.184374,0.04493044133472909
22.0,0.184374,0.04493044133472909
15.0,0.199594,0.049648554946733384
18.0,0.184374,0.04447384969485771
17.0,0.184374,0.04493044133472909
17.0,0.199594,0.048735371666990615
18.0,0.199594,0.049191963306862
19.0,0.169154,0.0402123277227248
18.0,0.184374,0.04447384969485771
18.0,0.169154,0.04066891936259619
19.0,0.184374,0.04493044133472909
19.0,0.184374,0.04493044133472909
17.0,0.184374,0.04538703297460048
22.0,0.184374,0.04447384969485771
18.0,0.199594,0.048735371666990615
20.0,0.169154,0.0402123277227248
19.0,0.184374,0.04447384969485771
20.0,0.169154,0.04066891936259619
22.0,0.184374,0.04493044133472909
20.0,0.169154,0.04066891936259619
17.0,0.169154,0.04112551100246757
21.0,0.184374,0.04493044133472909
19.0,0.184374,0.04447384969485771
16.0,0.199594,0.048735371666990615
22.0,0.184374,0.04493044133472909
21.0,0.184374,0.04493044133472909
15.0,0.199594,0.049648554946733384
18.0,0.184374,0.04447384969485771
17.0,0.184374,0.04493044133472909
17.0,0.199594,0.048735371666990615
18.0,0.199594,0.049191963306862
19.0,0.169154,0.0402123277227248
18.0,0.184374,0.04447384969485771
18.0,0.169154,0.04066891936259619
19.0,0.184374,0.04493044133472909
19.0,0.184374,0.04493044133472909
17.0,0.184374,0.04538703297460048
22.0,0.184374,0.04447384969485771
18.0,0.199594,0.048735371666990615
16.0,0.225655,0.05367439443539994
15.0,0.240875,0.057935916407532845
16.0,0.225655,0.05413098607527132
17.0,0.240875,0.05839250804740423
16.0,0.225655,0.05413098607527132
13.0,0.225655,0.05458757771514271
17.0,0.240875,0.05839250804740423
15.0,0.240875,0.057935916407532845
10.0,0.256095,0.06219743837966575
17.0,0.240875,0.05839250804740423
17.0,0.240875,0.05839250804740423
9.0,0.256095,0.06311062165940852
19.0,0.225655,0.06275614218401945
16.0,0.240875,0.06701766415615235
18.0,0.225655,0.06275614218401945
18.0,0.225655,0.06321273382389084
17.0,0.240875,0.06747425579602373
17.0,0.240875,0.06701766415615235
14.0,0.256095,0.07127918612828527
19.0,0.240875,0.06701766415615235
19.0,0.240875,0.06747425579602373
19.0,0.225655,0.06275614218401945
16.0,0.240875,0.06701766415615235
18.0,0.225655,0.06275614218401945
18.0,0.225655,0.06321273382389084
17.0,0.240875,0.06747425579602373
17.0,0.240875,0.06701766415615235
14.0,0.256095,0.07127918612828527
19.0,0.240875,0.06701766415615235
19.0,0.240875,0.06747425579602373
13.0,0.339172,0.09577993107904603
9.0,0.354392,0.10004145305117892
20.0,0.169154,0.0402123277227248
18.0,0.184374,0.04447384969485771
17.0,0.169154,0.0402123277227248
19.0,0.169154,0.04066891936259619
18.0,0.184374,0.04493044133472909
18.0,0.184374,0.04447384969485771
15.0,0.184374,0.04447384969485771
20.0,0.184374,0.04493044133472909
20.0,0.169154,0.0402123277227248
18.0,0.184374,0.04447384969485771
17.0,0.169154,0.0402123277227248
19.0,0.169154,0.04066891936259619
18.0,0.184374,0.04493044133472909
18.0,0.184374,0.04447384969485771
15.0,0.184374,0.04447384969485771
20.0,0.184374,0.04493044133472909
14.0,0.240875,0.057935916407532845
10.0,0.256095,0.06219743837966575
14.0,0.225655,0.08276121115565718
13.0,0.240875,0.08702273312779008
13.0,0.225655,0.08321780279552857
15.0,0.240875,0.08747932476766146
13.0,0.225655,0.08321780279552857
10.0,0.225655,0.08367439443539995
15.0,0.240875,0.08747932476766146
13.0,0.240875,0.08702273312779008
8.0,0.256095,0.091284255099923
15.0,0.240875,0.08747932476766146
15.0,0.240875,0.08747932476766146
7.0,0.256095,0.09219743837966576
14.0,0.128047,0.031098719189832875
13.0,0.143267,0.035360241161965775
13.0,0.128047,0.031098719189832875
16.0,0.143267,0.035360241161965775
13.0,0.128047,0.031098719189832875
11.0,0.128047,0.031098719189832875
16.0,0.143267,0.035360241161965775
13.0,0.143267,0.03536024116196578
10.0,0.158487,0.03962176313409868
15.0,0.143267,0.03536024116196578
15.0,0.143267,0.03536024116196578
8.0,0.158487,0.03962176313409868
17.0,0.184374,0.04447384969485771
16.0,0.184374,0.04447384969485771
15.0,0.199594,0.048735371666990615
16.0,0.199594,0.048735371666990615
17.0,0.184374,0.04447384969485771
16.0,0.184374,0.04447384969485771
15.0,0.199594,0.048735371666990615
16.0,0.199594,0.048735371666990615
14.0,0.240875,0.057935916407532845
10.0,0.256095,0.06219743837966575
15.0,0.184374,0.04447384969485771
12.0,0.184374,0.04447384969485771
15.0,0.184374,0.04447384969485771
12.0,0.184374,0.04447384969485771
7.0,0.256095,0.06219743837966575
20.0,0.112827,0.03591894496631948
19.0,0.128047,0.04018046693845238
19.0,0.112827,0.03637553660619086
19.0,0.112827,0.03591894496631948
19.0,0.128047,0.04063705857832377
19.0,0.112827,0.03591894496631948
17.0,0.112827,0.03591894496631948
19.0,0.112827,0.03637553660619086
17.0,0.112827,0.036832128246062246
19.0,0.128047,0.04063705857832377
17.0,0.128047,0.04018046693845238
16.0,0.143267,0.04444198891058529
18.0,0.128047,0.04063705857832377
18.0,0.128047,0.04063705857832377
15.0,0.143267,0.04535517219032806
23.0,0.169154,0.04929407547134432
22.0,0.169154,0.04929407547134432
22.0,0.169154,0.0497506671112157
20.0,0.184374,0.053555597443477224
21.0,0.184374,0.05401218908334861
22.0,0.225655,0.07183788993263895
19.0,0.240875,0.07609941190477186
22.0,0.169154,0.04929407547134432
20.0,0.169154,0.04929407547134432
17.0,0.240875,0.07701259518451463
19.0,0.128047,0.04018046693845238
18.0,0.128047,0.04018046693845238
18.0,0.128047,0.04063705857832377
16.0,0.143267,0.04444198891058529
17.0,0.143267,0.044898580550456674
21.0,0.169154,0.04929407547134432
19.0,0.184374,0.05355559744347722
19.0,0.169154,0.0497506671112157
20.0,0.169154,0.04929407547134432
19.0,0.184374,0.0540121890833486
19.0,0.169154,0.04929407547134432
18.0,0.169154,0.04929407547134432
20.0,0.169154,0.0497506671112157
18.0,0.169154,0.050207258751087086
19.0,0.184374,0.0540121890833486
18.0,0.184374,0.053555597443477224
16.0,0.199594,0.05781711941561012
18.0,0.184374,0.05401218908334861
19.0,0.184374,0.05401218908334861
15.0,0.199594,0.058730302695352885
19.0,0.225655,0.06275614218401945
18.0,0.225655,0.06275614218401945
18.0,0.225655,0.06321273382389084
16.0,0.240875,0.06701766415615235
17.0,0.240875,0.06747425579602373
22.0,0.128047,0.04063705857832377
21.0,0.128047,0.04109365021819515
23.0,0.128047,0.04018046693845238
21.0,0.128047,0.04018046693845238
19.0,0.128047,0.04018046693845238
17.0,0.143267,0.04444198891058529
18.0,0.128047,0.04063705857832377
17.0,0.128047,0.04018046693845238
17.0,0.143267,0.044898580550456674
18.0,0.128047,0.04018046693845238
16.0,0.128047,0.04018046693845238
17.0,0.128047,0.04063705857832377
16.0,0.128047,0.04109365021819515
17.0,0.143267,0.044898580550456674
16.0,0.143267,0.04444198891058529
14.0,0.158487,0.048703510882718196
17.0,0.143267,0.044898580550456674
16.0,0.143267,0.044898580550456674
13.0,0.158487,0.049616694162460964
21.0,0.184374,0.05355559744347722
19.0,0.184374,0.05355559744347722
19.0,0.184374,0.0540121890833486
18.0,0.199594,0.05781711941561012
18.0,0.199594,0.05827371105548151
19.0,0.240875,0.07609941190477186
16.0,0.256095,0.08036093387690477
20.0,0.184374,0.05355559744347722
18.0,0.184374,0.05355559744347722
14.0,0.256095,0.08127411715664754
19.0,0.225655,0.07183788993263895
16.0,0.240875,0.07609941190477186
17.0,0.225655,0.07229448157251034
17.0,0.225655,0.07183788993263895
16.0,0.240875,0.07655600354464324
17.0,0.225655,0.07183788993263895
14.0,0.225655,0.07183788993263895
17.0,0.225655,0.07229448157251034
14.0,0.225655,0.07275107321238172
16.0,0.240875,0.07655600354464324
16.0,0.240875,0.07609941190477186
13.0,0.256095,0.08036093387690477
16.0,0.240875,0.07655600354464324
16.0,0.240875,0.07655600354464324
11.0,0.256095,0.08127411715664754
19.0,0.128047,0.04018046693845238
17.0,0.143267,0.04444198891058529
19.0,0.184374,0.05355559744347722
22.0,0.184374,0.05355559744347722
17.0,0.240875,0.06701766415615235
18.0,0.128047,0.04018046693845238
17.0,0.184374,0.05355559744347722
20.0,0.143267,0.04444198891058529
21.0,0.184374,0.05355559744347722
18.0,0.128047,0.04063705857832377
17.0,0.184374,0.0540121890833486
20.0,0.143267,0.044898580550456674
16.0,0.143267,0.04444198891058529
14.0,0.158487,0.048703510882718196
16.0,0.199594,0.05781711941561012
19.0,0.199594,0.05781711941561012
14.0,0.256095,0.07127918612828527
17.0,0.143267,0.044898580550456674
16.0,0.199594,0.05827371105548151
15.0,0.173707,0.05296503285485109
12.0,0.188927,0.057226554826983994
15.0,0.339172,0.10486167882766553
12.0,0.354392,0.10912320079979844
22.0,0.128047,0.04018046693845238
20.0,0.143267,0.04444198891058529
21.0,0.184374,0.05355559744347722
25.0,0.184374,0.05355559744347722
19.0,0.240875,0.06701766415615235
20.0,0.128047,0.04018046693845238
19.0,0.184374,0.05355559744347722
17.0,0.143267,0.04444198891058529
22.0,0.184374,0.05355559744347722
21.0,0.128047,0.04063705857832377
19.0,0.143267,0.044898580550456674
21.0,0.184374,0.0540121890833486
24.0,0.184374,0.0540121890833486
19.0,0.240875,0.06747425579602373
19.0,0.128047,0.04109365021819515
19.0,0.184374,0.05446878072321998
17.0,0.143267,0.04535517219032806
14.0,0.188927,0.05813973810672676
10.0,0.354392,0.11003638407954121
18.0,0.128047,0.04109365021819515
16.0,0.143267,0.04535517219032806
17.0,0.128047,0.04155024185806653
15.0,0.128047,0.04109365021819515
16.0,0.143267,0.045811763830199435
16.0,0.128047,0.04109365021819515
13.0,0.128047,0.04109365021819515
16.0,0.128047,0.04155024185806653
14.0,0.128047,0.042006833497937913
16.0,0.143267,0.045811763830199435
15.0,0.143267,0.04535517219032806
13.0,0.158487,0.049616694162460964
16.0,0.143267,0.045811763830199435
15.0,0.143267,0.045811763830199435
12.0,0.158487,0.050529877442203726
20.0,0.184374,0.05446878072321998
18.0,0.184374,0.05446878072321998
18.0,0.184374,0.05492537236309136
17.0,0.199594,0.058730302695352885
17.0,0.199594,0.05918689433522427
17.0,0.240875,0.07701259518451463
14.0,0.256095,0.08127411715664754
18.0,0.184374,0.05446878072321998
15.0,0.184374,0.05446878072321998
11.0,0.256095,0.0821873004363903
17.0,0.225655,0.10092470665289618
14.0,0.240875,0.1051862286250291
14.0,0.225655,0.10138129829276757
14.0,0.225655,0.10092470665289618
13.0,0.240875,0.10564282026490049
14.0,0.225655,0.10092470665289618
11.0,0.225655,0.10092470665289618
14.0,0.225655,0.10138129829276757
11.0,0.225655,0.10183788993263895
13.0,0.240875,0.10564282026490049
14.0,0.240875,0.1051862286250291
11.0,0.256095,0.109447750597162
13.0,0.240875,0.10564282026490049
13.0,0.240875,0.10564282026490049
8.0,0.256095,0.11036093387690477
14.0,0.339172,0.13394849554792276
11.0,0.354392,0.13821001752005568
20.0,0.112827,0.03591894496631948
19.0,0.128047,0.04018046693845238
19.0,0.112827,0.03637553660619086
19.0,0.112827,0.03591894496631948
19.0,0.128047,0.04063705857832377
19.0,0.112827,0.03591894496631948
17.0,0.112827,0.03591894496631948
19.0,0.112827,0.03637553660619086
17.0,0.112827,0.036832128246062246
19.0,0.128047,0.04063705857832377
17.0,0.128047,0.04018046693845238
16.0,0.143267,0.04444198891058529
18.0,0.128047,0.04063705857832377
18.0,0.128047,0.04063705857832377
15.0,0.143267,0.04535517219032806
23.0,0.169154,0.04929407547134432
22.0,0.169154,0.04929407547134432
22.0,0.169154,0.0497506671112157
20.0,0.184374,0.053555597443477224
21.0,0.184374,0.05401218908334861
22.0,0.225655,0.07183788993263895
19.0,0.240875,0.07609941190477186
22.0,0.169154,0.04929407547134432
20.0,0.169154,0.04929407547134432
17.0,0.240875,0.07701259518451463
19.0,0.128047,0.04018046693845238
18.0,0.128047,0.04018046693845238
18.0,0.128047,0.04063705857832377
16.0,0.143267,0.04444198891058529
17.0,0.143267,0.044898580550456674
21.0,0.169154,0.04929407547134432
19.0,0.184374,0.05355559744347722
19.0,0.169154,0.0497506671112157
20.0,0.169154,0.04929407547134432
19.0,0.184374,0.0540121890833486
19.0,0.169154,0.04929407547134432
18.0,0.169154,0.04929407547134432
20.0,0.169154,0.0497506671112157
18.0,0.169154,0.050207258751087086
19.0,0.184374,0.0540121890833486
18.0,0.184374,0.053555597443477224
16.0,0.199594,0.05781711941561012
18.0,0.184374,0.05401218908334861
19.0,0.184374,0.05401218908334861
15.0,0.199594,0.058730302695352885
19.0,0.225655,0.06275614218401945
18.0,0.225655,0.06275614218401945
18.0,0.225655,0.06321273382389084
16.0,0.240875,0.06701766415615235
17.0,0.240875,0.06747425579602373
22.0,0.128047,0.04063705857832377
21.0,0.128047,0.04109365021819515
23.0,0.128047,0.04018046693845238
21.0,0.128047,0.04018046693845238
19.0,0.128047,0.04018046693845238
17.0,0.143267,0.04444198891058529
18.0,0.128047,0.04063705857832377
17.0,0.128047,0.04018046693845238
17.0,0.143267,0.044898580550456674
18.0,0.128047,0.04018046693845238
16.0,0.128047,0.04018046693845238
17.0,0.128047,0.04063705857832377
16.0,0.128047,0.04109365021819515
17.0,0.143267,0.044898580550456674
16.0,0.143267,0.04444198891058529
14.0,0.158487,0.048703510882718196
17.0,0.143267,0.044898580550456674
16.0,0.143267,0.044898580550456674
13.0,0.158487,0.049616694162460964
21.0,0.184374,0.05355559744347722
19.0,0.184374,0.05355559744347722
19.0,0.184374,0.0540121890833486
18.0,0.199594,0.05781711941561012
18.0,0.199594,0.05827371105548151
19.0,0.240875,0.07609941190477186
16.0,0.256095,0.08036093387690477
20.0,0.184374,0.05355559744347722
18.0,0.184374,0.05355559744347722
14.0,0.256095,0.08127411715664754
19.0,0.225655,0.07183788993263895
16.0,0.240875,0.07609941190477186
17.0,0.225655,0.07229448157251034
17.0,0.225655,0.07183788993263895
16.0,0.240875,0.07655600354464324
17.0,0.225655,0.07183788993263895
14.0,0.225655,0.07183788993263895
17.0,0.225655,0.07229448157251034
14.0,0.225655,0.07275107321238172
16.0,0.240875,0.07655600354464324
16.0,0.240875,0.07609941190477186
13.0,0.256095,0.08036093387690477
16.0,0.240875,0.07655600354464324
16.0,0.240875,0.07655600354464324
11.0,0.256095,0.08127411715664754
19.0,0.128047,0.04018046693845238
17.0,0.143267,0.04444198891058529
22.0,0.184374,0.05355559744347722
19.0,0.184374,0.05355559744347722
17.0,0.240875,0.06701766415615235
18.0,0.128047,0.04018046693845238
17.0,0.184374,0.05355559744347722
20.0,0.143267,0.04444198891058529
21.0,0.184374,0.05355559744347722
18.0,0.128047,0.04063705857832377
17.0,0.184374,0.0540121890833486
20.0,0.143267,0.044898580550456674
16.0,0.143267,0.04444198891058529
14.0,0.158487,0.048703510882718196
19.0,0.199594,0.05781711941561012
16.0,0.199594,0.05781711941561012
14.0,0.256095,0.07127918612828527
17.0,0.143267,0.044898580550456674
16.0,0.199594,0.05827371105548151
15.0,0.173707,0.05296503285485109
12.0,0.188927,0.057226554826983994
15.0,0.339172,0.10486167882766553
12.0,0.354392,0.10912320079979844
22.0,0.128047,0.04018046693845238
20.0,0.143267,0.04444198891058529
25.0,0.184374,0.05355559744347722
21.0,0.184374,0.05355559744347722
19.0,0.240875,0.06701766415615235
20.0,0.128047,0.04018046693845238
19.0,0.184374,0.05355559744347722
17.0,0.143267,0.04444198891058529
22.0,0.184374,0.05355559744347722
21.0,0.128047,0.04063705857832377
19.0,0.143267,0.044898580550456674
24.0,0.184374,0.0540121890833486
21.0,0.184374,0.0540121890833486
19.0,0.240875,0.06747425579602373
19.0,0.128047,0.04109365021819515
19.0,0.184374,0.05446878072321998
17.0,0.143267,0.04535517219032806
14.0,0.188927,0.05813973810672676
10.0,0.354392,0.11003638407954121
18.0,0.128047,0.04109365021819515
16.0,0.143267,0.04535517219032806
17.0,0.128047,0.04155024185806653
15.0,0.128047,0.04109365021819515
16.0,0.143267,0.045811763830199435
16.0,0.128047,0.04109365021819515
13.0,0.128047,0.04109365021819515
16.0,0.128047,0.04155024185806653
14.0,0.128047,0.042006833497937913
16.0,0.143267,0.045811763830199435
15.0,0.143267,0.04535517219032806
13.0,0.158487,0.049616694162460964
16.0,0.143267,0.045811763830199435
15.0,0.143267,0.045811763830199435
12.0,0.158487,0.050529877442203726
20.0,0.184374,0.05446878072321998
18.0,0.184374,0.05446878072321998
18.0,0.184374,0.05492537236309136
17.0,0.199594,0.058730302695352885
17.0,0.199594,0.05918689433522427
17.0,0.240875,0.07701259518451463
14.0,0.256095,0.08127411715664754
18.0,0.184374,0.05446878072321998
15.0,0.184374,0.05446878072321998
11.0,0.256095,0.0821873004363903
17.0,0.225655,0.10092470665289618
14.0,0.240875,0.1051862286250291
14.0,0.225655,0.10138129829276757
14.0,0.225655,0.10092470665289618
13.0,0.240875,0.10564282026490049
14.0,0.225655,0.10092470665289618
11.0,0.225655,0.10092470665289618
14.0,0.225655,0.10138129829276757
11.0,0.225655,0.10183788993263895
13.0,0.240875,0.10564282026490049
14.0,0.240875,0.1051862286250291
11.0,0.256095,0.109447750597162
13.0,0.240875,0.10564282026490049
13.0,0.240875,0.10564282026490049
8.0,0.256095,0.11036093387690477
14.0,0.339172,0.13394849554792276
11.0,0.354392,0.13821001752005568
14.0,0.226344,0.06894273386134606
13.0,0.241564,0.07320425583347896
17.0,0.28267,0.0823178643663709
17.0,0.28267,0.0823178643663709
13.0,0.339172,0.09577993107904603
13.0,0.241564,0.07320425583347896
15.0,0.29789,0.08657938633850379
15.0,0.339172,0.10486167882766553
13.0,0.241564,0.07320425583347896
15.0,0.29789,0.08657938633850379
11.0,0.256784,0.07746577780561187
12.0,0.354392,0.10912320079979844
15.0,0.339172,0.10486167882766553
12.0,0.354392,0.10912320079979844
13.0,0.241564,0.07320425583347896
10.0,0.256784,0.07746577780561187
15.0,0.29789,0.08657938633850379
15.0,0.29789,0.08657938633850379
9.0,0.354392,0.10004145305117892
8.0,0.287224,0.08598882174987767
5.0,0.452689,0.1378854677226921
15.0,0.226344,0.09711636730186053
14.0,0.241564,0.10137788927399344
14.0,0.241564,0.10137788927399344
14.0,0.241564,0.10137788927399344
11.0,0.256784,0.10563941124612634
14.0,0.241564,0.10137788927399344
11.0,0.256784,0.10563941124612634
8.0,0.287224,0.11416245519039214
13.0,0.241564,0.07411743911322173
15.0,0.29789,0.08749256961824656
11.0,0.256784,0.07837896108535464
10.0,0.354392,0.11003638407954121
14.0,0.339172,0.13394849554792276
11.0,0.354392,0.13821001752005568
13.0,0.241564,0.07411743911322173
15.0,0.29789,0.08749256961824656
11.0,0.256784,0.07837896108535464
10.0,0.354392,0.11003638407954121
14.0,0.339172,0.13394849554792276
11.0,0.354392,0.13821001752005568
7.0,0.287224,0.08781518830936319
3.0,0.452689,0.1678854677226921
