complexity,cost,feature_based_cost
18.0,0.0,0.0
17.0,0.010424,0.0026058993124861395
17.0,0.0,0.0
19.0,0.010424,0.0026058993124861395
17.0,0.0,0.0
14.0,0.0,0.0
19.0,0.010424,0.0026058993124861395
17.0,0.010424,0.0026058993124861395
15.0,0.020848,0.005211798624972279
19.0,0.010424,0.0026058993124861395
19.0,0.010424,0.0026058993124861395
13.0,0.020848,0.005211798624972279
17.0,0.010424,0.005211798624972279
16.0,0.010424,0.005211798624972279
16.0,0.020848,0.007817697937458418
18.0,0.020848,0.007817697937458418
17.0,0.0,0.0
16.0,0.010424,0.0026058993124861395
16.0,0.0,0.0
18.0,0.010424,0.0026058993124861395
18.0,0.010424,0.005211798624972279
15.0,0.010424,0.005211798624972279
19.0,0.010424,0.0026058993124861395
18.0,0.020848,0.005211798624972279
17.0,0.010424,0.005211798624972279
15.0,0.020848,0.010423597249944558
16.0,0.010424,0.005211798624972279
17.0,0.010424,0.005211798624972279
16.0,0.020848,0.010423597249944558
16.0,0.020848,0.007817697937458418
14.0,0.031272,0.013029496562430697
18.0,0.020848,0.007817697937458418
19.0,0.020848,0.007817697937458418
17.0,0.010424,0.0026058993124861395
16.0,0.020848,0.005211798624972279
16.0,0.010424,0.0026058993124861395
18.0,0.020848,0.005211798624972279
16.0,0.010424,0.0026058993124861395
13.0,0.010424,0.0026058993124861395
18.0,0.020848,0.005211798624972279
16.0,0.020848,0.005211798624972279
14.0,0.031272,0.007817697937458418
18.0,0.020848,0.005211798624972279
18.0,0.020848,0.005211798624972279
12.0,0.031272,0.007817697937458418
14.0,0.041696,0.015635395874916837
13.0,0.05212,0.018241295187402976
20.0,0.010424,0.0026058993124861395
19.0,0.020848,0.005211798624972279
19.0,0.010424,0.0026058993124861395
19.0,0.020848,0.005211798624972279
17.0,0.0,0.0
17.0,0.010424,0.005211798624972279
16.0,0.0,0.0
15.0,0.0,0.0
16.0,0.010424,0.005211798624972279
16.0,0.010424,0.0026058993124861395
14.0,0.010424,0.0026058993124861395
18.0,0.010424,0.0026058993124861395
18.0,0.010424,0.005211798624972279
16.0,0.020848,0.010423597249944558
15.0,0.010424,0.005211798624972279
16.0,0.010424,0.005211798624972279
13.0,0.020848,0.010423597249944558
20.0,0.010424,0.0026058993124861395
19.0,0.020848,0.005211798624972279
19.0,0.010424,0.0026058993124861395
19.0,0.020848,0.005211798624972279
19.0,0.010424,0.0026058993124861395
18.0,0.020848,0.005211798624972279
19.0,0.020848,0.007817697937458418
14.0,0.020848,0.005211798624972279
13.0,0.031272,0.007817697937458418
12.0,0.05212,0.018241295187402976
17.0,0.0,0.0
16.0,0.010424,0.0026058993124861395
16.0,0.0,0.0
19.0,0.010424,0.0026058993124861395
16.0,0.0,0.0
14.0,0.0,0.0
19.0,0.010424,0.0026058993124861395
16.0,0.010424,0.0026058993124861395
15.0,0.020848,0.005211798624972279
18.0,0.010424,0.0026058993124861395
18.0,0.010424,0.0026058993124861395
13.0,0.020848,0.005211798624972279
16.0,0.010424,0.005211798624972279
15.0,0.010424,0.005211798624972279
15.0,0.020848,0.007817697937458418
17.0,0.020848,0.007817697937458418
16.0,0.0,0.0
15.0,0.010424,0.0026058993124861395
14.0,0.0,0.0
17.0,0.010424,0.0026058993124861395
16.0,0.010424,0.005211798624972279
14.0,0.010424,0.005211798624972279
18.0,0.010424,0.0026058993124861395
17.0,0.020848,0.005211798624972279
19.0,0.010424,0.0026058993124861395
18.0,0.020848,0.005211798624972279
18.0,0.010424,0.0026058993124861395
17.0,0.020848,0.005211798624972279
18.0,0.010424,0.0026058993124861395
16.0,0.010424,0.0026058993124861395
19.0,0.020848,0.005211798624972279
18.0,0.020848,0.005211798624972279
16.0,0.031272,0.007817697937458418
18.0,0.020848,0.005211798624972279
19.0,0.020848,0.005211798624972279
14.0,0.031272,0.007817697937458418
17.0,0.0,0.0
16.0,0.010424,0.0026058993124861395
16.0,0.0,0.0
18.0,0.010424,0.0026058993124861395
16.0,0.0,0.0
13.0,0.0,0.0
18.0,0.010424,0.0026058993124861395
16.0,0.010424,0.0026058993124861395
15.0,0.020848,0.005211798624972279
18.0,0.010424,0.0026058993124861395
18.0,0.010424,0.0026058993124861395
12.0,0.020848,0.005211798624972279
17.0,0.010424,0.005211798624972279
15.0,0.010424,0.005211798624972279
16.0,0.020848,0.007817697937458418
17.0,0.020848,0.007817697937458418
17.0,0.0,0.0
16.0,0.010424,0.0026058993124861395
15.0,0.0,0.0
17.0,0.010424,0.0026058993124861395
17.0,0.010424,0.005211798624972279
14.0,0.010424,0.005211798624972279
19.0,0.010424,0.0026058993124861395
18.0,0.020848,0.005211798624972279
18.0,0.010424,0.005211798624972279
16.0,0.020848,0.010423597249944558
16.0,0.010424,0.005211798624972279
17.0,0.010424,0.005211798624972279
17.0,0.020848,0.010423597249944558
17.0,0.020848,0.007817697937458418
15.0,0.031272,0.013029496562430697
18.0,0.020848,0.007817697937458418
19.0,0.020848,0.007817697937458418
20.0,0.010424,0.0026058993124861395
19.0,0.020848,0.005211798624972279
19.0,0.010424,0.0026058993124861395
17.0,0.020848,0.005211798624972279
19.0,0.010424,0.0026058993124861395
16.0,0.010424,0.0026058993124861395
19.0,0.020848,0.005211798624972279
19.0,0.020848,0.005211798624972279
16.0,0.031272,0.007817697937458418
19.0,0.020848,0.005211798624972279
20.0,0.020848,0.005211798624972279
14.0,0.031272,0.007817697937458418
17.0,0.010424,0.005211798624972279
16.0,0.020848,0.010423597249944558
16.0,0.010424,0.005211798624972279
16.0,0.010424,0.005211798624972279
16.0,0.020848,0.010423597249944558
16.0,0.020848,0.007817697937458418
15.0,0.020848,0.007817697937458418
18.0,0.020848,0.007817697937458418
16.0,0.020848,0.010423597249944558
14.0,0.031272,0.015635395874916837
14.0,0.020848,0.010423597249944558
15.0,0.020848,0.010423597249944558
14.0,0.031272,0.015635395874916837
16.0,0.020848,0.007817697937458418
15.0,0.031272,0.010423597249944558
15.0,0.020848,0.007817697937458418
17.0,0.031272,0.010423597249944558
13.0,0.05212,0.020847194499889116
19.0,0.020848,0.007817697937458418
18.0,0.031272,0.010423597249944558
18.0,0.010424,0.005211798624972279
16.0,0.020848,0.010423597249944558
15.0,0.010424,0.005211798624972279
16.0,0.010424,0.005211798624972279
15.0,0.020848,0.010423597249944558
17.0,0.020848,0.007817697937458418
14.0,0.020848,0.007817697937458418
19.0,0.020848,0.007817697937458418
18.0,0.010424,0.005211798624972279
17.0,0.020848,0.010423597249944558
16.0,0.010424,0.005211798624972279
16.0,0.010424,0.005211798624972279
17.0,0.020848,0.010423597249944558
17.0,0.020848,0.007817697937458418
15.0,0.020848,0.007817697937458418
18.0,0.020848,0.007817697937458418
15.0,0.020848,0.010423597249944558
13.0,0.031272,0.015635395874916837
12.0,0.020848,0.010423597249944558
13.0,0.020848,0.010423597249944558
12.0,0.031272,0.015635395874916837
15.0,0.05212,0.020847194499889116
17.0,0.0,0.0
16.0,0.010424,0.005211798624972279
16.0,0.0,0.0
16.0,0.0,0.0
16.0,0.010424,0.005211798624972279
15.0,0.0,0.0
14.0,0.0,0.0
17.0,0.0,0.0
15.0,0.0,0.0
16.0,0.010424,0.005211798624972279
17.0,0.010424,0.005211798624972279
15.0,0.020848,0.010423597249944558
16.0,0.010424,0.005211798624972279
17.0,0.010424,0.005211798624972279
13.0,0.020848,0.010423597249944558
16.0,0.010424,0.0026058993124861395
15.0,0.010424,0.0026058993124861395
14.0,0.010424,0.0026058993124861395
16.0,0.020848,0.007817697937458418
15.0,0.020848,0.007817697937458418
19.0,0.010424,0.0026058993124861395
17.0,0.010424,0.0026058993124861395
20.0,0.010424,0.0026058993124861395
18.0,0.010424,0.0026058993124861395
16.0,0.0,0.0
15.0,0.010424,0.005211798624972279
14.0,0.0,0.0
14.0,0.0,0.0
14.0,0.010424,0.005211798624972279
14.0,0.0,0.0
12.0,0.0,0.0
16.0,0.0,0.0
14.0,0.0,0.0
15.0,0.010424,0.005211798624972279
15.0,0.010424,0.005211798624972279
14.0,0.020848,0.010423597249944558
14.0,0.010424,0.005211798624972279
15.0,0.010424,0.005211798624972279
11.0,0.020848,0.010423597249944558
19.0,0.010424,0.0026058993124861395
17.0,0.010424,0.0026058993124861395
17.0,0.010424,0.0026058993124861395
18.0,0.020848,0.007817697937458418
17.0,0.020848,0.007817697937458418
16.0,0.010424,0.0026058993124861395
15.0,0.020848,0.007817697937458418
14.0,0.010424,0.0026058993124861395
16.0,0.010424,0.0026058993124861395
15.0,0.020848,0.007817697937458418
15.0,0.020848,0.005211798624972279
13.0,0.020848,0.005211798624972279
19.0,0.020848,0.005211798624972279
18.0,0.010424,0.0026058993124861395
17.0,0.020848,0.005211798624972279
17.0,0.010424,0.0026058993124861395
18.0,0.020848,0.005211798624972279
18.0,0.010424,0.0026058993124861395
16.0,0.010424,0.0026058993124861395
18.0,0.010424,0.0026058993124861395
17.0,0.020848,0.007817697937458418
16.0,0.010424,0.0026058993124861395
18.0,0.010424,0.0026058993124861395
17.0,0.020848,0.007817697937458418
13.0,0.020848,0.005211798624972279
11.0,0.020848,0.005211798624972279
19.0,0.010424,0.0026058993124861395
18.0,0.020848,0.005211798624972279
18.0,0.010424,0.0026058993124861395
19.0,0.020848,0.005211798624972279
18.0,0.010424,0.0026058993124861395
16.0,0.010424,0.0026058993124861395
17.0,0.020848,0.005211798624972279
18.0,0.020848,0.005211798624972279
16.0,0.031272,0.007817697937458418
19.0,0.020848,0.005211798624972279
18.0,0.020848,0.005211798624972279
14.0,0.031272,0.007817697937458418
19.0,0.010424,0.0026058993124861395
18.0,0.010424,0.0026058993124861395
18.0,0.020848,0.005211798624972279
18.0,0.020848,0.005211798624972279
20.0,0.020848,0.005211798624972279
18.0,0.031272,0.007817697937458418
19.0,0.020848,0.007817697937458418
18.0,0.031272,0.010423597249944558
17.0,0.020848,0.007817697937458418
16.0,0.031272,0.010423597249944558
19.0,0.020848,0.007817697937458418
17.0,0.020848,0.007817697937458418
17.0,0.0,0.0
17.0,0.010424,0.005211798624972279
16.0,0.0,0.0
17.0,0.0,0.0
17.0,0.010424,0.005211798624972279
17.0,0.0,0.0
16.0,0.0,0.0
16.0,0.0,0.0
15.0,0.0,0.0
17.0,0.010424,0.005211798624972279
17.0,0.010424,0.005211798624972279
16.0,0.020848,0.010423597249944558
17.0,0.010424,0.005211798624972279
17.0,0.010424,0.005211798624972279
14.0,0.020848,0.010423597249944558
16.0,0.010424,0.0026058993124861395
16.0,0.010424,0.0026058993124861395
15.0,0.010424,0.0026058993124861395
16.0,0.020848,0.007817697937458418
16.0,0.020848,0.007817697937458418
18.0,0.010424,0.0026058993124861395
17.0,0.010424,0.0026058993124861395
19.0,0.010424,0.0026058993124861395
18.0,0.010424,0.0026058993124861395
16.0,0.0,0.0
15.0,0.010424,0.005211798624972279
13.0,0.0,0.0
15.0,0.0,0.0
14.0,0.010424,0.005211798624972279
15.0,0.0,0.0
14.0,0.0,0.0
15.0,0.0,0.0
12.0,0.0,0.0
15.0,0.010424,0.005211798624972279
15.0,0.010424,0.005211798624972279
14.0,0.020848,0.010423597249944558
14.0,0.010424,0.005211798624972279
15.0,0.010424,0.005211798624972279
11.0,0.020848,0.010423597249944558
18.0,0.010424,0.0026058993124861395
17.0,0.010424,0.0026058993124861395
17.0,0.010424,0.0026058993124861395
17.0,0.020848,0.007817697937458418
17.0,0.020848,0.007817697937458418
16.0,0.010424,0.0026058993124861395
16.0,0.020848,0.007817697937458418
16.0,0.010424,0.0026058993124861395
15.0,0.010424,0.0026058993124861395
16.0,0.020848,0.007817697937458418
15.0,0.020848,0.005211798624972279
14.0,0.020848,0.005211798624972279
18.0,0.020848,0.005211798624972279
18.0,0.010424,0.0026058993124861395
17.0,0.010424,0.0026058993124861395
18.0,0.010424,0.0026058993124861395
17.0,0.020848,0.007817697937458418
17.0,0.010424,0.0026058993124861395
17.0,0.010424,0.0026058993124861395
17.0,0.020848,0.007817697937458418
12.0,0.020848,0.005211798624972279
11.0,0.020848,0.005211798624972279
19.0,0.010424,0.0026058993124861395
18.0,0.020848,0.005211798624972279
18.0,0.010424,0.0026058993124861395
18.0,0.020848,0.005211798624972279
18.0,0.010424,0.005211798624972279
16.0,0.020848,0.010423597249944558
16.0,0.010424,0.005211798624972279
17.0,0.010424,0.005211798624972279
17.0,0.020848,0.010423597249944558
16.0,0.010424,0.005211798624972279
15.0,0.010424,0.005211798624972279
17.0,0.010424,0.005211798624972279
15.0,0.010424,0.005211798624972279
15.0,0.020848,0.010423597249944558
17.0,0.020848,0.010423597249944558
15.0,0.031272,0.015635395874916837
17.0,0.020848,0.010423597249944558
18.0,0.020848,0.010423597249944558
14.0,0.031272,0.015635395874916837
17.0,0.020848,0.007817697937458418
15.0,0.031272,0.013029496562430697
15.0,0.020848,0.007817697937458418
16.0,0.020848,0.007817697937458418
14.0,0.031272,0.013029496562430697
18.0,0.020848,0.007817697937458418
17.0,0.020848,0.007817697937458418
19.0,0.020848,0.007817697937458418
17.0,0.020848,0.007817697937458418
20.0,0.010424,0.0026058993124861395
19.0,0.020848,0.005211798624972279
19.0,0.010424,0.0026058993124861395
19.0,0.020848,0.005211798624972279
19.0,0.010424,0.0026058993124861395
16.0,0.010424,0.0026058993124861395
17.0,0.020848,0.005211798624972279
19.0,0.020848,0.005211798624972279
16.0,0.031272,0.007817697937458418
20.0,0.020848,0.005211798624972279
19.0,0.020848,0.005211798624972279
14.0,0.031272,0.007817697937458418
20.0,0.010424,0.0026058993124861395
18.0,0.010424,0.0026058993124861395
19.0,0.020848,0.005211798624972279
18.0,0.020848,0.005211798624972279
20.0,0.020848,0.005211798624972279
18.0,0.031272,0.007817697937458418
19.0,0.020848,0.007817697937458418
18.0,0.031272,0.010423597249944558
18.0,0.020848,0.007817697937458418
16.0,0.031272,0.010423597249944558
20.0,0.020848,0.007817697937458418
17.0,0.020848,0.007817697937458418
17.0,0.010424,0.005211798624972279
16.0,0.020848,0.010423597249944558
16.0,0.010424,0.005211798624972279
16.0,0.010424,0.005211798624972279
16.0,0.020848,0.010423597249944558
17.0,0.010424,0.005211798624972279
15.0,0.010424,0.005211798624972279
17.0,0.010424,0.005211798624972279
15.0,0.010424,0.005211798624972279
17.0,0.020848,0.010423597249944558
15.0,0.020848,0.010423597249944558
14.0,0.031272,0.015635395874916837
16.0,0.020848,0.010423597249944558
16.0,0.020848,0.010423597249944558
13.0,0.031272,0.015635395874916837
16.0,0.020848,0.007817697937458418
15.0,0.020848,0.007817697937458418
16.0,0.020848,0.007817697937458418
14.0,0.031272,0.013029496562430697
15.0,0.031272,0.013029496562430697
18.0,0.020848,0.007817697937458418
17.0,0.020848,0.007817697937458418
19.0,0.020848,0.007817697937458418
17.0,0.020848,0.007817697937458418
16.0,0.020848,0.010423597249944558
14.0,0.031272,0.015635395874916837
14.0,0.020848,0.010423597249944558
15.0,0.020848,0.010423597249944558
14.0,0.031272,0.015635395874916837
15.0,0.020848,0.010423597249944558
14.0,0.020848,0.010423597249944558
16.0,0.020848,0.010423597249944558
14.0,0.020848,0.010423597249944558
15.0,0.031272,0.015635395874916837
14.0,0.031272,0.015635395874916837
12.0,0.041696,0.020847194499889116
14.0,0.031272,0.015635395874916837
15.0,0.031272,0.015635395874916837
11.0,0.041696,0.020847194499889116
16.0,0.020848,0.007817697937458418
15.0,0.020848,0.007817697937458418
16.0,0.020848,0.007817697937458418
14.0,0.031272,0.013029496562430697
15.0,0.031272,0.013029496562430697
15.0,0.031272,0.010423597249944558
13.0,0.041696,0.015635395874916837
17.0,0.031272,0.010423597249944558
18.0,0.031272,0.010423597249944558
13.0,0.05212,0.020847194499889116
11.0,0.062544,0.026058993124861395
19.0,0.020848,0.007817697937458418
18.0,0.031272,0.010423597249944558
18.0,0.020848,0.007817697937458418
16.0,0.031272,0.010423597249944558
19.0,0.020848,0.007817697937458418
18.0,0.031272,0.010423597249944558
18.0,0.020848,0.007817697937458418
16.0,0.031272,0.010423597249944558
13.0,0.062544,0.026058993124861395
18.0,0.010424,0.005211798624972279
16.0,0.020848,0.010423597249944558
15.0,0.010424,0.005211798624972279
16.0,0.010424,0.005211798624972279
15.0,0.020848,0.010423597249944558
16.0,0.010424,0.005211798624972279
14.0,0.010424,0.005211798624972279
17.0,0.010424,0.005211798624972279
14.0,0.010424,0.005211798624972279
17.0,0.020848,0.010423597249944558
16.0,0.020848,0.010423597249944558
14.0,0.031272,0.015635395874916837
13.0,0.020848,0.010423597249944558
17.0,0.020848,0.010423597249944558
12.0,0.031272,0.015635395874916837
17.0,0.020848,0.007817697937458418
14.0,0.020848,0.007817697937458418
15.0,0.020848,0.007817697937458418
15.0,0.031272,0.013029496562430697
12.0,0.031272,0.013029496562430697
19.0,0.020848,0.007817697937458418
17.0,0.020848,0.007817697937458418
20.0,0.020848,0.007817697937458418
17.0,0.020848,0.007817697937458418
18.0,0.010424,0.005211798624972279
17.0,0.020848,0.010423597249944558
16.0,0.010424,0.005211798624972279
16.0,0.010424,0.005211798624972279
17.0,0.020848,0.010423597249944558
17.0,0.010424,0.005211798624972279
15.0,0.010424,0.005211798624972279
17.0,0.010424,0.005211798624972279
15.0,0.010424,0.005211798624972279
18.0,0.020848,0.010423597249944558
16.0,0.020848,0.010423597249944558
15.0,0.031272,0.015635395874916837
17.0,0.020848,0.010423597249944558
15.0,0.020848,0.010423597249944558
14.0,0.031272,0.015635395874916837
17.0,0.020848,0.007817697937458418
15.0,0.020848,0.007817697937458418
16.0,0.020848,0.007817697937458418
15.0,0.031272,0.013029496562430697
14.0,0.031272,0.013029496562430697
18.0,0.020848,0.007817697937458418
17.0,0.020848,0.007817697937458418
19.0,0.020848,0.007817697937458418
17.0,0.020848,0.007817697937458418
15.0,0.020848,0.010423597249944558
13.0,0.031272,0.015635395874916837
12.0,0.020848,0.010423597249944558
13.0,0.020848,0.010423597249944558
12.0,0.031272,0.015635395874916837
13.0,0.020848,0.010423597249944558
11.0,0.020848,0.010423597249944558
14.0,0.020848,0.010423597249944558
11.0,0.020848,0.010423597249944558
14.0,0.031272,0.015635395874916837
13.0,0.031272,0.015635395874916837
11.0,0.041696,0.020847194499889116
12.0,0.031272,0.015635395874916837
14.0,0.031272,0.015635395874916837
9.0,0.041696,0.020847194499889116
15.0,0.05212,0.020847194499889116
13.0,0.062544,0.026058993124861395
17.0,0.010424,0.0026058993124861395
16.0,0.020848,0.005211798624972279
16.0,0.010424,0.0026058993124861395
18.0,0.020848,0.005211798624972279
16.0,0.010424,0.0026058993124861395
13.0,0.010424,0.0026058993124861395
18.0,0.020848,0.005211798624972279
16.0,0.020848,0.005211798624972279
14.0,0.031272,0.007817697937458418
18.0,0.020848,0.005211798624972279
18.0,0.020848,0.005211798624972279
12.0,0.031272,0.007817697937458418
16.0,0.020848,0.007817697937458418
15.0,0.020848,0.007817697937458418
15.0,0.031272,0.010423597249944558
17.0,0.031272,0.010423597249944558
16.0,0.010424,0.0026058993124861395
15.0,0.020848,0.005211798624972279
15.0,0.010424,0.0026058993124861395
17.0,0.020848,0.005211798624972279
17.0,0.020848,0.007817697937458418
14.0,0.020848,0.007817697937458418
18.0,0.020848,0.005211798624972279
16.0,0.031272,0.007817697937458418
16.0,0.020848,0.007817697937458418
14.0,0.031272,0.013029496562430697
15.0,0.020848,0.007817697937458418
16.0,0.020848,0.007817697937458418
15.0,0.031272,0.013029496562430697
15.0,0.031272,0.010423597249944558
13.0,0.041696,0.015635395874916837
17.0,0.031272,0.010423597249944558
18.0,0.031272,0.010423597249944558
16.0,0.020848,0.005211798624972279
15.0,0.031272,0.007817697937458418
15.0,0.020848,0.005211798624972279
16.0,0.031272,0.007817697937458418
15.0,0.020848,0.005211798624972279
12.0,0.020848,0.005211798624972279
16.0,0.031272,0.007817697937458418
15.0,0.031272,0.007817697937458418
11.0,0.041696,0.010423597249944558
16.0,0.031272,0.007817697937458418
16.0,0.031272,0.007817697937458418
9.0,0.041696,0.010423597249944558
13.0,0.05212,0.018241295187402976
10.0,0.062544,0.020847194499889116
19.0,0.020848,0.005211798624972279
17.0,0.031272,0.007817697937458418
18.0,0.020848,0.005211798624972279
17.0,0.031272,0.007817697937458418
16.0,0.010424,0.0026058993124861395
16.0,0.020848,0.007817697937458418
15.0,0.010424,0.0026058993124861395
14.0,0.010424,0.0026058993124861395
15.0,0.020848,0.007817697937458418
15.0,0.020848,0.005211798624972279
13.0,0.020848,0.005211798624972279
17.0,0.020848,0.005211798624972279
17.0,0.020848,0.007817697937458418
15.0,0.031272,0.013029496562430697
14.0,0.020848,0.007817697937458418
15.0,0.020848,0.007817697937458418
12.0,0.031272,0.013029496562430697
19.0,0.020848,0.005211798624972279
17.0,0.031272,0.007817697937458418
18.0,0.020848,0.005211798624972279
17.0,0.031272,0.007817697937458418
18.0,0.020848,0.005211798624972279
16.0,0.031272,0.007817697937458418
18.0,0.031272,0.010423597249944558
13.0,0.031272,0.007817697937458418
10.0,0.041696,0.010423597249944558
9.0,0.062544,0.020847194499889116
20.0,0.010424,0.0026058993124861395
19.0,0.020848,0.005211798624972279
19.0,0.010424,0.0026058993124861395
20.0,0.020848,0.005211798624972279
19.0,0.010424,0.0026058993124861395
17.0,0.010424,0.0026058993124861395
21.0,0.020848,0.005211798624972279
19.0,0.020848,0.005211798624972279
17.0,0.031272,0.007817697937458418
17.0,0.020848,0.005211798624972279
19.0,0.020848,0.005211798624972279
15.0,0.031272,0.007817697937458418
19.0,0.020848,0.007817697937458418
18.0,0.020848,0.007817697937458418
18.0,0.031272,0.010423597249944558
16.0,0.031272,0.010423597249944558
19.0,0.010424,0.0026058993124861395
18.0,0.020848,0.005211798624972279
17.0,0.010424,0.0026058993124861395
18.0,0.020848,0.005211798624972279
19.0,0.020848,0.007817697937458418
17.0,0.020848,0.007817697937458418
19.0,0.020848,0.005211798624972279
17.0,0.031272,0.007817697937458418
20.0,0.010424,0.0026058993124861395
19.0,0.020848,0.005211798624972279
19.0,0.010424,0.0026058993124861395
21.0,0.020848,0.005211798624972279
19.0,0.010424,0.0026058993124861395
17.0,0.010424,0.0026058993124861395
20.0,0.020848,0.005211798624972279
19.0,0.020848,0.005211798624972279
17.0,0.031272,0.007817697937458418
19.0,0.020848,0.005211798624972279
17.0,0.020848,0.005211798624972279
15.0,0.031272,0.007817697937458418
19.0,0.020848,0.007817697937458418
18.0,0.020848,0.007817697937458418
18.0,0.031272,0.010423597249944558
16.0,0.031272,0.010423597249944558
19.0,0.010424,0.0026058993124861395
18.0,0.020848,0.005211798624972279
17.0,0.010424,0.0026058993124861395
18.0,0.020848,0.005211798624972279
19.0,0.020848,0.007817697937458418
17.0,0.020848,0.007817697937458418
19.0,0.020848,0.005211798624972279
17.0,0.031272,0.007817697937458418
14.0,0.020848,0.005211798624972279
13.0,0.031272,0.007817697937458418
13.0,0.020848,0.005211798624972279
15.0,0.031272,0.007817697937458418
13.0,0.020848,0.005211798624972279
11.0,0.020848,0.005211798624972279
15.0,0.031272,0.007817697937458418
13.0,0.031272,0.007817697937458418
10.0,0.041696,0.010423597249944558
14.0,0.031272,0.007817697937458418
14.0,0.031272,0.007817697937458418
8.0,0.041696,0.010423597249944558
20.0,0.010424,0.0026058993124861395
19.0,0.020848,0.005211798624972279
19.0,0.010424,0.0026058993124861395
19.0,0.020848,0.005211798624972279
19.0,0.010424,0.0026058993124861395
16.0,0.010424,0.0026058993124861395
20.0,0.020848,0.005211798624972279
19.0,0.020848,0.005211798624972279
16.0,0.031272,0.007817697937458418
17.0,0.020848,0.005211798624972279
19.0,0.020848,0.005211798624972279
14.0,0.031272,0.007817697937458418
19.0,0.020848,0.007817697937458418
18.0,0.020848,0.007817697937458418
18.0,0.031272,0.010423597249944558
16.0,0.031272,0.010423597249944558
20.0,0.010424,0.0026058993124861395
19.0,0.020848,0.005211798624972279
18.0,0.010424,0.0026058993124861395
18.0,0.020848,0.005211798624972279
20.0,0.020848,0.007817697937458418
17.0,0.020848,0.007817697937458418
20.0,0.020848,0.005211798624972279
18.0,0.031272,0.007817697937458418
20.0,0.010424,0.0026058993124861395
19.0,0.020848,0.005211798624972279
19.0,0.010424,0.0026058993124861395
20.0,0.020848,0.005211798624972279
19.0,0.010424,0.0026058993124861395
16.0,0.010424,0.0026058993124861395
19.0,0.020848,0.005211798624972279
19.0,0.020848,0.005211798624972279
16.0,0.031272,0.007817697937458418
19.0,0.020848,0.005211798624972279
17.0,0.020848,0.005211798624972279
14.0,0.031272,0.007817697937458418
19.0,0.020848,0.007817697937458418
18.0,0.020848,0.007817697937458418
18.0,0.031272,0.010423597249944558
16.0,0.031272,0.010423597249944558
20.0,0.010424,0.0026058993124861395
19.0,0.020848,0.005211798624972279
18.0,0.010424,0.0026058993124861395
18.0,0.020848,0.005211798624972279
20.0,0.020848,0.007817697937458418
17.0,0.020848,0.007817697937458418
20.0,0.020848,0.005211798624972279
18.0,0.031272,0.007817697937458418
15.0,0.020848,0.005211798624972279
14.0,0.031272,0.007817697937458418
14.0,0.020848,0.005211798624972279
15.0,0.031272,0.007817697937458418
14.0,0.020848,0.005211798624972279
11.0,0.020848,0.005211798624972279
15.0,0.031272,0.007817697937458418
14.0,0.031272,0.007817697937458418
10.0,0.041696,0.010423597249944558
15.0,0.031272,0.007817697937458418
15.0,0.031272,0.007817697937458418
8.0,0.041696,0.010423597249944558
14.0,0.05212,0.018241295187402976
11.0,0.062544,0.020847194499889116
14.0,0.041696,0.015635395874916837
13.0,0.05212,0.018241295187402976
13.0,0.05212,0.020847194499889116
13.0,0.05212,0.020847194499889116
11.0,0.062544,0.026058993124861395
13.0,0.05212,0.018241295187402976
10.0,0.062544,0.020847194499889116
8.0,0.083392,0.031270791749833673
12.0,0.05212,0.018241295187402976
9.0,0.062544,0.020847194499889116
15.0,0.05212,0.020847194499889116
13.0,0.062544,0.026058993124861395
15.0,0.05212,0.020847194499889116
13.0,0.062544,0.026058993124861395
14.0,0.05212,0.018241295187402976
11.0,0.062544,0.020847194499889116
6.0,0.083392,0.031270791749833673
21.0,0.041555,0.010388513490957724
20.0,0.051979,0.012994412803443864
20.0,0.041555,0.010388513490957724
23.0,0.051979,0.012994412803443864
20.0,0.041555,0.010388513490957724
17.0,0.041555,0.010388513490957724
23.0,0.051979,0.012994412803443864
20.0,0.051979,0.012994412803443864
18.0,0.062403,0.015600312115930003
23.0,0.051979,0.012994412803443864
23.0,0.051979,0.012994412803443864
16.0,0.062403,0.015600312115930003
20.0,0.041555,0.010388513490957724
19.0,0.041555,0.010388513490957724
19.0,0.051979,0.012994412803443864
21.0,0.051979,0.012994412803443864
23.0,0.051979,0.012994412803443864
21.0,0.062403,0.015600312115930003
20.0,0.051979,0.015600312115930003
19.0,0.062403,0.018206211428416143
19.0,0.051979,0.015600312115930003
21.0,0.062403,0.018206211428416143
21.0,0.051979,0.015600312115930003
18.0,0.051979,0.015600312115930003
20.0,0.041555,0.010388513490957724
19.0,0.041555,0.010388513490957724
18.0,0.041555,0.010388513490957724
20.0,0.051979,0.015600312115930003
19.0,0.051979,0.015600312115930003
19.0,0.051979,0.012994412803443864
17.0,0.051979,0.012994412803443864
21.0,0.051979,0.012994412803443864
23.0,0.051979,0.012994412803443864
22.0,0.062403,0.015600312115930003
23.0,0.062403,0.018206211428416143
20.0,0.051979,0.015600312115930003
19.0,0.051979,0.015600312115930003
20.0,0.051979,0.015600312115930003
18.0,0.062403,0.020812110740902282
19.0,0.062403,0.020812110740902282
19.0,0.062403,0.018206211428416143
17.0,0.072827,0.02341801005338842
21.0,0.062403,0.018206211428416143
23.0,0.062403,0.018206211428416143
21.0,0.051979,0.015600312115930003
18.0,0.051979,0.015600312115930003
19.0,0.051979,0.015600312115930003
19.0,0.062403,0.020812110740902282
16.0,0.062403,0.020812110740902282
20.0,0.051979,0.012994412803443864
19.0,0.062403,0.015600312115930003
19.0,0.051979,0.012994412803443864
21.0,0.062403,0.015600312115930003
19.0,0.051979,0.012994412803443864
16.0,0.051979,0.012994412803443864
22.0,0.062403,0.015600312115930003
19.0,0.062403,0.015600312115930003
16.0,0.072827,0.018206211428416143
21.0,0.062403,0.015600312115930003
22.0,0.062403,0.015600312115930003
14.0,0.072827,0.018206211428416143
24.0,0.051979,0.012994412803443864
23.0,0.051979,0.012994412803443864
22.0,0.062403,0.015600312115930003
22.0,0.062403,0.015600312115930003
24.0,0.051979,0.012994412803443864
23.0,0.051979,0.012994412803443864
23.0,0.062403,0.015600312115930003
22.0,0.062403,0.015600312115930003
17.0,0.062403,0.015600312115930003
15.0,0.072827,0.018206211428416143
17.0,0.083251,0.02602390936587456
15.0,0.093675,0.0286298086783607
14.0,0.093675,0.0286298086783607
19.0,0.051979,0.015600312115930003
18.0,0.051979,0.015600312115930003
18.0,0.051979,0.015600312115930003
18.0,0.062403,0.020812110740902282
18.0,0.062403,0.020812110740902282
18.0,0.062403,0.018206211428416143
17.0,0.062403,0.018206211428416143
20.0,0.062403,0.018206211428416143
18.0,0.062403,0.020812110740902282
16.0,0.062403,0.020812110740902282
17.0,0.062403,0.020812110740902282
16.0,0.072827,0.02602390936587456
16.0,0.072827,0.02602390936587456
18.0,0.062403,0.018206211428416143
17.0,0.062403,0.018206211428416143
17.0,0.072827,0.020812110740902282
18.0,0.072827,0.020812110740902282
22.0,0.062403,0.018206211428416143
20.0,0.072827,0.020812110740902282
15.0,0.093675,0.03123570799084684
20.0,0.041555,0.010388513490957724
19.0,0.051979,0.012994412803443864
19.0,0.041555,0.010388513490957724
22.0,0.051979,0.012994412803443864
19.0,0.041555,0.010388513490957724
17.0,0.041555,0.010388513490957724
22.0,0.051979,0.012994412803443864
19.0,0.051979,0.012994412803443864
18.0,0.062403,0.015600312115930003
23.0,0.051979,0.012994412803443864
23.0,0.051979,0.012994412803443864
16.0,0.062403,0.015600312115930003
18.0,0.041555,0.010388513490957724
17.0,0.041555,0.010388513490957724
17.0,0.051979,0.012994412803443864
21.0,0.051979,0.012994412803443864
21.0,0.051979,0.012994412803443864
19.0,0.062403,0.015600312115930003
18.0,0.051979,0.015600312115930003
17.0,0.062403,0.018206211428416143
17.0,0.051979,0.015600312115930003
20.0,0.062403,0.018206211428416143
19.0,0.051979,0.015600312115930003
17.0,0.051979,0.015600312115930003
20.0,0.051979,0.015600312115930003
18.0,0.051979,0.015600312115930003
19.0,0.051979,0.015600312115930003
18.0,0.062403,0.020812110740902282
18.0,0.062403,0.020812110740902282
19.0,0.062403,0.018206211428416143
17.0,0.062403,0.018206211428416143
23.0,0.062403,0.018206211428416143
23.0,0.051979,0.012994412803443864
22.0,0.062403,0.015600312115930003
22.0,0.051979,0.012994412803443864
22.0,0.062403,0.015600312115930003
22.0,0.051979,0.012994412803443864
20.0,0.051979,0.012994412803443864
22.0,0.062403,0.015600312115930003
22.0,0.062403,0.015600312115930003
19.0,0.072827,0.018206211428416143
22.0,0.062403,0.015600312115930003
21.0,0.062403,0.015600312115930003
17.0,0.072827,0.018206211428416143
20.0,0.041555,0.010388513490957724
19.0,0.051979,0.012994412803443864
19.0,0.041555,0.010388513490957724
22.0,0.051979,0.012994412803443864
19.0,0.041555,0.010388513490957724
16.0,0.041555,0.010388513490957724
22.0,0.051979,0.012994412803443864
19.0,0.051979,0.012994412803443864
17.0,0.062403,0.015600312115930003
22.0,0.051979,0.012994412803443864
22.0,0.051979,0.012994412803443864
15.0,0.062403,0.015600312115930003
20.0,0.041555,0.010388513490957724
18.0,0.041555,0.010388513490957724
19.0,0.051979,0.012994412803443864
21.0,0.051979,0.012994412803443864
23.0,0.051979,0.012994412803443864
21.0,0.062403,0.015600312115930003
19.0,0.051979,0.015600312115930003
18.0,0.062403,0.018206211428416143
18.0,0.051979,0.015600312115930003
20.0,0.062403,0.018206211428416143
20.0,0.051979,0.015600312115930003
17.0,0.051979,0.015600312115930003
20.0,0.051979,0.015600312115930003
19.0,0.051979,0.015600312115930003
19.0,0.051979,0.015600312115930003
19.0,0.062403,0.020812110740902282
19.0,0.062403,0.020812110740902282
19.0,0.062403,0.018206211428416143
18.0,0.062403,0.018206211428416143
21.0,0.062403,0.018206211428416143
20.0,0.051979,0.015600312115930003
19.0,0.051979,0.015600312115930003
20.0,0.051979,0.015600312115930003
18.0,0.062403,0.020812110740902282
19.0,0.062403,0.020812110740902282
19.0,0.062403,0.018206211428416143
17.0,0.072827,0.02341801005338842
21.0,0.062403,0.018206211428416143
23.0,0.062403,0.018206211428416143
17.0,0.062403,0.020812110740902282
15.0,0.062403,0.020812110740902282
16.0,0.062403,0.020812110740902282
15.0,0.072827,0.02602390936587456
15.0,0.072827,0.02602390936587456
23.0,0.051979,0.012994412803443864
22.0,0.062403,0.015600312115930003
23.0,0.051979,0.012994412803443864
23.0,0.062403,0.015600312115930003
23.0,0.051979,0.012994412803443864
20.0,0.051979,0.012994412803443864
23.0,0.062403,0.015600312115930003
22.0,0.062403,0.015600312115930003
17.0,0.072827,0.018206211428416143
22.0,0.062403,0.015600312115930003
21.0,0.062403,0.015600312115930003
16.0,0.072827,0.018206211428416143
18.0,0.093675,0.03123570799084684
20.0,0.083192,0.031205993942771723
17.0,0.093616,0.036417792567744
19.0,0.083192,0.031205993942771723
19.0,0.083192,0.031205993942771723
18.0,0.093616,0.036417792567744
19.0,0.083192,0.031205993942771723
17.0,0.083192,0.031205993942771723
19.0,0.083192,0.031205993942771723
17.0,0.083192,0.031205993942771723
18.0,0.093616,0.036417792567744
19.0,0.093616,0.036417792567744
16.0,0.10404,0.04162959119271628
19.0,0.093616,0.036417792567744
19.0,0.093616,0.036417792567744
15.0,0.10404,0.04162959119271628
19.0,0.093616,0.033811893255257866
16.0,0.10404,0.03902369188023014
18.0,0.093616,0.033811893255257866
18.0,0.093616,0.033811893255257866
17.0,0.10404,0.03902369188023014
21.0,0.093616,0.033811893255257866
19.0,0.093616,0.033811893255257866
22.0,0.093616,0.033811893255257866
20.0,0.093616,0.033811893255257866
19.0,0.093616,0.036417792567744
16.0,0.10404,0.04162959119271628
17.0,0.093616,0.036417792567744
17.0,0.093616,0.036417792567744
16.0,0.10404,0.04162959119271628
18.0,0.093616,0.036417792567744
16.0,0.093616,0.036417792567744
18.0,0.093616,0.036417792567744
16.0,0.093616,0.036417792567744
17.0,0.10404,0.04162959119271628
17.0,0.10404,0.04162959119271628
14.0,0.114464,0.04684138981768856
17.0,0.10404,0.04162959119271628
17.0,0.10404,0.04162959119271628
13.0,0.114464,0.04684138981768856
19.0,0.093616,0.033811893255257866
16.0,0.10404,0.03902369188023014
18.0,0.093616,0.033811893255257866
18.0,0.093616,0.033811893255257866
17.0,0.10404,0.03902369188023014
17.0,0.10404,0.036417792567744
14.0,0.114464,0.04162959119271628
19.0,0.10404,0.036417792567744
20.0,0.10404,0.036417792567744
23.0,0.093616,0.033811893255257866
21.0,0.093616,0.033811893255257866
20.0,0.10404,0.036417792567744
17.0,0.10404,0.036417792567744
22.0,0.093616,0.033811893255257866
21.0,0.093616,0.033811893255257866
20.0,0.10404,0.036417792567744
17.0,0.10404,0.036417792567744
15.0,0.124888,0.04684138981768856
12.0,0.135312,0.05205318844266084
14.0,0.135312,0.05205318844266084
21.0,0.041555,0.010388513490957724
20.0,0.051979,0.012994412803443864
20.0,0.041555,0.010388513490957724
23.0,0.051979,0.012994412803443864
20.0,0.041555,0.010388513490957724
17.0,0.041555,0.010388513490957724
23.0,0.051979,0.012994412803443864
20.0,0.051979,0.012994412803443864
18.0,0.062403,0.015600312115930003
23.0,0.051979,0.012994412803443864
23.0,0.051979,0.012994412803443864
16.0,0.062403,0.015600312115930003
20.0,0.041555,0.010388513490957724
19.0,0.041555,0.010388513490957724
19.0,0.051979,0.012994412803443864
21.0,0.051979,0.012994412803443864
23.0,0.051979,0.012994412803443864
22.0,0.062403,0.015600312115930003
20.0,0.051979,0.015600312115930003
19.0,0.062403,0.018206211428416143
19.0,0.051979,0.015600312115930003
21.0,0.062403,0.018206211428416143
21.0,0.051979,0.015600312115930003
18.0,0.051979,0.015600312115930003
20.0,0.041555,0.010388513490957724
19.0,0.041555,0.010388513490957724
18.0,0.041555,0.010388513490957724
20.0,0.051979,0.015600312115930003
19.0,0.051979,0.015600312115930003
19.0,0.051979,0.012994412803443864
17.0,0.051979,0.012994412803443864
21.0,0.051979,0.012994412803443864
23.0,0.051979,0.012994412803443864
21.0,0.062403,0.015600312115930003
23.0,0.062403,0.018206211428416143
20.0,0.051979,0.015600312115930003
19.0,0.051979,0.015600312115930003
20.0,0.051979,0.015600312115930003
18.0,0.062403,0.020812110740902282
19.0,0.062403,0.020812110740902282
19.0,0.062403,0.018206211428416143
17.0,0.072827,0.02341801005338842
21.0,0.062403,0.018206211428416143
23.0,0.062403,0.018206211428416143
21.0,0.051979,0.015600312115930003
18.0,0.051979,0.015600312115930003
19.0,0.051979,0.015600312115930003
19.0,0.062403,0.020812110740902282
16.0,0.062403,0.020812110740902282
20.0,0.051979,0.012994412803443864
19.0,0.062403,0.015600312115930003
19.0,0.051979,0.012994412803443864
22.0,0.062403,0.015600312115930003
19.0,0.051979,0.012994412803443864
16.0,0.051979,0.012994412803443864
21.0,0.062403,0.015600312115930003
19.0,0.062403,0.015600312115930003
16.0,0.072827,0.018206211428416143
22.0,0.062403,0.015600312115930003
21.0,0.062403,0.015600312115930003
14.0,0.072827,0.018206211428416143
24.0,0.051979,0.012994412803443864
23.0,0.051979,0.012994412803443864
23.0,0.062403,0.015600312115930003
22.0,0.062403,0.015600312115930003
24.0,0.051979,0.012994412803443864
23.0,0.051979,0.012994412803443864
22.0,0.062403,0.015600312115930003
22.0,0.062403,0.015600312115930003
17.0,0.062403,0.015600312115930003
15.0,0.072827,0.018206211428416143
17.0,0.083251,0.02602390936587456
15.0,0.093675,0.0286298086783607
14.0,0.093675,0.0286298086783607
19.0,0.051979,0.015600312115930003
18.0,0.051979,0.015600312115930003
18.0,0.051979,0.015600312115930003
18.0,0.062403,0.020812110740902282
18.0,0.062403,0.020812110740902282
18.0,0.062403,0.018206211428416143
17.0,0.062403,0.018206211428416143
20.0,0.062403,0.018206211428416143
18.0,0.062403,0.020812110740902282
16.0,0.062403,0.020812110740902282
17.0,0.062403,0.020812110740902282
16.0,0.072827,0.02602390936587456
16.0,0.072827,0.02602390936587456
18.0,0.062403,0.018206211428416143
17.0,0.062403,0.018206211428416143
17.0,0.072827,0.020812110740902282
18.0,0.072827,0.020812110740902282
22.0,0.062403,0.018206211428416143
20.0,0.072827,0.020812110740902282
15.0,0.093675,0.03123570799084684
20.0,0.041555,0.010388513490957724
19.0,0.051979,0.012994412803443864
19.0,0.041555,0.010388513490957724
22.0,0.051979,0.012994412803443864
19.0,0.041555,0.010388513490957724
17.0,0.041555,0.010388513490957724
22.0,0.051979,0.012994412803443864
19.0,0.051979,0.012994412803443864
18.0,0.062403,0.015600312115930003
23.0,0.051979,0.012994412803443864
23.0,0.051979,0.012994412803443864
16.0,0.062403,0.015600312115930003
18.0,0.041555,0.010388513490957724
17.0,0.041555,0.010388513490957724
17.0,0.051979,0.012994412803443864
21.0,0.051979,0.012994412803443864
21.0,0.051979,0.012994412803443864
19.0,0.062403,0.015600312115930003
18.0,0.051979,0.015600312115930003
17.0,0.062403,0.018206211428416143
17.0,0.051979,0.015600312115930003
20.0,0.062403,0.018206211428416143
19.0,0.051979,0.015600312115930003
17.0,0.051979,0.015600312115930003
20.0,0.051979,0.015600312115930003
18.0,0.051979,0.015600312115930003
19.0,0.051979,0.015600312115930003
18.0,0.062403,0.020812110740902282
18.0,0.062403,0.020812110740902282
19.0,0.062403,0.018206211428416143
17.0,0.062403,0.018206211428416143
23.0,0.062403,0.018206211428416143
23.0,0.051979,0.012994412803443864
22.0,0.062403,0.015600312115930003
22.0,0.051979,0.012994412803443864
22.0,0.062403,0.015600312115930003
22.0,0.051979,0.012994412803443864
20.0,0.051979,0.012994412803443864
22.0,0.062403,0.015600312115930003
22.0,0.062403,0.015600312115930003
19.0,0.072827,0.018206211428416143
21.0,0.062403,0.015600312115930003
22.0,0.062403,0.015600312115930003
17.0,0.072827,0.018206211428416143
20.0,0.041555,0.010388513490957724
19.0,0.051979,0.012994412803443864
19.0,0.041555,0.010388513490957724
22.0,0.051979,0.012994412803443864
19.0,0.041555,0.010388513490957724
16.0,0.041555,0.010388513490957724
22.0,0.051979,0.012994412803443864
19.0,0.051979,0.012994412803443864
17.0,0.062403,0.015600312115930003
22.0,0.051979,0.012994412803443864
22.0,0.051979,0.012994412803443864
15.0,0.062403,0.015600312115930003
20.0,0.041555,0.010388513490957724
18.0,0.041555,0.010388513490957724
19.0,0.051979,0.012994412803443864
21.0,0.051979,0.012994412803443864
23.0,0.051979,0.012994412803443864
21.0,0.062403,0.015600312115930003
19.0,0.051979,0.015600312115930003
18.0,0.062403,0.018206211428416143
18.0,0.051979,0.015600312115930003
20.0,0.062403,0.018206211428416143
20.0,0.051979,0.015600312115930003
17.0,0.051979,0.015600312115930003
20.0,0.051979,0.015600312115930003
19.0,0.051979,0.015600312115930003
19.0,0.051979,0.015600312115930003
19.0,0.062403,0.020812110740902282
19.0,0.062403,0.020812110740902282
19.0,0.062403,0.018206211428416143
18.0,0.062403,0.018206211428416143
21.0,0.062403,0.018206211428416143
20.0,0.051979,0.015600312115930003
19.0,0.051979,0.015600312115930003
20.0,0.051979,0.015600312115930003
18.0,0.062403,0.020812110740902282
19.0,0.062403,0.020812110740902282
19.0,0.062403,0.018206211428416143
17.0,0.072827,0.02341801005338842
21.0,0.062403,0.018206211428416143
23.0,0.062403,0.018206211428416143
17.0,0.062403,0.020812110740902282
15.0,0.062403,0.020812110740902282
16.0,0.062403,0.020812110740902282
15.0,0.072827,0.02602390936587456
15.0,0.072827,0.02602390936587456
23.0,0.051979,0.012994412803443864
22.0,0.062403,0.015600312115930003
23.0,0.051979,0.012994412803443864
23.0,0.062403,0.015600312115930003
23.0,0.051979,0.012994412803443864
20.0,0.051979,0.012994412803443864
23.0,0.062403,0.015600312115930003
22.0,0.062403,0.015600312115930003
17.0,0.072827,0.018206211428416143
21.0,0.062403,0.015600312115930003
22.0,0.062403,0.015600312115930003
16.0,0.072827,0.018206211428416143
18.0,0.093675,0.03123570799084684
20.0,0.083192,0.031205993942771723
17.0,0.093616,0.036417792567744
19.0,0.083192,0.031205993942771723
19.0,0.083192,0.031205993942771723
18.0,0.093616,0.036417792567744
19.0,0.083192,0.031205993942771723
17.0,0.083192,0.031205993942771723
19.0,0.083192,0.031205993942771723
17.0,0.083192,0.031205993942771723
18.0,0.093616,0.036417792567744
19.0,0.093616,0.036417792567744
16.0,0.10404,0.04162959119271628
19.0,0.093616,0.036417792567744
19.0,0.093616,0.036417792567744
15.0,0.10404,0.04162959119271628
19.0,0.093616,0.033811893255257866
16.0,0.10404,0.03902369188023014
18.0,0.093616,0.033811893255257866
18.0,0.093616,0.033811893255257866
17.0,0.10404,0.03902369188023014
21.0,0.093616,0.033811893255257866
19.0,0.093616,0.033811893255257866
22.0,0.093616,0.033811893255257866
20.0,0.093616,0.033811893255257866
19.0,0.093616,0.036417792567744
16.0,0.10404,0.04162959119271628
17.0,0.093616,0.036417792567744
17.0,0.093616,0.036417792567744
16.0,0.10404,0.04162959119271628
18.0,0.093616,0.036417792567744
16.0,0.093616,0.036417792567744
18.0,0.093616,0.036417792567744
16.0,0.093616,0.036417792567744
17.0,0.10404,0.04162959119271628
17.0,0.10404,0.04162959119271628
14.0,0.114464,0.04684138981768856
17.0,0.10404,0.04162959119271628
17.0,0.10404,0.04162959119271628
13.0,0.114464,0.04684138981768856
19.0,0.093616,0.033811893255257866
16.0,0.10404,0.03902369188023014
18.0,0.093616,0.033811893255257866
18.0,0.093616,0.033811893255257866
17.0,0.10404,0.03902369188023014
17.0,0.10404,0.036417792567744
14.0,0.114464,0.04162959119271628
19.0,0.10404,0.036417792567744
20.0,0.10404,0.036417792567744
23.0,0.093616,0.033811893255257866
21.0,0.093616,0.033811893255257866
20.0,0.10404,0.036417792567744
17.0,0.10404,0.036417792567744
22.0,0.093616,0.033811893255257866
21.0,0.093616,0.033811893255257866
20.0,0.10404,0.036417792567744
17.0,0.10404,0.036417792567744
15.0,0.124888,0.04684138981768856
12.0,0.135312,0.05205318844266084
14.0,0.135312,0.05205318844266084
17.0,0.083192,0.02079725371686476
16.0,0.093616,0.0234031530293509
17.0,0.083192,0.02079725371686476
19.0,0.093616,0.0234031530293509
17.0,0.083192,0.02079725371686476
14.0,0.083192,0.02079725371686476
19.0,0.093616,0.0234031530293509
16.0,0.093616,0.0234031530293509
14.0,0.10404,0.02600905234183704
19.0,0.093616,0.0234031530293509
19.0,0.093616,0.0234031530293509
13.0,0.10404,0.02600905234183704
17.0,0.083192,0.02079725371686476
16.0,0.083192,0.02079725371686476
16.0,0.093616,0.0234031530293509
18.0,0.093616,0.0234031530293509
20.0,0.093616,0.0234031530293509
18.0,0.10404,0.02600905234183704
16.0,0.093616,0.02600905234183704
15.0,0.10404,0.02861495165432318
15.0,0.093616,0.02600905234183704
17.0,0.10404,0.02861495165432318
17.0,0.093616,0.02600905234183704
15.0,0.093616,0.02600905234183704
17.0,0.083192,0.02079725371686476
16.0,0.083192,0.02079725371686476
15.0,0.083192,0.02079725371686476
16.0,0.093616,0.02600905234183704
16.0,0.093616,0.02600905234183704
16.0,0.093616,0.0234031530293509
14.0,0.093616,0.0234031530293509
18.0,0.093616,0.0234031530293509
20.0,0.093616,0.0234031530293509
18.0,0.10404,0.02600905234183704
19.0,0.10404,0.02861495165432318
16.0,0.093616,0.02600905234183704
15.0,0.093616,0.02600905234183704
16.0,0.093616,0.02600905234183704
14.0,0.10404,0.031220850966809318
15.0,0.10404,0.031220850966809318
15.0,0.10404,0.02861495165432318
13.0,0.114464,0.03382675027929546
17.0,0.10404,0.02861495165432318
19.0,0.10404,0.02861495165432318
17.0,0.093616,0.02600905234183704
15.0,0.093616,0.02600905234183704
16.0,0.093616,0.02600905234183704
15.0,0.10404,0.031220850966809318
13.0,0.10404,0.031220850966809318
16.0,0.093616,0.0234031530293509
15.0,0.10404,0.02600905234183704
16.0,0.093616,0.0234031530293509
17.0,0.10404,0.02600905234183704
16.0,0.093616,0.0234031530293509
13.0,0.093616,0.0234031530293509
17.0,0.10404,0.02600905234183704
15.0,0.10404,0.02600905234183704
11.0,0.114464,0.02861495165432318
17.0,0.10404,0.02600905234183704
17.0,0.10404,0.02600905234183704
10.0,0.114464,0.02861495165432318
21.0,0.093616,0.0234031530293509
20.0,0.093616,0.0234031530293509
19.0,0.10404,0.02600905234183704
18.0,0.10404,0.02600905234183704
21.0,0.093616,0.0234031530293509
20.0,0.093616,0.0234031530293509
19.0,0.10404,0.02600905234183704
18.0,0.10404,0.02600905234183704
14.0,0.10404,0.02600905234183704
11.0,0.114464,0.02861495165432318
13.0,0.124888,0.03643264959178159
10.0,0.135312,0.039038548904267736
10.0,0.135312,0.039038548904267736
14.0,0.166704,0.0599459621315465
13.0,0.177128,0.06255186144403264
13.0,0.177128,0.06515776075651877
13.0,0.177128,0.06515776075651877
11.0,0.187552,0.07036955938149106
13.0,0.177128,0.06255186144403264
10.0,0.187552,0.06515776075651877
8.0,0.2084,0.07558135800646335
20.0,0.041555,0.010388513490957724
19.0,0.051979,0.015600312115930003
19.0,0.041555,0.010388513490957724
17.0,0.041555,0.010388513490957724
18.0,0.051979,0.015600312115930003
19.0,0.041555,0.010388513490957724
16.0,0.041555,0.010388513490957724
19.0,0.041555,0.010388513490957724
17.0,0.041555,0.010388513490957724
19.0,0.051979,0.015600312115930003
19.0,0.051979,0.015600312115930003
17.0,0.062403,0.020812110740902282
19.0,0.051979,0.015600312115930003
18.0,0.051979,0.015600312115930003
15.0,0.062403,0.020812110740902282
19.0,0.051979,0.012994412803443864
16.0,0.051979,0.012994412803443864
18.0,0.051979,0.012994412803443864
18.0,0.062403,0.018206211428416143
17.0,0.062403,0.018206211428416143
22.0,0.051979,0.012994412803443864
20.0,0.051979,0.012994412803443864
22.0,0.051979,0.012994412803443864
19.0,0.051979,0.012994412803443864
19.0,0.041555,0.010388513490957724
17.0,0.051979,0.015600312115930003
17.0,0.041555,0.010388513490957724
16.0,0.041555,0.010388513490957724
16.0,0.051979,0.015600312115930003
17.0,0.041555,0.010388513490957724
14.0,0.041555,0.010388513490957724
18.0,0.041555,0.010388513490957724
16.0,0.041555,0.010388513490957724
17.0,0.051979,0.015600312115930003
18.0,0.051979,0.015600312115930003
16.0,0.062403,0.020812110740902282
17.0,0.051979,0.015600312115930003
17.0,0.051979,0.015600312115930003
13.0,0.062403,0.020812110740902282
21.0,0.051979,0.012994412803443864
18.0,0.051979,0.012994412803443864
20.0,0.051979,0.012994412803443864
20.0,0.062403,0.018206211428416143
19.0,0.062403,0.018206211428416143
19.0,0.051979,0.012994412803443864
18.0,0.062403,0.018206211428416143
18.0,0.051979,0.012994412803443864
16.0,0.051979,0.012994412803443864
17.0,0.062403,0.018206211428416143
17.0,0.062403,0.015600312115930003
14.0,0.062403,0.015600312115930003
20.0,0.062403,0.015600312115930003
22.0,0.051979,0.012994412803443864
20.0,0.062403,0.018206211428416143
20.0,0.051979,0.012994412803443864
19.0,0.051979,0.012994412803443864
19.0,0.062403,0.018206211428416143
23.0,0.051979,0.012994412803443864
20.0,0.051979,0.012994412803443864
15.0,0.062403,0.015600312115930003
12.0,0.062403,0.015600312115930003
22.0,0.051979,0.012994412803443864
20.0,0.062403,0.015600312115930003
21.0,0.051979,0.012994412803443864
19.0,0.062403,0.015600312115930003
20.0,0.041555,0.010388513490957724
19.0,0.051979,0.015600312115930003
19.0,0.041555,0.010388513490957724
17.0,0.041555,0.010388513490957724
18.0,0.051979,0.015600312115930003
19.0,0.041555,0.010388513490957724
16.0,0.041555,0.010388513490957724
19.0,0.041555,0.010388513490957724
17.0,0.041555,0.010388513490957724
19.0,0.051979,0.015600312115930003
19.0,0.051979,0.015600312115930003
17.0,0.062403,0.020812110740902282
19.0,0.051979,0.015600312115930003
18.0,0.051979,0.015600312115930003
15.0,0.062403,0.020812110740902282
19.0,0.051979,0.012994412803443864
16.0,0.051979,0.012994412803443864
18.0,0.051979,0.012994412803443864
18.0,0.062403,0.018206211428416143
17.0,0.062403,0.018206211428416143
22.0,0.051979,0.012994412803443864
20.0,0.051979,0.012994412803443864
22.0,0.051979,0.012994412803443864
19.0,0.051979,0.012994412803443864
19.0,0.041555,0.010388513490957724
17.0,0.051979,0.015600312115930003
17.0,0.041555,0.010388513490957724
16.0,0.041555,0.010388513490957724
16.0,0.051979,0.015600312115930003
17.0,0.041555,0.010388513490957724
14.0,0.041555,0.010388513490957724
18.0,0.041555,0.010388513490957724
16.0,0.041555,0.010388513490957724
17.0,0.051979,0.015600312115930003
18.0,0.051979,0.015600312115930003
16.0,0.062403,0.020812110740902282
17.0,0.051979,0.015600312115930003
17.0,0.051979,0.015600312115930003
13.0,0.062403,0.020812110740902282
21.0,0.051979,0.012994412803443864
18.0,0.051979,0.012994412803443864
20.0,0.051979,0.012994412803443864
20.0,0.062403,0.018206211428416143
19.0,0.062403,0.018206211428416143
19.0,0.051979,0.012994412803443864
18.0,0.062403,0.018206211428416143
18.0,0.051979,0.012994412803443864
16.0,0.051979,0.012994412803443864
17.0,0.062403,0.018206211428416143
17.0,0.062403,0.015600312115930003
14.0,0.062403,0.015600312115930003
20.0,0.062403,0.015600312115930003
23.0,0.051979,0.012994412803443864
20.0,0.051979,0.012994412803443864
22.0,0.051979,0.012994412803443864
20.0,0.062403,0.018206211428416143
20.0,0.051979,0.012994412803443864
19.0,0.051979,0.012994412803443864
19.0,0.062403,0.018206211428416143
15.0,0.062403,0.015600312115930003
12.0,0.062403,0.015600312115930003
22.0,0.051979,0.012994412803443864
20.0,0.062403,0.015600312115930003
21.0,0.051979,0.012994412803443864
19.0,0.062403,0.015600312115930003
14.0,0.093616,0.0234031530293509
13.0,0.10404,0.02600905234183704
13.0,0.093616,0.0234031530293509
15.0,0.10404,0.02600905234183704
13.0,0.093616,0.0234031530293509
11.0,0.093616,0.0234031530293509
15.0,0.10404,0.02600905234183704
13.0,0.10404,0.02600905234183704
10.0,0.114464,0.02861495165432318
16.0,0.10404,0.02600905234183704
16.0,0.10404,0.02600905234183704
8.0,0.114464,0.02861495165432318
18.0,0.093616,0.036417792567744
15.0,0.10404,0.04162959119271628
16.0,0.093616,0.036417792567744
15.0,0.093616,0.036417792567744
15.0,0.10404,0.04162959119271628
16.0,0.093616,0.036417792567744
13.0,0.093616,0.036417792567744
17.0,0.093616,0.036417792567744
14.0,0.093616,0.036417792567744
16.0,0.10404,0.04162959119271628
16.0,0.10404,0.04162959119271628
13.0,0.114464,0.04684138981768856
16.0,0.10404,0.04162959119271628
16.0,0.10404,0.04162959119271628
12.0,0.114464,0.04684138981768856
13.0,0.177128,0.06515776075651877
11.0,0.187552,0.07036955938149106
18.0,0.093616,0.036417792567744
15.0,0.10404,0.04162959119271628
16.0,0.093616,0.036417792567744
15.0,0.093616,0.036417792567744
15.0,0.10404,0.04162959119271628
16.0,0.093616,0.036417792567744
13.0,0.093616,0.036417792567744
17.0,0.093616,0.036417792567744
14.0,0.093616,0.036417792567744
16.0,0.10404,0.04162959119271628
16.0,0.10404,0.04162959119271628
13.0,0.114464,0.04684138981768856
16.0,0.10404,0.04162959119271628
16.0,0.10404,0.04162959119271628
12.0,0.114464,0.04684138981768856
13.0,0.177128,0.06515776075651877
11.0,0.187552,0.07036955938149106
18.0,0.041696,0.015635395874916837
17.0,0.05212,0.018241295187402976
17.0,0.05212,0.020847194499889116
17.0,0.05212,0.020847194499889116
14.0,0.062544,0.026058993124861395
17.0,0.05212,0.018241295187402976
14.0,0.062544,0.020847194499889116
11.0,0.083392,0.031270791749833673
7.0,0.2084,0.07558135800646335
18.0,0.0,0.0
17.0,0.010424,0.0026058993124861395
17.0,0.0,0.0
19.0,0.010424,0.0026058993124861395
17.0,0.0,0.0
14.0,0.0,0.0
19.0,0.010424,0.0026058993124861395
17.0,0.010424,0.0026058993124861395
16.0,0.020848,0.005211798624972279
19.0,0.010424,0.0026058993124861395
19.0,0.010424,0.0026058993124861395
13.0,0.020848,0.005211798624972279
18.0,0.010424,0.005211798624972279
16.0,0.010424,0.005211798624972279
17.0,0.020848,0.007817697937458418
18.0,0.020848,0.007817697937458418
18.0,0.0,0.0
17.0,0.010424,0.0026058993124861395
16.0,0.0,0.0
18.0,0.010424,0.0026058993124861395
18.0,0.010424,0.005211798624972279
15.0,0.010424,0.005211798624972279
20.0,0.010424,0.0026058993124861395
19.0,0.020848,0.005211798624972279
18.0,0.010424,0.005211798624972279
15.0,0.020848,0.010423597249944558
16.0,0.010424,0.005211798624972279
16.0,0.010424,0.005211798624972279
16.0,0.020848,0.010423597249944558
17.0,0.020848,0.007817697937458418
14.0,0.031272,0.013029496562430697
18.0,0.020848,0.007817697937458418
18.0,0.020848,0.007817697937458418
17.0,0.010424,0.0026058993124861395
16.0,0.020848,0.005211798624972279
16.0,0.010424,0.0026058993124861395
18.0,0.020848,0.005211798624972279
16.0,0.010424,0.0026058993124861395
13.0,0.010424,0.0026058993124861395
18.0,0.020848,0.005211798624972279
16.0,0.020848,0.005211798624972279
15.0,0.031272,0.007817697937458418
18.0,0.020848,0.005211798624972279
18.0,0.020848,0.005211798624972279
12.0,0.031272,0.007817697937458418
14.0,0.041696,0.015635395874916837
13.0,0.05212,0.018241295187402976
20.0,0.010424,0.0026058993124861395
19.0,0.020848,0.005211798624972279
18.0,0.010424,0.0026058993124861395
18.0,0.020848,0.005211798624972279
18.0,0.0,0.0
16.0,0.010424,0.005211798624972279
16.0,0.0,0.0
15.0,0.0,0.0
16.0,0.010424,0.005211798624972279
17.0,0.010424,0.0026058993124861395
14.0,0.010424,0.0026058993124861395
18.0,0.010424,0.0026058993124861395
18.0,0.010424,0.005211798624972279
16.0,0.020848,0.010423597249944558
15.0,0.010424,0.005211798624972279
16.0,0.010424,0.005211798624972279
12.0,0.020848,0.010423597249944558
20.0,0.010424,0.0026058993124861395
19.0,0.020848,0.005211798624972279
18.0,0.010424,0.0026058993124861395
18.0,0.020848,0.005211798624972279
20.0,0.010424,0.0026058993124861395
19.0,0.020848,0.005211798624972279
18.0,0.020848,0.007817697937458418
14.0,0.020848,0.005211798624972279
13.0,0.031272,0.007817697937458418
11.0,0.05212,0.018241295187402976
18.0,0.0,0.0
17.0,0.010424,0.0026058993124861395
17.0,0.0,0.0
19.0,0.010424,0.0026058993124861395
17.0,0.0,0.0
14.0,0.0,0.0
19.0,0.010424,0.0026058993124861395
17.0,0.010424,0.0026058993124861395
16.0,0.020848,0.005211798624972279
19.0,0.010424,0.0026058993124861395
19.0,0.010424,0.0026058993124861395
13.0,0.020848,0.005211798624972279
17.0,0.010424,0.005211798624972279
15.0,0.010424,0.005211798624972279
16.0,0.020848,0.007817697937458418
17.0,0.020848,0.007817697937458418
16.0,0.0,0.0
15.0,0.010424,0.0026058993124861395
15.0,0.0,0.0
17.0,0.010424,0.0026058993124861395
17.0,0.010424,0.005211798624972279
14.0,0.010424,0.005211798624972279
18.0,0.010424,0.0026058993124861395
17.0,0.020848,0.005211798624972279
20.0,0.010424,0.0026058993124861395
19.0,0.020848,0.005211798624972279
19.0,0.010424,0.0026058993124861395
17.0,0.020848,0.005211798624972279
19.0,0.010424,0.0026058993124861395
16.0,0.010424,0.0026058993124861395
19.0,0.020848,0.005211798624972279
19.0,0.020848,0.005211798624972279
17.0,0.031272,0.007817697937458418
19.0,0.020848,0.005211798624972279
20.0,0.020848,0.005211798624972279
14.0,0.031272,0.007817697937458418
17.0,0.0,0.0
16.0,0.010424,0.0026058993124861395
16.0,0.0,0.0
18.0,0.010424,0.0026058993124861395
16.0,0.0,0.0
13.0,0.0,0.0
18.0,0.010424,0.0026058993124861395
16.0,0.010424,0.0026058993124861395
15.0,0.020848,0.005211798624972279
18.0,0.010424,0.0026058993124861395
18.0,0.010424,0.0026058993124861395
12.0,0.020848,0.005211798624972279
16.0,0.010424,0.005211798624972279
14.0,0.010424,0.005211798624972279
15.0,0.020848,0.007817697937458418
16.0,0.020848,0.007817697937458418
16.0,0.0,0.0
15.0,0.010424,0.0026058993124861395
14.0,0.0,0.0
16.0,0.010424,0.0026058993124861395
16.0,0.010424,0.005211798624972279
13.0,0.010424,0.005211798624972279
18.0,0.010424,0.0026058993124861395
17.0,0.020848,0.005211798624972279
18.0,0.010424,0.005211798624972279
16.0,0.020848,0.010423597249944558
16.0,0.010424,0.005211798624972279
17.0,0.010424,0.005211798624972279
16.0,0.020848,0.010423597249944558
17.0,0.020848,0.007817697937458418
15.0,0.031272,0.013029496562430697
18.0,0.020848,0.007817697937458418
19.0,0.020848,0.007817697937458418
19.0,0.010424,0.0026058993124861395
18.0,0.020848,0.005211798624972279
18.0,0.010424,0.0026058993124861395
16.0,0.020848,0.005211798624972279
18.0,0.010424,0.0026058993124861395
15.0,0.010424,0.0026058993124861395
18.0,0.020848,0.005211798624972279
18.0,0.020848,0.005211798624972279
16.0,0.031272,0.007817697937458418
18.0,0.020848,0.005211798624972279
19.0,0.020848,0.005211798624972279
13.0,0.031272,0.007817697937458418
18.0,0.010424,0.005211798624972279
17.0,0.020848,0.010423597249944558
16.0,0.010424,0.005211798624972279
17.0,0.010424,0.005211798624972279
17.0,0.020848,0.010423597249944558
17.0,0.020848,0.007817697937458418
16.0,0.020848,0.007817697937458418
18.0,0.020848,0.007817697937458418
17.0,0.020848,0.010423597249944558
14.0,0.031272,0.015635395874916837
15.0,0.020848,0.010423597249944558
15.0,0.020848,0.010423597249944558
14.0,0.031272,0.015635395874916837
17.0,0.020848,0.007817697937458418
16.0,0.031272,0.010423597249944558
15.0,0.020848,0.007817697937458418
17.0,0.031272,0.010423597249944558
13.0,0.05212,0.020847194499889116
19.0,0.020848,0.007817697937458418
18.0,0.031272,0.010423597249944558
18.0,0.010424,0.005211798624972279
17.0,0.020848,0.010423597249944558
15.0,0.010424,0.005211798624972279
17.0,0.010424,0.005211798624972279
15.0,0.020848,0.010423597249944558
17.0,0.020848,0.007817697937458418
14.0,0.020848,0.007817697937458418
19.0,0.020848,0.007817697937458418
18.0,0.010424,0.005211798624972279
17.0,0.020848,0.010423597249944558
16.0,0.010424,0.005211798624972279
16.0,0.010424,0.005211798624972279
16.0,0.020848,0.010423597249944558
17.0,0.020848,0.007817697937458418
15.0,0.020848,0.007817697937458418
18.0,0.020848,0.007817697937458418
15.0,0.020848,0.010423597249944558
13.0,0.031272,0.015635395874916837
12.0,0.020848,0.010423597249944558
13.0,0.020848,0.010423597249944558
11.0,0.031272,0.015635395874916837
14.0,0.05212,0.020847194499889116
18.0,0.0,0.0
17.0,0.010424,0.005211798624972279
16.0,0.0,0.0
17.0,0.0,0.0
17.0,0.010424,0.005211798624972279
15.0,0.0,0.0
14.0,0.0,0.0
16.0,0.0,0.0
14.0,0.0,0.0
16.0,0.010424,0.005211798624972279
16.0,0.010424,0.005211798624972279
15.0,0.020848,0.010423597249944558
16.0,0.010424,0.005211798624972279
17.0,0.010424,0.005211798624972279
13.0,0.020848,0.010423597249944558
17.0,0.010424,0.0026058993124861395
15.0,0.010424,0.0026058993124861395
14.0,0.010424,0.0026058993124861395
15.0,0.020848,0.007817697937458418
15.0,0.020848,0.007817697937458418
19.0,0.010424,0.0026058993124861395
16.0,0.010424,0.0026058993124861395
18.0,0.010424,0.0026058993124861395
16.0,0.010424,0.0026058993124861395
17.0,0.0,0.0
15.0,0.010424,0.005211798624972279
15.0,0.0,0.0
14.0,0.0,0.0
14.0,0.010424,0.005211798624972279
14.0,0.0,0.0
11.0,0.0,0.0
14.0,0.0,0.0
12.0,0.0,0.0
14.0,0.010424,0.005211798624972279
15.0,0.010424,0.005211798624972279
13.0,0.020848,0.010423597249944558
14.0,0.010424,0.005211798624972279
14.0,0.010424,0.005211798624972279
10.0,0.020848,0.010423597249944558
19.0,0.010424,0.0026058993124861395
17.0,0.010424,0.0026058993124861395
16.0,0.010424,0.0026058993124861395
17.0,0.020848,0.007817697937458418
16.0,0.020848,0.007817697937458418
17.0,0.010424,0.0026058993124861395
16.0,0.020848,0.007817697937458418
14.0,0.010424,0.0026058993124861395
15.0,0.010424,0.0026058993124861395
15.0,0.020848,0.007817697937458418
16.0,0.020848,0.005211798624972279
13.0,0.020848,0.005211798624972279
17.0,0.020848,0.005211798624972279
18.0,0.010424,0.0026058993124861395
17.0,0.020848,0.005211798624972279
16.0,0.010424,0.0026058993124861395
16.0,0.020848,0.005211798624972279
19.0,0.010424,0.0026058993124861395
16.0,0.010424,0.0026058993124861395
19.0,0.010424,0.0026058993124861395
17.0,0.020848,0.007817697937458418
16.0,0.010424,0.0026058993124861395
16.0,0.010424,0.0026058993124861395
16.0,0.020848,0.007817697937458418
13.0,0.020848,0.005211798624972279
10.0,0.020848,0.005211798624972279
20.0,0.010424,0.0026058993124861395
19.0,0.020848,0.005211798624972279
19.0,0.010424,0.0026058993124861395
19.0,0.020848,0.005211798624972279
19.0,0.010424,0.0026058993124861395
16.0,0.010424,0.0026058993124861395
17.0,0.020848,0.005211798624972279
19.0,0.020848,0.005211798624972279
17.0,0.031272,0.007817697937458418
20.0,0.020848,0.005211798624972279
19.0,0.020848,0.005211798624972279
14.0,0.031272,0.007817697937458418
18.0,0.010424,0.0026058993124861395
16.0,0.010424,0.0026058993124861395
17.0,0.020848,0.005211798624972279
16.0,0.020848,0.005211798624972279
18.0,0.020848,0.005211798624972279
16.0,0.031272,0.007817697937458418
18.0,0.020848,0.007817697937458418
17.0,0.031272,0.010423597249944558
17.0,0.020848,0.007817697937458418
15.0,0.031272,0.010423597249944558
19.0,0.020848,0.007817697937458418
16.0,0.020848,0.007817697937458418
17.0,0.0,0.0
16.0,0.010424,0.005211798624972279
16.0,0.0,0.0
16.0,0.0,0.0
16.0,0.010424,0.005211798624972279
16.0,0.0,0.0
14.0,0.0,0.0
14.0,0.0,0.0
13.0,0.0,0.0
15.0,0.010424,0.005211798624972279
16.0,0.010424,0.005211798624972279
14.0,0.020848,0.010423597249944558
16.0,0.010424,0.005211798624972279
15.0,0.010424,0.005211798624972279
12.0,0.020848,0.010423597249944558
16.0,0.010424,0.0026058993124861395
15.0,0.010424,0.0026058993124861395
13.0,0.010424,0.0026058993124861395
15.0,0.020848,0.007817697937458418
14.0,0.020848,0.007817697937458418
18.0,0.010424,0.0026058993124861395
15.0,0.010424,0.0026058993124861395
18.0,0.010424,0.0026058993124861395
16.0,0.010424,0.0026058993124861395
16.0,0.0,0.0
14.0,0.010424,0.005211798624972279
13.0,0.0,0.0
14.0,0.0,0.0
13.0,0.010424,0.005211798624972279
14.0,0.0,0.0
12.0,0.0,0.0
13.0,0.0,0.0
10.0,0.0,0.0
13.0,0.010424,0.005211798624972279
14.0,0.010424,0.005211798624972279
12.0,0.020848,0.010423597249944558
13.0,0.010424,0.005211798624972279
13.0,0.010424,0.005211798624972279
9.0,0.020848,0.010423597249944558
18.0,0.010424,0.0026058993124861395
16.0,0.010424,0.0026058993124861395
15.0,0.010424,0.0026058993124861395
16.0,0.020848,0.007817697937458418
15.0,0.020848,0.007817697937458418
16.0,0.010424,0.0026058993124861395
15.0,0.020848,0.007817697937458418
15.0,0.010424,0.0026058993124861395
13.0,0.010424,0.0026058993124861395
14.0,0.020848,0.007817697937458418
15.0,0.020848,0.005211798624972279
12.0,0.020848,0.005211798624972279
17.0,0.020848,0.005211798624972279
18.0,0.010424,0.0026058993124861395
15.0,0.010424,0.0026058993124861395
18.0,0.010424,0.0026058993124861395
16.0,0.020848,0.007817697937458418
16.0,0.010424,0.0026058993124861395
15.0,0.010424,0.0026058993124861395
15.0,0.020848,0.007817697937458418
12.0,0.020848,0.005211798624972279
9.0,0.020848,0.005211798624972279
18.0,0.010424,0.0026058993124861395
17.0,0.020848,0.005211798624972279
16.0,0.010424,0.0026058993124861395
16.0,0.020848,0.005211798624972279
18.0,0.010424,0.005211798624972279
16.0,0.020848,0.010423597249944558
16.0,0.010424,0.005211798624972279
17.0,0.010424,0.005211798624972279
16.0,0.020848,0.010423597249944558
16.0,0.010424,0.005211798624972279
14.0,0.010424,0.005211798624972279
15.0,0.010424,0.005211798624972279
13.0,0.010424,0.005211798624972279
13.0,0.020848,0.010423597249944558
17.0,0.020848,0.010423597249944558
14.0,0.031272,0.015635395874916837
16.0,0.020848,0.010423597249944558
16.0,0.020848,0.010423597249944558
12.0,0.031272,0.015635395874916837
17.0,0.020848,0.007817697937458418
15.0,0.031272,0.013029496562430697
15.0,0.020848,0.007817697937458418
14.0,0.020848,0.007817697937458418
12.0,0.031272,0.013029496562430697
18.0,0.020848,0.007817697937458418
15.0,0.020848,0.007817697937458418
19.0,0.020848,0.007817697937458418
16.0,0.020848,0.007817697937458418
19.0,0.010424,0.0026058993124861395
18.0,0.020848,0.005211798624972279
18.0,0.010424,0.0026058993124861395
18.0,0.020848,0.005211798624972279
18.0,0.010424,0.0026058993124861395
15.0,0.010424,0.0026058993124861395
16.0,0.020848,0.005211798624972279
18.0,0.020848,0.005211798624972279
16.0,0.031272,0.007817697937458418
19.0,0.020848,0.005211798624972279
18.0,0.020848,0.005211798624972279
13.0,0.031272,0.007817697937458418
18.0,0.010424,0.0026058993124861395
16.0,0.010424,0.0026058993124861395
17.0,0.020848,0.005211798624972279
16.0,0.020848,0.005211798624972279
18.0,0.020848,0.005211798624972279
16.0,0.031272,0.007817697937458418
18.0,0.020848,0.007817697937458418
17.0,0.031272,0.010423597249944558
16.0,0.020848,0.007817697937458418
14.0,0.031272,0.010423597249944558
18.0,0.020848,0.007817697937458418
15.0,0.020848,0.007817697937458418
18.0,0.010424,0.005211798624972279
17.0,0.020848,0.010423597249944558
16.0,0.010424,0.005211798624972279
17.0,0.010424,0.005211798624972279
17.0,0.020848,0.010423597249944558
16.0,0.010424,0.005211798624972279
15.0,0.010424,0.005211798624972279
16.0,0.010424,0.005211798624972279
14.0,0.010424,0.005211798624972279
17.0,0.020848,0.010423597249944558
15.0,0.020848,0.010423597249944558
14.0,0.031272,0.015635395874916837
16.0,0.020848,0.010423597249944558
16.0,0.020848,0.010423597249944558
13.0,0.031272,0.015635395874916837
17.0,0.020848,0.007817697937458418
16.0,0.020848,0.007817697937458418
15.0,0.020848,0.007817697937458418
14.0,0.031272,0.013029496562430697
15.0,0.031272,0.013029496562430697
18.0,0.020848,0.007817697937458418
16.0,0.020848,0.007817697937458418
18.0,0.020848,0.007817697937458418
17.0,0.020848,0.007817697937458418
17.0,0.020848,0.010423597249944558
14.0,0.031272,0.015635395874916837
15.0,0.020848,0.010423597249944558
15.0,0.020848,0.010423597249944558
14.0,0.031272,0.015635395874916837
15.0,0.020848,0.010423597249944558
13.0,0.020848,0.010423597249944558
14.0,0.020848,0.010423597249944558
12.0,0.020848,0.010423597249944558
14.0,0.031272,0.015635395874916837
14.0,0.031272,0.015635395874916837
11.0,0.041696,0.020847194499889116
14.0,0.031272,0.015635395874916837
14.0,0.031272,0.015635395874916837
10.0,0.041696,0.020847194499889116
17.0,0.020848,0.007817697937458418
15.0,0.020848,0.007817697937458418
15.0,0.020848,0.007817697937458418
14.0,0.031272,0.013029496562430697
15.0,0.031272,0.013029496562430697
16.0,0.031272,0.010423597249944558
13.0,0.041696,0.015635395874916837
17.0,0.031272,0.010423597249944558
17.0,0.031272,0.010423597249944558
13.0,0.05212,0.020847194499889116
10.0,0.062544,0.026058993124861395
19.0,0.020848,0.007817697937458418
18.0,0.031272,0.010423597249944558
17.0,0.020848,0.007817697937458418
15.0,0.031272,0.010423597249944558
18.0,0.020848,0.007817697937458418
17.0,0.031272,0.010423597249944558
16.0,0.020848,0.007817697937458418
14.0,0.031272,0.010423597249944558
11.0,0.062544,0.026058993124861395
18.0,0.010424,0.005211798624972279
17.0,0.020848,0.010423597249944558
15.0,0.010424,0.005211798624972279
17.0,0.010424,0.005211798624972279
15.0,0.020848,0.010423597249944558
16.0,0.010424,0.005211798624972279
14.0,0.010424,0.005211798624972279
16.0,0.010424,0.005211798624972279
13.0,0.010424,0.005211798624972279
16.0,0.020848,0.010423597249944558
16.0,0.020848,0.010423597249944558
14.0,0.031272,0.015635395874916837
12.0,0.020848,0.010423597249944558
16.0,0.020848,0.010423597249944558
11.0,0.031272,0.015635395874916837
17.0,0.020848,0.007817697937458418
14.0,0.020848,0.007817697937458418
15.0,0.020848,0.007817697937458418
15.0,0.031272,0.013029496562430697
11.0,0.031272,0.013029496562430697
19.0,0.020848,0.007817697937458418
16.0,0.020848,0.007817697937458418
18.0,0.020848,0.007817697937458418
15.0,0.020848,0.007817697937458418
18.0,0.010424,0.005211798624972279
17.0,0.020848,0.010423597249944558
16.0,0.010424,0.005211798624972279
16.0,0.010424,0.005211798624972279
16.0,0.020848,0.010423597249944558
17.0,0.010424,0.005211798624972279
14.0,0.010424,0.005211798624972279
15.0,0.010424,0.005211798624972279
13.0,0.010424,0.005211798624972279
16.0,0.020848,0.010423597249944558
16.0,0.020848,0.010423597249944558
14.0,0.031272,0.015635395874916837
16.0,0.020848,0.010423597249944558
13.0,0.020848,0.010423597249944558
12.0,0.031272,0.015635395874916837
17.0,0.020848,0.007817697937458418
15.0,0.020848,0.007817697937458418
14.0,0.020848,0.007817697937458418
15.0,0.031272,0.013029496562430697
12.0,0.031272,0.013029496562430697
18.0,0.020848,0.007817697937458418
15.0,0.020848,0.007817697937458418
19.0,0.020848,0.007817697937458418
16.0,0.020848,0.007817697937458418
15.0,0.020848,0.010423597249944558
13.0,0.031272,0.015635395874916837
12.0,0.020848,0.010423597249944558
13.0,0.020848,0.010423597249944558
11.0,0.031272,0.015635395874916837
13.0,0.020848,0.010423597249944558
10.0,0.020848,0.010423597249944558
12.0,0.020848,0.010423597249944558
9.0,0.020848,0.010423597249944558
12.0,0.031272,0.015635395874916837
13.0,0.031272,0.015635395874916837
10.0,0.041696,0.020847194499889116
11.0,0.031272,0.015635395874916837
12.0,0.031272,0.015635395874916837
7.0,0.041696,0.020847194499889116
14.0,0.05212,0.020847194499889116
11.0,0.062544,0.026058993124861395
17.0,0.010424,0.0026058993124861395
16.0,0.020848,0.005211798624972279
16.0,0.010424,0.0026058993124861395
18.0,0.020848,0.005211798624972279
16.0,0.010424,0.0026058993124861395
13.0,0.010424,0.0026058993124861395
18.0,0.020848,0.005211798624972279
16.0,0.020848,0.005211798624972279
15.0,0.031272,0.007817697937458418
18.0,0.020848,0.005211798624972279
18.0,0.020848,0.005211798624972279
12.0,0.031272,0.007817697937458418
17.0,0.020848,0.007817697937458418
15.0,0.020848,0.007817697937458418
16.0,0.031272,0.010423597249944558
17.0,0.031272,0.010423597249944558
17.0,0.010424,0.0026058993124861395
16.0,0.020848,0.005211798624972279
15.0,0.010424,0.0026058993124861395
17.0,0.020848,0.005211798624972279
17.0,0.020848,0.007817697937458418
14.0,0.020848,0.007817697937458418
19.0,0.020848,0.005211798624972279
17.0,0.031272,0.007817697937458418
17.0,0.020848,0.007817697937458418
14.0,0.031272,0.013029496562430697
15.0,0.020848,0.007817697937458418
15.0,0.020848,0.007817697937458418
15.0,0.031272,0.013029496562430697
16.0,0.031272,0.010423597249944558
13.0,0.041696,0.015635395874916837
17.0,0.031272,0.010423597249944558
17.0,0.031272,0.010423597249944558
16.0,0.020848,0.005211798624972279
15.0,0.031272,0.007817697937458418
15.0,0.020848,0.005211798624972279
16.0,0.031272,0.007817697937458418
15.0,0.020848,0.005211798624972279
12.0,0.020848,0.005211798624972279
16.0,0.031272,0.007817697937458418
15.0,0.031272,0.007817697937458418
10.0,0.041696,0.010423597249944558
16.0,0.031272,0.007817697937458418
16.0,0.031272,0.007817697937458418
9.0,0.041696,0.010423597249944558
13.0,0.05212,0.018241295187402976
10.0,0.062544,0.020847194499889116
19.0,0.020848,0.005211798624972279
17.0,0.031272,0.007817697937458418
17.0,0.020848,0.005211798624972279
16.0,0.031272,0.007817697937458418
17.0,0.010424,0.0026058993124861395
15.0,0.020848,0.007817697937458418
15.0,0.010424,0.0026058993124861395
14.0,0.010424,0.0026058993124861395
15.0,0.020848,0.007817697937458418
16.0,0.020848,0.005211798624972279
13.0,0.020848,0.005211798624972279
17.0,0.020848,0.005211798624972279
17.0,0.020848,0.007817697937458418
15.0,0.031272,0.013029496562430697
14.0,0.020848,0.007817697937458418
15.0,0.020848,0.007817697937458418
11.0,0.031272,0.013029496562430697
19.0,0.020848,0.005211798624972279
17.0,0.031272,0.007817697937458418
17.0,0.020848,0.005211798624972279
16.0,0.031272,0.007817697937458418
19.0,0.020848,0.005211798624972279
17.0,0.031272,0.007817697937458418
17.0,0.031272,0.010423597249944558
13.0,0.031272,0.007817697937458418
10.0,0.041696,0.010423597249944558
8.0,0.062544,0.020847194499889116
20.0,0.010424,0.0026058993124861395
19.0,0.020848,0.005211798624972279
19.0,0.010424,0.0026058993124861395
19.0,0.020848,0.005211798624972279
19.0,0.010424,0.0026058993124861395
16.0,0.010424,0.0026058993124861395
20.0,0.020848,0.005211798624972279
19.0,0.020848,0.005211798624972279
17.0,0.031272,0.007817697937458418
17.0,0.020848,0.005211798624972279
19.0,0.020848,0.005211798624972279
14.0,0.031272,0.007817697937458418
19.0,0.020848,0.007817697937458418
17.0,0.020848,0.007817697937458418
18.0,0.031272,0.010423597249944558
15.0,0.031272,0.010423597249944558
18.0,0.010424,0.0026058993124861395
17.0,0.020848,0.005211798624972279
17.0,0.010424,0.0026058993124861395
17.0,0.020848,0.005211798624972279
19.0,0.020848,0.007817697937458418
16.0,0.020848,0.007817697937458418
18.0,0.020848,0.005211798624972279
16.0,0.031272,0.007817697937458418
20.0,0.010424,0.0026058993124861395
19.0,0.020848,0.005211798624972279
19.0,0.010424,0.0026058993124861395
20.0,0.020848,0.005211798624972279
19.0,0.010424,0.0026058993124861395
16.0,0.010424,0.0026058993124861395
19.0,0.020848,0.005211798624972279
19.0,0.020848,0.005211798624972279
17.0,0.031272,0.007817697937458418
19.0,0.020848,0.005211798624972279
17.0,0.020848,0.005211798624972279
14.0,0.031272,0.007817697937458418
19.0,0.020848,0.007817697937458418
17.0,0.020848,0.007817697937458418
18.0,0.031272,0.010423597249944558
15.0,0.031272,0.010423597249944558
18.0,0.010424,0.0026058993124861395
17.0,0.020848,0.005211798624972279
17.0,0.010424,0.0026058993124861395
17.0,0.020848,0.005211798624972279
19.0,0.020848,0.007817697937458418
16.0,0.020848,0.007817697937458418
18.0,0.020848,0.005211798624972279
16.0,0.031272,0.007817697937458418
14.0,0.020848,0.005211798624972279
13.0,0.031272,0.007817697937458418
13.0,0.020848,0.005211798624972279
14.0,0.031272,0.007817697937458418
13.0,0.020848,0.005211798624972279
10.0,0.020848,0.005211798624972279
14.0,0.031272,0.007817697937458418
13.0,0.031272,0.007817697937458418
10.0,0.041696,0.010423597249944558
14.0,0.031272,0.007817697937458418
14.0,0.031272,0.007817697937458418
7.0,0.041696,0.010423597249944558
19.0,0.010424,0.0026058993124861395
18.0,0.020848,0.005211798624972279
18.0,0.010424,0.0026058993124861395
18.0,0.020848,0.005211798624972279
18.0,0.010424,0.0026058993124861395
15.0,0.010424,0.0026058993124861395
19.0,0.020848,0.005211798624972279
18.0,0.020848,0.005211798624972279
16.0,0.031272,0.007817697937458418
16.0,0.020848,0.005211798624972279
18.0,0.020848,0.005211798624972279
13.0,0.031272,0.007817697937458418
18.0,0.020848,0.007817697937458418
16.0,0.020848,0.007817697937458418
17.0,0.031272,0.010423597249944558
14.0,0.031272,0.010423597249944558
18.0,0.010424,0.0026058993124861395
17.0,0.020848,0.005211798624972279
16.0,0.010424,0.0026058993124861395
16.0,0.020848,0.005211798624972279
18.0,0.020848,0.007817697937458418
15.0,0.020848,0.007817697937458418
18.0,0.020848,0.005211798624972279
16.0,0.031272,0.007817697937458418
19.0,0.010424,0.0026058993124861395
18.0,0.020848,0.005211798624972279
18.0,0.010424,0.0026058993124861395
19.0,0.020848,0.005211798624972279
18.0,0.010424,0.0026058993124861395
15.0,0.010424,0.0026058993124861395
18.0,0.020848,0.005211798624972279
18.0,0.020848,0.005211798624972279
16.0,0.031272,0.007817697937458418
18.0,0.020848,0.005211798624972279
16.0,0.020848,0.005211798624972279
13.0,0.031272,0.007817697937458418
18.0,0.020848,0.007817697937458418
16.0,0.020848,0.007817697937458418
17.0,0.031272,0.010423597249944558
14.0,0.031272,0.010423597249944558
18.0,0.010424,0.0026058993124861395
17.0,0.020848,0.005211798624972279
16.0,0.010424,0.0026058993124861395
16.0,0.020848,0.005211798624972279
18.0,0.020848,0.007817697937458418
15.0,0.020848,0.007817697937458418
18.0,0.020848,0.005211798624972279
16.0,0.031272,0.007817697937458418
13.0,0.020848,0.005211798624972279
12.0,0.031272,0.007817697937458418
12.0,0.020848,0.005211798624972279
13.0,0.031272,0.007817697937458418
12.0,0.020848,0.005211798624972279
9.0,0.020848,0.005211798624972279
13.0,0.031272,0.007817697937458418
12.0,0.031272,0.007817697937458418
9.0,0.041696,0.010423597249944558
13.0,0.031272,0.007817697937458418
13.0,0.031272,0.007817697937458418
6.0,0.041696,0.010423597249944558
12.0,0.05212,0.018241295187402976
9.0,0.062544,0.020847194499889116
14.0,0.041696,0.015635395874916837
13.0,0.05212,0.018241295187402976
13.0,0.05212,0.020847194499889116
13.0,0.05212,0.020847194499889116
10.0,0.062544,0.026058993124861395
13.0,0.05212,0.018241295187402976
10.0,0.062544,0.020847194499889116
7.0,0.083392,0.031270791749833673
11.0,0.05212,0.018241295187402976
8.0,0.062544,0.020847194499889116
14.0,0.05212,0.020847194499889116
11.0,0.062544,0.026058993124861395
14.0,0.05212,0.020847194499889116
11.0,0.062544,0.026058993124861395
12.0,0.05212,0.018241295187402976
9.0,0.062544,0.020847194499889116
4.0,0.083392,0.031270791749833673
18.0,0.041696,0.015635395874916837
17.0,0.05212,0.018241295187402976
17.0,0.05212,0.020847194499889116
17.0,0.05212,0.020847194499889116
14.0,0.062544,0.026058993124861395
17.0,0.05212,0.018241295187402976
14.0,0.062544,0.020847194499889116
11.0,0.083392,0.031270791749833673
9.0,0.083392,0.031270791749833673
15.0,0.166704,0.0599459621315465
14.0,0.177128,0.06255186144403264
14.0,0.177128,0.06515776075651877
14.0,0.177128,0.06515776075651877
11.0,0.187552,0.07036955938149106
14.0,0.177128,0.06255186144403264
11.0,0.187552,0.06515776075651877
8.0,0.2084,0.07558135800646335
21.0,0.041555,0.010388513490957724
20.0,0.051979,0.012994412803443864
20.0,0.041555,0.010388513490957724
23.0,0.051979,0.012994412803443864
20.0,0.041555,0.010388513490957724
17.0,0.041555,0.010388513490957724
23.0,0.051979,0.012994412803443864
20.0,0.051979,0.012994412803443864
18.0,0.062403,0.015600312115930003
23.0,0.051979,0.012994412803443864
23.0,0.051979,0.012994412803443864
16.0,0.062403,0.015600312115930003
20.0,0.051979,0.015600312115930003
19.0,0.051979,0.015600312115930003
19.0,0.062403,0.018206211428416143
21.0,0.062403,0.018206211428416143
20.0,0.041555,0.010388513490957724
19.0,0.051979,0.012994412803443864
19.0,0.041555,0.010388513490957724
22.0,0.051979,0.012994412803443864
21.0,0.051979,0.015600312115930003
18.0,0.051979,0.015600312115930003
23.0,0.051979,0.012994412803443864
21.0,0.062403,0.015600312115930003
20.0,0.051979,0.015600312115930003
18.0,0.062403,0.020812110740902282
19.0,0.051979,0.015600312115930003
20.0,0.051979,0.015600312115930003
19.0,0.062403,0.020812110740902282
19.0,0.062403,0.018206211428416143
17.0,0.072827,0.02341801005338842
21.0,0.062403,0.018206211428416143
23.0,0.062403,0.018206211428416143
20.0,0.051979,0.012994412803443864
19.0,0.062403,0.015600312115930003
19.0,0.051979,0.012994412803443864
21.0,0.062403,0.015600312115930003
19.0,0.051979,0.012994412803443864
16.0,0.051979,0.012994412803443864
22.0,0.062403,0.015600312115930003
19.0,0.062403,0.015600312115930003
16.0,0.072827,0.018206211428416143
21.0,0.062403,0.015600312115930003
22.0,0.062403,0.015600312115930003
14.0,0.072827,0.018206211428416143
17.0,0.083251,0.02602390936587456
15.0,0.093675,0.0286298086783607
24.0,0.051979,0.012994412803443864
22.0,0.062403,0.015600312115930003
23.0,0.051979,0.012994412803443864
22.0,0.062403,0.015600312115930003
20.0,0.041555,0.010388513490957724
20.0,0.051979,0.015600312115930003
19.0,0.041555,0.010388513490957724
18.0,0.041555,0.010388513490957724
19.0,0.051979,0.015600312115930003
19.0,0.051979,0.012994412803443864
17.0,0.051979,0.012994412803443864
22.0,0.051979,0.012994412803443864
21.0,0.051979,0.015600312115930003
19.0,0.062403,0.020812110740902282
18.0,0.051979,0.015600312115930003
19.0,0.051979,0.015600312115930003
16.0,0.062403,0.020812110740902282
24.0,0.051979,0.012994412803443864
23.0,0.062403,0.015600312115930003
23.0,0.051979,0.012994412803443864
22.0,0.062403,0.015600312115930003
23.0,0.051979,0.012994412803443864
22.0,0.062403,0.015600312115930003
23.0,0.062403,0.018206211428416143
17.0,0.062403,0.015600312115930003
15.0,0.072827,0.018206211428416143
14.0,0.093675,0.0286298086783607
20.0,0.041555,0.010388513490957724
19.0,0.051979,0.012994412803443864
19.0,0.041555,0.010388513490957724
23.0,0.051979,0.012994412803443864
19.0,0.041555,0.010388513490957724
17.0,0.041555,0.010388513490957724
23.0,0.051979,0.012994412803443864
19.0,0.051979,0.012994412803443864
18.0,0.062403,0.015600312115930003
22.0,0.051979,0.012994412803443864
22.0,0.051979,0.012994412803443864
16.0,0.062403,0.015600312115930003
18.0,0.051979,0.015600312115930003
18.0,0.051979,0.015600312115930003
17.0,0.062403,0.018206211428416143
21.0,0.062403,0.018206211428416143
19.0,0.041555,0.010388513490957724
18.0,0.051979,0.012994412803443864
17.0,0.041555,0.010388513490957724
21.0,0.051979,0.012994412803443864
19.0,0.051979,0.015600312115930003
17.0,0.051979,0.015600312115930003
21.0,0.051979,0.012994412803443864
19.0,0.062403,0.015600312115930003
23.0,0.051979,0.012994412803443864
22.0,0.062403,0.015600312115930003
22.0,0.051979,0.012994412803443864
22.0,0.062403,0.015600312115930003
22.0,0.051979,0.012994412803443864
20.0,0.051979,0.012994412803443864
21.0,0.062403,0.015600312115930003
22.0,0.062403,0.015600312115930003
19.0,0.072827,0.018206211428416143
22.0,0.062403,0.015600312115930003
22.0,0.062403,0.015600312115930003
17.0,0.072827,0.018206211428416143
20.0,0.041555,0.010388513490957724
19.0,0.051979,0.012994412803443864
19.0,0.041555,0.010388513490957724
22.0,0.051979,0.012994412803443864
19.0,0.041555,0.010388513490957724
16.0,0.041555,0.010388513490957724
22.0,0.051979,0.012994412803443864
19.0,0.051979,0.012994412803443864
17.0,0.062403,0.015600312115930003
22.0,0.051979,0.012994412803443864
22.0,0.051979,0.012994412803443864
15.0,0.062403,0.015600312115930003
19.0,0.051979,0.015600312115930003
18.0,0.051979,0.015600312115930003
18.0,0.062403,0.018206211428416143
20.0,0.062403,0.018206211428416143
20.0,0.041555,0.010388513490957724
19.0,0.051979,0.012994412803443864
18.0,0.041555,0.010388513490957724
21.0,0.051979,0.012994412803443864
20.0,0.051979,0.015600312115930003
17.0,0.051979,0.015600312115930003
23.0,0.051979,0.012994412803443864
21.0,0.062403,0.015600312115930003
20.0,0.051979,0.015600312115930003
18.0,0.062403,0.020812110740902282
19.0,0.051979,0.015600312115930003
20.0,0.051979,0.015600312115930003
19.0,0.062403,0.020812110740902282
19.0,0.062403,0.018206211428416143
17.0,0.072827,0.02341801005338842
21.0,0.062403,0.018206211428416143
23.0,0.062403,0.018206211428416143
23.0,0.051979,0.012994412803443864
22.0,0.062403,0.015600312115930003
23.0,0.051979,0.012994412803443864
22.0,0.062403,0.015600312115930003
23.0,0.051979,0.012994412803443864
20.0,0.051979,0.012994412803443864
21.0,0.062403,0.015600312115930003
22.0,0.062403,0.015600312115930003
17.0,0.072827,0.018206211428416143
23.0,0.062403,0.015600312115930003
23.0,0.062403,0.015600312115930003
16.0,0.072827,0.018206211428416143
19.0,0.051979,0.015600312115930003
18.0,0.062403,0.020812110740902282
18.0,0.051979,0.015600312115930003
18.0,0.051979,0.015600312115930003
18.0,0.062403,0.020812110740902282
18.0,0.062403,0.018206211428416143
17.0,0.062403,0.018206211428416143
20.0,0.062403,0.018206211428416143
18.0,0.062403,0.020812110740902282
16.0,0.072827,0.02602390936587456
16.0,0.062403,0.020812110740902282
17.0,0.062403,0.020812110740902282
16.0,0.072827,0.02602390936587456
18.0,0.062403,0.018206211428416143
17.0,0.072827,0.020812110740902282
17.0,0.062403,0.018206211428416143
18.0,0.072827,0.020812110740902282
15.0,0.093675,0.03123570799084684
22.0,0.062403,0.018206211428416143
20.0,0.072827,0.020812110740902282
20.0,0.051979,0.015600312115930003
18.0,0.062403,0.020812110740902282
18.0,0.051979,0.015600312115930003
19.0,0.051979,0.015600312115930003
18.0,0.062403,0.020812110740902282
19.0,0.062403,0.018206211428416143
17.0,0.062403,0.018206211428416143
23.0,0.062403,0.018206211428416143
20.0,0.051979,0.015600312115930003
19.0,0.062403,0.020812110740902282
19.0,0.051979,0.015600312115930003
19.0,0.051979,0.015600312115930003
19.0,0.062403,0.020812110740902282
19.0,0.062403,0.018206211428416143
18.0,0.062403,0.018206211428416143
21.0,0.062403,0.018206211428416143
17.0,0.062403,0.020812110740902282
15.0,0.072827,0.02602390936587456
15.0,0.062403,0.020812110740902282
16.0,0.062403,0.020812110740902282
15.0,0.072827,0.02602390936587456
18.0,0.093675,0.03123570799084684
22.0,0.083111,0.02077702698191545
20.0,0.093535,0.025988825606887728
21.0,0.083111,0.02077702698191545
21.0,0.083111,0.02077702698191545
21.0,0.093535,0.025988825606887728
21.0,0.083111,0.02077702698191545
19.0,0.083111,0.02077702698191545
20.0,0.083111,0.02077702698191545
19.0,0.083111,0.02077702698191545
20.0,0.093535,0.025988825606887728
20.0,0.093535,0.025988825606887728
18.0,0.103959,0.031200624231860007
21.0,0.093535,0.025988825606887728
20.0,0.093535,0.025988825606887728
17.0,0.103959,0.031200624231860007
21.0,0.093535,0.023382926294401588
20.0,0.093535,0.023382926294401588
19.0,0.093535,0.023382926294401588
19.0,0.103959,0.028594724919373867
19.0,0.103959,0.028594724919373867
24.0,0.093535,0.023382926294401588
22.0,0.093535,0.023382926294401588
24.0,0.093535,0.023382926294401588
22.0,0.093535,0.023382926294401588
21.0,0.083111,0.02077702698191545
19.0,0.093535,0.025988825606887728
18.0,0.083111,0.02077702698191545
19.0,0.083111,0.02077702698191545
19.0,0.093535,0.025988825606887728
20.0,0.083111,0.02077702698191545
17.0,0.083111,0.02077702698191545
19.0,0.083111,0.02077702698191545
16.0,0.083111,0.02077702698191545
19.0,0.093535,0.025988825606887728
19.0,0.093535,0.025988825606887728
16.0,0.103959,0.031200624231860007
19.0,0.093535,0.025988825606887728
19.0,0.093535,0.025988825606887728
15.0,0.103959,0.031200624231860007
23.0,0.093535,0.023382926294401588
21.0,0.093535,0.023382926294401588
21.0,0.093535,0.023382926294401588
20.0,0.103959,0.028594724919373867
20.0,0.103959,0.028594724919373867
21.0,0.093535,0.023382926294401588
19.0,0.103959,0.028594724919373867
20.0,0.093535,0.023382926294401588
19.0,0.093535,0.023382926294401588
19.0,0.103959,0.028594724919373867
18.0,0.103959,0.025988825606887728
16.0,0.103959,0.025988825606887728
21.0,0.103959,0.025988825606887728
23.0,0.093535,0.023382926294401588
20.0,0.103959,0.028594724919373867
21.0,0.093535,0.023382926294401588
21.0,0.093535,0.023382926294401588
20.0,0.103959,0.028594724919373867
24.0,0.093535,0.023382926294401588
22.0,0.093535,0.023382926294401588
16.0,0.103959,0.025988825606887728
14.0,0.103959,0.025988825606887728
24.0,0.093535,0.023382926294401588
21.0,0.103959,0.025988825606887728
22.0,0.093535,0.023382926294401588
20.0,0.103959,0.025988825606887728
21.0,0.124747,0.041594507433729444
18.0,0.135171,0.04680630605870173
20.0,0.124747,0.041594507433729444
20.0,0.124747,0.041594507433729444
19.0,0.135171,0.04680630605870173
19.0,0.124747,0.041594507433729444
18.0,0.124747,0.041594507433729444
19.0,0.124747,0.041594507433729444
18.0,0.124747,0.041594507433729444
18.0,0.135171,0.04680630605870173
19.0,0.135171,0.04680630605870173
16.0,0.145595,0.052018104683674
19.0,0.135171,0.04680630605870173
19.0,0.135171,0.04680630605870173
15.0,0.145595,0.052018104683674
19.0,0.135171,0.04420040674621559
16.0,0.145595,0.049412205371187866
17.0,0.135171,0.04420040674621559
17.0,0.135171,0.04420040674621559
16.0,0.145595,0.049412205371187866
21.0,0.135171,0.04420040674621559
19.0,0.135171,0.04420040674621559
21.0,0.135171,0.04420040674621559
19.0,0.135171,0.04420040674621559
24.0,0.083111,0.02077702698191545
23.0,0.093535,0.023382926294401588
23.0,0.083111,0.02077702698191545
26.0,0.093535,0.023382926294401588
23.0,0.083111,0.02077702698191545
20.0,0.083111,0.02077702698191545
26.0,0.093535,0.023382926294401588
23.0,0.093535,0.023382926294401588
21.0,0.103959,0.025988825606887728
26.0,0.093535,0.023382926294401588
26.0,0.093535,0.023382926294401588
19.0,0.103959,0.025988825606887728
22.0,0.093535,0.025988825606887728
21.0,0.093535,0.025988825606887728
21.0,0.103959,0.028594724919373867
23.0,0.103959,0.028594724919373867
23.0,0.083111,0.02077702698191545
22.0,0.093535,0.023382926294401588
21.0,0.083111,0.02077702698191545
24.0,0.093535,0.023382926294401588
23.0,0.093535,0.025988825606887728
21.0,0.093535,0.025988825606887728
26.0,0.093535,0.023382926294401588
24.0,0.103959,0.025988825606887728
23.0,0.083111,0.02077702698191545
20.0,0.093535,0.025988825606887728
22.0,0.083111,0.02077702698191545
21.0,0.083111,0.02077702698191545
21.0,0.093535,0.025988825606887728
22.0,0.093535,0.023382926294401588
19.0,0.103959,0.028594724919373867
24.0,0.093535,0.023382926294401588
24.0,0.093535,0.023382926294401588
26.0,0.093535,0.023382926294401588
24.0,0.093535,0.023382926294401588
24.0,0.103959,0.025988825606887728
23.0,0.103959,0.025988825606887728
22.0,0.093535,0.025988825606887728
20.0,0.103959,0.031200624231860007
21.0,0.093535,0.025988825606887728
20.0,0.093535,0.025988825606887728
20.0,0.103959,0.031200624231860007
21.0,0.103959,0.028594724919373867
19.0,0.103959,0.028594724919373867
23.0,0.103959,0.028594724919373867
23.0,0.093535,0.025988825606887728
20.0,0.103959,0.031200624231860007
21.0,0.093535,0.025988825606887728
21.0,0.093535,0.025988825606887728
20.0,0.103959,0.031200624231860007
23.0,0.124747,0.041594507433729444
20.0,0.135171,0.04680630605870173
22.0,0.124747,0.041594507433729444
22.0,0.124747,0.041594507433729444
21.0,0.135171,0.04680630605870173
22.0,0.135171,0.04420040674621559
19.0,0.145595,0.049412205371187866
24.0,0.135171,0.04420040674621559
25.0,0.135171,0.04420040674621559
21.0,0.135171,0.04680630605870173
18.0,0.145595,0.052018104683674
19.0,0.135171,0.04680630605870173
19.0,0.135171,0.04680630605870173
18.0,0.145595,0.052018104683674
20.0,0.124747,0.031185767207822485
19.0,0.135171,0.03379166652030863
20.0,0.124747,0.031185767207822485
21.0,0.135171,0.03379166652030863
20.0,0.124747,0.031185767207822485
17.0,0.124747,0.031185767207822485
22.0,0.135171,0.03379166652030863
19.0,0.135171,0.03379166652030863
16.0,0.145595,0.036397565832794763
21.0,0.135171,0.03379166652030863
22.0,0.135171,0.03379166652030863
15.0,0.145595,0.036397565832794763
19.0,0.124747,0.031185767207822485
18.0,0.124747,0.031185767207822485
18.0,0.135171,0.03379166652030863
19.0,0.135171,0.03379166652030863
22.0,0.135171,0.03379166652030863
18.0,0.145595,0.036397565832794763
18.0,0.135171,0.036397565832794763
17.0,0.145595,0.0390034651452809
17.0,0.135171,0.036397565832794763
18.0,0.145595,0.0390034651452809
19.0,0.135171,0.036397565832794763
17.0,0.135171,0.036397565832794763
17.0,0.208259,0.07033447562250422
15.0,0.218683,0.07294037493499037
15.0,0.218683,0.07554627424747651
21.0,0.083111,0.02077702698191545
20.0,0.093535,0.025988825606887728
20.0,0.083111,0.02077702698191545
18.0,0.083111,0.02077702698191545
19.0,0.093535,0.025988825606887728
20.0,0.083111,0.02077702698191545
17.0,0.083111,0.02077702698191545
20.0,0.083111,0.02077702698191545
18.0,0.083111,0.02077702698191545
20.0,0.093535,0.025988825606887728
19.0,0.093535,0.025988825606887728
17.0,0.103959,0.031200624231860007
20.0,0.093535,0.025988825606887728
19.0,0.093535,0.025988825606887728
16.0,0.103959,0.031200624231860007
19.0,0.093535,0.023382926294401588
16.0,0.093535,0.023382926294401588
18.0,0.093535,0.023382926294401588
17.0,0.103959,0.028594724919373867
17.0,0.103959,0.028594724919373867
21.0,0.093535,0.023382926294401588
19.0,0.093535,0.023382926294401588
21.0,0.093535,0.023382926294401588
18.0,0.093535,0.023382926294401588
23.0,0.083111,0.02077702698191545
22.0,0.093535,0.025988825606887728
22.0,0.083111,0.02077702698191545
20.0,0.083111,0.02077702698191545
21.0,0.093535,0.025988825606887728
22.0,0.093535,0.023382926294401588
19.0,0.093535,0.023382926294401588
25.0,0.093535,0.023382926294401588
22.0,0.083111,0.02077702698191545
20.0,0.093535,0.025988825606887728
20.0,0.083111,0.02077702698191545
19.0,0.083111,0.02077702698191545
19.0,0.093535,0.025988825606887728
24.0,0.093535,0.023382926294401588
21.0,0.093535,0.023382926294401588
17.0,0.135171,0.03379166652030863
15.0,0.145595,0.036397565832794763
16.0,0.135171,0.03379166652030863
16.0,0.145595,0.036397565832794763
20.0,0.135171,0.04680630605870173
17.0,0.145595,0.052018104683674
18.0,0.135171,0.04680630605870173
18.0,0.135171,0.04680630605870173
17.0,0.145595,0.052018104683674
15.0,0.218683,0.07554627424747651
20.0,0.041555,0.010388513490957724
19.0,0.051979,0.015600312115930003
19.0,0.041555,0.010388513490957724
19.0,0.041555,0.010388513490957724
19.0,0.051979,0.015600312115930003
17.0,0.041555,0.010388513490957724
16.0,0.041555,0.010388513490957724
19.0,0.041555,0.010388513490957724
17.0,0.041555,0.010388513490957724
18.0,0.051979,0.015600312115930003
19.0,0.051979,0.015600312115930003
17.0,0.062403,0.020812110740902282
18.0,0.051979,0.015600312115930003
19.0,0.051979,0.015600312115930003
15.0,0.062403,0.020812110740902282
19.0,0.051979,0.012994412803443864
18.0,0.051979,0.012994412803443864
16.0,0.051979,0.012994412803443864
18.0,0.062403,0.018206211428416143
17.0,0.062403,0.018206211428416143
23.0,0.051979,0.012994412803443864
20.0,0.051979,0.012994412803443864
22.0,0.051979,0.012994412803443864
21.0,0.051979,0.012994412803443864
19.0,0.041555,0.010388513490957724
18.0,0.051979,0.015600312115930003
17.0,0.041555,0.010388513490957724
17.0,0.041555,0.010388513490957724
17.0,0.051979,0.015600312115930003
16.0,0.041555,0.010388513490957724
14.0,0.041555,0.010388513490957724
18.0,0.041555,0.010388513490957724
16.0,0.041555,0.010388513490957724
17.0,0.051979,0.015600312115930003
17.0,0.051979,0.015600312115930003
16.0,0.062403,0.020812110740902282
16.0,0.051979,0.015600312115930003
17.0,0.051979,0.015600312115930003
13.0,0.062403,0.020812110740902282
22.0,0.051979,0.012994412803443864
20.0,0.051979,0.012994412803443864
19.0,0.051979,0.012994412803443864
20.0,0.062403,0.018206211428416143
19.0,0.062403,0.018206211428416143
19.0,0.051979,0.012994412803443864
18.0,0.062403,0.018206211428416143
16.0,0.051979,0.012994412803443864
18.0,0.051979,0.012994412803443864
17.0,0.062403,0.018206211428416143
17.0,0.062403,0.015600312115930003
14.0,0.062403,0.015600312115930003
20.0,0.062403,0.015600312115930003
21.0,0.051979,0.012994412803443864
19.0,0.062403,0.015600312115930003
20.0,0.051979,0.012994412803443864
19.0,0.062403,0.015600312115930003
21.0,0.051979,0.012994412803443864
20.0,0.062403,0.018206211428416143
18.0,0.051979,0.012994412803443864
20.0,0.051979,0.012994412803443864
19.0,0.062403,0.018206211428416143
22.0,0.051979,0.012994412803443864
19.0,0.051979,0.012994412803443864
15.0,0.062403,0.015600312115930003
12.0,0.062403,0.015600312115930003
21.0,0.083111,0.02077702698191545
19.0,0.093535,0.025988825606887728
20.0,0.083111,0.02077702698191545
20.0,0.083111,0.02077702698191545
20.0,0.093535,0.025988825606887728
18.0,0.083111,0.02077702698191545
17.0,0.083111,0.02077702698191545
20.0,0.083111,0.02077702698191545
18.0,0.083111,0.02077702698191545
19.0,0.093535,0.025988825606887728
20.0,0.093535,0.025988825606887728
17.0,0.103959,0.031200624231860007
19.0,0.093535,0.025988825606887728
20.0,0.093535,0.025988825606887728
16.0,0.103959,0.031200624231860007
19.0,0.093535,0.023382926294401588
17.0,0.103959,0.028594724919373867
16.0,0.093535,0.023382926294401588
18.0,0.093535,0.023382926294401588
17.0,0.103959,0.028594724919373867
21.0,0.093535,0.023382926294401588
19.0,0.093535,0.023382926294401588
21.0,0.093535,0.023382926294401588
18.0,0.093535,0.023382926294401588
23.0,0.083111,0.02077702698191545
22.0,0.083111,0.02077702698191545
20.0,0.083111,0.02077702698191545
22.0,0.093535,0.025988825606887728
21.0,0.093535,0.025988825606887728
22.0,0.093535,0.023382926294401588
19.0,0.093535,0.023382926294401588
24.0,0.093535,0.023382926294401588
22.0,0.083111,0.02077702698191545
20.0,0.083111,0.02077702698191545
19.0,0.083111,0.02077702698191545
19.0,0.093535,0.025988825606887728
19.0,0.093535,0.025988825606887728
24.0,0.093535,0.023382926294401588
21.0,0.093535,0.023382926294401588
22.0,0.124747,0.041594507433729444
20.0,0.124747,0.041594507433729444
21.0,0.135171,0.04420040674621559
22.0,0.135171,0.04420040674621559
20.0,0.135171,0.04680630605870173
18.0,0.135171,0.04680630605870173
20.0,0.124747,0.031185767207822485
19.0,0.124747,0.031185767207822485
17.0,0.124747,0.031185767207822485
18.0,0.135171,0.036397565832794763
18.0,0.135171,0.036397565832794763
18.0,0.135171,0.03379166652030863
15.0,0.135171,0.03379166652030863
20.0,0.135171,0.03379166652030863
19.0,0.083111,0.02077702698191545
17.0,0.093535,0.025988825606887728
17.0,0.083111,0.02077702698191545
16.0,0.083111,0.02077702698191545
16.0,0.093535,0.025988825606887728
16.0,0.083111,0.02077702698191545
13.0,0.083111,0.02077702698191545
17.0,0.083111,0.02077702698191545
15.0,0.083111,0.02077702698191545
16.0,0.093535,0.025988825606887728
17.0,0.093535,0.025988825606887728
15.0,0.103959,0.031200624231860007
16.0,0.093535,0.025988825606887728
16.0,0.093535,0.025988825606887728
12.0,0.103959,0.031200624231860007
22.0,0.083111,0.02077702698191545
19.0,0.083111,0.02077702698191545
19.0,0.083111,0.02077702698191545
16.0,0.083111,0.02077702698191545
15.0,0.135171,0.03379166652030863
12.0,0.135171,0.03379166652030863
18.0,0.135171,0.04680630605870173
15.0,0.135171,0.04680630605870173
20.0,0.083111,0.02077702698191545
18.0,0.093535,0.025988825606887728
19.0,0.083111,0.02077702698191545
19.0,0.083111,0.02077702698191545
19.0,0.093535,0.025988825606887728
19.0,0.083111,0.02077702698191545
17.0,0.083111,0.02077702698191545
17.0,0.083111,0.02077702698191545
16.0,0.083111,0.02077702698191545
18.0,0.093535,0.025988825606887728
18.0,0.093535,0.025988825606887728
16.0,0.103959,0.031200624231860007
19.0,0.093535,0.025988825606887728
18.0,0.093535,0.025988825606887728
15.0,0.103959,0.031200624231860007
19.0,0.093535,0.023382926294401588
18.0,0.093535,0.023382926294401588
16.0,0.093535,0.023382926294401588
17.0,0.103959,0.028594724919373867
17.0,0.103959,0.028594724919373867
22.0,0.093535,0.023382926294401588
19.0,0.093535,0.023382926294401588
22.0,0.093535,0.023382926294401588
20.0,0.093535,0.023382926294401588
19.0,0.083111,0.02077702698191545
17.0,0.093535,0.025988825606887728
16.0,0.083111,0.02077702698191545
17.0,0.083111,0.02077702698191545
16.0,0.093535,0.025988825606887728
17.0,0.083111,0.02077702698191545
15.0,0.083111,0.02077702698191545
16.0,0.083111,0.02077702698191545
13.0,0.083111,0.02077702698191545
16.0,0.093535,0.025988825606887728
17.0,0.093535,0.025988825606887728
14.0,0.103959,0.031200624231860007
16.0,0.093535,0.025988825606887728
16.0,0.093535,0.025988825606887728
12.0,0.103959,0.031200624231860007
21.0,0.093535,0.023382926294401588
19.0,0.093535,0.023382926294401588
18.0,0.093535,0.023382926294401588
18.0,0.103959,0.028594724919373867
18.0,0.103959,0.028594724919373867
19.0,0.093535,0.023382926294401588
17.0,0.103959,0.028594724919373867
18.0,0.093535,0.023382926294401588
16.0,0.093535,0.023382926294401588
17.0,0.103959,0.028594724919373867
16.0,0.103959,0.025988825606887728
14.0,0.103959,0.025988825606887728
19.0,0.103959,0.025988825606887728
21.0,0.093535,0.023382926294401588
18.0,0.103959,0.028594724919373867
19.0,0.093535,0.023382926294401588
18.0,0.093535,0.023382926294401588
18.0,0.103959,0.028594724919373867
22.0,0.093535,0.023382926294401588
19.0,0.093535,0.023382926294401588
14.0,0.103959,0.025988825606887728
11.0,0.103959,0.025988825606887728
22.0,0.093535,0.023382926294401588
19.0,0.103959,0.025988825606887728
20.0,0.093535,0.023382926294401588
18.0,0.103959,0.025988825606887728
20.0,0.083192,0.031205993942771723
19.0,0.093616,0.036417792567744
19.0,0.083192,0.031205993942771723
19.0,0.083192,0.031205993942771723
19.0,0.093616,0.036417792567744
19.0,0.083192,0.031205993942771723
17.0,0.083192,0.031205993942771723
19.0,0.083192,0.031205993942771723
17.0,0.083192,0.031205993942771723
19.0,0.093616,0.036417792567744
17.0,0.093616,0.036417792567744
16.0,0.10404,0.04162959119271628
18.0,0.093616,0.036417792567744
18.0,0.093616,0.036417792567744
15.0,0.10404,0.04162959119271628
19.0,0.093616,0.033811893255257866
18.0,0.093616,0.033811893255257866
18.0,0.093616,0.033811893255257866
16.0,0.10404,0.03902369188023014
17.0,0.10404,0.03902369188023014
21.0,0.093616,0.033811893255257866
20.0,0.093616,0.033811893255257866
22.0,0.093616,0.033811893255257866
20.0,0.093616,0.033811893255257866
19.0,0.093616,0.036417792567744
17.0,0.10404,0.04162959119271628
17.0,0.093616,0.036417792567744
18.0,0.093616,0.036417792567744
17.0,0.10404,0.04162959119271628
17.0,0.093616,0.036417792567744
16.0,0.093616,0.036417792567744
18.0,0.093616,0.036417792567744
16.0,0.093616,0.036417792567744
17.0,0.10404,0.04162959119271628
16.0,0.10404,0.04162959119271628
14.0,0.114464,0.04684138981768856
16.0,0.10404,0.04162959119271628
17.0,0.10404,0.04162959119271628
13.0,0.114464,0.04684138981768856
19.0,0.093616,0.033811893255257866
18.0,0.093616,0.033811893255257866
18.0,0.093616,0.033811893255257866
16.0,0.10404,0.03902369188023014
17.0,0.10404,0.03902369188023014
17.0,0.10404,0.036417792567744
14.0,0.114464,0.04162959119271628
19.0,0.10404,0.036417792567744
20.0,0.10404,0.036417792567744
15.0,0.124888,0.04684138981768856
12.0,0.135312,0.05205318844266084
23.0,0.093616,0.033811893255257866
20.0,0.10404,0.036417792567744
21.0,0.093616,0.033811893255257866
17.0,0.10404,0.036417792567744
22.0,0.093616,0.033811893255257866
20.0,0.10404,0.036417792567744
21.0,0.093616,0.033811893255257866
17.0,0.10404,0.036417792567744
14.0,0.135312,0.05205318844266084
21.0,0.124747,0.041594507433729444
19.0,0.135171,0.04680630605870173
20.0,0.124747,0.041594507433729444
19.0,0.124747,0.041594507433729444
19.0,0.135171,0.04680630605870173
20.0,0.124747,0.041594507433729444
17.0,0.124747,0.041594507433729444
19.0,0.124747,0.041594507433729444
18.0,0.124747,0.041594507433729444
19.0,0.135171,0.04680630605870173
18.0,0.135171,0.04680630605870173
16.0,0.145595,0.052018104683674
19.0,0.135171,0.04680630605870173
18.0,0.135171,0.04680630605870173
15.0,0.145595,0.052018104683674
19.0,0.135171,0.04420040674621559
17.0,0.135171,0.04420040674621559
17.0,0.135171,0.04420040674621559
16.0,0.145595,0.049412205371187866
16.0,0.145595,0.049412205371187866
21.0,0.135171,0.04420040674621559
19.0,0.135171,0.04420040674621559
21.0,0.135171,0.04420040674621559
18.0,0.135171,0.04420040674621559
19.0,0.166383,0.062411987885543446
16.0,0.176807,0.06762378651051573
17.0,0.166383,0.062411987885543446
17.0,0.166383,0.062411987885543446
16.0,0.176807,0.06762378651051573
17.0,0.166383,0.062411987885543446
14.0,0.166383,0.062411987885543446
17.0,0.166383,0.062411987885543446
14.0,0.166383,0.062411987885543446
16.0,0.176807,0.06762378651051573
16.0,0.176807,0.06762378651051573
13.0,0.187231,0.072835585135488
16.0,0.176807,0.06762378651051573
16.0,0.176807,0.06762378651051573
11.0,0.187231,0.072835585135488
23.0,0.124747,0.041594507433729444
22.0,0.124747,0.041594507433729444
22.0,0.124747,0.041594507433729444
20.0,0.135171,0.04680630605870173
21.0,0.135171,0.04680630605870173
22.0,0.135171,0.04420040674621559
19.0,0.145595,0.049412205371187866
24.0,0.135171,0.04420040674621559
25.0,0.135171,0.04420040674621559
21.0,0.135171,0.04680630605870173
19.0,0.135171,0.04680630605870173
19.0,0.135171,0.04680630605870173
18.0,0.145595,0.052018104683674
18.0,0.145595,0.052018104683674
22.0,0.166383,0.062411987885543446
19.0,0.176807,0.06762378651051573
19.0,0.176807,0.06762378651051573
16.0,0.187231,0.072835585135488
19.0,0.166383,0.05200324765963649
18.0,0.166383,0.05200324765963649
18.0,0.166383,0.05200324765963649
16.0,0.176807,0.05721504628460876
17.0,0.176807,0.05721504628460876
17.0,0.176807,0.05460914697212262
14.0,0.187231,0.0598209455970949
19.0,0.176807,0.05460914697212262
19.0,0.176807,0.05460914697212262
15.0,0.249895,0.09115195607431822
12.0,0.260319,0.09636375469929051
22.0,0.124747,0.041594507433729444
21.0,0.135171,0.04420040674621559
20.0,0.124747,0.041594507433729444
22.0,0.135171,0.04420040674621559
20.0,0.135171,0.04680630605870173
18.0,0.135171,0.04680630605870173
17.0,0.176807,0.06762378651051573
14.0,0.187231,0.072835585135488
10.0,0.260319,0.09636375469929051
18.0,0.093616,0.036417792567744
16.0,0.10404,0.04162959119271628
16.0,0.093616,0.036417792567744
16.0,0.093616,0.036417792567744
16.0,0.10404,0.04162959119271628
15.0,0.093616,0.036417792567744
13.0,0.093616,0.036417792567744
17.0,0.093616,0.036417792567744
14.0,0.093616,0.036417792567744
16.0,0.10404,0.04162959119271628
15.0,0.10404,0.04162959119271628
13.0,0.114464,0.04684138981768856
15.0,0.10404,0.04162959119271628
16.0,0.10404,0.04162959119271628
12.0,0.114464,0.04684138981768856
20.0,0.135171,0.04680630605870173
18.0,0.135171,0.04680630605870173
18.0,0.135171,0.04680630605870173
17.0,0.145595,0.052018104683674
17.0,0.145595,0.052018104683674
17.0,0.176807,0.06762378651051573
14.0,0.187231,0.072835585135488
18.0,0.135171,0.04680630605870173
15.0,0.135171,0.04680630605870173
11.0,0.187231,0.072835585135488
17.0,0.166383,0.062411987885543446
14.0,0.176807,0.06762378651051573
14.0,0.166383,0.062411987885543446
14.0,0.166383,0.062411987885543446
13.0,0.176807,0.06762378651051573
14.0,0.166383,0.062411987885543446
11.0,0.166383,0.062411987885543446
14.0,0.166383,0.062411987885543446
11.0,0.166383,0.062411987885543446
13.0,0.176807,0.06762378651051573
14.0,0.176807,0.06762378651051573
11.0,0.187231,0.072835585135488
13.0,0.176807,0.06762378651051573
13.0,0.176807,0.06762378651051573
8.0,0.187231,0.072835585135488
14.0,0.249895,0.09115195607431822
11.0,0.260319,0.09636375469929051
21.0,0.041555,0.010388513490957724
20.0,0.051979,0.012994412803443864
20.0,0.041555,0.010388513490957724
23.0,0.051979,0.012994412803443864
20.0,0.041555,0.010388513490957724
17.0,0.041555,0.010388513490957724
23.0,0.051979,0.012994412803443864
20.0,0.051979,0.012994412803443864
18.0,0.062403,0.015600312115930003
23.0,0.051979,0.012994412803443864
23.0,0.051979,0.012994412803443864
16.0,0.062403,0.015600312115930003
20.0,0.051979,0.015600312115930003
19.0,0.051979,0.015600312115930003
19.0,0.062403,0.018206211428416143
21.0,0.062403,0.018206211428416143
20.0,0.041555,0.010388513490957724
19.0,0.051979,0.012994412803443864
19.0,0.041555,0.010388513490957724
22.0,0.051979,0.012994412803443864
21.0,0.051979,0.015600312115930003
18.0,0.051979,0.015600312115930003
23.0,0.051979,0.012994412803443864
22.0,0.062403,0.015600312115930003
20.0,0.051979,0.015600312115930003
18.0,0.062403,0.020812110740902282
19.0,0.051979,0.015600312115930003
20.0,0.051979,0.015600312115930003
19.0,0.062403,0.020812110740902282
19.0,0.062403,0.018206211428416143
17.0,0.072827,0.02341801005338842
21.0,0.062403,0.018206211428416143
23.0,0.062403,0.018206211428416143
20.0,0.051979,0.012994412803443864
19.0,0.062403,0.015600312115930003
19.0,0.051979,0.012994412803443864
22.0,0.062403,0.015600312115930003
19.0,0.051979,0.012994412803443864
16.0,0.051979,0.012994412803443864
21.0,0.062403,0.015600312115930003
19.0,0.062403,0.015600312115930003
16.0,0.072827,0.018206211428416143
22.0,0.062403,0.015600312115930003
21.0,0.062403,0.015600312115930003
14.0,0.072827,0.018206211428416143
17.0,0.083251,0.02602390936587456
15.0,0.093675,0.0286298086783607
24.0,0.051979,0.012994412803443864
23.0,0.062403,0.015600312115930003
23.0,0.051979,0.012994412803443864
22.0,0.062403,0.015600312115930003
20.0,0.041555,0.010388513490957724
20.0,0.051979,0.015600312115930003
19.0,0.041555,0.010388513490957724
18.0,0.041555,0.010388513490957724
19.0,0.051979,0.015600312115930003
19.0,0.051979,0.012994412803443864
17.0,0.051979,0.012994412803443864
22.0,0.051979,0.012994412803443864
21.0,0.051979,0.015600312115930003
19.0,0.062403,0.020812110740902282
18.0,0.051979,0.015600312115930003
19.0,0.051979,0.015600312115930003
16.0,0.062403,0.020812110740902282
24.0,0.051979,0.012994412803443864
22.0,0.062403,0.015600312115930003
23.0,0.051979,0.012994412803443864
22.0,0.062403,0.015600312115930003
23.0,0.051979,0.012994412803443864
21.0,0.062403,0.015600312115930003
23.0,0.062403,0.018206211428416143
17.0,0.062403,0.015600312115930003
15.0,0.072827,0.018206211428416143
14.0,0.093675,0.0286298086783607
20.0,0.041555,0.010388513490957724
19.0,0.051979,0.012994412803443864
19.0,0.041555,0.010388513490957724
23.0,0.051979,0.012994412803443864
19.0,0.041555,0.010388513490957724
17.0,0.041555,0.010388513490957724
23.0,0.051979,0.012994412803443864
19.0,0.051979,0.012994412803443864
18.0,0.062403,0.015600312115930003
22.0,0.051979,0.012994412803443864
22.0,0.051979,0.012994412803443864
16.0,0.062403,0.015600312115930003
18.0,0.051979,0.015600312115930003
18.0,0.051979,0.015600312115930003
17.0,0.062403,0.018206211428416143
21.0,0.062403,0.018206211428416143
19.0,0.041555,0.010388513490957724
18.0,0.051979,0.012994412803443864
17.0,0.041555,0.010388513490957724
21.0,0.051979,0.012994412803443864
19.0,0.051979,0.015600312115930003
17.0,0.051979,0.015600312115930003
21.0,0.051979,0.012994412803443864
19.0,0.062403,0.015600312115930003
23.0,0.051979,0.012994412803443864
22.0,0.062403,0.015600312115930003
22.0,0.051979,0.012994412803443864
21.0,0.062403,0.015600312115930003
22.0,0.051979,0.012994412803443864
20.0,0.051979,0.012994412803443864
22.0,0.062403,0.015600312115930003
22.0,0.062403,0.015600312115930003
19.0,0.072827,0.018206211428416143
22.0,0.062403,0.015600312115930003
22.0,0.062403,0.015600312115930003
17.0,0.072827,0.018206211428416143
20.0,0.041555,0.010388513490957724
19.0,0.051979,0.012994412803443864
19.0,0.041555,0.010388513490957724
22.0,0.051979,0.012994412803443864
19.0,0.041555,0.010388513490957724
16.0,0.041555,0.010388513490957724
22.0,0.051979,0.012994412803443864
19.0,0.051979,0.012994412803443864
17.0,0.062403,0.015600312115930003
22.0,0.051979,0.012994412803443864
22.0,0.051979,0.012994412803443864
15.0,0.062403,0.015600312115930003
19.0,0.051979,0.015600312115930003
18.0,0.051979,0.015600312115930003
18.0,0.062403,0.018206211428416143
20.0,0.062403,0.018206211428416143
20.0,0.041555,0.010388513490957724
19.0,0.051979,0.012994412803443864
18.0,0.041555,0.010388513490957724
21.0,0.051979,0.012994412803443864
20.0,0.051979,0.015600312115930003
17.0,0.051979,0.015600312115930003
23.0,0.051979,0.012994412803443864
21.0,0.062403,0.015600312115930003
20.0,0.051979,0.015600312115930003
18.0,0.062403,0.020812110740902282
19.0,0.051979,0.015600312115930003
20.0,0.051979,0.015600312115930003
19.0,0.062403,0.020812110740902282
19.0,0.062403,0.018206211428416143
17.0,0.072827,0.02341801005338842
21.0,0.062403,0.018206211428416143
23.0,0.062403,0.018206211428416143
23.0,0.051979,0.012994412803443864
22.0,0.062403,0.015600312115930003
23.0,0.051979,0.012994412803443864
21.0,0.062403,0.015600312115930003
23.0,0.051979,0.012994412803443864
20.0,0.051979,0.012994412803443864
22.0,0.062403,0.015600312115930003
22.0,0.062403,0.015600312115930003
17.0,0.072827,0.018206211428416143
23.0,0.062403,0.015600312115930003
23.0,0.062403,0.015600312115930003
16.0,0.072827,0.018206211428416143
19.0,0.051979,0.015600312115930003
18.0,0.062403,0.020812110740902282
18.0,0.051979,0.015600312115930003
18.0,0.051979,0.015600312115930003
18.0,0.062403,0.020812110740902282
18.0,0.062403,0.018206211428416143
17.0,0.062403,0.018206211428416143
20.0,0.062403,0.018206211428416143
18.0,0.062403,0.020812110740902282
16.0,0.072827,0.02602390936587456
16.0,0.062403,0.020812110740902282
17.0,0.062403,0.020812110740902282
16.0,0.072827,0.02602390936587456
18.0,0.062403,0.018206211428416143
17.0,0.072827,0.020812110740902282
17.0,0.062403,0.018206211428416143
18.0,0.072827,0.020812110740902282
15.0,0.093675,0.03123570799084684
22.0,0.062403,0.018206211428416143
20.0,0.072827,0.020812110740902282
20.0,0.051979,0.015600312115930003
18.0,0.062403,0.020812110740902282
18.0,0.051979,0.015600312115930003
19.0,0.051979,0.015600312115930003
18.0,0.062403,0.020812110740902282
19.0,0.062403,0.018206211428416143
17.0,0.062403,0.018206211428416143
23.0,0.062403,0.018206211428416143
20.0,0.051979,0.015600312115930003
19.0,0.062403,0.020812110740902282
19.0,0.051979,0.015600312115930003
19.0,0.051979,0.015600312115930003
19.0,0.062403,0.020812110740902282
19.0,0.062403,0.018206211428416143
18.0,0.062403,0.018206211428416143
21.0,0.062403,0.018206211428416143
17.0,0.062403,0.020812110740902282
15.0,0.072827,0.02602390936587456
15.0,0.062403,0.020812110740902282
16.0,0.062403,0.020812110740902282
15.0,0.072827,0.02602390936587456
18.0,0.093675,0.03123570799084684
24.0,0.083111,0.02077702698191545
23.0,0.093535,0.023382926294401588
23.0,0.083111,0.02077702698191545
26.0,0.093535,0.023382926294401588
23.0,0.083111,0.02077702698191545
20.0,0.083111,0.02077702698191545
26.0,0.093535,0.023382926294401588
23.0,0.093535,0.023382926294401588
21.0,0.103959,0.025988825606887728
26.0,0.093535,0.023382926294401588
26.0,0.093535,0.023382926294401588
19.0,0.103959,0.025988825606887728
22.0,0.093535,0.025988825606887728
21.0,0.093535,0.025988825606887728
21.0,0.103959,0.028594724919373867
23.0,0.103959,0.028594724919373867
23.0,0.083111,0.02077702698191545
22.0,0.093535,0.023382926294401588
21.0,0.083111,0.02077702698191545
24.0,0.093535,0.023382926294401588
23.0,0.093535,0.025988825606887728
21.0,0.093535,0.025988825606887728
26.0,0.093535,0.023382926294401588
24.0,0.103959,0.025988825606887728
23.0,0.083111,0.02077702698191545
20.0,0.093535,0.025988825606887728
22.0,0.083111,0.02077702698191545
21.0,0.083111,0.02077702698191545
21.0,0.093535,0.025988825606887728
22.0,0.093535,0.023382926294401588
19.0,0.103959,0.028594724919373867
24.0,0.093535,0.023382926294401588
24.0,0.093535,0.023382926294401588
26.0,0.093535,0.023382926294401588
24.0,0.093535,0.023382926294401588
24.0,0.103959,0.025988825606887728
23.0,0.103959,0.025988825606887728
22.0,0.093535,0.025988825606887728
20.0,0.103959,0.031200624231860007
21.0,0.093535,0.025988825606887728
20.0,0.093535,0.025988825606887728
20.0,0.103959,0.031200624231860007
21.0,0.103959,0.028594724919373867
19.0,0.103959,0.028594724919373867
23.0,0.103959,0.028594724919373867
23.0,0.093535,0.025988825606887728
20.0,0.103959,0.031200624231860007
21.0,0.093535,0.025988825606887728
21.0,0.093535,0.025988825606887728
20.0,0.103959,0.031200624231860007
23.0,0.124747,0.041594507433729444
20.0,0.135171,0.04680630605870173
22.0,0.124747,0.041594507433729444
22.0,0.124747,0.041594507433729444
21.0,0.135171,0.04680630605870173
22.0,0.135171,0.04420040674621559
19.0,0.145595,0.049412205371187866
24.0,0.135171,0.04420040674621559
25.0,0.135171,0.04420040674621559
21.0,0.135171,0.04680630605870173
18.0,0.145595,0.052018104683674
19.0,0.135171,0.04680630605870173
19.0,0.135171,0.04680630605870173
18.0,0.145595,0.052018104683674
22.0,0.083111,0.02077702698191545
20.0,0.093535,0.025988825606887728
21.0,0.083111,0.02077702698191545
21.0,0.083111,0.02077702698191545
21.0,0.093535,0.025988825606887728
21.0,0.083111,0.02077702698191545
19.0,0.083111,0.02077702698191545
20.0,0.083111,0.02077702698191545
19.0,0.083111,0.02077702698191545
20.0,0.093535,0.025988825606887728
20.0,0.093535,0.025988825606887728
18.0,0.103959,0.031200624231860007
21.0,0.093535,0.025988825606887728
20.0,0.093535,0.025988825606887728
17.0,0.103959,0.031200624231860007
21.0,0.093535,0.023382926294401588
20.0,0.093535,0.023382926294401588
19.0,0.093535,0.023382926294401588
19.0,0.103959,0.028594724919373867
19.0,0.103959,0.028594724919373867
24.0,0.093535,0.023382926294401588
22.0,0.093535,0.023382926294401588
24.0,0.093535,0.023382926294401588
22.0,0.093535,0.023382926294401588
21.0,0.083111,0.02077702698191545
19.0,0.093535,0.025988825606887728
18.0,0.083111,0.02077702698191545
19.0,0.083111,0.02077702698191545
19.0,0.093535,0.025988825606887728
20.0,0.083111,0.02077702698191545
17.0,0.083111,0.02077702698191545
19.0,0.083111,0.02077702698191545
16.0,0.083111,0.02077702698191545
19.0,0.093535,0.025988825606887728
19.0,0.093535,0.025988825606887728
16.0,0.103959,0.031200624231860007
19.0,0.093535,0.025988825606887728
19.0,0.093535,0.025988825606887728
15.0,0.103959,0.031200624231860007
23.0,0.093535,0.023382926294401588
21.0,0.093535,0.023382926294401588
21.0,0.093535,0.023382926294401588
20.0,0.103959,0.028594724919373867
20.0,0.103959,0.028594724919373867
21.0,0.093535,0.023382926294401588
19.0,0.103959,0.028594724919373867
20.0,0.093535,0.023382926294401588
19.0,0.093535,0.023382926294401588
19.0,0.103959,0.028594724919373867
18.0,0.103959,0.025988825606887728
16.0,0.103959,0.025988825606887728
21.0,0.103959,0.025988825606887728
24.0,0.093535,0.023382926294401588
22.0,0.093535,0.023382926294401588
23.0,0.093535,0.023382926294401588
20.0,0.103959,0.028594724919373867
21.0,0.093535,0.023382926294401588
21.0,0.093535,0.023382926294401588
20.0,0.103959,0.028594724919373867
16.0,0.103959,0.025988825606887728
14.0,0.103959,0.025988825606887728
24.0,0.093535,0.023382926294401588
21.0,0.103959,0.025988825606887728
22.0,0.093535,0.023382926294401588
20.0,0.103959,0.025988825606887728
21.0,0.124747,0.041594507433729444
18.0,0.135171,0.04680630605870173
20.0,0.124747,0.041594507433729444
20.0,0.124747,0.041594507433729444
19.0,0.135171,0.04680630605870173
19.0,0.124747,0.041594507433729444
18.0,0.124747,0.041594507433729444
19.0,0.124747,0.041594507433729444
18.0,0.124747,0.041594507433729444
18.0,0.135171,0.04680630605870173
19.0,0.135171,0.04680630605870173
16.0,0.145595,0.052018104683674
19.0,0.135171,0.04680630605870173
19.0,0.135171,0.04680630605870173
15.0,0.145595,0.052018104683674
19.0,0.135171,0.04420040674621559
16.0,0.145595,0.049412205371187866
17.0,0.135171,0.04420040674621559
17.0,0.135171,0.04420040674621559
16.0,0.145595,0.049412205371187866
21.0,0.135171,0.04420040674621559
19.0,0.135171,0.04420040674621559
21.0,0.135171,0.04420040674621559
19.0,0.135171,0.04420040674621559
20.0,0.124747,0.031185767207822485
19.0,0.135171,0.03379166652030863
20.0,0.124747,0.031185767207822485
22.0,0.135171,0.03379166652030863
20.0,0.124747,0.031185767207822485
17.0,0.124747,0.031185767207822485
21.0,0.135171,0.03379166652030863
19.0,0.135171,0.03379166652030863
16.0,0.145595,0.036397565832794763
22.0,0.135171,0.03379166652030863
21.0,0.135171,0.03379166652030863
15.0,0.145595,0.036397565832794763
19.0,0.124747,0.031185767207822485
18.0,0.124747,0.031185767207822485
18.0,0.135171,0.03379166652030863
19.0,0.135171,0.03379166652030863
22.0,0.135171,0.03379166652030863
18.0,0.145595,0.036397565832794763
18.0,0.135171,0.036397565832794763
17.0,0.145595,0.0390034651452809
17.0,0.135171,0.036397565832794763
18.0,0.145595,0.0390034651452809
19.0,0.135171,0.036397565832794763
17.0,0.135171,0.036397565832794763
17.0,0.208259,0.07033447562250422
15.0,0.218683,0.07294037493499037
15.0,0.218683,0.07554627424747651
23.0,0.083111,0.02077702698191545
22.0,0.093535,0.025988825606887728
22.0,0.083111,0.02077702698191545
20.0,0.083111,0.02077702698191545
21.0,0.093535,0.025988825606887728
22.0,0.093535,0.023382926294401588
19.0,0.093535,0.023382926294401588
25.0,0.093535,0.023382926294401588
22.0,0.083111,0.02077702698191545
20.0,0.093535,0.025988825606887728
20.0,0.083111,0.02077702698191545
19.0,0.083111,0.02077702698191545
19.0,0.093535,0.025988825606887728
24.0,0.093535,0.023382926294401588
21.0,0.093535,0.023382926294401588
21.0,0.083111,0.02077702698191545
20.0,0.093535,0.025988825606887728
20.0,0.083111,0.02077702698191545
18.0,0.083111,0.02077702698191545
19.0,0.093535,0.025988825606887728
20.0,0.083111,0.02077702698191545
17.0,0.083111,0.02077702698191545
20.0,0.083111,0.02077702698191545
18.0,0.083111,0.02077702698191545
20.0,0.093535,0.025988825606887728
19.0,0.093535,0.025988825606887728
17.0,0.103959,0.031200624231860007
20.0,0.093535,0.025988825606887728
19.0,0.093535,0.025988825606887728
16.0,0.103959,0.031200624231860007
19.0,0.093535,0.023382926294401588
16.0,0.093535,0.023382926294401588
18.0,0.093535,0.023382926294401588
17.0,0.103959,0.028594724919373867
17.0,0.103959,0.028594724919373867
21.0,0.093535,0.023382926294401588
19.0,0.093535,0.023382926294401588
21.0,0.093535,0.023382926294401588
18.0,0.093535,0.023382926294401588
17.0,0.135171,0.03379166652030863
15.0,0.145595,0.036397565832794763
16.0,0.135171,0.03379166652030863
16.0,0.145595,0.036397565832794763
20.0,0.135171,0.04680630605870173
17.0,0.145595,0.052018104683674
18.0,0.135171,0.04680630605870173
18.0,0.135171,0.04680630605870173
17.0,0.145595,0.052018104683674
15.0,0.218683,0.07554627424747651
20.0,0.041555,0.010388513490957724
19.0,0.051979,0.015600312115930003
19.0,0.041555,0.010388513490957724
19.0,0.041555,0.010388513490957724
19.0,0.051979,0.015600312115930003
17.0,0.041555,0.010388513490957724
16.0,0.041555,0.010388513490957724
19.0,0.041555,0.010388513490957724
17.0,0.041555,0.010388513490957724
18.0,0.051979,0.015600312115930003
19.0,0.051979,0.015600312115930003
17.0,0.062403,0.020812110740902282
18.0,0.051979,0.015600312115930003
19.0,0.051979,0.015600312115930003
15.0,0.062403,0.020812110740902282
19.0,0.051979,0.012994412803443864
18.0,0.051979,0.012994412803443864
16.0,0.051979,0.012994412803443864
18.0,0.062403,0.018206211428416143
17.0,0.062403,0.018206211428416143
23.0,0.051979,0.012994412803443864
20.0,0.051979,0.012994412803443864
22.0,0.051979,0.012994412803443864
21.0,0.051979,0.012994412803443864
19.0,0.041555,0.010388513490957724
18.0,0.051979,0.015600312115930003
17.0,0.041555,0.010388513490957724
17.0,0.041555,0.010388513490957724
17.0,0.051979,0.015600312115930003
16.0,0.041555,0.010388513490957724
14.0,0.041555,0.010388513490957724
18.0,0.041555,0.010388513490957724
16.0,0.041555,0.010388513490957724
17.0,0.051979,0.015600312115930003
17.0,0.051979,0.015600312115930003
16.0,0.062403,0.020812110740902282
16.0,0.051979,0.015600312115930003
17.0,0.051979,0.015600312115930003
13.0,0.062403,0.020812110740902282
22.0,0.051979,0.012994412803443864
20.0,0.051979,0.012994412803443864
19.0,0.051979,0.012994412803443864
20.0,0.062403,0.018206211428416143
19.0,0.062403,0.018206211428416143
19.0,0.051979,0.012994412803443864
18.0,0.062403,0.018206211428416143
16.0,0.051979,0.012994412803443864
18.0,0.051979,0.012994412803443864
17.0,0.062403,0.018206211428416143
17.0,0.062403,0.015600312115930003
14.0,0.062403,0.015600312115930003
20.0,0.062403,0.015600312115930003
21.0,0.051979,0.012994412803443864
19.0,0.062403,0.015600312115930003
20.0,0.051979,0.012994412803443864
19.0,0.062403,0.015600312115930003
22.0,0.051979,0.012994412803443864
19.0,0.051979,0.012994412803443864
21.0,0.051979,0.012994412803443864
20.0,0.062403,0.018206211428416143
18.0,0.051979,0.012994412803443864
20.0,0.051979,0.012994412803443864
19.0,0.062403,0.018206211428416143
15.0,0.062403,0.015600312115930003
12.0,0.062403,0.015600312115930003
23.0,0.083111,0.02077702698191545
22.0,0.083111,0.02077702698191545
20.0,0.083111,0.02077702698191545
22.0,0.093535,0.025988825606887728
21.0,0.093535,0.025988825606887728
22.0,0.093535,0.023382926294401588
19.0,0.093535,0.023382926294401588
24.0,0.093535,0.023382926294401588
22.0,0.083111,0.02077702698191545
20.0,0.083111,0.02077702698191545
19.0,0.083111,0.02077702698191545
19.0,0.093535,0.025988825606887728
19.0,0.093535,0.025988825606887728
24.0,0.093535,0.023382926294401588
21.0,0.093535,0.023382926294401588
22.0,0.124747,0.041594507433729444
20.0,0.124747,0.041594507433729444
21.0,0.135171,0.04420040674621559
22.0,0.135171,0.04420040674621559
20.0,0.135171,0.04680630605870173
18.0,0.135171,0.04680630605870173
21.0,0.083111,0.02077702698191545
19.0,0.093535,0.025988825606887728
20.0,0.083111,0.02077702698191545
20.0,0.083111,0.02077702698191545
20.0,0.093535,0.025988825606887728
18.0,0.083111,0.02077702698191545
17.0,0.083111,0.02077702698191545
20.0,0.083111,0.02077702698191545
18.0,0.083111,0.02077702698191545
19.0,0.093535,0.025988825606887728
20.0,0.093535,0.025988825606887728
17.0,0.103959,0.031200624231860007
19.0,0.093535,0.025988825606887728
20.0,0.093535,0.025988825606887728
16.0,0.103959,0.031200624231860007
19.0,0.093535,0.023382926294401588
17.0,0.103959,0.028594724919373867
16.0,0.093535,0.023382926294401588
18.0,0.093535,0.023382926294401588
17.0,0.103959,0.028594724919373867
21.0,0.093535,0.023382926294401588
19.0,0.093535,0.023382926294401588
21.0,0.093535,0.023382926294401588
18.0,0.093535,0.023382926294401588
20.0,0.124747,0.031185767207822485
19.0,0.124747,0.031185767207822485
17.0,0.124747,0.031185767207822485
18.0,0.135171,0.036397565832794763
18.0,0.135171,0.036397565832794763
18.0,0.135171,0.03379166652030863
15.0,0.135171,0.03379166652030863
20.0,0.135171,0.03379166652030863
22.0,0.083111,0.02077702698191545
19.0,0.083111,0.02077702698191545
19.0,0.083111,0.02077702698191545
16.0,0.083111,0.02077702698191545
19.0,0.083111,0.02077702698191545
17.0,0.093535,0.025988825606887728
17.0,0.083111,0.02077702698191545
16.0,0.083111,0.02077702698191545
16.0,0.093535,0.025988825606887728
16.0,0.083111,0.02077702698191545
13.0,0.083111,0.02077702698191545
17.0,0.083111,0.02077702698191545
15.0,0.083111,0.02077702698191545
16.0,0.093535,0.025988825606887728
17.0,0.093535,0.025988825606887728
15.0,0.103959,0.031200624231860007
16.0,0.093535,0.025988825606887728
16.0,0.093535,0.025988825606887728
12.0,0.103959,0.031200624231860007
15.0,0.135171,0.03379166652030863
12.0,0.135171,0.03379166652030863
18.0,0.135171,0.04680630605870173
15.0,0.135171,0.04680630605870173
20.0,0.083111,0.02077702698191545
18.0,0.093535,0.025988825606887728
19.0,0.083111,0.02077702698191545
19.0,0.083111,0.02077702698191545
19.0,0.093535,0.025988825606887728
19.0,0.083111,0.02077702698191545
17.0,0.083111,0.02077702698191545
17.0,0.083111,0.02077702698191545
16.0,0.083111,0.02077702698191545
18.0,0.093535,0.025988825606887728
18.0,0.093535,0.025988825606887728
16.0,0.103959,0.031200624231860007
19.0,0.093535,0.025988825606887728
18.0,0.093535,0.025988825606887728
15.0,0.103959,0.031200624231860007
19.0,0.093535,0.023382926294401588
18.0,0.093535,0.023382926294401588
16.0,0.093535,0.023382926294401588
17.0,0.103959,0.028594724919373867
17.0,0.103959,0.028594724919373867
22.0,0.093535,0.023382926294401588
19.0,0.093535,0.023382926294401588
22.0,0.093535,0.023382926294401588
20.0,0.093535,0.023382926294401588
19.0,0.083111,0.02077702698191545
17.0,0.093535,0.025988825606887728
16.0,0.083111,0.02077702698191545
17.0,0.083111,0.02077702698191545
16.0,0.093535,0.025988825606887728
17.0,0.083111,0.02077702698191545
15.0,0.083111,0.02077702698191545
16.0,0.083111,0.02077702698191545
13.0,0.083111,0.02077702698191545
16.0,0.093535,0.025988825606887728
17.0,0.093535,0.025988825606887728
14.0,0.103959,0.031200624231860007
16.0,0.093535,0.025988825606887728
16.0,0.093535,0.025988825606887728
12.0,0.103959,0.031200624231860007
21.0,0.093535,0.023382926294401588
19.0,0.093535,0.023382926294401588
18.0,0.093535,0.023382926294401588
18.0,0.103959,0.028594724919373867
18.0,0.103959,0.028594724919373867
19.0,0.093535,0.023382926294401588
17.0,0.103959,0.028594724919373867
18.0,0.093535,0.023382926294401588
16.0,0.093535,0.023382926294401588
17.0,0.103959,0.028594724919373867
16.0,0.103959,0.025988825606887728
14.0,0.103959,0.025988825606887728
19.0,0.103959,0.025988825606887728
22.0,0.093535,0.023382926294401588
19.0,0.093535,0.023382926294401588
21.0,0.093535,0.023382926294401588
18.0,0.103959,0.028594724919373867
19.0,0.093535,0.023382926294401588
18.0,0.093535,0.023382926294401588
18.0,0.103959,0.028594724919373867
14.0,0.103959,0.025988825606887728
11.0,0.103959,0.025988825606887728
22.0,0.093535,0.023382926294401588
19.0,0.103959,0.025988825606887728
20.0,0.093535,0.023382926294401588
18.0,0.103959,0.025988825606887728
20.0,0.083192,0.031205993942771723
19.0,0.093616,0.036417792567744
19.0,0.083192,0.031205993942771723
19.0,0.083192,0.031205993942771723
19.0,0.093616,0.036417792567744
19.0,0.083192,0.031205993942771723
17.0,0.083192,0.031205993942771723
19.0,0.083192,0.031205993942771723
17.0,0.083192,0.031205993942771723
19.0,0.093616,0.036417792567744
17.0,0.093616,0.036417792567744
16.0,0.10404,0.04162959119271628
18.0,0.093616,0.036417792567744
18.0,0.093616,0.036417792567744
15.0,0.10404,0.04162959119271628
19.0,0.093616,0.033811893255257866
18.0,0.093616,0.033811893255257866
18.0,0.093616,0.033811893255257866
16.0,0.10404,0.03902369188023014
17.0,0.10404,0.03902369188023014
21.0,0.093616,0.033811893255257866
20.0,0.093616,0.033811893255257866
22.0,0.093616,0.033811893255257866
20.0,0.093616,0.033811893255257866
19.0,0.093616,0.036417792567744
17.0,0.10404,0.04162959119271628
17.0,0.093616,0.036417792567744
18.0,0.093616,0.036417792567744
17.0,0.10404,0.04162959119271628
17.0,0.093616,0.036417792567744
16.0,0.093616,0.036417792567744
18.0,0.093616,0.036417792567744
16.0,0.093616,0.036417792567744
17.0,0.10404,0.04162959119271628
16.0,0.10404,0.04162959119271628
14.0,0.114464,0.04684138981768856
16.0,0.10404,0.04162959119271628
17.0,0.10404,0.04162959119271628
13.0,0.114464,0.04684138981768856
19.0,0.093616,0.033811893255257866
18.0,0.093616,0.033811893255257866
18.0,0.093616,0.033811893255257866
16.0,0.10404,0.03902369188023014
17.0,0.10404,0.03902369188023014
17.0,0.10404,0.036417792567744
14.0,0.114464,0.04162959119271628
19.0,0.10404,0.036417792567744
20.0,0.10404,0.036417792567744
15.0,0.124888,0.04684138981768856
12.0,0.135312,0.05205318844266084
23.0,0.093616,0.033811893255257866
20.0,0.10404,0.036417792567744
21.0,0.093616,0.033811893255257866
17.0,0.10404,0.036417792567744
22.0,0.093616,0.033811893255257866
20.0,0.10404,0.036417792567744
21.0,0.093616,0.033811893255257866
17.0,0.10404,0.036417792567744
14.0,0.135312,0.05205318844266084
23.0,0.124747,0.041594507433729444
22.0,0.124747,0.041594507433729444
22.0,0.124747,0.041594507433729444
20.0,0.135171,0.04680630605870173
21.0,0.135171,0.04680630605870173
22.0,0.135171,0.04420040674621559
19.0,0.145595,0.049412205371187866
24.0,0.135171,0.04420040674621559
25.0,0.135171,0.04420040674621559
21.0,0.135171,0.04680630605870173
19.0,0.135171,0.04680630605870173
19.0,0.135171,0.04680630605870173
18.0,0.145595,0.052018104683674
18.0,0.145595,0.052018104683674
22.0,0.166383,0.062411987885543446
19.0,0.176807,0.06762378651051573
19.0,0.176807,0.06762378651051573
16.0,0.187231,0.072835585135488
21.0,0.124747,0.041594507433729444
19.0,0.135171,0.04680630605870173
20.0,0.124747,0.041594507433729444
19.0,0.124747,0.041594507433729444
19.0,0.135171,0.04680630605870173
20.0,0.124747,0.041594507433729444
17.0,0.124747,0.041594507433729444
19.0,0.124747,0.041594507433729444
18.0,0.124747,0.041594507433729444
19.0,0.135171,0.04680630605870173
18.0,0.135171,0.04680630605870173
16.0,0.145595,0.052018104683674
19.0,0.135171,0.04680630605870173
18.0,0.135171,0.04680630605870173
15.0,0.145595,0.052018104683674
19.0,0.135171,0.04420040674621559
17.0,0.135171,0.04420040674621559
17.0,0.135171,0.04420040674621559
16.0,0.145595,0.049412205371187866
16.0,0.145595,0.049412205371187866
21.0,0.135171,0.04420040674621559
19.0,0.135171,0.04420040674621559
21.0,0.135171,0.04420040674621559
18.0,0.135171,0.04420040674621559
19.0,0.166383,0.062411987885543446
16.0,0.176807,0.06762378651051573
17.0,0.166383,0.062411987885543446
17.0,0.166383,0.062411987885543446
16.0,0.176807,0.06762378651051573
17.0,0.166383,0.062411987885543446
14.0,0.166383,0.062411987885543446
17.0,0.166383,0.062411987885543446
14.0,0.166383,0.062411987885543446
16.0,0.176807,0.06762378651051573
16.0,0.176807,0.06762378651051573
13.0,0.187231,0.072835585135488
16.0,0.176807,0.06762378651051573
16.0,0.176807,0.06762378651051573
11.0,0.187231,0.072835585135488
19.0,0.166383,0.05200324765963649
18.0,0.166383,0.05200324765963649
18.0,0.166383,0.05200324765963649
16.0,0.176807,0.05721504628460876
17.0,0.176807,0.05721504628460876
17.0,0.176807,0.05460914697212262
14.0,0.187231,0.0598209455970949
19.0,0.176807,0.05460914697212262
19.0,0.176807,0.05460914697212262
15.0,0.249895,0.09115195607431822
12.0,0.260319,0.09636375469929051
22.0,0.124747,0.041594507433729444
21.0,0.135171,0.04420040674621559
20.0,0.124747,0.041594507433729444
22.0,0.135171,0.04420040674621559
20.0,0.135171,0.04680630605870173
18.0,0.135171,0.04680630605870173
17.0,0.176807,0.06762378651051573
14.0,0.187231,0.072835585135488
10.0,0.260319,0.09636375469929051
18.0,0.093616,0.036417792567744
16.0,0.10404,0.04162959119271628
16.0,0.093616,0.036417792567744
16.0,0.093616,0.036417792567744
16.0,0.10404,0.04162959119271628
15.0,0.093616,0.036417792567744
13.0,0.093616,0.036417792567744
17.0,0.093616,0.036417792567744
14.0,0.093616,0.036417792567744
16.0,0.10404,0.04162959119271628
15.0,0.10404,0.04162959119271628
13.0,0.114464,0.04684138981768856
15.0,0.10404,0.04162959119271628
16.0,0.10404,0.04162959119271628
12.0,0.114464,0.04684138981768856
20.0,0.135171,0.04680630605870173
18.0,0.135171,0.04680630605870173
18.0,0.135171,0.04680630605870173
17.0,0.145595,0.052018104683674
17.0,0.145595,0.052018104683674
17.0,0.176807,0.06762378651051573
14.0,0.187231,0.072835585135488
18.0,0.135171,0.04680630605870173
15.0,0.135171,0.04680630605870173
11.0,0.187231,0.072835585135488
17.0,0.166383,0.062411987885543446
14.0,0.176807,0.06762378651051573
14.0,0.166383,0.062411987885543446
14.0,0.166383,0.062411987885543446
13.0,0.176807,0.06762378651051573
14.0,0.166383,0.062411987885543446
11.0,0.166383,0.062411987885543446
14.0,0.166383,0.062411987885543446
11.0,0.166383,0.062411987885543446
13.0,0.176807,0.06762378651051573
14.0,0.176807,0.06762378651051573
11.0,0.187231,0.072835585135488
13.0,0.176807,0.06762378651051573
13.0,0.176807,0.06762378651051573
8.0,0.187231,0.072835585135488
14.0,0.249895,0.09115195607431822
11.0,0.260319,0.09636375469929051
17.0,0.083192,0.02079725371686476
16.0,0.093616,0.0234031530293509
17.0,0.083192,0.02079725371686476
19.0,0.093616,0.0234031530293509
17.0,0.083192,0.02079725371686476
14.0,0.083192,0.02079725371686476
19.0,0.093616,0.0234031530293509
16.0,0.093616,0.0234031530293509
14.0,0.10404,0.02600905234183704
19.0,0.093616,0.0234031530293509
19.0,0.093616,0.0234031530293509
13.0,0.10404,0.02600905234183704
16.0,0.093616,0.02600905234183704
15.0,0.093616,0.02600905234183704
15.0,0.10404,0.02861495165432318
17.0,0.10404,0.02861495165432318
17.0,0.083192,0.02079725371686476
16.0,0.093616,0.0234031530293509
15.0,0.083192,0.02079725371686476
18.0,0.093616,0.0234031530293509
17.0,0.093616,0.02600905234183704
15.0,0.093616,0.02600905234183704
20.0,0.093616,0.0234031530293509
18.0,0.10404,0.02600905234183704
16.0,0.093616,0.02600905234183704
14.0,0.10404,0.031220850966809318
15.0,0.093616,0.02600905234183704
16.0,0.093616,0.02600905234183704
15.0,0.10404,0.031220850966809318
15.0,0.10404,0.02861495165432318
13.0,0.114464,0.03382675027929546
17.0,0.10404,0.02861495165432318
19.0,0.10404,0.02861495165432318
16.0,0.093616,0.0234031530293509
15.0,0.10404,0.02600905234183704
16.0,0.093616,0.0234031530293509
17.0,0.10404,0.02600905234183704
16.0,0.093616,0.0234031530293509
13.0,0.093616,0.0234031530293509
17.0,0.10404,0.02600905234183704
15.0,0.10404,0.02600905234183704
11.0,0.114464,0.02861495165432318
17.0,0.10404,0.02600905234183704
17.0,0.10404,0.02600905234183704
10.0,0.114464,0.02861495165432318
13.0,0.124888,0.03643264959178159
10.0,0.135312,0.039038548904267736
21.0,0.093616,0.0234031530293509
19.0,0.10404,0.02600905234183704
19.0,0.093616,0.0234031530293509
17.0,0.10404,0.02600905234183704
17.0,0.083192,0.02079725371686476
16.0,0.093616,0.02600905234183704
15.0,0.083192,0.02079725371686476
15.0,0.083192,0.02079725371686476
16.0,0.093616,0.02600905234183704
16.0,0.093616,0.0234031530293509
14.0,0.093616,0.0234031530293509
18.0,0.093616,0.0234031530293509
17.0,0.093616,0.02600905234183704
15.0,0.10404,0.031220850966809318
15.0,0.093616,0.02600905234183704
16.0,0.093616,0.02600905234183704
13.0,0.10404,0.031220850966809318
21.0,0.093616,0.0234031530293509
19.0,0.10404,0.02600905234183704
19.0,0.093616,0.0234031530293509
17.0,0.10404,0.02600905234183704
20.0,0.093616,0.0234031530293509
18.0,0.10404,0.02600905234183704
19.0,0.10404,0.02861495165432318
14.0,0.10404,0.02600905234183704
11.0,0.114464,0.02861495165432318
10.0,0.135312,0.039038548904267736
20.0,0.124747,0.031185767207822485
19.0,0.135171,0.03379166652030863
20.0,0.124747,0.031185767207822485
21.0,0.135171,0.03379166652030863
20.0,0.124747,0.031185767207822485
17.0,0.124747,0.031185767207822485
22.0,0.135171,0.03379166652030863
19.0,0.135171,0.03379166652030863
16.0,0.145595,0.036397565832794763
21.0,0.135171,0.03379166652030863
22.0,0.135171,0.03379166652030863
15.0,0.145595,0.036397565832794763
18.0,0.135171,0.036397565832794763
17.0,0.135171,0.036397565832794763
17.0,0.145595,0.0390034651452809
18.0,0.145595,0.0390034651452809
19.0,0.124747,0.031185767207822485
18.0,0.135171,0.03379166652030863
17.0,0.124747,0.031185767207822485
19.0,0.135171,0.03379166652030863
19.0,0.135171,0.036397565832794763
17.0,0.135171,0.036397565832794763
22.0,0.135171,0.03379166652030863
18.0,0.145595,0.036397565832794763
19.0,0.166383,0.05200324765963649
16.0,0.176807,0.05721504628460876
18.0,0.166383,0.05200324765963649
18.0,0.166383,0.05200324765963649
17.0,0.176807,0.05721504628460876
17.0,0.176807,0.05460914697212262
14.0,0.187231,0.0598209455970949
19.0,0.176807,0.05460914697212262
19.0,0.176807,0.05460914697212262
20.0,0.124747,0.031185767207822485
19.0,0.135171,0.03379166652030863
20.0,0.124747,0.031185767207822485
22.0,0.135171,0.03379166652030863
20.0,0.124747,0.031185767207822485
17.0,0.124747,0.031185767207822485
21.0,0.135171,0.03379166652030863
19.0,0.135171,0.03379166652030863
16.0,0.145595,0.036397565832794763
22.0,0.135171,0.03379166652030863
21.0,0.135171,0.03379166652030863
15.0,0.145595,0.036397565832794763
18.0,0.135171,0.036397565832794763
17.0,0.135171,0.036397565832794763
17.0,0.145595,0.0390034651452809
18.0,0.145595,0.0390034651452809
19.0,0.124747,0.031185767207822485
18.0,0.135171,0.03379166652030863
17.0,0.124747,0.031185767207822485
19.0,0.135171,0.03379166652030863
19.0,0.135171,0.036397565832794763
17.0,0.135171,0.036397565832794763
22.0,0.135171,0.03379166652030863
18.0,0.145595,0.036397565832794763
19.0,0.166383,0.05200324765963649
16.0,0.176807,0.05721504628460876
18.0,0.166383,0.05200324765963649
18.0,0.166383,0.05200324765963649
17.0,0.176807,0.05721504628460876
17.0,0.176807,0.05460914697212262
14.0,0.187231,0.0598209455970949
19.0,0.176807,0.05460914697212262
19.0,0.176807,0.05460914697212262
16.0,0.166383,0.04159450743372952
15.0,0.176807,0.044200406746215656
16.0,0.166383,0.04159450743372952
17.0,0.176807,0.044200406746215656
16.0,0.166383,0.04159450743372952
13.0,0.166383,0.04159450743372952
17.0,0.176807,0.044200406746215656
15.0,0.176807,0.044200406746215656
10.0,0.187231,0.0468063060587018
17.0,0.176807,0.044200406746215656
17.0,0.176807,0.044200406746215656
9.0,0.187231,0.0468063060587018
13.0,0.249895,0.08074321584841126
9.0,0.260319,0.08334911516089741
20.0,0.124747,0.031185767207822485
18.0,0.135171,0.036397565832794763
18.0,0.124747,0.031185767207822485
17.0,0.124747,0.031185767207822485
18.0,0.135171,0.036397565832794763
18.0,0.135171,0.03379166652030863
15.0,0.135171,0.03379166652030863
19.0,0.135171,0.03379166652030863
20.0,0.124747,0.031185767207822485
18.0,0.135171,0.036397565832794763
18.0,0.124747,0.031185767207822485
17.0,0.124747,0.031185767207822485
18.0,0.135171,0.036397565832794763
18.0,0.135171,0.03379166652030863
15.0,0.135171,0.03379166652030863
19.0,0.135171,0.03379166652030863
14.0,0.176807,0.044200406746215656
10.0,0.187231,0.0468063060587018
14.0,0.093616,0.0234031530293509
13.0,0.10404,0.02600905234183704
13.0,0.093616,0.0234031530293509
16.0,0.10404,0.02600905234183704
13.0,0.093616,0.0234031530293509
11.0,0.093616,0.0234031530293509
16.0,0.10404,0.02600905234183704
13.0,0.10404,0.02600905234183704
10.0,0.114464,0.02861495165432318
15.0,0.10404,0.02600905234183704
15.0,0.10404,0.02600905234183704
8.0,0.114464,0.02861495165432318
17.0,0.135171,0.03379166652030863
16.0,0.135171,0.03379166652030863
15.0,0.145595,0.036397565832794763
16.0,0.145595,0.036397565832794763
17.0,0.135171,0.03379166652030863
16.0,0.135171,0.03379166652030863
15.0,0.145595,0.036397565832794763
16.0,0.145595,0.036397565832794763
14.0,0.176807,0.044200406746215656
10.0,0.187231,0.0468063060587018
15.0,0.135171,0.03379166652030863
12.0,0.135171,0.03379166652030863
15.0,0.135171,0.03379166652030863
12.0,0.135171,0.03379166652030863
7.0,0.187231,0.0468063060587018
14.0,0.166383,0.04159450743372952
13.0,0.176807,0.044200406746215656
13.0,0.166383,0.04159450743372952
15.0,0.176807,0.044200406746215656
13.0,0.166383,0.04159450743372952
10.0,0.166383,0.04159450743372952
15.0,0.176807,0.044200406746215656
13.0,0.176807,0.044200406746215656
8.0,0.187231,0.0468063060587018
15.0,0.176807,0.044200406746215656
15.0,0.176807,0.044200406746215656
7.0,0.187231,0.0468063060587018
14.0,0.166704,0.0599459621315465
17.0,0.208259,0.07033447562250422
17.0,0.208259,0.07033447562250422
13.0,0.177128,0.06255186144403264
13.0,0.249895,0.08074321584841126
13.0,0.177128,0.06515776075651877
15.0,0.218683,0.07554627424747651
15.0,0.249895,0.09115195607431822
13.0,0.177128,0.06255186144403264
15.0,0.218683,0.07294037493499037
15.0,0.218683,0.07294037493499037
10.0,0.187552,0.06515776075651877
9.0,0.260319,0.08334911516089741
13.0,0.177128,0.06515776075651877
11.0,0.187552,0.07036955938149106
15.0,0.218683,0.07554627424747651
12.0,0.260319,0.09636375469929051
15.0,0.249895,0.09115195607431822
12.0,0.260319,0.09636375469929051
8.0,0.2084,0.07558135800646335
5.0,0.333407,0.119891924263093
15.0,0.166704,0.0599459621315465
14.0,0.177128,0.06255186144403264
14.0,0.177128,0.06515776075651877
14.0,0.177128,0.06515776075651877
11.0,0.187552,0.07036955938149106
14.0,0.177128,0.06255186144403264
11.0,0.187552,0.06515776075651877
8.0,0.2084,0.07558135800646335
13.0,0.177128,0.06515776075651877
11.0,0.187552,0.07036955938149106
16.0,0.218683,0.07554627424747651
10.0,0.260319,0.09636375469929051
14.0,0.249895,0.09115195607431822
11.0,0.260319,0.09636375469929051
13.0,0.177128,0.06515776075651877
11.0,0.187552,0.07036955938149106
16.0,0.218683,0.07554627424747651
10.0,0.260319,0.09636375469929051
14.0,0.249895,0.09115195607431822
11.0,0.260319,0.09636375469929051
7.0,0.2084,0.07558135800646335
3.0,0.333407,0.119891924263093
