complexity,cost,feature_based_cost
18.0,0.0,0.0
17.0,0.010424,0.005211798624972279
17.0,0.0,0.0
19.0,0.010424,0.005211798624972279
17.0,0.0,0.0
14.0,0.0,0.0
19.0,0.010424,0.005211798624972279
17.0,0.010424,0.005211798624972279
15.0,0.020848,0.010423597249944558
19.0,0.010424,0.005211798624972279
19.0,0.010424,0.005211798624972279
13.0,0.020848,0.010423597249944558
17.0,0.010424,0.005211798624972279
16.0,0.010424,0.005211798624972279
16.0,0.020848,0.010423597249944558
18.0,0.020848,0.010423597249944558
17.0,0.0,0.0
16.0,0.010424,0.005211798624972279
16.0,0.0,0.0
18.0,0.010424,0.005211798624972279
18.0,0.010424,0.005211798624972279
15.0,0.010424,0.005211798624972279
19.0,0.010424,0.005211798624972279
18.0,0.020848,0.010423597249944558
17.0,0.010424,0.005211798624972279
15.0,0.020848,0.010423597249944558
16.0,0.010424,0.005211798624972279
17.0,0.010424,0.005211798624972279
16.0,0.020848,0.010423597249944558
16.0,0.020848,0.010423597249944558
14.0,0.031272,0.015635395874916837
18.0,0.020848,0.010423597249944558
19.0,0.020848,0.010423597249944558
17.0,0.010424,0.005211798624972279
16.0,0.020848,0.010423597249944558
16.0,0.010424,0.005211798624972279
18.0,0.020848,0.010423597249944558
16.0,0.010424,0.005211798624972279
13.0,0.010424,0.005211798624972279
18.0,0.020848,0.010423597249944558
16.0,0.020848,0.010423597249944558
14.0,0.031272,0.015635395874916837
18.0,0.020848,0.010423597249944558
18.0,0.020848,0.010423597249944558
12.0,0.031272,0.015635395874916837
14.0,0.041696,0.020847194499889116
13.0,0.05212,0.026058993124861395
20.0,0.010424,0.005211798624972279
19.0,0.020848,0.010423597249944558
19.0,0.010424,0.005211798624972279
19.0,0.020848,0.010423597249944558
17.0,0.0,0.0
17.0,0.010424,0.005211798624972279
16.0,0.0,0.0
15.0,0.0,0.0
16.0,0.010424,0.005211798624972279
16.0,0.010424,0.005211798624972279
14.0,0.010424,0.005211798624972279
18.0,0.010424,0.005211798624972279
18.0,0.010424,0.005211798624972279
16.0,0.020848,0.010423597249944558
15.0,0.010424,0.005211798624972279
16.0,0.010424,0.005211798624972279
13.0,0.020848,0.010423597249944558
20.0,0.010424,0.005211798624972279
19.0,0.020848,0.010423597249944558
19.0,0.010424,0.005211798624972279
19.0,0.020848,0.010423597249944558
19.0,0.010424,0.005211798624972279
18.0,0.020848,0.010423597249944558
19.0,0.020848,0.010423597249944558
14.0,0.020848,0.010423597249944558
13.0,0.031272,0.015635395874916837
12.0,0.05212,0.026058993124861395
17.0,0.0,0.0
16.0,0.010424,0.005211798624972279
16.0,0.0,0.0
19.0,0.010424,0.005211798624972279
16.0,0.0,0.0
14.0,0.0,0.0
19.0,0.010424,0.005211798624972279
16.0,0.010424,0.005211798624972279
15.0,0.020848,0.010423597249944558
18.0,0.010424,0.005211798624972279
18.0,0.010424,0.005211798624972279
13.0,0.020848,0.010423597249944558
16.0,0.010424,0.005211798624972279
15.0,0.010424,0.005211798624972279
15.0,0.020848,0.010423597249944558
17.0,0.020848,0.010423597249944558
16.0,0.0,0.0
15.0,0.010424,0.005211798624972279
14.0,0.0,0.0
17.0,0.010424,0.005211798624972279
16.0,0.010424,0.005211798624972279
14.0,0.010424,0.005211798624972279
18.0,0.010424,0.005211798624972279
17.0,0.020848,0.010423597249944558
19.0,0.010424,0.005211798624972279
18.0,0.020848,0.010423597249944558
18.0,0.010424,0.005211798624972279
17.0,0.020848,0.010423597249944558
18.0,0.010424,0.005211798624972279
16.0,0.010424,0.005211798624972279
19.0,0.020848,0.010423597249944558
18.0,0.020848,0.010423597249944558
16.0,0.031272,0.015635395874916837
18.0,0.020848,0.010423597249944558
19.0,0.020848,0.010423597249944558
14.0,0.031272,0.015635395874916837
17.0,0.0,0.0
16.0,0.010424,0.005211798624972279
16.0,0.0,0.0
18.0,0.010424,0.005211798624972279
16.0,0.0,0.0
13.0,0.0,0.0
18.0,0.010424,0.005211798624972279
16.0,0.010424,0.005211798624972279
15.0,0.020848,0.010423597249944558
18.0,0.010424,0.005211798624972279
18.0,0.010424,0.005211798624972279
12.0,0.020848,0.010423597249944558
17.0,0.010424,0.005211798624972279
15.0,0.010424,0.005211798624972279
16.0,0.020848,0.010423597249944558
17.0,0.020848,0.010423597249944558
17.0,0.0,0.0
16.0,0.010424,0.005211798624972279
15.0,0.0,0.0
17.0,0.010424,0.005211798624972279
17.0,0.010424,0.005211798624972279
14.0,0.010424,0.005211798624972279
19.0,0.010424,0.005211798624972279
18.0,0.020848,0.010423597249944558
18.0,0.010424,0.005211798624972279
16.0,0.020848,0.010423597249944558
16.0,0.010424,0.005211798624972279
17.0,0.010424,0.005211798624972279
17.0,0.020848,0.010423597249944558
17.0,0.020848,0.010423597249944558
15.0,0.031272,0.015635395874916837
18.0,0.020848,0.010423597249944558
19.0,0.020848,0.010423597249944558
20.0,0.010424,0.005211798624972279
19.0,0.020848,0.010423597249944558
19.0,0.010424,0.005211798624972279
17.0,0.020848,0.010423597249944558
19.0,0.010424,0.005211798624972279
16.0,0.010424,0.005211798624972279
19.0,0.020848,0.010423597249944558
19.0,0.020848,0.010423597249944558
16.0,0.031272,0.015635395874916837
19.0,0.020848,0.010423597249944558
20.0,0.020848,0.010423597249944558
14.0,0.031272,0.015635395874916837
17.0,0.010424,0.005211798624972279
16.0,0.020848,0.010423597249944558
16.0,0.010424,0.005211798624972279
16.0,0.010424,0.005211798624972279
16.0,0.020848,0.010423597249944558
16.0,0.020848,0.010423597249944558
15.0,0.020848,0.010423597249944558
18.0,0.020848,0.010423597249944558
16.0,0.020848,0.010423597249944558
14.0,0.031272,0.015635395874916837
14.0,0.020848,0.010423597249944558
15.0,0.020848,0.010423597249944558
14.0,0.031272,0.015635395874916837
16.0,0.020848,0.010423597249944558
15.0,0.031272,0.015635395874916837
15.0,0.020848,0.010423597249944558
17.0,0.031272,0.015635395874916837
13.0,0.05212,0.026058993124861395
19.0,0.020848,0.010423597249944558
18.0,0.031272,0.015635395874916837
18.0,0.010424,0.005211798624972279
16.0,0.020848,0.010423597249944558
15.0,0.010424,0.005211798624972279
16.0,0.010424,0.005211798624972279
15.0,0.020848,0.010423597249944558
17.0,0.020848,0.010423597249944558
14.0,0.020848,0.010423597249944558
19.0,0.020848,0.010423597249944558
18.0,0.010424,0.005211798624972279
17.0,0.020848,0.010423597249944558
16.0,0.010424,0.005211798624972279
16.0,0.010424,0.005211798624972279
17.0,0.020848,0.010423597249944558
17.0,0.020848,0.010423597249944558
15.0,0.020848,0.010423597249944558
18.0,0.020848,0.010423597249944558
15.0,0.020848,0.010423597249944558
13.0,0.031272,0.015635395874916837
12.0,0.020848,0.010423597249944558
13.0,0.020848,0.010423597249944558
12.0,0.031272,0.015635395874916837
15.0,0.05212,0.026058993124861395
17.0,0.0,0.0
16.0,0.010424,0.005211798624972279
16.0,0.0,0.0
16.0,0.0,0.0
16.0,0.010424,0.005211798624972279
15.0,0.0,0.0
14.0,0.0,0.0
17.0,0.0,0.0
15.0,0.0,0.0
16.0,0.010424,0.005211798624972279
17.0,0.010424,0.005211798624972279
15.0,0.020848,0.010423597249944558
16.0,0.010424,0.005211798624972279
17.0,0.010424,0.005211798624972279
13.0,0.020848,0.010423597249944558
16.0,0.010424,0.005211798624972279
15.0,0.010424,0.005211798624972279
14.0,0.010424,0.005211798624972279
16.0,0.020848,0.010423597249944558
15.0,0.020848,0.010423597249944558
19.0,0.010424,0.005211798624972279
17.0,0.010424,0.005211798624972279
20.0,0.010424,0.005211798624972279
18.0,0.010424,0.005211798624972279
16.0,0.0,0.0
15.0,0.010424,0.005211798624972279
14.0,0.0,0.0
14.0,0.0,0.0
14.0,0.010424,0.005211798624972279
14.0,0.0,0.0
12.0,0.0,0.0
16.0,0.0,0.0
14.0,0.0,0.0
15.0,0.010424,0.005211798624972279
15.0,0.010424,0.005211798624972279
14.0,0.020848,0.010423597249944558
14.0,0.010424,0.005211798624972279
15.0,0.010424,0.005211798624972279
11.0,0.020848,0.010423597249944558
19.0,0.010424,0.005211798624972279
17.0,0.010424,0.005211798624972279
17.0,0.010424,0.005211798624972279
18.0,0.020848,0.010423597249944558
17.0,0.020848,0.010423597249944558
16.0,0.010424,0.005211798624972279
15.0,0.020848,0.010423597249944558
14.0,0.010424,0.005211798624972279
16.0,0.010424,0.005211798624972279
15.0,0.020848,0.010423597249944558
15.0,0.020848,0.010423597249944558
13.0,0.020848,0.010423597249944558
19.0,0.020848,0.010423597249944558
18.0,0.010424,0.005211798624972279
17.0,0.020848,0.010423597249944558
17.0,0.010424,0.005211798624972279
18.0,0.020848,0.010423597249944558
18.0,0.010424,0.005211798624972279
16.0,0.010424,0.005211798624972279
18.0,0.010424,0.005211798624972279
17.0,0.020848,0.010423597249944558
16.0,0.010424,0.005211798624972279
18.0,0.010424,0.005211798624972279
17.0,0.020848,0.010423597249944558
13.0,0.020848,0.010423597249944558
11.0,0.020848,0.010423597249944558
19.0,0.010424,0.005211798624972279
18.0,0.020848,0.010423597249944558
18.0,0.010424,0.005211798624972279
19.0,0.020848,0.010423597249944558
18.0,0.010424,0.005211798624972279
16.0,0.010424,0.005211798624972279
17.0,0.020848,0.010423597249944558
18.0,0.020848,0.010423597249944558
16.0,0.031272,0.015635395874916837
19.0,0.020848,0.010423597249944558
18.0,0.020848,0.010423597249944558
14.0,0.031272,0.015635395874916837
19.0,0.010424,0.005211798624972279
18.0,0.010424,0.005211798624972279
18.0,0.020848,0.010423597249944558
18.0,0.020848,0.010423597249944558
20.0,0.020848,0.010423597249944558
18.0,0.031272,0.015635395874916837
19.0,0.020848,0.010423597249944558
18.0,0.031272,0.015635395874916837
17.0,0.020848,0.010423597249944558
16.0,0.031272,0.015635395874916837
19.0,0.020848,0.010423597249944558
17.0,0.020848,0.010423597249944558
17.0,0.0,0.0
17.0,0.010424,0.005211798624972279
16.0,0.0,0.0
17.0,0.0,0.0
17.0,0.010424,0.005211798624972279
17.0,0.0,0.0
16.0,0.0,0.0
16.0,0.0,0.0
15.0,0.0,0.0
17.0,0.010424,0.005211798624972279
17.0,0.010424,0.005211798624972279
16.0,0.020848,0.010423597249944558
17.0,0.010424,0.005211798624972279
17.0,0.010424,0.005211798624972279
14.0,0.020848,0.010423597249944558
16.0,0.010424,0.005211798624972279
16.0,0.010424,0.005211798624972279
15.0,0.010424,0.005211798624972279
16.0,0.020848,0.010423597249944558
16.0,0.020848,0.010423597249944558
18.0,0.010424,0.005211798624972279
17.0,0.010424,0.005211798624972279
19.0,0.010424,0.005211798624972279
18.0,0.010424,0.005211798624972279
16.0,0.0,0.0
15.0,0.010424,0.005211798624972279
13.0,0.0,0.0
15.0,0.0,0.0
14.0,0.010424,0.005211798624972279
15.0,0.0,0.0
14.0,0.0,0.0
15.0,0.0,0.0
12.0,0.0,0.0
15.0,0.010424,0.005211798624972279
15.0,0.010424,0.005211798624972279
14.0,0.020848,0.010423597249944558
14.0,0.010424,0.005211798624972279
15.0,0.010424,0.005211798624972279
11.0,0.020848,0.010423597249944558
18.0,0.010424,0.005211798624972279
17.0,0.010424,0.005211798624972279
17.0,0.010424,0.005211798624972279
17.0,0.020848,0.010423597249944558
17.0,0.020848,0.010423597249944558
16.0,0.010424,0.005211798624972279
16.0,0.020848,0.010423597249944558
16.0,0.010424,0.005211798624972279
15.0,0.010424,0.005211798624972279
16.0,0.020848,0.010423597249944558
15.0,0.020848,0.010423597249944558
14.0,0.020848,0.010423597249944558
18.0,0.020848,0.010423597249944558
18.0,0.010424,0.005211798624972279
17.0,0.010424,0.005211798624972279
18.0,0.010424,0.005211798624972279
17.0,0.020848,0.010423597249944558
17.0,0.010424,0.005211798624972279
17.0,0.010424,0.005211798624972279
17.0,0.020848,0.010423597249944558
12.0,0.020848,0.010423597249944558
11.0,0.020848,0.010423597249944558
19.0,0.010424,0.005211798624972279
18.0,0.020848,0.010423597249944558
18.0,0.010424,0.005211798624972279
18.0,0.020848,0.010423597249944558
18.0,0.010424,0.005211798624972279
16.0,0.020848,0.010423597249944558
16.0,0.010424,0.005211798624972279
17.0,0.010424,0.005211798624972279
17.0,0.020848,0.010423597249944558
16.0,0.010424,0.005211798624972279
15.0,0.010424,0.005211798624972279
17.0,0.010424,0.005211798624972279
15.0,0.010424,0.005211798624972279
15.0,0.020848,0.010423597249944558
17.0,0.020848,0.010423597249944558
15.0,0.031272,0.015635395874916837
17.0,0.020848,0.010423597249944558
18.0,0.020848,0.010423597249944558
14.0,0.031272,0.015635395874916837
17.0,0.020848,0.010423597249944558
15.0,0.031272,0.015635395874916837
15.0,0.020848,0.010423597249944558
16.0,0.020848,0.010423597249944558
14.0,0.031272,0.015635395874916837
18.0,0.020848,0.010423597249944558
17.0,0.020848,0.010423597249944558
19.0,0.020848,0.010423597249944558
17.0,0.020848,0.010423597249944558
20.0,0.010424,0.005211798624972279
19.0,0.020848,0.010423597249944558
19.0,0.010424,0.005211798624972279
19.0,0.020848,0.010423597249944558
19.0,0.010424,0.005211798624972279
16.0,0.010424,0.005211798624972279
17.0,0.020848,0.010423597249944558
19.0,0.020848,0.010423597249944558
16.0,0.031272,0.015635395874916837
20.0,0.020848,0.010423597249944558
19.0,0.020848,0.010423597249944558
14.0,0.031272,0.015635395874916837
20.0,0.010424,0.005211798624972279
18.0,0.010424,0.005211798624972279
19.0,0.020848,0.010423597249944558
18.0,0.020848,0.010423597249944558
20.0,0.020848,0.010423597249944558
18.0,0.031272,0.015635395874916837
19.0,0.020848,0.010423597249944558
18.0,0.031272,0.015635395874916837
18.0,0.020848,0.010423597249944558
16.0,0.031272,0.015635395874916837
20.0,0.020848,0.010423597249944558
17.0,0.020848,0.010423597249944558
17.0,0.010424,0.005211798624972279
16.0,0.020848,0.010423597249944558
16.0,0.010424,0.005211798624972279
16.0,0.010424,0.005211798624972279
16.0,0.020848,0.010423597249944558
17.0,0.010424,0.005211798624972279
15.0,0.010424,0.005211798624972279
17.0,0.010424,0.005211798624972279
15.0,0.010424,0.005211798624972279
17.0,0.020848,0.010423597249944558
15.0,0.020848,0.010423597249944558
14.0,0.031272,0.015635395874916837
16.0,0.020848,0.010423597249944558
16.0,0.020848,0.010423597249944558
13.0,0.031272,0.015635395874916837
16.0,0.020848,0.010423597249944558
15.0,0.020848,0.010423597249944558
16.0,0.020848,0.010423597249944558
14.0,0.031272,0.015635395874916837
15.0,0.031272,0.015635395874916837
18.0,0.020848,0.010423597249944558
17.0,0.020848,0.010423597249944558
19.0,0.020848,0.010423597249944558
17.0,0.020848,0.010423597249944558
16.0,0.020848,0.010423597249944558
14.0,0.031272,0.015635395874916837
14.0,0.020848,0.010423597249944558
15.0,0.020848,0.010423597249944558
14.0,0.031272,0.015635395874916837
15.0,0.020848,0.010423597249944558
14.0,0.020848,0.010423597249944558
16.0,0.020848,0.010423597249944558
14.0,0.020848,0.010423597249944558
15.0,0.031272,0.015635395874916837
14.0,0.031272,0.015635395874916837
12.0,0.041696,0.020847194499889116
14.0,0.031272,0.015635395874916837
15.0,0.031272,0.015635395874916837
11.0,0.041696,0.020847194499889116
16.0,0.020848,0.010423597249944558
15.0,0.020848,0.010423597249944558
16.0,0.020848,0.010423597249944558
14.0,0.031272,0.015635395874916837
15.0,0.031272,0.015635395874916837
15.0,0.031272,0.015635395874916837
13.0,0.041696,0.020847194499889116
17.0,0.031272,0.015635395874916837
18.0,0.031272,0.015635395874916837
13.0,0.05212,0.026058993124861395
11.0,0.062544,0.031270791749833673
19.0,0.020848,0.010423597249944558
18.0,0.031272,0.015635395874916837
18.0,0.020848,0.010423597249944558
16.0,0.031272,0.015635395874916837
19.0,0.020848,0.010423597249944558
18.0,0.031272,0.015635395874916837
18.0,0.020848,0.010423597249944558
16.0,0.031272,0.015635395874916837
13.0,0.062544,0.031270791749833673
18.0,0.010424,0.005211798624972279
16.0,0.020848,0.010423597249944558
15.0,0.010424,0.005211798624972279
16.0,0.010424,0.005211798624972279
15.0,0.020848,0.010423597249944558
16.0,0.010424,0.005211798624972279
14.0,0.010424,0.005211798624972279
17.0,0.010424,0.005211798624972279
14.0,0.010424,0.005211798624972279
17.0,0.020848,0.010423597249944558
16.0,0.020848,0.010423597249944558
14.0,0.031272,0.015635395874916837
13.0,0.020848,0.010423597249944558
17.0,0.020848,0.010423597249944558
12.0,0.031272,0.015635395874916837
17.0,0.020848,0.010423597249944558
14.0,0.020848,0.010423597249944558
15.0,0.020848,0.010423597249944558
15.0,0.031272,0.015635395874916837
12.0,0.031272,0.015635395874916837
19.0,0.020848,0.010423597249944558
17.0,0.020848,0.010423597249944558
20.0,0.020848,0.010423597249944558
17.0,0.020848,0.010423597249944558
18.0,0.010424,0.005211798624972279
17.0,0.020848,0.010423597249944558
16.0,0.010424,0.005211798624972279
16.0,0.010424,0.005211798624972279
17.0,0.020848,0.010423597249944558
17.0,0.010424,0.005211798624972279
15.0,0.010424,0.005211798624972279
17.0,0.010424,0.005211798624972279
15.0,0.010424,0.005211798624972279
18.0,0.020848,0.010423597249944558
16.0,0.020848,0.010423597249944558
15.0,0.031272,0.015635395874916837
17.0,0.020848,0.010423597249944558
15.0,0.020848,0.010423597249944558
14.0,0.031272,0.015635395874916837
17.0,0.020848,0.010423597249944558
15.0,0.020848,0.010423597249944558
16.0,0.020848,0.010423597249944558
15.0,0.031272,0.015635395874916837
14.0,0.031272,0.015635395874916837
18.0,0.020848,0.010423597249944558
17.0,0.020848,0.010423597249944558
19.0,0.020848,0.010423597249944558
17.0,0.020848,0.010423597249944558
15.0,0.020848,0.010423597249944558
13.0,0.031272,0.015635395874916837
12.0,0.020848,0.010423597249944558
13.0,0.020848,0.010423597249944558
12.0,0.031272,0.015635395874916837
13.0,0.020848,0.010423597249944558
11.0,0.020848,0.010423597249944558
14.0,0.020848,0.010423597249944558
11.0,0.020848,0.010423597249944558
14.0,0.031272,0.015635395874916837
13.0,0.031272,0.015635395874916837
11.0,0.041696,0.020847194499889116
12.0,0.031272,0.015635395874916837
14.0,0.031272,0.015635395874916837
9.0,0.041696,0.020847194499889116
15.0,0.05212,0.026058993124861395
13.0,0.062544,0.031270791749833673
17.0,0.010424,0.005211798624972279
16.0,0.020848,0.010423597249944558
16.0,0.010424,0.005211798624972279
18.0,0.020848,0.010423597249944558
16.0,0.010424,0.005211798624972279
13.0,0.010424,0.005211798624972279
18.0,0.020848,0.010423597249944558
16.0,0.020848,0.010423597249944558
14.0,0.031272,0.015635395874916837
18.0,0.020848,0.010423597249944558
18.0,0.020848,0.010423597249944558
12.0,0.031272,0.015635395874916837
16.0,0.020848,0.010423597249944558
15.0,0.020848,0.010423597249944558
15.0,0.031272,0.015635395874916837
17.0,0.031272,0.015635395874916837
16.0,0.010424,0.005211798624972279
15.0,0.020848,0.010423597249944558
15.0,0.010424,0.005211798624972279
17.0,0.020848,0.010423597249944558
17.0,0.020848,0.010423597249944558
14.0,0.020848,0.010423597249944558
18.0,0.020848,0.010423597249944558
16.0,0.031272,0.015635395874916837
16.0,0.020848,0.010423597249944558
14.0,0.031272,0.015635395874916837
15.0,0.020848,0.010423597249944558
16.0,0.020848,0.010423597249944558
15.0,0.031272,0.015635395874916837
15.0,0.031272,0.015635395874916837
13.0,0.041696,0.020847194499889116
17.0,0.031272,0.015635395874916837
18.0,0.031272,0.015635395874916837
16.0,0.020848,0.010423597249944558
15.0,0.031272,0.015635395874916837
15.0,0.020848,0.010423597249944558
16.0,0.031272,0.015635395874916837
15.0,0.020848,0.010423597249944558
12.0,0.020848,0.010423597249944558
16.0,0.031272,0.015635395874916837
15.0,0.031272,0.015635395874916837
11.0,0.041696,0.020847194499889116
16.0,0.031272,0.015635395874916837
16.0,0.031272,0.015635395874916837
9.0,0.041696,0.020847194499889116
13.0,0.05212,0.026058993124861395
10.0,0.062544,0.031270791749833673
19.0,0.020848,0.010423597249944558
17.0,0.031272,0.015635395874916837
18.0,0.020848,0.010423597249944558
17.0,0.031272,0.015635395874916837
16.0,0.010424,0.005211798624972279
16.0,0.020848,0.010423597249944558
15.0,0.010424,0.005211798624972279
14.0,0.010424,0.005211798624972279
15.0,0.020848,0.010423597249944558
15.0,0.020848,0.010423597249944558
13.0,0.020848,0.010423597249944558
17.0,0.020848,0.010423597249944558
17.0,0.020848,0.010423597249944558
15.0,0.031272,0.015635395874916837
14.0,0.020848,0.010423597249944558
15.0,0.020848,0.010423597249944558
12.0,0.031272,0.015635395874916837
19.0,0.020848,0.010423597249944558
17.0,0.031272,0.015635395874916837
18.0,0.020848,0.010423597249944558
17.0,0.031272,0.015635395874916837
18.0,0.020848,0.010423597249944558
16.0,0.031272,0.015635395874916837
18.0,0.031272,0.015635395874916837
13.0,0.031272,0.015635395874916837
10.0,0.041696,0.020847194499889116
9.0,0.062544,0.031270791749833673
20.0,0.010424,0.005211798624972279
19.0,0.020848,0.010423597249944558
19.0,0.010424,0.005211798624972279
20.0,0.020848,0.010423597249944558
19.0,0.010424,0.005211798624972279
17.0,0.010424,0.005211798624972279
21.0,0.020848,0.010423597249944558
19.0,0.020848,0.010423597249944558
17.0,0.031272,0.015635395874916837
17.0,0.020848,0.010423597249944558
19.0,0.020848,0.010423597249944558
15.0,0.031272,0.015635395874916837
19.0,0.020848,0.010423597249944558
18.0,0.020848,0.010423597249944558
18.0,0.031272,0.015635395874916837
16.0,0.031272,0.015635395874916837
19.0,0.010424,0.005211798624972279
18.0,0.020848,0.010423597249944558
17.0,0.010424,0.005211798624972279
18.0,0.020848,0.010423597249944558
19.0,0.020848,0.010423597249944558
17.0,0.020848,0.010423597249944558
19.0,0.020848,0.010423597249944558
17.0,0.031272,0.015635395874916837
20.0,0.010424,0.005211798624972279
19.0,0.020848,0.010423597249944558
19.0,0.010424,0.005211798624972279
21.0,0.020848,0.010423597249944558
19.0,0.010424,0.005211798624972279
17.0,0.010424,0.005211798624972279
20.0,0.020848,0.010423597249944558
19.0,0.020848,0.010423597249944558
17.0,0.031272,0.015635395874916837
19.0,0.020848,0.010423597249944558
17.0,0.020848,0.010423597249944558
15.0,0.031272,0.015635395874916837
19.0,0.020848,0.010423597249944558
18.0,0.020848,0.010423597249944558
18.0,0.031272,0.015635395874916837
16.0,0.031272,0.015635395874916837
19.0,0.010424,0.005211798624972279
18.0,0.020848,0.010423597249944558
17.0,0.010424,0.005211798624972279
18.0,0.020848,0.010423597249944558
19.0,0.020848,0.010423597249944558
17.0,0.020848,0.010423597249944558
19.0,0.020848,0.010423597249944558
17.0,0.031272,0.015635395874916837
14.0,0.020848,0.010423597249944558
13.0,0.031272,0.015635395874916837
13.0,0.020848,0.010423597249944558
15.0,0.031272,0.015635395874916837
13.0,0.020848,0.010423597249944558
11.0,0.020848,0.010423597249944558
15.0,0.031272,0.015635395874916837
13.0,0.031272,0.015635395874916837
10.0,0.041696,0.020847194499889116
14.0,0.031272,0.015635395874916837
14.0,0.031272,0.015635395874916837
8.0,0.041696,0.020847194499889116
20.0,0.010424,0.005211798624972279
19.0,0.020848,0.010423597249944558
19.0,0.010424,0.005211798624972279
19.0,0.020848,0.010423597249944558
19.0,0.010424,0.005211798624972279
16.0,0.010424,0.005211798624972279
20.0,0.020848,0.010423597249944558
19.0,0.020848,0.010423597249944558
16.0,0.031272,0.015635395874916837
17.0,0.020848,0.010423597249944558
19.0,0.020848,0.010423597249944558
14.0,0.031272,0.015635395874916837
19.0,0.020848,0.010423597249944558
18.0,0.020848,0.010423597249944558
18.0,0.031272,0.015635395874916837
16.0,0.031272,0.015635395874916837
20.0,0.010424,0.005211798624972279
19.0,0.020848,0.010423597249944558
18.0,0.010424,0.005211798624972279
18.0,0.020848,0.010423597249944558
20.0,0.020848,0.010423597249944558
17.0,0.020848,0.010423597249944558
20.0,0.020848,0.010423597249944558
18.0,0.031272,0.015635395874916837
20.0,0.010424,0.005211798624972279
19.0,0.020848,0.010423597249944558
19.0,0.010424,0.005211798624972279
20.0,0.020848,0.010423597249944558
19.0,0.010424,0.005211798624972279
16.0,0.010424,0.005211798624972279
19.0,0.020848,0.010423597249944558
19.0,0.020848,0.010423597249944558
16.0,0.031272,0.015635395874916837
19.0,0.020848,0.010423597249944558
17.0,0.020848,0.010423597249944558
14.0,0.031272,0.015635395874916837
19.0,0.020848,0.010423597249944558
18.0,0.020848,0.010423597249944558
18.0,0.031272,0.015635395874916837
16.0,0.031272,0.015635395874916837
20.0,0.010424,0.005211798624972279
19.0,0.020848,0.010423597249944558
18.0,0.010424,0.005211798624972279
18.0,0.020848,0.010423597249944558
20.0,0.020848,0.010423597249944558
17.0,0.020848,0.010423597249944558
20.0,0.020848,0.010423597249944558
18.0,0.031272,0.015635395874916837
15.0,0.020848,0.010423597249944558
14.0,0.031272,0.015635395874916837
14.0,0.020848,0.010423597249944558
15.0,0.031272,0.015635395874916837
14.0,0.020848,0.010423597249944558
11.0,0.020848,0.010423597249944558
15.0,0.031272,0.015635395874916837
14.0,0.031272,0.015635395874916837
10.0,0.041696,0.020847194499889116
15.0,0.031272,0.015635395874916837
15.0,0.031272,0.015635395874916837
8.0,0.041696,0.020847194499889116
14.0,0.05212,0.026058993124861395
11.0,0.062544,0.031270791749833673
14.0,0.041696,0.020847194499889116
13.0,0.05212,0.026058993124861395
13.0,0.05212,0.026058993124861395
13.0,0.05212,0.026058993124861395
11.0,0.062544,0.031270791749833673
13.0,0.05212,0.026058993124861395
10.0,0.062544,0.031270791749833673
8.0,0.083392,0.04169438899977823
12.0,0.05212,0.026058993124861395
9.0,0.062544,0.031270791749833673
15.0,0.05212,0.026058993124861395
13.0,0.062544,0.031270791749833673
15.0,0.05212,0.026058993124861395
13.0,0.062544,0.031270791749833673
14.0,0.05212,0.026058993124861395
11.0,0.062544,0.031270791749833673
6.0,0.083392,0.04169438899977823
21.0,0.041555,0.02077702698191545
20.0,0.051979,0.025988825606887728
20.0,0.041555,0.02077702698191545
23.0,0.051979,0.025988825606887728
20.0,0.041555,0.02077702698191545
17.0,0.041555,0.02077702698191545
23.0,0.051979,0.025988825606887728
20.0,0.051979,0.025988825606887728
18.0,0.062403,0.031200624231860007
23.0,0.051979,0.025988825606887728
23.0,0.051979,0.025988825606887728
16.0,0.062403,0.031200624231860007
20.0,0.041555,0.02077702698191545
19.0,0.041555,0.02077702698191545
19.0,0.051979,0.025988825606887728
21.0,0.051979,0.025988825606887728
23.0,0.051979,0.025988825606887728
21.0,0.062403,0.031200624231860007
20.0,0.051979,0.025988825606887728
19.0,0.062403,0.031200624231860007
19.0,0.051979,0.025988825606887728
21.0,0.062403,0.031200624231860007
21.0,0.051979,0.025988825606887728
18.0,0.051979,0.025988825606887728
20.0,0.041555,0.02077702698191545
19.0,0.041555,0.02077702698191545
18.0,0.041555,0.02077702698191545
20.0,0.051979,0.025988825606887728
19.0,0.051979,0.025988825606887728
19.0,0.051979,0.025988825606887728
17.0,0.051979,0.025988825606887728
21.0,0.051979,0.025988825606887728
23.0,0.051979,0.025988825606887728
22.0,0.062403,0.031200624231860007
23.0,0.062403,0.031200624231860007
20.0,0.051979,0.025988825606887728
19.0,0.051979,0.025988825606887728
20.0,0.051979,0.025988825606887728
18.0,0.062403,0.031200624231860007
19.0,0.062403,0.031200624231860007
19.0,0.062403,0.031200624231860007
17.0,0.072827,0.036412422856832286
21.0,0.062403,0.031200624231860007
23.0,0.062403,0.031200624231860007
21.0,0.051979,0.025988825606887728
18.0,0.051979,0.025988825606887728
19.0,0.051979,0.025988825606887728
19.0,0.062403,0.031200624231860007
16.0,0.062403,0.031200624231860007
20.0,0.051979,0.025988825606887728
19.0,0.062403,0.031200624231860007
19.0,0.051979,0.025988825606887728
21.0,0.062403,0.031200624231860007
19.0,0.051979,0.025988825606887728
16.0,0.051979,0.025988825606887728
22.0,0.062403,0.031200624231860007
19.0,0.062403,0.031200624231860007
16.0,0.072827,0.036412422856832286
21.0,0.062403,0.031200624231860007
22.0,0.062403,0.031200624231860007
14.0,0.072827,0.036412422856832286
24.0,0.051979,0.025988825606887728
23.0,0.051979,0.025988825606887728
22.0,0.062403,0.031200624231860007
22.0,0.062403,0.031200624231860007
24.0,0.051979,0.025988825606887728
23.0,0.051979,0.025988825606887728
23.0,0.062403,0.031200624231860007
22.0,0.062403,0.031200624231860007
17.0,0.062403,0.031200624231860007
15.0,0.072827,0.036412422856832286
17.0,0.083251,0.041624221481804564
15.0,0.093675,0.04683602010677684
14.0,0.093675,0.04683602010677684
19.0,0.051979,0.02598882560688773
18.0,0.051979,0.02598882560688773
18.0,0.051979,0.02598882560688773
18.0,0.062403,0.03120062423186001
18.0,0.062403,0.03120062423186001
18.0,0.062403,0.03120062423186001
17.0,0.062403,0.03120062423186001
20.0,0.062403,0.03120062423186001
18.0,0.062403,0.03120062423186001
16.0,0.062403,0.03120062423186001
17.0,0.062403,0.03120062423186001
16.0,0.072827,0.036412422856832286
16.0,0.072827,0.036412422856832286
18.0,0.062403,0.03120062423186001
17.0,0.062403,0.03120062423186001
17.0,0.072827,0.036412422856832286
18.0,0.072827,0.036412422856832286
22.0,0.062403,0.03120062423186001
20.0,0.072827,0.036412422856832286
15.0,0.093675,0.04683602010677684
20.0,0.041555,0.02077702698191545
19.0,0.051979,0.025988825606887728
19.0,0.041555,0.02077702698191545
22.0,0.051979,0.025988825606887728
19.0,0.041555,0.02077702698191545
17.0,0.041555,0.02077702698191545
22.0,0.051979,0.025988825606887728
19.0,0.051979,0.025988825606887728
18.0,0.062403,0.031200624231860007
23.0,0.051979,0.025988825606887728
23.0,0.051979,0.025988825606887728
16.0,0.062403,0.031200624231860007
18.0,0.041555,0.02077702698191545
17.0,0.041555,0.02077702698191545
17.0,0.051979,0.025988825606887728
21.0,0.051979,0.025988825606887728
21.0,0.051979,0.025988825606887728
19.0,0.062403,0.031200624231860007
18.0,0.051979,0.025988825606887728
17.0,0.062403,0.031200624231860007
17.0,0.051979,0.025988825606887728
20.0,0.062403,0.031200624231860007
19.0,0.051979,0.025988825606887728
17.0,0.051979,0.025988825606887728
20.0,0.051979,0.02598882560688773
18.0,0.051979,0.02598882560688773
19.0,0.051979,0.02598882560688773
18.0,0.062403,0.03120062423186001
18.0,0.062403,0.03120062423186001
19.0,0.062403,0.03120062423186001
17.0,0.062403,0.03120062423186001
23.0,0.062403,0.03120062423186001
23.0,0.051979,0.025988825606887728
22.0,0.062403,0.031200624231860007
22.0,0.051979,0.025988825606887728
22.0,0.062403,0.031200624231860007
22.0,0.051979,0.025988825606887728
20.0,0.051979,0.025988825606887728
22.0,0.062403,0.031200624231860007
22.0,0.062403,0.031200624231860007
19.0,0.072827,0.036412422856832286
22.0,0.062403,0.031200624231860007
21.0,0.062403,0.031200624231860007
17.0,0.072827,0.036412422856832286
20.0,0.041555,0.02077702698191545
19.0,0.051979,0.025988825606887728
19.0,0.041555,0.02077702698191545
22.0,0.051979,0.025988825606887728
19.0,0.041555,0.02077702698191545
16.0,0.041555,0.02077702698191545
22.0,0.051979,0.025988825606887728
19.0,0.051979,0.025988825606887728
17.0,0.062403,0.031200624231860007
22.0,0.051979,0.025988825606887728
22.0,0.051979,0.025988825606887728
15.0,0.062403,0.031200624231860007
20.0,0.041555,0.02077702698191545
18.0,0.041555,0.02077702698191545
19.0,0.051979,0.025988825606887728
21.0,0.051979,0.025988825606887728
23.0,0.051979,0.025988825606887728
21.0,0.062403,0.031200624231860007
19.0,0.051979,0.025988825606887728
18.0,0.062403,0.031200624231860007
18.0,0.051979,0.025988825606887728
20.0,0.062403,0.031200624231860007
20.0,0.051979,0.025988825606887728
17.0,0.051979,0.025988825606887728
20.0,0.051979,0.02598882560688773
19.0,0.051979,0.02598882560688773
19.0,0.051979,0.02598882560688773
19.0,0.062403,0.03120062423186001
19.0,0.062403,0.03120062423186001
19.0,0.062403,0.03120062423186001
18.0,0.062403,0.03120062423186001
21.0,0.062403,0.03120062423186001
20.0,0.051979,0.025988825606887728
19.0,0.051979,0.025988825606887728
20.0,0.051979,0.025988825606887728
18.0,0.062403,0.031200624231860007
19.0,0.062403,0.031200624231860007
19.0,0.062403,0.031200624231860007
17.0,0.072827,0.036412422856832286
21.0,0.062403,0.031200624231860007
23.0,0.062403,0.031200624231860007
17.0,0.062403,0.03120062423186001
15.0,0.062403,0.03120062423186001
16.0,0.062403,0.03120062423186001
15.0,0.072827,0.036412422856832286
15.0,0.072827,0.036412422856832286
23.0,0.051979,0.025988825606887728
22.0,0.062403,0.031200624231860007
23.0,0.051979,0.025988825606887728
23.0,0.062403,0.031200624231860007
23.0,0.051979,0.025988825606887728
20.0,0.051979,0.025988825606887728
23.0,0.062403,0.031200624231860007
22.0,0.062403,0.031200624231860007
17.0,0.072827,0.036412422856832286
22.0,0.062403,0.031200624231860007
21.0,0.062403,0.031200624231860007
16.0,0.072827,0.036412422856832286
18.0,0.093675,0.04683602010677684
20.0,0.083192,0.041594507433729444
17.0,0.093616,0.046806306058701716
19.0,0.083192,0.041594507433729444
19.0,0.083192,0.041594507433729444
18.0,0.093616,0.046806306058701716
19.0,0.083192,0.041594507433729444
17.0,0.083192,0.041594507433729444
19.0,0.083192,0.041594507433729444
17.0,0.083192,0.041594507433729444
18.0,0.093616,0.046806306058701716
19.0,0.093616,0.04680630605870172
16.0,0.10404,0.052018104683673995
19.0,0.093616,0.04680630605870172
19.0,0.093616,0.04680630605870172
15.0,0.10404,0.052018104683673995
19.0,0.093616,0.04680630605870172
16.0,0.10404,0.052018104683673995
18.0,0.093616,0.04680630605870172
18.0,0.093616,0.04680630605870172
17.0,0.10404,0.052018104683673995
21.0,0.093616,0.04680630605870172
19.0,0.093616,0.04680630605870172
22.0,0.093616,0.04680630605870172
20.0,0.093616,0.04680630605870172
19.0,0.093616,0.04680630605870172
16.0,0.10404,0.052018104683673995
17.0,0.093616,0.04680630605870172
17.0,0.093616,0.04680630605870172
16.0,0.10404,0.052018104683673995
18.0,0.093616,0.04680630605870172
16.0,0.093616,0.04680630605870172
18.0,0.093616,0.04680630605870172
16.0,0.093616,0.04680630605870172
17.0,0.10404,0.052018104683673995
17.0,0.10404,0.052018104683674
14.0,0.114464,0.057229903308646274
17.0,0.10404,0.052018104683674
17.0,0.10404,0.052018104683674
13.0,0.114464,0.057229903308646274
19.0,0.093616,0.04680630605870172
16.0,0.10404,0.052018104683673995
18.0,0.093616,0.04680630605870172
18.0,0.093616,0.04680630605870172
17.0,0.10404,0.052018104683673995
17.0,0.10404,0.052018104683674
14.0,0.114464,0.057229903308646274
19.0,0.10404,0.052018104683674
20.0,0.10404,0.052018104683674
23.0,0.093616,0.04680630605870172
21.0,0.093616,0.04680630605870172
20.0,0.10404,0.052018104683674
17.0,0.10404,0.052018104683674
22.0,0.093616,0.04680630605870172
21.0,0.093616,0.04680630605870172
20.0,0.10404,0.052018104683674
17.0,0.10404,0.052018104683674
15.0,0.124888,0.06244170193361856
12.0,0.135312,0.06765350055859083
14.0,0.135312,0.06765350055859083
21.0,0.041555,0.02077702698191545
20.0,0.051979,0.025988825606887728
20.0,0.041555,0.02077702698191545
23.0,0.051979,0.025988825606887728
20.0,0.041555,0.02077702698191545
17.0,0.041555,0.02077702698191545
23.0,0.051979,0.025988825606887728
20.0,0.051979,0.025988825606887728
18.0,0.062403,0.031200624231860007
23.0,0.051979,0.025988825606887728
23.0,0.051979,0.025988825606887728
16.0,0.062403,0.031200624231860007
20.0,0.041555,0.02077702698191545
19.0,0.041555,0.02077702698191545
19.0,0.051979,0.025988825606887728
21.0,0.051979,0.025988825606887728
23.0,0.051979,0.025988825606887728
22.0,0.062403,0.031200624231860007
20.0,0.051979,0.025988825606887728
19.0,0.062403,0.031200624231860007
19.0,0.051979,0.025988825606887728
21.0,0.062403,0.031200624231860007
21.0,0.051979,0.025988825606887728
18.0,0.051979,0.025988825606887728
20.0,0.041555,0.02077702698191545
19.0,0.041555,0.02077702698191545
18.0,0.041555,0.02077702698191545
20.0,0.051979,0.025988825606887728
19.0,0.051979,0.025988825606887728
19.0,0.051979,0.025988825606887728
17.0,0.051979,0.025988825606887728
21.0,0.051979,0.025988825606887728
23.0,0.051979,0.025988825606887728
21.0,0.062403,0.031200624231860007
23.0,0.062403,0.031200624231860007
20.0,0.051979,0.025988825606887728
19.0,0.051979,0.025988825606887728
20.0,0.051979,0.025988825606887728
18.0,0.062403,0.031200624231860007
19.0,0.062403,0.031200624231860007
19.0,0.062403,0.031200624231860007
17.0,0.072827,0.036412422856832286
21.0,0.062403,0.031200624231860007
23.0,0.062403,0.031200624231860007
21.0,0.051979,0.025988825606887728
18.0,0.051979,0.025988825606887728
19.0,0.051979,0.025988825606887728
19.0,0.062403,0.031200624231860007
16.0,0.062403,0.031200624231860007
20.0,0.051979,0.025988825606887728
19.0,0.062403,0.031200624231860007
19.0,0.051979,0.025988825606887728
22.0,0.062403,0.031200624231860007
19.0,0.051979,0.025988825606887728
16.0,0.051979,0.025988825606887728
21.0,0.062403,0.031200624231860007
19.0,0.062403,0.031200624231860007
16.0,0.072827,0.036412422856832286
22.0,0.062403,0.031200624231860007
21.0,0.062403,0.031200624231860007
14.0,0.072827,0.036412422856832286
24.0,0.051979,0.025988825606887728
23.0,0.051979,0.025988825606887728
23.0,0.062403,0.031200624231860007
22.0,0.062403,0.031200624231860007
24.0,0.051979,0.025988825606887728
23.0,0.051979,0.025988825606887728
22.0,0.062403,0.031200624231860007
22.0,0.062403,0.031200624231860007
17.0,0.062403,0.031200624231860007
15.0,0.072827,0.036412422856832286
17.0,0.083251,0.041624221481804564
15.0,0.093675,0.04683602010677684
14.0,0.093675,0.04683602010677684
19.0,0.051979,0.02598882560688773
18.0,0.051979,0.02598882560688773
18.0,0.051979,0.02598882560688773
18.0,0.062403,0.03120062423186001
18.0,0.062403,0.03120062423186001
18.0,0.062403,0.03120062423186001
17.0,0.062403,0.03120062423186001
20.0,0.062403,0.03120062423186001
18.0,0.062403,0.03120062423186001
16.0,0.062403,0.03120062423186001
17.0,0.062403,0.03120062423186001
16.0,0.072827,0.036412422856832286
16.0,0.072827,0.036412422856832286
18.0,0.062403,0.03120062423186001
17.0,0.062403,0.03120062423186001
17.0,0.072827,0.036412422856832286
18.0,0.072827,0.036412422856832286
22.0,0.062403,0.03120062423186001
20.0,0.072827,0.036412422856832286
15.0,0.093675,0.04683602010677684
20.0,0.041555,0.02077702698191545
19.0,0.051979,0.025988825606887728
19.0,0.041555,0.02077702698191545
22.0,0.051979,0.025988825606887728
19.0,0.041555,0.02077702698191545
17.0,0.041555,0.02077702698191545
22.0,0.051979,0.025988825606887728
19.0,0.051979,0.025988825606887728
18.0,0.062403,0.031200624231860007
23.0,0.051979,0.025988825606887728
23.0,0.051979,0.025988825606887728
16.0,0.062403,0.031200624231860007
18.0,0.041555,0.02077702698191545
17.0,0.041555,0.02077702698191545
17.0,0.051979,0.025988825606887728
21.0,0.051979,0.025988825606887728
21.0,0.051979,0.025988825606887728
19.0,0.062403,0.031200624231860007
18.0,0.051979,0.025988825606887728
17.0,0.062403,0.031200624231860007
17.0,0.051979,0.025988825606887728
20.0,0.062403,0.031200624231860007
19.0,0.051979,0.025988825606887728
17.0,0.051979,0.025988825606887728
20.0,0.051979,0.02598882560688773
18.0,0.051979,0.02598882560688773
19.0,0.051979,0.02598882560688773
18.0,0.062403,0.03120062423186001
18.0,0.062403,0.03120062423186001
19.0,0.062403,0.03120062423186001
17.0,0.062403,0.03120062423186001
23.0,0.062403,0.03120062423186001
23.0,0.051979,0.025988825606887728
22.0,0.062403,0.031200624231860007
22.0,0.051979,0.025988825606887728
22.0,0.062403,0.031200624231860007
22.0,0.051979,0.025988825606887728
20.0,0.051979,0.025988825606887728
22.0,0.062403,0.031200624231860007
22.0,0.062403,0.031200624231860007
19.0,0.072827,0.036412422856832286
21.0,0.062403,0.031200624231860007
22.0,0.062403,0.031200624231860007
17.0,0.072827,0.036412422856832286
20.0,0.041555,0.02077702698191545
19.0,0.051979,0.025988825606887728
19.0,0.041555,0.02077702698191545
22.0,0.051979,0.025988825606887728
19.0,0.041555,0.02077702698191545
16.0,0.041555,0.02077702698191545
22.0,0.051979,0.025988825606887728
19.0,0.051979,0.025988825606887728
17.0,0.062403,0.031200624231860007
22.0,0.051979,0.025988825606887728
22.0,0.051979,0.025988825606887728
15.0,0.062403,0.031200624231860007
20.0,0.041555,0.02077702698191545
18.0,0.041555,0.02077702698191545
19.0,0.051979,0.025988825606887728
21.0,0.051979,0.025988825606887728
23.0,0.051979,0.025988825606887728
21.0,0.062403,0.031200624231860007
19.0,0.051979,0.025988825606887728
18.0,0.062403,0.031200624231860007
18.0,0.051979,0.025988825606887728
20.0,0.062403,0.031200624231860007
20.0,0.051979,0.025988825606887728
17.0,0.051979,0.025988825606887728
20.0,0.051979,0.02598882560688773
19.0,0.051979,0.02598882560688773
19.0,0.051979,0.02598882560688773
19.0,0.062403,0.03120062423186001
19.0,0.062403,0.03120062423186001
19.0,0.062403,0.03120062423186001
18.0,0.062403,0.03120062423186001
21.0,0.062403,0.03120062423186001
20.0,0.051979,0.025988825606887728
19.0,0.051979,0.025988825606887728
20.0,0.051979,0.025988825606887728
18.0,0.062403,0.031200624231860007
19.0,0.062403,0.031200624231860007
19.0,0.062403,0.031200624231860007
17.0,0.072827,0.036412422856832286
21.0,0.062403,0.031200624231860007
23.0,0.062403,0.031200624231860007
17.0,0.062403,0.03120062423186001
15.0,0.062403,0.03120062423186001
16.0,0.062403,0.03120062423186001
15.0,0.072827,0.036412422856832286
15.0,0.072827,0.036412422856832286
23.0,0.051979,0.025988825606887728
22.0,0.062403,0.031200624231860007
23.0,0.051979,0.025988825606887728
23.0,0.062403,0.031200624231860007
23.0,0.051979,0.025988825606887728
20.0,0.051979,0.025988825606887728
23.0,0.062403,0.031200624231860007
22.0,0.062403,0.031200624231860007
17.0,0.072827,0.036412422856832286
21.0,0.062403,0.031200624231860007
22.0,0.062403,0.031200624231860007
16.0,0.072827,0.036412422856832286
18.0,0.093675,0.04683602010677684
20.0,0.083192,0.041594507433729444
17.0,0.093616,0.046806306058701716
19.0,0.083192,0.041594507433729444
19.0,0.083192,0.041594507433729444
18.0,0.093616,0.046806306058701716
19.0,0.083192,0.041594507433729444
17.0,0.083192,0.041594507433729444
19.0,0.083192,0.041594507433729444
17.0,0.083192,0.041594507433729444
18.0,0.093616,0.046806306058701716
19.0,0.093616,0.04680630605870172
16.0,0.10404,0.052018104683673995
19.0,0.093616,0.04680630605870172
19.0,0.093616,0.04680630605870172
15.0,0.10404,0.052018104683673995
19.0,0.093616,0.04680630605870172
16.0,0.10404,0.052018104683673995
18.0,0.093616,0.04680630605870172
18.0,0.093616,0.04680630605870172
17.0,0.10404,0.052018104683673995
21.0,0.093616,0.04680630605870172
19.0,0.093616,0.04680630605870172
22.0,0.093616,0.04680630605870172
20.0,0.093616,0.04680630605870172
19.0,0.093616,0.04680630605870172
16.0,0.10404,0.052018104683673995
17.0,0.093616,0.04680630605870172
17.0,0.093616,0.04680630605870172
16.0,0.10404,0.052018104683673995
18.0,0.093616,0.04680630605870172
16.0,0.093616,0.04680630605870172
18.0,0.093616,0.04680630605870172
16.0,0.093616,0.04680630605870172
17.0,0.10404,0.052018104683673995
17.0,0.10404,0.052018104683674
14.0,0.114464,0.057229903308646274
17.0,0.10404,0.052018104683674
17.0,0.10404,0.052018104683674
13.0,0.114464,0.057229903308646274
19.0,0.093616,0.04680630605870172
16.0,0.10404,0.052018104683673995
18.0,0.093616,0.04680630605870172
18.0,0.093616,0.04680630605870172
17.0,0.10404,0.052018104683673995
17.0,0.10404,0.052018104683674
14.0,0.114464,0.057229903308646274
19.0,0.10404,0.052018104683674
20.0,0.10404,0.052018104683674
23.0,0.093616,0.04680630605870172
21.0,0.093616,0.04680630605870172
20.0,0.10404,0.052018104683674
17.0,0.10404,0.052018104683674
22.0,0.093616,0.04680630605870172
21.0,0.093616,0.04680630605870172
20.0,0.10404,0.052018104683674
17.0,0.10404,0.052018104683674
15.0,0.124888,0.06244170193361856
12.0,0.135312,0.06765350055859083
14.0,0.135312,0.06765350055859083
17.0,0.083192,0.04159450743372952
16.0,0.093616,0.0468063060587018
17.0,0.083192,0.04159450743372952
19.0,0.093616,0.0468063060587018
17.0,0.083192,0.04159450743372952
14.0,0.083192,0.04159450743372952
19.0,0.093616,0.0468063060587018
16.0,0.093616,0.0468063060587018
14.0,0.10404,0.05201810468367408
19.0,0.093616,0.0468063060587018
19.0,0.093616,0.0468063060587018
13.0,0.10404,0.05201810468367408
17.0,0.083192,0.04159450743372952
16.0,0.083192,0.04159450743372952
16.0,0.093616,0.0468063060587018
18.0,0.093616,0.0468063060587018
20.0,0.093616,0.0468063060587018
18.0,0.10404,0.05201810468367408
16.0,0.093616,0.0468063060587018
15.0,0.10404,0.05201810468367408
15.0,0.093616,0.0468063060587018
17.0,0.10404,0.05201810468367408
17.0,0.093616,0.0468063060587018
15.0,0.093616,0.0468063060587018
17.0,0.083192,0.04159450743372952
16.0,0.083192,0.04159450743372952
15.0,0.083192,0.04159450743372952
16.0,0.093616,0.0468063060587018
16.0,0.093616,0.0468063060587018
16.0,0.093616,0.0468063060587018
14.0,0.093616,0.0468063060587018
18.0,0.093616,0.0468063060587018
20.0,0.093616,0.0468063060587018
18.0,0.10404,0.05201810468367408
19.0,0.10404,0.05201810468367408
16.0,0.093616,0.0468063060587018
15.0,0.093616,0.0468063060587018
16.0,0.093616,0.0468063060587018
14.0,0.10404,0.05201810468367408
15.0,0.10404,0.05201810468367408
15.0,0.10404,0.05201810468367408
13.0,0.114464,0.05722990330864636
17.0,0.10404,0.05201810468367408
19.0,0.10404,0.05201810468367408
17.0,0.093616,0.0468063060587018
15.0,0.093616,0.0468063060587018
16.0,0.093616,0.0468063060587018
15.0,0.10404,0.05201810468367408
13.0,0.10404,0.05201810468367408
16.0,0.093616,0.0468063060587018
15.0,0.10404,0.05201810468367408
16.0,0.093616,0.0468063060587018
17.0,0.10404,0.05201810468367408
16.0,0.093616,0.0468063060587018
13.0,0.093616,0.0468063060587018
17.0,0.10404,0.05201810468367408
15.0,0.10404,0.05201810468367408
11.0,0.114464,0.05722990330864636
17.0,0.10404,0.05201810468367408
17.0,0.10404,0.05201810468367408
10.0,0.114464,0.05722990330864636
21.0,0.093616,0.0468063060587018
20.0,0.093616,0.0468063060587018
19.0,0.10404,0.05201810468367408
18.0,0.10404,0.05201810468367408
21.0,0.093616,0.0468063060587018
20.0,0.093616,0.0468063060587018
19.0,0.10404,0.05201810468367408
18.0,0.10404,0.05201810468367408
14.0,0.10404,0.05201810468367408
11.0,0.114464,0.05722990330864636
13.0,0.124888,0.062441701933618636
10.0,0.135312,0.06765350055859091
10.0,0.135312,0.06765350055859091
14.0,0.166704,0.0833491151608974
13.0,0.177128,0.08856091378586967
13.0,0.177128,0.08856091378586967
13.0,0.177128,0.08856091378586967
11.0,0.187552,0.09377271241084195
13.0,0.177128,0.08856091378586967
10.0,0.187552,0.09377271241084195
8.0,0.2084,0.10419630966078651
20.0,0.041555,0.02077702698191545
19.0,0.051979,0.02598882560688773
19.0,0.041555,0.02077702698191545
17.0,0.041555,0.02077702698191545
18.0,0.051979,0.02598882560688773
19.0,0.041555,0.02077702698191545
16.0,0.041555,0.02077702698191545
19.0,0.041555,0.02077702698191545
17.0,0.041555,0.02077702698191545
19.0,0.051979,0.02598882560688773
19.0,0.051979,0.025988825606887728
17.0,0.062403,0.03120062423186001
19.0,0.051979,0.025988825606887728
18.0,0.051979,0.025988825606887728
15.0,0.062403,0.03120062423186001
19.0,0.051979,0.025988825606887728
16.0,0.051979,0.025988825606887728
18.0,0.051979,0.025988825606887728
18.0,0.062403,0.031200624231860007
17.0,0.062403,0.031200624231860007
22.0,0.051979,0.025988825606887728
20.0,0.051979,0.025988825606887728
22.0,0.051979,0.025988825606887728
19.0,0.051979,0.025988825606887728
19.0,0.041555,0.02077702698191545
17.0,0.051979,0.02598882560688773
17.0,0.041555,0.02077702698191545
16.0,0.041555,0.02077702698191545
16.0,0.051979,0.02598882560688773
17.0,0.041555,0.02077702698191545
14.0,0.041555,0.02077702698191545
18.0,0.041555,0.02077702698191545
16.0,0.041555,0.02077702698191545
17.0,0.051979,0.02598882560688773
18.0,0.051979,0.025988825606887728
16.0,0.062403,0.03120062423186001
17.0,0.051979,0.025988825606887728
17.0,0.051979,0.025988825606887728
13.0,0.062403,0.03120062423186001
21.0,0.051979,0.025988825606887728
18.0,0.051979,0.025988825606887728
20.0,0.051979,0.025988825606887728
20.0,0.062403,0.031200624231860007
19.0,0.062403,0.031200624231860007
19.0,0.051979,0.025988825606887728
18.0,0.062403,0.03120062423186001
18.0,0.051979,0.025988825606887728
16.0,0.051979,0.025988825606887728
17.0,0.062403,0.03120062423186001
17.0,0.062403,0.031200624231860007
14.0,0.062403,0.031200624231860007
20.0,0.062403,0.031200624231860007
22.0,0.051979,0.025988825606887728
20.0,0.062403,0.03120062423186001
20.0,0.051979,0.025988825606887728
19.0,0.051979,0.025988825606887728
19.0,0.062403,0.03120062423186001
23.0,0.051979,0.025988825606887728
20.0,0.051979,0.025988825606887728
15.0,0.062403,0.031200624231860007
12.0,0.062403,0.031200624231860007
22.0,0.051979,0.025988825606887728
20.0,0.062403,0.031200624231860007
21.0,0.051979,0.025988825606887728
19.0,0.062403,0.031200624231860007
20.0,0.041555,0.02077702698191545
19.0,0.051979,0.02598882560688773
19.0,0.041555,0.02077702698191545
17.0,0.041555,0.02077702698191545
18.0,0.051979,0.02598882560688773
19.0,0.041555,0.02077702698191545
16.0,0.041555,0.02077702698191545
19.0,0.041555,0.02077702698191545
17.0,0.041555,0.02077702698191545
19.0,0.051979,0.02598882560688773
19.0,0.051979,0.025988825606887728
17.0,0.062403,0.03120062423186001
19.0,0.051979,0.025988825606887728
18.0,0.051979,0.025988825606887728
15.0,0.062403,0.03120062423186001
19.0,0.051979,0.025988825606887728
16.0,0.051979,0.025988825606887728
18.0,0.051979,0.025988825606887728
18.0,0.062403,0.031200624231860007
17.0,0.062403,0.031200624231860007
22.0,0.051979,0.025988825606887728
20.0,0.051979,0.025988825606887728
22.0,0.051979,0.025988825606887728
19.0,0.051979,0.025988825606887728
19.0,0.041555,0.02077702698191545
17.0,0.051979,0.02598882560688773
17.0,0.041555,0.02077702698191545
16.0,0.041555,0.02077702698191545
16.0,0.051979,0.02598882560688773
17.0,0.041555,0.02077702698191545
14.0,0.041555,0.02077702698191545
18.0,0.041555,0.02077702698191545
16.0,0.041555,0.02077702698191545
17.0,0.051979,0.02598882560688773
18.0,0.051979,0.025988825606887728
16.0,0.062403,0.03120062423186001
17.0,0.051979,0.025988825606887728
17.0,0.051979,0.025988825606887728
13.0,0.062403,0.03120062423186001
21.0,0.051979,0.025988825606887728
18.0,0.051979,0.025988825606887728
20.0,0.051979,0.025988825606887728
20.0,0.062403,0.031200624231860007
19.0,0.062403,0.031200624231860007
19.0,0.051979,0.025988825606887728
18.0,0.062403,0.03120062423186001
18.0,0.051979,0.025988825606887728
16.0,0.051979,0.025988825606887728
17.0,0.062403,0.03120062423186001
17.0,0.062403,0.031200624231860007
14.0,0.062403,0.031200624231860007
20.0,0.062403,0.031200624231860007
23.0,0.051979,0.025988825606887728
20.0,0.051979,0.025988825606887728
22.0,0.051979,0.025988825606887728
20.0,0.062403,0.03120062423186001
20.0,0.051979,0.025988825606887728
19.0,0.051979,0.025988825606887728
19.0,0.062403,0.03120062423186001
15.0,0.062403,0.031200624231860007
12.0,0.062403,0.031200624231860007
22.0,0.051979,0.025988825606887728
20.0,0.062403,0.031200624231860007
21.0,0.051979,0.025988825606887728
19.0,0.062403,0.031200624231860007
14.0,0.093616,0.0468063060587018
13.0,0.10404,0.05201810468367408
13.0,0.093616,0.0468063060587018
15.0,0.10404,0.05201810468367408
13.0,0.093616,0.0468063060587018
11.0,0.093616,0.0468063060587018
15.0,0.10404,0.05201810468367408
13.0,0.10404,0.05201810468367408
10.0,0.114464,0.05722990330864636
16.0,0.10404,0.05201810468367408
16.0,0.10404,0.05201810468367408
8.0,0.114464,0.05722990330864636
18.0,0.093616,0.04680630605870172
15.0,0.10404,0.052018104683673995
16.0,0.093616,0.04680630605870172
15.0,0.093616,0.04680630605870172
15.0,0.10404,0.052018104683673995
16.0,0.093616,0.04680630605870172
13.0,0.093616,0.04680630605870172
17.0,0.093616,0.04680630605870172
14.0,0.093616,0.04680630605870172
16.0,0.10404,0.052018104683673995
16.0,0.10404,0.052018104683674
13.0,0.114464,0.057229903308646274
16.0,0.10404,0.052018104683674
16.0,0.10404,0.052018104683674
12.0,0.114464,0.057229903308646274
13.0,0.177128,0.08856091378586967
11.0,0.187552,0.09377271241084195
18.0,0.093616,0.04680630605870172
15.0,0.10404,0.052018104683673995
16.0,0.093616,0.04680630605870172
15.0,0.093616,0.04680630605870172
15.0,0.10404,0.052018104683673995
16.0,0.093616,0.04680630605870172
13.0,0.093616,0.04680630605870172
17.0,0.093616,0.04680630605870172
14.0,0.093616,0.04680630605870172
16.0,0.10404,0.052018104683673995
16.0,0.10404,0.052018104683674
13.0,0.114464,0.057229903308646274
16.0,0.10404,0.052018104683674
16.0,0.10404,0.052018104683674
12.0,0.114464,0.057229903308646274
13.0,0.177128,0.08856091378586967
11.0,0.187552,0.09377271241084195
18.0,0.041696,0.020847194499889116
17.0,0.05212,0.026058993124861395
17.0,0.05212,0.026058993124861395
17.0,0.05212,0.026058993124861395
14.0,0.062544,0.031270791749833673
17.0,0.05212,0.026058993124861395
14.0,0.062544,0.031270791749833673
11.0,0.083392,0.04169438899977823
7.0,0.2084,0.10419630966078651
18.0,0.0,0.0
17.0,0.010424,0.005211798624972279
17.0,0.0,0.0
19.0,0.010424,0.005211798624972279
17.0,0.0,0.0
14.0,0.0,0.0
19.0,0.010424,0.005211798624972279
17.0,0.010424,0.005211798624972279
16.0,0.020848,0.010423597249944558
19.0,0.010424,0.005211798624972279
19.0,0.010424,0.005211798624972279
13.0,0.020848,0.010423597249944558
18.0,0.010424,0.005211798624972279
16.0,0.010424,0.005211798624972279
17.0,0.020848,0.010423597249944558
18.0,0.020848,0.010423597249944558
18.0,0.0,0.0
17.0,0.010424,0.005211798624972279
16.0,0.0,0.0
18.0,0.010424,0.005211798624972279
18.0,0.010424,0.005211798624972279
15.0,0.010424,0.005211798624972279
20.0,0.010424,0.005211798624972279
19.0,0.020848,0.010423597249944558
18.0,0.010424,0.005211798624972279
15.0,0.020848,0.010423597249944558
16.0,0.010424,0.005211798624972279
16.0,0.010424,0.005211798624972279
16.0,0.020848,0.010423597249944558
17.0,0.020848,0.010423597249944558
14.0,0.031272,0.015635395874916837
18.0,0.020848,0.010423597249944558
18.0,0.020848,0.010423597249944558
17.0,0.010424,0.005211798624972279
16.0,0.020848,0.010423597249944558
16.0,0.010424,0.005211798624972279
18.0,0.020848,0.010423597249944558
16.0,0.010424,0.005211798624972279
13.0,0.010424,0.005211798624972279
18.0,0.020848,0.010423597249944558
16.0,0.020848,0.010423597249944558
15.0,0.031272,0.015635395874916837
18.0,0.020848,0.010423597249944558
18.0,0.020848,0.010423597249944558
12.0,0.031272,0.015635395874916837
14.0,0.041696,0.020847194499889116
13.0,0.05212,0.026058993124861395
20.0,0.010424,0.005211798624972279
19.0,0.020848,0.010423597249944558
18.0,0.010424,0.005211798624972279
18.0,0.020848,0.010423597249944558
18.0,0.0,0.0
16.0,0.010424,0.005211798624972279
16.0,0.0,0.0
15.0,0.0,0.0
16.0,0.010424,0.005211798624972279
17.0,0.010424,0.005211798624972279
14.0,0.010424,0.005211798624972279
18.0,0.010424,0.005211798624972279
18.0,0.010424,0.005211798624972279
16.0,0.020848,0.010423597249944558
15.0,0.010424,0.005211798624972279
16.0,0.010424,0.005211798624972279
12.0,0.020848,0.010423597249944558
20.0,0.010424,0.005211798624972279
19.0,0.020848,0.010423597249944558
18.0,0.010424,0.005211798624972279
18.0,0.020848,0.010423597249944558
20.0,0.010424,0.005211798624972279
19.0,0.020848,0.010423597249944558
18.0,0.020848,0.010423597249944558
14.0,0.020848,0.010423597249944558
13.0,0.031272,0.015635395874916837
11.0,0.05212,0.026058993124861395
18.0,0.0,0.0
17.0,0.010424,0.005211798624972279
17.0,0.0,0.0
19.0,0.010424,0.005211798624972279
17.0,0.0,0.0
14.0,0.0,0.0
19.0,0.010424,0.005211798624972279
17.0,0.010424,0.005211798624972279
16.0,0.020848,0.010423597249944558
19.0,0.010424,0.005211798624972279
19.0,0.010424,0.005211798624972279
13.0,0.020848,0.010423597249944558
17.0,0.010424,0.005211798624972279
15.0,0.010424,0.005211798624972279
16.0,0.020848,0.010423597249944558
17.0,0.020848,0.010423597249944558
16.0,0.0,0.0
15.0,0.010424,0.005211798624972279
15.0,0.0,0.0
17.0,0.010424,0.005211798624972279
17.0,0.010424,0.005211798624972279
14.0,0.010424,0.005211798624972279
18.0,0.010424,0.005211798624972279
17.0,0.020848,0.010423597249944558
20.0,0.010424,0.005211798624972279
19.0,0.020848,0.010423597249944558
19.0,0.010424,0.005211798624972279
17.0,0.020848,0.010423597249944558
19.0,0.010424,0.005211798624972279
16.0,0.010424,0.005211798624972279
19.0,0.020848,0.010423597249944558
19.0,0.020848,0.010423597249944558
17.0,0.031272,0.015635395874916837
19.0,0.020848,0.010423597249944558
20.0,0.020848,0.010423597249944558
14.0,0.031272,0.015635395874916837
17.0,0.0,0.0
16.0,0.010424,0.005211798624972279
16.0,0.0,0.0
18.0,0.010424,0.005211798624972279
16.0,0.0,0.0
13.0,0.0,0.0
18.0,0.010424,0.005211798624972279
16.0,0.010424,0.005211798624972279
15.0,0.020848,0.010423597249944558
18.0,0.010424,0.005211798624972279
18.0,0.010424,0.005211798624972279
12.0,0.020848,0.010423597249944558
16.0,0.010424,0.005211798624972279
14.0,0.010424,0.005211798624972279
15.0,0.020848,0.010423597249944558
16.0,0.020848,0.010423597249944558
16.0,0.0,0.0
15.0,0.010424,0.005211798624972279
14.0,0.0,0.0
16.0,0.010424,0.005211798624972279
16.0,0.010424,0.005211798624972279
13.0,0.010424,0.005211798624972279
18.0,0.010424,0.005211798624972279
17.0,0.020848,0.010423597249944558
18.0,0.010424,0.005211798624972279
16.0,0.020848,0.010423597249944558
16.0,0.010424,0.005211798624972279
17.0,0.010424,0.005211798624972279
16.0,0.020848,0.010423597249944558
17.0,0.020848,0.010423597249944558
15.0,0.031272,0.015635395874916837
18.0,0.020848,0.010423597249944558
19.0,0.020848,0.010423597249944558
19.0,0.010424,0.005211798624972279
18.0,0.020848,0.010423597249944558
18.0,0.010424,0.005211798624972279
16.0,0.020848,0.010423597249944558
18.0,0.010424,0.005211798624972279
15.0,0.010424,0.005211798624972279
18.0,0.020848,0.010423597249944558
18.0,0.020848,0.010423597249944558
16.0,0.031272,0.015635395874916837
18.0,0.020848,0.010423597249944558
19.0,0.020848,0.010423597249944558
13.0,0.031272,0.015635395874916837
18.0,0.010424,0.005211798624972279
17.0,0.020848,0.010423597249944558
16.0,0.010424,0.005211798624972279
17.0,0.010424,0.005211798624972279
17.0,0.020848,0.010423597249944558
17.0,0.020848,0.010423597249944558
16.0,0.020848,0.010423597249944558
18.0,0.020848,0.010423597249944558
17.0,0.020848,0.010423597249944558
14.0,0.031272,0.015635395874916837
15.0,0.020848,0.010423597249944558
15.0,0.020848,0.010423597249944558
14.0,0.031272,0.015635395874916837
17.0,0.020848,0.010423597249944558
16.0,0.031272,0.015635395874916837
15.0,0.020848,0.010423597249944558
17.0,0.031272,0.015635395874916837
13.0,0.05212,0.026058993124861395
19.0,0.020848,0.010423597249944558
18.0,0.031272,0.015635395874916837
18.0,0.010424,0.005211798624972279
17.0,0.020848,0.010423597249944558
15.0,0.010424,0.005211798624972279
17.0,0.010424,0.005211798624972279
15.0,0.020848,0.010423597249944558
17.0,0.020848,0.010423597249944558
14.0,0.020848,0.010423597249944558
19.0,0.020848,0.010423597249944558
18.0,0.010424,0.005211798624972279
17.0,0.020848,0.010423597249944558
16.0,0.010424,0.005211798624972279
16.0,0.010424,0.005211798624972279
16.0,0.020848,0.010423597249944558
17.0,0.020848,0.010423597249944558
15.0,0.020848,0.010423597249944558
18.0,0.020848,0.010423597249944558
15.0,0.020848,0.010423597249944558
13.0,0.031272,0.015635395874916837
12.0,0.020848,0.010423597249944558
13.0,0.020848,0.010423597249944558
11.0,0.031272,0.015635395874916837
14.0,0.05212,0.026058993124861395
18.0,0.0,0.0
17.0,0.010424,0.005211798624972279
16.0,0.0,0.0
17.0,0.0,0.0
17.0,0.010424,0.005211798624972279
15.0,0.0,0.0
14.0,0.0,0.0
16.0,0.0,0.0
14.0,0.0,0.0
16.0,0.010424,0.005211798624972279
16.0,0.010424,0.005211798624972279
15.0,0.020848,0.010423597249944558
16.0,0.010424,0.005211798624972279
17.0,0.010424,0.005211798624972279
13.0,0.020848,0.010423597249944558
17.0,0.010424,0.005211798624972279
15.0,0.010424,0.005211798624972279
14.0,0.010424,0.005211798624972279
15.0,0.020848,0.010423597249944558
15.0,0.020848,0.010423597249944558
19.0,0.010424,0.005211798624972279
16.0,0.010424,0.005211798624972279
18.0,0.010424,0.005211798624972279
16.0,0.010424,0.005211798624972279
17.0,0.0,0.0
15.0,0.010424,0.005211798624972279
15.0,0.0,0.0
14.0,0.0,0.0
14.0,0.010424,0.005211798624972279
14.0,0.0,0.0
11.0,0.0,0.0
14.0,0.0,0.0
12.0,0.0,0.0
14.0,0.010424,0.005211798624972279
15.0,0.010424,0.005211798624972279
13.0,0.020848,0.010423597249944558
14.0,0.010424,0.005211798624972279
14.0,0.010424,0.005211798624972279
10.0,0.020848,0.010423597249944558
19.0,0.010424,0.005211798624972279
17.0,0.010424,0.005211798624972279
16.0,0.010424,0.005211798624972279
17.0,0.020848,0.010423597249944558
16.0,0.020848,0.010423597249944558
17.0,0.010424,0.005211798624972279
16.0,0.020848,0.010423597249944558
14.0,0.010424,0.005211798624972279
15.0,0.010424,0.005211798624972279
15.0,0.020848,0.010423597249944558
16.0,0.020848,0.010423597249944558
13.0,0.020848,0.010423597249944558
17.0,0.020848,0.010423597249944558
18.0,0.010424,0.005211798624972279
17.0,0.020848,0.010423597249944558
16.0,0.010424,0.005211798624972279
16.0,0.020848,0.010423597249944558
19.0,0.010424,0.005211798624972279
16.0,0.010424,0.005211798624972279
19.0,0.010424,0.005211798624972279
17.0,0.020848,0.010423597249944558
16.0,0.010424,0.005211798624972279
16.0,0.010424,0.005211798624972279
16.0,0.020848,0.010423597249944558
13.0,0.020848,0.010423597249944558
10.0,0.020848,0.010423597249944558
20.0,0.010424,0.005211798624972279
19.0,0.020848,0.010423597249944558
19.0,0.010424,0.005211798624972279
19.0,0.020848,0.010423597249944558
19.0,0.010424,0.005211798624972279
16.0,0.010424,0.005211798624972279
17.0,0.020848,0.010423597249944558
19.0,0.020848,0.010423597249944558
17.0,0.031272,0.015635395874916837
20.0,0.020848,0.010423597249944558
19.0,0.020848,0.010423597249944558
14.0,0.031272,0.015635395874916837
18.0,0.010424,0.005211798624972279
16.0,0.010424,0.005211798624972279
17.0,0.020848,0.010423597249944558
16.0,0.020848,0.010423597249944558
18.0,0.020848,0.010423597249944558
16.0,0.031272,0.015635395874916837
18.0,0.020848,0.010423597249944558
17.0,0.031272,0.015635395874916837
17.0,0.020848,0.010423597249944558
15.0,0.031272,0.015635395874916837
19.0,0.020848,0.010423597249944558
16.0,0.020848,0.010423597249944558
17.0,0.0,0.0
16.0,0.010424,0.005211798624972279
16.0,0.0,0.0
16.0,0.0,0.0
16.0,0.010424,0.005211798624972279
16.0,0.0,0.0
14.0,0.0,0.0
14.0,0.0,0.0
13.0,0.0,0.0
15.0,0.010424,0.005211798624972279
16.0,0.010424,0.005211798624972279
14.0,0.020848,0.010423597249944558
16.0,0.010424,0.005211798624972279
15.0,0.010424,0.005211798624972279
12.0,0.020848,0.010423597249944558
16.0,0.010424,0.005211798624972279
15.0,0.010424,0.005211798624972279
13.0,0.010424,0.005211798624972279
15.0,0.020848,0.010423597249944558
14.0,0.020848,0.010423597249944558
18.0,0.010424,0.005211798624972279
15.0,0.010424,0.005211798624972279
18.0,0.010424,0.005211798624972279
16.0,0.010424,0.005211798624972279
16.0,0.0,0.0
14.0,0.010424,0.005211798624972279
13.0,0.0,0.0
14.0,0.0,0.0
13.0,0.010424,0.005211798624972279
14.0,0.0,0.0
12.0,0.0,0.0
13.0,0.0,0.0
10.0,0.0,0.0
13.0,0.010424,0.005211798624972279
14.0,0.010424,0.005211798624972279
12.0,0.020848,0.010423597249944558
13.0,0.010424,0.005211798624972279
13.0,0.010424,0.005211798624972279
9.0,0.020848,0.010423597249944558
18.0,0.010424,0.005211798624972279
16.0,0.010424,0.005211798624972279
15.0,0.010424,0.005211798624972279
16.0,0.020848,0.010423597249944558
15.0,0.020848,0.010423597249944558
16.0,0.010424,0.005211798624972279
15.0,0.020848,0.010423597249944558
15.0,0.010424,0.005211798624972279
13.0,0.010424,0.005211798624972279
14.0,0.020848,0.010423597249944558
15.0,0.020848,0.010423597249944558
12.0,0.020848,0.010423597249944558
17.0,0.020848,0.010423597249944558
18.0,0.010424,0.005211798624972279
15.0,0.010424,0.005211798624972279
18.0,0.010424,0.005211798624972279
16.0,0.020848,0.010423597249944558
16.0,0.010424,0.005211798624972279
15.0,0.010424,0.005211798624972279
15.0,0.020848,0.010423597249944558
12.0,0.020848,0.010423597249944558
9.0,0.020848,0.010423597249944558
18.0,0.010424,0.005211798624972279
17.0,0.020848,0.010423597249944558
16.0,0.010424,0.005211798624972279
16.0,0.020848,0.010423597249944558
18.0,0.010424,0.005211798624972279
16.0,0.020848,0.010423597249944558
16.0,0.010424,0.005211798624972279
17.0,0.010424,0.005211798624972279
16.0,0.020848,0.010423597249944558
16.0,0.010424,0.005211798624972279
14.0,0.010424,0.005211798624972279
15.0,0.010424,0.005211798624972279
13.0,0.010424,0.005211798624972279
13.0,0.020848,0.010423597249944558
17.0,0.020848,0.010423597249944558
14.0,0.031272,0.015635395874916837
16.0,0.020848,0.010423597249944558
16.0,0.020848,0.010423597249944558
12.0,0.031272,0.015635395874916837
17.0,0.020848,0.010423597249944558
15.0,0.031272,0.015635395874916837
15.0,0.020848,0.010423597249944558
14.0,0.020848,0.010423597249944558
12.0,0.031272,0.015635395874916837
18.0,0.020848,0.010423597249944558
15.0,0.020848,0.010423597249944558
19.0,0.020848,0.010423597249944558
16.0,0.020848,0.010423597249944558
19.0,0.010424,0.005211798624972279
18.0,0.020848,0.010423597249944558
18.0,0.010424,0.005211798624972279
18.0,0.020848,0.010423597249944558
18.0,0.010424,0.005211798624972279
15.0,0.010424,0.005211798624972279
16.0,0.020848,0.010423597249944558
18.0,0.020848,0.010423597249944558
16.0,0.031272,0.015635395874916837
19.0,0.020848,0.010423597249944558
18.0,0.020848,0.010423597249944558
13.0,0.031272,0.015635395874916837
18.0,0.010424,0.005211798624972279
16.0,0.010424,0.005211798624972279
17.0,0.020848,0.010423597249944558
16.0,0.020848,0.010423597249944558
18.0,0.020848,0.010423597249944558
16.0,0.031272,0.015635395874916837
18.0,0.020848,0.010423597249944558
17.0,0.031272,0.015635395874916837
16.0,0.020848,0.010423597249944558
14.0,0.031272,0.015635395874916837
18.0,0.020848,0.010423597249944558
15.0,0.020848,0.010423597249944558
18.0,0.010424,0.005211798624972279
17.0,0.020848,0.010423597249944558
16.0,0.010424,0.005211798624972279
17.0,0.010424,0.005211798624972279
17.0,0.020848,0.010423597249944558
16.0,0.010424,0.005211798624972279
15.0,0.010424,0.005211798624972279
16.0,0.010424,0.005211798624972279
14.0,0.010424,0.005211798624972279
17.0,0.020848,0.010423597249944558
15.0,0.020848,0.010423597249944558
14.0,0.031272,0.015635395874916837
16.0,0.020848,0.010423597249944558
16.0,0.020848,0.010423597249944558
13.0,0.031272,0.015635395874916837
17.0,0.020848,0.010423597249944558
16.0,0.020848,0.010423597249944558
15.0,0.020848,0.010423597249944558
14.0,0.031272,0.015635395874916837
15.0,0.031272,0.015635395874916837
18.0,0.020848,0.010423597249944558
16.0,0.020848,0.010423597249944558
18.0,0.020848,0.010423597249944558
17.0,0.020848,0.010423597249944558
17.0,0.020848,0.010423597249944558
14.0,0.031272,0.015635395874916837
15.0,0.020848,0.010423597249944558
15.0,0.020848,0.010423597249944558
14.0,0.031272,0.015635395874916837
15.0,0.020848,0.010423597249944558
13.0,0.020848,0.010423597249944558
14.0,0.020848,0.010423597249944558
12.0,0.020848,0.010423597249944558
14.0,0.031272,0.015635395874916837
14.0,0.031272,0.015635395874916837
11.0,0.041696,0.020847194499889116
14.0,0.031272,0.015635395874916837
14.0,0.031272,0.015635395874916837
10.0,0.041696,0.020847194499889116
17.0,0.020848,0.010423597249944558
15.0,0.020848,0.010423597249944558
15.0,0.020848,0.010423597249944558
14.0,0.031272,0.015635395874916837
15.0,0.031272,0.015635395874916837
16.0,0.031272,0.015635395874916837
13.0,0.041696,0.020847194499889116
17.0,0.031272,0.015635395874916837
17.0,0.031272,0.015635395874916837
13.0,0.05212,0.026058993124861395
10.0,0.062544,0.031270791749833673
19.0,0.020848,0.010423597249944558
18.0,0.031272,0.015635395874916837
17.0,0.020848,0.010423597249944558
15.0,0.031272,0.015635395874916837
18.0,0.020848,0.010423597249944558
17.0,0.031272,0.015635395874916837
16.0,0.020848,0.010423597249944558
14.0,0.031272,0.015635395874916837
11.0,0.062544,0.031270791749833673
18.0,0.010424,0.005211798624972279
17.0,0.020848,0.010423597249944558
15.0,0.010424,0.005211798624972279
17.0,0.010424,0.005211798624972279
15.0,0.020848,0.010423597249944558
16.0,0.010424,0.005211798624972279
14.0,0.010424,0.005211798624972279
16.0,0.010424,0.005211798624972279
13.0,0.010424,0.005211798624972279
16.0,0.020848,0.010423597249944558
16.0,0.020848,0.010423597249944558
14.0,0.031272,0.015635395874916837
12.0,0.020848,0.010423597249944558
16.0,0.020848,0.010423597249944558
11.0,0.031272,0.015635395874916837
17.0,0.020848,0.010423597249944558
14.0,0.020848,0.010423597249944558
15.0,0.020848,0.010423597249944558
15.0,0.031272,0.015635395874916837
11.0,0.031272,0.015635395874916837
19.0,0.020848,0.010423597249944558
16.0,0.020848,0.010423597249944558
18.0,0.020848,0.010423597249944558
15.0,0.020848,0.010423597249944558
18.0,0.010424,0.005211798624972279
17.0,0.020848,0.010423597249944558
16.0,0.010424,0.005211798624972279
16.0,0.010424,0.005211798624972279
16.0,0.020848,0.010423597249944558
17.0,0.010424,0.005211798624972279
14.0,0.010424,0.005211798624972279
15.0,0.010424,0.005211798624972279
13.0,0.010424,0.005211798624972279
16.0,0.020848,0.010423597249944558
16.0,0.020848,0.010423597249944558
14.0,0.031272,0.015635395874916837
16.0,0.020848,0.010423597249944558
13.0,0.020848,0.010423597249944558
12.0,0.031272,0.015635395874916837
17.0,0.020848,0.010423597249944558
15.0,0.020848,0.010423597249944558
14.0,0.020848,0.010423597249944558
15.0,0.031272,0.015635395874916837
12.0,0.031272,0.015635395874916837
18.0,0.020848,0.010423597249944558
15.0,0.020848,0.010423597249944558
19.0,0.020848,0.010423597249944558
16.0,0.020848,0.010423597249944558
15.0,0.020848,0.010423597249944558
13.0,0.031272,0.015635395874916837
12.0,0.020848,0.010423597249944558
13.0,0.020848,0.010423597249944558
11.0,0.031272,0.015635395874916837
13.0,0.020848,0.010423597249944558
10.0,0.020848,0.010423597249944558
12.0,0.020848,0.010423597249944558
9.0,0.020848,0.010423597249944558
12.0,0.031272,0.015635395874916837
13.0,0.031272,0.015635395874916837
10.0,0.041696,0.020847194499889116
11.0,0.031272,0.015635395874916837
12.0,0.031272,0.015635395874916837
7.0,0.041696,0.020847194499889116
14.0,0.05212,0.026058993124861395
11.0,0.062544,0.031270791749833673
17.0,0.010424,0.005211798624972279
16.0,0.020848,0.010423597249944558
16.0,0.010424,0.005211798624972279
18.0,0.020848,0.010423597249944558
16.0,0.010424,0.005211798624972279
13.0,0.010424,0.005211798624972279
18.0,0.020848,0.010423597249944558
16.0,0.020848,0.010423597249944558
15.0,0.031272,0.015635395874916837
18.0,0.020848,0.010423597249944558
18.0,0.020848,0.010423597249944558
12.0,0.031272,0.015635395874916837
17.0,0.020848,0.010423597249944558
15.0,0.020848,0.010423597249944558
16.0,0.031272,0.015635395874916837
17.0,0.031272,0.015635395874916837
17.0,0.010424,0.005211798624972279
16.0,0.020848,0.010423597249944558
15.0,0.010424,0.005211798624972279
17.0,0.020848,0.010423597249944558
17.0,0.020848,0.010423597249944558
14.0,0.020848,0.010423597249944558
19.0,0.020848,0.010423597249944558
17.0,0.031272,0.015635395874916837
17.0,0.020848,0.010423597249944558
14.0,0.031272,0.015635395874916837
15.0,0.020848,0.010423597249944558
15.0,0.020848,0.010423597249944558
15.0,0.031272,0.015635395874916837
16.0,0.031272,0.015635395874916837
13.0,0.041696,0.020847194499889116
17.0,0.031272,0.015635395874916837
17.0,0.031272,0.015635395874916837
16.0,0.020848,0.010423597249944558
15.0,0.031272,0.015635395874916837
15.0,0.020848,0.010423597249944558
16.0,0.031272,0.015635395874916837
15.0,0.020848,0.010423597249944558
12.0,0.020848,0.010423597249944558
16.0,0.031272,0.015635395874916837
15.0,0.031272,0.015635395874916837
10.0,0.041696,0.020847194499889116
16.0,0.031272,0.015635395874916837
16.0,0.031272,0.015635395874916837
9.0,0.041696,0.020847194499889116
13.0,0.05212,0.026058993124861395
10.0,0.062544,0.031270791749833673
19.0,0.020848,0.010423597249944558
17.0,0.031272,0.015635395874916837
17.0,0.020848,0.010423597249944558
16.0,0.031272,0.015635395874916837
17.0,0.010424,0.005211798624972279
15.0,0.020848,0.010423597249944558
15.0,0.010424,0.005211798624972279
14.0,0.010424,0.005211798624972279
15.0,0.020848,0.010423597249944558
16.0,0.020848,0.010423597249944558
13.0,0.020848,0.010423597249944558
17.0,0.020848,0.010423597249944558
17.0,0.020848,0.010423597249944558
15.0,0.031272,0.015635395874916837
14.0,0.020848,0.010423597249944558
15.0,0.020848,0.010423597249944558
11.0,0.031272,0.015635395874916837
19.0,0.020848,0.010423597249944558
17.0,0.031272,0.015635395874916837
17.0,0.020848,0.010423597249944558
16.0,0.031272,0.015635395874916837
19.0,0.020848,0.010423597249944558
17.0,0.031272,0.015635395874916837
17.0,0.031272,0.015635395874916837
13.0,0.031272,0.015635395874916837
10.0,0.041696,0.020847194499889116
8.0,0.062544,0.031270791749833673
20.0,0.010424,0.005211798624972279
19.0,0.020848,0.010423597249944558
19.0,0.010424,0.005211798624972279
19.0,0.020848,0.010423597249944558
19.0,0.010424,0.005211798624972279
16.0,0.010424,0.005211798624972279
20.0,0.020848,0.010423597249944558
19.0,0.020848,0.010423597249944558
17.0,0.031272,0.015635395874916837
17.0,0.020848,0.010423597249944558
19.0,0.020848,0.010423597249944558
14.0,0.031272,0.015635395874916837
19.0,0.020848,0.010423597249944558
17.0,0.020848,0.010423597249944558
18.0,0.031272,0.015635395874916837
15.0,0.031272,0.015635395874916837
18.0,0.010424,0.005211798624972279
17.0,0.020848,0.010423597249944558
17.0,0.010424,0.005211798624972279
17.0,0.020848,0.010423597249944558
19.0,0.020848,0.010423597249944558
16.0,0.020848,0.010423597249944558
18.0,0.020848,0.010423597249944558
16.0,0.031272,0.015635395874916837
20.0,0.010424,0.005211798624972279
19.0,0.020848,0.010423597249944558
19.0,0.010424,0.005211798624972279
20.0,0.020848,0.010423597249944558
19.0,0.010424,0.005211798624972279
16.0,0.010424,0.005211798624972279
19.0,0.020848,0.010423597249944558
19.0,0.020848,0.010423597249944558
17.0,0.031272,0.015635395874916837
19.0,0.020848,0.010423597249944558
17.0,0.020848,0.010423597249944558
14.0,0.031272,0.015635395874916837
19.0,0.020848,0.010423597249944558
17.0,0.020848,0.010423597249944558
18.0,0.031272,0.015635395874916837
15.0,0.031272,0.015635395874916837
18.0,0.010424,0.005211798624972279
17.0,0.020848,0.010423597249944558
17.0,0.010424,0.005211798624972279
17.0,0.020848,0.010423597249944558
19.0,0.020848,0.010423597249944558
16.0,0.020848,0.010423597249944558
18.0,0.020848,0.010423597249944558
16.0,0.031272,0.015635395874916837
14.0,0.020848,0.010423597249944558
13.0,0.031272,0.015635395874916837
13.0,0.020848,0.010423597249944558
14.0,0.031272,0.015635395874916837
13.0,0.020848,0.010423597249944558
10.0,0.020848,0.010423597249944558
14.0,0.031272,0.015635395874916837
13.0,0.031272,0.015635395874916837
10.0,0.041696,0.020847194499889116
14.0,0.031272,0.015635395874916837
14.0,0.031272,0.015635395874916837
7.0,0.041696,0.020847194499889116
19.0,0.010424,0.005211798624972279
18.0,0.020848,0.010423597249944558
18.0,0.010424,0.005211798624972279
18.0,0.020848,0.010423597249944558
18.0,0.010424,0.005211798624972279
15.0,0.010424,0.005211798624972279
19.0,0.020848,0.010423597249944558
18.0,0.020848,0.010423597249944558
16.0,0.031272,0.015635395874916837
16.0,0.020848,0.010423597249944558
18.0,0.020848,0.010423597249944558
13.0,0.031272,0.015635395874916837
18.0,0.020848,0.010423597249944558
16.0,0.020848,0.010423597249944558
17.0,0.031272,0.015635395874916837
14.0,0.031272,0.015635395874916837
18.0,0.010424,0.005211798624972279
17.0,0.020848,0.010423597249944558
16.0,0.010424,0.005211798624972279
16.0,0.020848,0.010423597249944558
18.0,0.020848,0.010423597249944558
15.0,0.020848,0.010423597249944558
18.0,0.020848,0.010423597249944558
16.0,0.031272,0.015635395874916837
19.0,0.010424,0.005211798624972279
18.0,0.020848,0.010423597249944558
18.0,0.010424,0.005211798624972279
19.0,0.020848,0.010423597249944558
18.0,0.010424,0.005211798624972279
15.0,0.010424,0.005211798624972279
18.0,0.020848,0.010423597249944558
18.0,0.020848,0.010423597249944558
16.0,0.031272,0.015635395874916837
18.0,0.020848,0.010423597249944558
16.0,0.020848,0.010423597249944558
13.0,0.031272,0.015635395874916837
18.0,0.020848,0.010423597249944558
16.0,0.020848,0.010423597249944558
17.0,0.031272,0.015635395874916837
14.0,0.031272,0.015635395874916837
18.0,0.010424,0.005211798624972279
17.0,0.020848,0.010423597249944558
16.0,0.010424,0.005211798624972279
16.0,0.020848,0.010423597249944558
18.0,0.020848,0.010423597249944558
15.0,0.020848,0.010423597249944558
18.0,0.020848,0.010423597249944558
16.0,0.031272,0.015635395874916837
13.0,0.020848,0.010423597249944558
12.0,0.031272,0.015635395874916837
12.0,0.020848,0.010423597249944558
13.0,0.031272,0.015635395874916837
12.0,0.020848,0.010423597249944558
9.0,0.020848,0.010423597249944558
13.0,0.031272,0.015635395874916837
12.0,0.031272,0.015635395874916837
9.0,0.041696,0.020847194499889116
13.0,0.031272,0.015635395874916837
13.0,0.031272,0.015635395874916837
6.0,0.041696,0.020847194499889116
12.0,0.05212,0.026058993124861395
9.0,0.062544,0.031270791749833673
14.0,0.041696,0.020847194499889116
13.0,0.05212,0.026058993124861395
13.0,0.05212,0.026058993124861395
13.0,0.05212,0.026058993124861395
10.0,0.062544,0.031270791749833673
13.0,0.05212,0.026058993124861395
10.0,0.062544,0.031270791749833673
7.0,0.083392,0.04169438899977823
11.0,0.05212,0.026058993124861395
8.0,0.062544,0.031270791749833673
14.0,0.05212,0.026058993124861395
11.0,0.062544,0.031270791749833673
14.0,0.05212,0.026058993124861395
11.0,0.062544,0.031270791749833673
12.0,0.05212,0.026058993124861395
9.0,0.062544,0.031270791749833673
4.0,0.083392,0.04169438899977823
18.0,0.041696,0.020847194499889116
17.0,0.05212,0.026058993124861395
17.0,0.05212,0.026058993124861395
17.0,0.05212,0.026058993124861395
14.0,0.062544,0.031270791749833673
17.0,0.05212,0.026058993124861395
14.0,0.062544,0.031270791749833673
11.0,0.083392,0.04169438899977823
9.0,0.083392,0.04169438899977823
15.0,0.166704,0.0833491151608974
14.0,0.177128,0.08856091378586967
14.0,0.177128,0.08856091378586967
14.0,0.177128,0.08856091378586967
11.0,0.187552,0.09377271241084195
14.0,0.177128,0.08856091378586967
11.0,0.187552,0.09377271241084195
8.0,0.2084,0.10419630966078651
21.0,0.041555,0.02077702698191545
20.0,0.051979,0.025988825606887728
20.0,0.041555,0.02077702698191545
23.0,0.051979,0.025988825606887728
20.0,0.041555,0.02077702698191545
17.0,0.041555,0.02077702698191545
23.0,0.051979,0.025988825606887728
20.0,0.051979,0.025988825606887728
18.0,0.062403,0.031200624231860007
23.0,0.051979,0.025988825606887728
23.0,0.051979,0.025988825606887728
16.0,0.062403,0.031200624231860007
20.0,0.051979,0.025988825606887728
19.0,0.051979,0.025988825606887728
19.0,0.062403,0.031200624231860007
21.0,0.062403,0.031200624231860007
20.0,0.041555,0.02077702698191545
19.0,0.051979,0.025988825606887728
19.0,0.041555,0.02077702698191545
22.0,0.051979,0.025988825606887728
21.0,0.051979,0.025988825606887728
18.0,0.051979,0.025988825606887728
23.0,0.051979,0.025988825606887728
21.0,0.062403,0.031200624231860007
20.0,0.051979,0.025988825606887728
18.0,0.062403,0.031200624231860007
19.0,0.051979,0.025988825606887728
20.0,0.051979,0.025988825606887728
19.0,0.062403,0.031200624231860007
19.0,0.062403,0.031200624231860007
17.0,0.072827,0.036412422856832286
21.0,0.062403,0.031200624231860007
23.0,0.062403,0.031200624231860007
20.0,0.051979,0.025988825606887728
19.0,0.062403,0.031200624231860007
19.0,0.051979,0.025988825606887728
21.0,0.062403,0.031200624231860007
19.0,0.051979,0.025988825606887728
16.0,0.051979,0.025988825606887728
22.0,0.062403,0.031200624231860007
19.0,0.062403,0.031200624231860007
16.0,0.072827,0.036412422856832286
21.0,0.062403,0.031200624231860007
22.0,0.062403,0.031200624231860007
14.0,0.072827,0.036412422856832286
17.0,0.083251,0.041624221481804564
15.0,0.093675,0.04683602010677684
24.0,0.051979,0.025988825606887728
22.0,0.062403,0.031200624231860007
23.0,0.051979,0.025988825606887728
22.0,0.062403,0.031200624231860007
20.0,0.041555,0.02077702698191545
20.0,0.051979,0.025988825606887728
19.0,0.041555,0.02077702698191545
18.0,0.041555,0.02077702698191545
19.0,0.051979,0.025988825606887728
19.0,0.051979,0.025988825606887728
17.0,0.051979,0.025988825606887728
22.0,0.051979,0.025988825606887728
21.0,0.051979,0.025988825606887728
19.0,0.062403,0.031200624231860007
18.0,0.051979,0.025988825606887728
19.0,0.051979,0.025988825606887728
16.0,0.062403,0.031200624231860007
24.0,0.051979,0.025988825606887728
23.0,0.062403,0.031200624231860007
23.0,0.051979,0.025988825606887728
22.0,0.062403,0.031200624231860007
23.0,0.051979,0.025988825606887728
22.0,0.062403,0.031200624231860007
23.0,0.062403,0.031200624231860007
17.0,0.062403,0.031200624231860007
15.0,0.072827,0.036412422856832286
14.0,0.093675,0.04683602010677684
20.0,0.041555,0.02077702698191545
19.0,0.051979,0.025988825606887728
19.0,0.041555,0.02077702698191545
23.0,0.051979,0.025988825606887728
19.0,0.041555,0.02077702698191545
17.0,0.041555,0.02077702698191545
23.0,0.051979,0.025988825606887728
19.0,0.051979,0.025988825606887728
18.0,0.062403,0.031200624231860007
22.0,0.051979,0.025988825606887728
22.0,0.051979,0.025988825606887728
16.0,0.062403,0.031200624231860007
18.0,0.051979,0.025988825606887728
18.0,0.051979,0.025988825606887728
17.0,0.062403,0.031200624231860007
21.0,0.062403,0.031200624231860007
19.0,0.041555,0.02077702698191545
18.0,0.051979,0.025988825606887728
17.0,0.041555,0.02077702698191545
21.0,0.051979,0.025988825606887728
19.0,0.051979,0.025988825606887728
17.0,0.051979,0.025988825606887728
21.0,0.051979,0.025988825606887728
19.0,0.062403,0.031200624231860007
23.0,0.051979,0.025988825606887728
22.0,0.062403,0.031200624231860007
22.0,0.051979,0.025988825606887728
22.0,0.062403,0.031200624231860007
22.0,0.051979,0.025988825606887728
20.0,0.051979,0.025988825606887728
21.0,0.062403,0.031200624231860007
22.0,0.062403,0.031200624231860007
19.0,0.072827,0.036412422856832286
22.0,0.062403,0.031200624231860007
22.0,0.062403,0.031200624231860007
17.0,0.072827,0.036412422856832286
20.0,0.041555,0.02077702698191545
19.0,0.051979,0.025988825606887728
19.0,0.041555,0.02077702698191545
22.0,0.051979,0.025988825606887728
19.0,0.041555,0.02077702698191545
16.0,0.041555,0.02077702698191545
22.0,0.051979,0.025988825606887728
19.0,0.051979,0.025988825606887728
17.0,0.062403,0.031200624231860007
22.0,0.051979,0.025988825606887728
22.0,0.051979,0.025988825606887728
15.0,0.062403,0.031200624231860007
19.0,0.051979,0.025988825606887728
18.0,0.051979,0.025988825606887728
18.0,0.062403,0.031200624231860007
20.0,0.062403,0.031200624231860007
20.0,0.041555,0.02077702698191545
19.0,0.051979,0.025988825606887728
18.0,0.041555,0.02077702698191545
21.0,0.051979,0.025988825606887728
20.0,0.051979,0.025988825606887728
17.0,0.051979,0.025988825606887728
23.0,0.051979,0.025988825606887728
21.0,0.062403,0.031200624231860007
20.0,0.051979,0.025988825606887728
18.0,0.062403,0.031200624231860007
19.0,0.051979,0.025988825606887728
20.0,0.051979,0.025988825606887728
19.0,0.062403,0.031200624231860007
19.0,0.062403,0.031200624231860007
17.0,0.072827,0.036412422856832286
21.0,0.062403,0.031200624231860007
23.0,0.062403,0.031200624231860007
23.0,0.051979,0.025988825606887728
22.0,0.062403,0.031200624231860007
23.0,0.051979,0.025988825606887728
22.0,0.062403,0.031200624231860007
23.0,0.051979,0.025988825606887728
20.0,0.051979,0.025988825606887728
21.0,0.062403,0.031200624231860007
22.0,0.062403,0.031200624231860007
17.0,0.072827,0.036412422856832286
23.0,0.062403,0.031200624231860007
23.0,0.062403,0.031200624231860007
16.0,0.072827,0.036412422856832286
19.0,0.051979,0.02598882560688773
18.0,0.062403,0.03120062423186001
18.0,0.051979,0.02598882560688773
18.0,0.051979,0.02598882560688773
18.0,0.062403,0.03120062423186001
18.0,0.062403,0.03120062423186001
17.0,0.062403,0.03120062423186001
20.0,0.062403,0.03120062423186001
18.0,0.062403,0.03120062423186001
16.0,0.072827,0.036412422856832286
16.0,0.062403,0.03120062423186001
17.0,0.062403,0.03120062423186001
16.0,0.072827,0.036412422856832286
18.0,0.062403,0.03120062423186001
17.0,0.072827,0.036412422856832286
17.0,0.062403,0.03120062423186001
18.0,0.072827,0.036412422856832286
15.0,0.093675,0.04683602010677684
22.0,0.062403,0.03120062423186001
20.0,0.072827,0.036412422856832286
20.0,0.051979,0.02598882560688773
18.0,0.062403,0.03120062423186001
18.0,0.051979,0.02598882560688773
19.0,0.051979,0.02598882560688773
18.0,0.062403,0.03120062423186001
19.0,0.062403,0.03120062423186001
17.0,0.062403,0.03120062423186001
23.0,0.062403,0.03120062423186001
20.0,0.051979,0.02598882560688773
19.0,0.062403,0.03120062423186001
19.0,0.051979,0.02598882560688773
19.0,0.051979,0.02598882560688773
19.0,0.062403,0.03120062423186001
19.0,0.062403,0.03120062423186001
18.0,0.062403,0.03120062423186001
21.0,0.062403,0.03120062423186001
17.0,0.062403,0.03120062423186001
15.0,0.072827,0.036412422856832286
15.0,0.062403,0.03120062423186001
16.0,0.062403,0.03120062423186001
15.0,0.072827,0.036412422856832286
18.0,0.093675,0.04683602010677684
22.0,0.083111,0.0415540539638309
20.0,0.093535,0.04676585258880318
21.0,0.083111,0.0415540539638309
21.0,0.083111,0.0415540539638309
21.0,0.093535,0.04676585258880318
21.0,0.083111,0.0415540539638309
19.0,0.083111,0.0415540539638309
20.0,0.083111,0.0415540539638309
19.0,0.083111,0.0415540539638309
20.0,0.093535,0.04676585258880318
20.0,0.093535,0.04676585258880318
18.0,0.103959,0.05197765121377546
21.0,0.093535,0.04676585258880318
20.0,0.093535,0.04676585258880318
17.0,0.103959,0.05197765121377546
21.0,0.093535,0.046765852588803176
20.0,0.093535,0.046765852588803176
19.0,0.093535,0.046765852588803176
19.0,0.103959,0.051977651213775455
19.0,0.103959,0.051977651213775455
24.0,0.093535,0.046765852588803176
22.0,0.093535,0.046765852588803176
24.0,0.093535,0.046765852588803176
22.0,0.093535,0.046765852588803176
21.0,0.083111,0.0415540539638309
19.0,0.093535,0.04676585258880318
18.0,0.083111,0.0415540539638309
19.0,0.083111,0.0415540539638309
19.0,0.093535,0.04676585258880318
20.0,0.083111,0.0415540539638309
17.0,0.083111,0.0415540539638309
19.0,0.083111,0.0415540539638309
16.0,0.083111,0.0415540539638309
19.0,0.093535,0.04676585258880318
19.0,0.093535,0.04676585258880318
16.0,0.103959,0.05197765121377546
19.0,0.093535,0.04676585258880318
19.0,0.093535,0.04676585258880318
15.0,0.103959,0.05197765121377546
23.0,0.093535,0.046765852588803176
21.0,0.093535,0.046765852588803176
21.0,0.093535,0.046765852588803176
20.0,0.103959,0.051977651213775455
20.0,0.103959,0.051977651213775455
21.0,0.093535,0.046765852588803176
19.0,0.103959,0.051977651213775455
20.0,0.093535,0.046765852588803176
19.0,0.093535,0.046765852588803176
19.0,0.103959,0.051977651213775455
18.0,0.103959,0.051977651213775455
16.0,0.103959,0.051977651213775455
21.0,0.103959,0.051977651213775455
23.0,0.093535,0.046765852588803176
20.0,0.103959,0.051977651213775455
21.0,0.093535,0.046765852588803176
21.0,0.093535,0.046765852588803176
20.0,0.103959,0.051977651213775455
24.0,0.093535,0.046765852588803176
22.0,0.093535,0.046765852588803176
16.0,0.103959,0.051977651213775455
14.0,0.103959,0.051977651213775455
24.0,0.093535,0.046765852588803176
21.0,0.103959,0.051977651213775455
22.0,0.093535,0.046765852588803176
20.0,0.103959,0.051977651213775455
21.0,0.124747,0.06237153441564489
18.0,0.135171,0.06758333304061717
20.0,0.124747,0.06237153441564489
20.0,0.124747,0.06237153441564489
19.0,0.135171,0.06758333304061717
19.0,0.124747,0.06237153441564489
18.0,0.124747,0.06237153441564489
19.0,0.124747,0.06237153441564489
18.0,0.124747,0.06237153441564489
18.0,0.135171,0.06758333304061717
19.0,0.135171,0.06758333304061717
16.0,0.145595,0.07279513166558944
19.0,0.135171,0.06758333304061717
19.0,0.135171,0.06758333304061717
15.0,0.145595,0.07279513166558944
19.0,0.135171,0.06758333304061717
16.0,0.145595,0.07279513166558944
17.0,0.135171,0.06758333304061717
17.0,0.135171,0.06758333304061717
16.0,0.145595,0.07279513166558944
21.0,0.135171,0.06758333304061717
19.0,0.135171,0.06758333304061717
21.0,0.135171,0.06758333304061717
19.0,0.135171,0.06758333304061717
24.0,0.083111,0.0415540539638309
23.0,0.093535,0.046765852588803176
23.0,0.083111,0.0415540539638309
26.0,0.093535,0.046765852588803176
23.0,0.083111,0.0415540539638309
20.0,0.083111,0.0415540539638309
26.0,0.093535,0.046765852588803176
23.0,0.093535,0.046765852588803176
21.0,0.103959,0.051977651213775455
26.0,0.093535,0.046765852588803176
26.0,0.093535,0.046765852588803176
19.0,0.103959,0.051977651213775455
22.0,0.093535,0.04676585258880318
21.0,0.093535,0.04676585258880318
21.0,0.103959,0.051977651213775455
23.0,0.103959,0.051977651213775455
23.0,0.083111,0.0415540539638309
22.0,0.093535,0.046765852588803176
21.0,0.083111,0.0415540539638309
24.0,0.093535,0.046765852588803176
23.0,0.093535,0.04676585258880318
21.0,0.093535,0.04676585258880318
26.0,0.093535,0.046765852588803176
24.0,0.103959,0.051977651213775455
23.0,0.083111,0.0415540539638309
20.0,0.093535,0.04676585258880318
22.0,0.083111,0.0415540539638309
21.0,0.083111,0.0415540539638309
21.0,0.093535,0.04676585258880318
22.0,0.093535,0.046765852588803176
19.0,0.103959,0.051977651213775455
24.0,0.093535,0.046765852588803176
24.0,0.093535,0.046765852588803176
26.0,0.093535,0.046765852588803176
24.0,0.093535,0.046765852588803176
24.0,0.103959,0.051977651213775455
23.0,0.103959,0.051977651213775455
22.0,0.093535,0.04676585258880318
20.0,0.103959,0.05197765121377546
21.0,0.093535,0.04676585258880318
20.0,0.093535,0.04676585258880318
20.0,0.103959,0.05197765121377546
21.0,0.103959,0.051977651213775455
19.0,0.103959,0.051977651213775455
23.0,0.103959,0.051977651213775455
23.0,0.093535,0.04676585258880318
20.0,0.103959,0.05197765121377546
21.0,0.093535,0.04676585258880318
21.0,0.093535,0.04676585258880318
20.0,0.103959,0.05197765121377546
23.0,0.124747,0.06237153441564489
20.0,0.135171,0.06758333304061717
22.0,0.124747,0.06237153441564489
22.0,0.124747,0.06237153441564489
21.0,0.135171,0.06758333304061717
22.0,0.135171,0.06758333304061717
19.0,0.145595,0.07279513166558944
24.0,0.135171,0.06758333304061717
25.0,0.135171,0.06758333304061717
21.0,0.135171,0.06758333304061717
18.0,0.145595,0.07279513166558944
19.0,0.135171,0.06758333304061717
19.0,0.135171,0.06758333304061717
18.0,0.145595,0.07279513166558944
20.0,0.124747,0.06237153441564497
19.0,0.135171,0.06758333304061725
20.0,0.124747,0.06237153441564497
21.0,0.135171,0.06758333304061725
20.0,0.124747,0.06237153441564497
17.0,0.124747,0.06237153441564497
22.0,0.135171,0.06758333304061725
19.0,0.135171,0.06758333304061725
16.0,0.145595,0.07279513166558953
21.0,0.135171,0.06758333304061725
22.0,0.135171,0.06758333304061725
15.0,0.145595,0.07279513166558953
19.0,0.124747,0.06237153441564497
18.0,0.124747,0.06237153441564497
18.0,0.135171,0.06758333304061725
19.0,0.135171,0.06758333304061725
22.0,0.135171,0.06758333304061725
18.0,0.145595,0.07279513166558953
18.0,0.135171,0.06758333304061725
17.0,0.145595,0.07279513166558953
17.0,0.135171,0.06758333304061725
18.0,0.145595,0.07279513166558953
19.0,0.135171,0.06758333304061725
17.0,0.135171,0.06758333304061725
17.0,0.208259,0.10412614214281285
15.0,0.218683,0.10933794076778512
15.0,0.218683,0.10933794076778512
21.0,0.083111,0.0415540539638309
20.0,0.093535,0.04676585258880318
20.0,0.083111,0.0415540539638309
18.0,0.083111,0.0415540539638309
19.0,0.093535,0.04676585258880318
20.0,0.083111,0.0415540539638309
17.0,0.083111,0.0415540539638309
20.0,0.083111,0.0415540539638309
18.0,0.083111,0.0415540539638309
20.0,0.093535,0.04676585258880318
19.0,0.093535,0.04676585258880318
17.0,0.103959,0.05197765121377546
20.0,0.093535,0.04676585258880318
19.0,0.093535,0.04676585258880318
16.0,0.103959,0.05197765121377546
19.0,0.093535,0.046765852588803176
16.0,0.093535,0.046765852588803176
18.0,0.093535,0.046765852588803176
17.0,0.103959,0.051977651213775455
17.0,0.103959,0.051977651213775455
21.0,0.093535,0.046765852588803176
19.0,0.093535,0.046765852588803176
21.0,0.093535,0.046765852588803176
18.0,0.093535,0.046765852588803176
23.0,0.083111,0.0415540539638309
22.0,0.093535,0.04676585258880318
22.0,0.083111,0.0415540539638309
20.0,0.083111,0.0415540539638309
21.0,0.093535,0.04676585258880318
22.0,0.093535,0.046765852588803176
19.0,0.093535,0.046765852588803176
25.0,0.093535,0.046765852588803176
22.0,0.083111,0.0415540539638309
20.0,0.093535,0.04676585258880318
20.0,0.083111,0.0415540539638309
19.0,0.083111,0.0415540539638309
19.0,0.093535,0.04676585258880318
24.0,0.093535,0.046765852588803176
21.0,0.093535,0.046765852588803176
17.0,0.135171,0.06758333304061725
15.0,0.145595,0.07279513166558953
16.0,0.135171,0.06758333304061725
16.0,0.145595,0.07279513166558953
20.0,0.135171,0.06758333304061717
17.0,0.145595,0.07279513166558944
18.0,0.135171,0.06758333304061717
18.0,0.135171,0.06758333304061717
17.0,0.145595,0.07279513166558944
15.0,0.218683,0.10933794076778512
20.0,0.041555,0.02077702698191545
19.0,0.051979,0.025988825606887728
19.0,0.041555,0.02077702698191545
19.0,0.041555,0.02077702698191545
19.0,0.051979,0.025988825606887728
17.0,0.041555,0.02077702698191545
16.0,0.041555,0.02077702698191545
19.0,0.041555,0.02077702698191545
17.0,0.041555,0.02077702698191545
18.0,0.051979,0.025988825606887728
19.0,0.051979,0.02598882560688773
17.0,0.062403,0.03120062423186001
18.0,0.051979,0.02598882560688773
19.0,0.051979,0.02598882560688773
15.0,0.062403,0.03120062423186001
19.0,0.051979,0.025988825606887728
18.0,0.051979,0.025988825606887728
16.0,0.051979,0.025988825606887728
18.0,0.062403,0.03120062423186001
17.0,0.062403,0.03120062423186001
23.0,0.051979,0.025988825606887728
20.0,0.051979,0.025988825606887728
22.0,0.051979,0.025988825606887728
21.0,0.051979,0.025988825606887728
19.0,0.041555,0.02077702698191545
18.0,0.051979,0.025988825606887728
17.0,0.041555,0.02077702698191545
17.0,0.041555,0.02077702698191545
17.0,0.051979,0.025988825606887728
16.0,0.041555,0.02077702698191545
14.0,0.041555,0.02077702698191545
18.0,0.041555,0.02077702698191545
16.0,0.041555,0.02077702698191545
17.0,0.051979,0.025988825606887728
17.0,0.051979,0.02598882560688773
16.0,0.062403,0.03120062423186001
16.0,0.051979,0.02598882560688773
17.0,0.051979,0.02598882560688773
13.0,0.062403,0.03120062423186001
22.0,0.051979,0.025988825606887728
20.0,0.051979,0.025988825606887728
19.0,0.051979,0.025988825606887728
20.0,0.062403,0.03120062423186001
19.0,0.062403,0.03120062423186001
19.0,0.051979,0.025988825606887728
18.0,0.062403,0.031200624231860007
16.0,0.051979,0.025988825606887728
18.0,0.051979,0.025988825606887728
17.0,0.062403,0.031200624231860007
17.0,0.062403,0.031200624231860007
14.0,0.062403,0.031200624231860007
20.0,0.062403,0.031200624231860007
21.0,0.051979,0.025988825606887728
19.0,0.062403,0.031200624231860007
20.0,0.051979,0.025988825606887728
19.0,0.062403,0.031200624231860007
21.0,0.051979,0.025988825606887728
20.0,0.062403,0.031200624231860007
18.0,0.051979,0.025988825606887728
20.0,0.051979,0.025988825606887728
19.0,0.062403,0.031200624231860007
22.0,0.051979,0.025988825606887728
19.0,0.051979,0.025988825606887728
15.0,0.062403,0.031200624231860007
12.0,0.062403,0.031200624231860007
21.0,0.083111,0.0415540539638309
19.0,0.093535,0.04676585258880318
20.0,0.083111,0.0415540539638309
20.0,0.083111,0.0415540539638309
20.0,0.093535,0.04676585258880318
18.0,0.083111,0.0415540539638309
17.0,0.083111,0.0415540539638309
20.0,0.083111,0.0415540539638309
18.0,0.083111,0.0415540539638309
19.0,0.093535,0.04676585258880318
20.0,0.093535,0.04676585258880318
17.0,0.103959,0.05197765121377546
19.0,0.093535,0.04676585258880318
20.0,0.093535,0.04676585258880318
16.0,0.103959,0.05197765121377546
19.0,0.093535,0.046765852588803176
17.0,0.103959,0.051977651213775455
16.0,0.093535,0.046765852588803176
18.0,0.093535,0.046765852588803176
17.0,0.103959,0.051977651213775455
21.0,0.093535,0.046765852588803176
19.0,0.093535,0.046765852588803176
21.0,0.093535,0.046765852588803176
18.0,0.093535,0.046765852588803176
23.0,0.083111,0.0415540539638309
22.0,0.083111,0.0415540539638309
20.0,0.083111,0.0415540539638309
22.0,0.093535,0.04676585258880318
21.0,0.093535,0.04676585258880318
22.0,0.093535,0.046765852588803176
19.0,0.093535,0.046765852588803176
24.0,0.093535,0.046765852588803176
22.0,0.083111,0.0415540539638309
20.0,0.083111,0.0415540539638309
19.0,0.083111,0.0415540539638309
19.0,0.093535,0.04676585258880318
19.0,0.093535,0.04676585258880318
24.0,0.093535,0.046765852588803176
21.0,0.093535,0.046765852588803176
22.0,0.124747,0.06237153441564489
20.0,0.124747,0.06237153441564489
21.0,0.135171,0.06758333304061717
22.0,0.135171,0.06758333304061717
20.0,0.135171,0.06758333304061717
18.0,0.135171,0.06758333304061717
20.0,0.124747,0.06237153441564497
19.0,0.124747,0.06237153441564497
17.0,0.124747,0.06237153441564497
18.0,0.135171,0.06758333304061725
18.0,0.135171,0.06758333304061725
18.0,0.135171,0.06758333304061725
15.0,0.135171,0.06758333304061725
20.0,0.135171,0.06758333304061725
19.0,0.083111,0.0415540539638309
17.0,0.093535,0.04676585258880318
17.0,0.083111,0.0415540539638309
16.0,0.083111,0.0415540539638309
16.0,0.093535,0.04676585258880318
16.0,0.083111,0.0415540539638309
13.0,0.083111,0.0415540539638309
17.0,0.083111,0.0415540539638309
15.0,0.083111,0.0415540539638309
16.0,0.093535,0.04676585258880318
17.0,0.093535,0.04676585258880318
15.0,0.103959,0.05197765121377546
16.0,0.093535,0.04676585258880318
16.0,0.093535,0.04676585258880318
12.0,0.103959,0.05197765121377546
22.0,0.083111,0.0415540539638309
19.0,0.083111,0.0415540539638309
19.0,0.083111,0.0415540539638309
16.0,0.083111,0.0415540539638309
15.0,0.135171,0.06758333304061725
12.0,0.135171,0.06758333304061725
18.0,0.135171,0.06758333304061717
15.0,0.135171,0.06758333304061717
20.0,0.083111,0.0415540539638309
18.0,0.093535,0.04676585258880318
19.0,0.083111,0.0415540539638309
19.0,0.083111,0.0415540539638309
19.0,0.093535,0.04676585258880318
19.0,0.083111,0.0415540539638309
17.0,0.083111,0.0415540539638309
17.0,0.083111,0.0415540539638309
16.0,0.083111,0.0415540539638309
18.0,0.093535,0.04676585258880318
18.0,0.093535,0.04676585258880318
16.0,0.103959,0.05197765121377546
19.0,0.093535,0.04676585258880318
18.0,0.093535,0.04676585258880318
15.0,0.103959,0.05197765121377546
19.0,0.093535,0.046765852588803176
18.0,0.093535,0.046765852588803176
16.0,0.093535,0.046765852588803176
17.0,0.103959,0.051977651213775455
17.0,0.103959,0.051977651213775455
22.0,0.093535,0.046765852588803176
19.0,0.093535,0.046765852588803176
22.0,0.093535,0.046765852588803176
20.0,0.093535,0.046765852588803176
19.0,0.083111,0.0415540539638309
17.0,0.093535,0.04676585258880318
16.0,0.083111,0.0415540539638309
17.0,0.083111,0.0415540539638309
16.0,0.093535,0.04676585258880318
17.0,0.083111,0.0415540539638309
15.0,0.083111,0.0415540539638309
16.0,0.083111,0.0415540539638309
13.0,0.083111,0.0415540539638309
16.0,0.093535,0.04676585258880318
17.0,0.093535,0.04676585258880318
14.0,0.103959,0.05197765121377546
16.0,0.093535,0.04676585258880318
16.0,0.093535,0.04676585258880318
12.0,0.103959,0.05197765121377546
21.0,0.093535,0.046765852588803176
19.0,0.093535,0.046765852588803176
18.0,0.093535,0.046765852588803176
18.0,0.103959,0.051977651213775455
18.0,0.103959,0.051977651213775455
19.0,0.093535,0.046765852588803176
17.0,0.103959,0.051977651213775455
18.0,0.093535,0.046765852588803176
16.0,0.093535,0.046765852588803176
17.0,0.103959,0.051977651213775455
16.0,0.103959,0.051977651213775455
14.0,0.103959,0.051977651213775455
19.0,0.103959,0.051977651213775455
21.0,0.093535,0.046765852588803176
18.0,0.103959,0.051977651213775455
19.0,0.093535,0.046765852588803176
18.0,0.093535,0.046765852588803176
18.0,0.103959,0.051977651213775455
22.0,0.093535,0.046765852588803176
19.0,0.093535,0.046765852588803176
14.0,0.103959,0.051977651213775455
11.0,0.103959,0.051977651213775455
22.0,0.093535,0.046765852588803176
19.0,0.103959,0.051977651213775455
20.0,0.093535,0.046765852588803176
18.0,0.103959,0.051977651213775455
20.0,0.083192,0.041594507433729444
19.0,0.093616,0.04680630605870172
19.0,0.083192,0.041594507433729444
19.0,0.083192,0.041594507433729444
19.0,0.093616,0.04680630605870172
19.0,0.083192,0.041594507433729444
17.0,0.083192,0.041594507433729444
19.0,0.083192,0.041594507433729444
17.0,0.083192,0.041594507433729444
19.0,0.093616,0.04680630605870172
17.0,0.093616,0.046806306058701716
16.0,0.10404,0.052018104683673995
18.0,0.093616,0.046806306058701716
18.0,0.093616,0.046806306058701716
15.0,0.10404,0.052018104683673995
19.0,0.093616,0.04680630605870172
18.0,0.093616,0.04680630605870172
18.0,0.093616,0.04680630605870172
16.0,0.10404,0.052018104683673995
17.0,0.10404,0.052018104683673995
21.0,0.093616,0.04680630605870172
20.0,0.093616,0.04680630605870172
22.0,0.093616,0.04680630605870172
20.0,0.093616,0.04680630605870172
19.0,0.093616,0.04680630605870172
17.0,0.10404,0.052018104683674
17.0,0.093616,0.04680630605870172
18.0,0.093616,0.04680630605870172
17.0,0.10404,0.052018104683674
17.0,0.093616,0.04680630605870172
16.0,0.093616,0.04680630605870172
18.0,0.093616,0.04680630605870172
16.0,0.093616,0.04680630605870172
17.0,0.10404,0.052018104683674
16.0,0.10404,0.052018104683673995
14.0,0.114464,0.057229903308646274
16.0,0.10404,0.052018104683673995
17.0,0.10404,0.052018104683673995
13.0,0.114464,0.057229903308646274
19.0,0.093616,0.04680630605870172
18.0,0.093616,0.04680630605870172
18.0,0.093616,0.04680630605870172
16.0,0.10404,0.052018104683673995
17.0,0.10404,0.052018104683673995
17.0,0.10404,0.052018104683674
14.0,0.114464,0.057229903308646274
19.0,0.10404,0.052018104683674
20.0,0.10404,0.052018104683674
15.0,0.124888,0.06244170193361856
12.0,0.135312,0.06765350055859083
23.0,0.093616,0.04680630605870172
20.0,0.10404,0.052018104683674
21.0,0.093616,0.04680630605870172
17.0,0.10404,0.052018104683674
22.0,0.093616,0.04680630605870172
20.0,0.10404,0.052018104683674
21.0,0.093616,0.04680630605870172
17.0,0.10404,0.052018104683674
14.0,0.135312,0.06765350055859083
21.0,0.124747,0.06237153441564489
19.0,0.135171,0.06758333304061717
20.0,0.124747,0.06237153441564489
19.0,0.124747,0.06237153441564489
19.0,0.135171,0.06758333304061717
20.0,0.124747,0.06237153441564489
17.0,0.124747,0.06237153441564489
19.0,0.124747,0.06237153441564489
18.0,0.124747,0.06237153441564489
19.0,0.135171,0.06758333304061717
18.0,0.135171,0.06758333304061717
16.0,0.145595,0.07279513166558944
19.0,0.135171,0.06758333304061717
18.0,0.135171,0.06758333304061717
15.0,0.145595,0.07279513166558944
19.0,0.135171,0.06758333304061717
17.0,0.135171,0.06758333304061717
17.0,0.135171,0.06758333304061717
16.0,0.145595,0.07279513166558944
16.0,0.145595,0.07279513166558944
21.0,0.135171,0.06758333304061717
19.0,0.135171,0.06758333304061717
21.0,0.135171,0.06758333304061717
18.0,0.135171,0.06758333304061717
19.0,0.166383,0.08318901486745889
16.0,0.176807,0.08840081349243116
17.0,0.166383,0.08318901486745889
17.0,0.166383,0.08318901486745889
16.0,0.176807,0.08840081349243116
17.0,0.166383,0.08318901486745889
14.0,0.166383,0.08318901486745889
17.0,0.166383,0.08318901486745889
14.0,0.166383,0.08318901486745889
16.0,0.176807,0.08840081349243116
16.0,0.176807,0.08840081349243116
13.0,0.187231,0.09361261211740343
16.0,0.176807,0.08840081349243116
16.0,0.176807,0.08840081349243116
11.0,0.187231,0.09361261211740343
23.0,0.124747,0.06237153441564489
22.0,0.124747,0.06237153441564489
22.0,0.124747,0.06237153441564489
20.0,0.135171,0.06758333304061717
21.0,0.135171,0.06758333304061717
22.0,0.135171,0.06758333304061717
19.0,0.145595,0.07279513166558944
24.0,0.135171,0.06758333304061717
25.0,0.135171,0.06758333304061717
21.0,0.135171,0.06758333304061717
19.0,0.135171,0.06758333304061717
19.0,0.135171,0.06758333304061717
18.0,0.145595,0.07279513166558944
18.0,0.145595,0.07279513166558944
22.0,0.166383,0.08318901486745889
19.0,0.176807,0.08840081349243116
19.0,0.176807,0.08840081349243116
16.0,0.187231,0.09361261211740343
19.0,0.166383,0.08318901486745897
18.0,0.166383,0.08318901486745897
18.0,0.166383,0.08318901486745897
16.0,0.176807,0.08840081349243123
17.0,0.176807,0.08840081349243123
17.0,0.176807,0.08840081349243124
14.0,0.187231,0.09361261211740352
19.0,0.176807,0.08840081349243124
19.0,0.176807,0.08840081349243124
15.0,0.249895,0.12494362259462684
12.0,0.260319,0.1301554212195991
22.0,0.124747,0.06237153441564489
21.0,0.135171,0.06758333304061717
20.0,0.124747,0.06237153441564489
22.0,0.135171,0.06758333304061717
20.0,0.135171,0.06758333304061717
18.0,0.135171,0.06758333304061717
17.0,0.176807,0.08840081349243116
14.0,0.187231,0.09361261211740343
10.0,0.260319,0.1301554212195991
18.0,0.093616,0.04680630605870172
16.0,0.10404,0.052018104683674
16.0,0.093616,0.04680630605870172
16.0,0.093616,0.04680630605870172
16.0,0.10404,0.052018104683674
15.0,0.093616,0.04680630605870172
13.0,0.093616,0.04680630605870172
17.0,0.093616,0.04680630605870172
14.0,0.093616,0.04680630605870172
16.0,0.10404,0.052018104683674
15.0,0.10404,0.052018104683673995
13.0,0.114464,0.057229903308646274
15.0,0.10404,0.052018104683673995
16.0,0.10404,0.052018104683673995
12.0,0.114464,0.057229903308646274
20.0,0.135171,0.06758333304061717
18.0,0.135171,0.06758333304061717
18.0,0.135171,0.06758333304061717
17.0,0.145595,0.07279513166558944
17.0,0.145595,0.07279513166558944
17.0,0.176807,0.08840081349243116
14.0,0.187231,0.09361261211740343
18.0,0.135171,0.06758333304061717
15.0,0.135171,0.06758333304061717
11.0,0.187231,0.09361261211740343
17.0,0.166383,0.08318901486745889
14.0,0.176807,0.08840081349243116
14.0,0.166383,0.08318901486745889
14.0,0.166383,0.08318901486745889
13.0,0.176807,0.08840081349243116
14.0,0.166383,0.08318901486745889
11.0,0.166383,0.08318901486745889
14.0,0.166383,0.08318901486745889
11.0,0.166383,0.08318901486745889
13.0,0.176807,0.08840081349243116
14.0,0.176807,0.08840081349243116
11.0,0.187231,0.09361261211740343
13.0,0.176807,0.08840081349243116
13.0,0.176807,0.08840081349243116
8.0,0.187231,0.09361261211740343
14.0,0.249895,0.12494362259462684
11.0,0.260319,0.1301554212195991
21.0,0.041555,0.02077702698191545
20.0,0.051979,0.025988825606887728
20.0,0.041555,0.02077702698191545
23.0,0.051979,0.025988825606887728
20.0,0.041555,0.02077702698191545
17.0,0.041555,0.02077702698191545
23.0,0.051979,0.025988825606887728
20.0,0.051979,0.025988825606887728
18.0,0.062403,0.031200624231860007
23.0,0.051979,0.025988825606887728
23.0,0.051979,0.025988825606887728
16.0,0.062403,0.031200624231860007
20.0,0.051979,0.025988825606887728
19.0,0.051979,0.025988825606887728
19.0,0.062403,0.031200624231860007
21.0,0.062403,0.031200624231860007
20.0,0.041555,0.02077702698191545
19.0,0.051979,0.025988825606887728
19.0,0.041555,0.02077702698191545
22.0,0.051979,0.025988825606887728
21.0,0.051979,0.025988825606887728
18.0,0.051979,0.025988825606887728
23.0,0.051979,0.025988825606887728
22.0,0.062403,0.031200624231860007
20.0,0.051979,0.025988825606887728
18.0,0.062403,0.031200624231860007
19.0,0.051979,0.025988825606887728
20.0,0.051979,0.025988825606887728
19.0,0.062403,0.031200624231860007
19.0,0.062403,0.031200624231860007
17.0,0.072827,0.036412422856832286
21.0,0.062403,0.031200624231860007
23.0,0.062403,0.031200624231860007
20.0,0.051979,0.025988825606887728
19.0,0.062403,0.031200624231860007
19.0,0.051979,0.025988825606887728
22.0,0.062403,0.031200624231860007
19.0,0.051979,0.025988825606887728
16.0,0.051979,0.025988825606887728
21.0,0.062403,0.031200624231860007
19.0,0.062403,0.031200624231860007
16.0,0.072827,0.036412422856832286
22.0,0.062403,0.031200624231860007
21.0,0.062403,0.031200624231860007
14.0,0.072827,0.036412422856832286
17.0,0.083251,0.041624221481804564
15.0,0.093675,0.04683602010677684
24.0,0.051979,0.025988825606887728
23.0,0.062403,0.031200624231860007
23.0,0.051979,0.025988825606887728
22.0,0.062403,0.031200624231860007
20.0,0.041555,0.02077702698191545
20.0,0.051979,0.025988825606887728
19.0,0.041555,0.02077702698191545
18.0,0.041555,0.02077702698191545
19.0,0.051979,0.025988825606887728
19.0,0.051979,0.025988825606887728
17.0,0.051979,0.025988825606887728
22.0,0.051979,0.025988825606887728
21.0,0.051979,0.025988825606887728
19.0,0.062403,0.031200624231860007
18.0,0.051979,0.025988825606887728
19.0,0.051979,0.025988825606887728
16.0,0.062403,0.031200624231860007
24.0,0.051979,0.025988825606887728
22.0,0.062403,0.031200624231860007
23.0,0.051979,0.025988825606887728
22.0,0.062403,0.031200624231860007
23.0,0.051979,0.025988825606887728
21.0,0.062403,0.031200624231860007
23.0,0.062403,0.031200624231860007
17.0,0.062403,0.031200624231860007
15.0,0.072827,0.036412422856832286
14.0,0.093675,0.04683602010677684
20.0,0.041555,0.02077702698191545
19.0,0.051979,0.025988825606887728
19.0,0.041555,0.02077702698191545
23.0,0.051979,0.025988825606887728
19.0,0.041555,0.02077702698191545
17.0,0.041555,0.02077702698191545
23.0,0.051979,0.025988825606887728
19.0,0.051979,0.025988825606887728
18.0,0.062403,0.031200624231860007
22.0,0.051979,0.025988825606887728
22.0,0.051979,0.025988825606887728
16.0,0.062403,0.031200624231860007
18.0,0.051979,0.025988825606887728
18.0,0.051979,0.025988825606887728
17.0,0.062403,0.031200624231860007
21.0,0.062403,0.031200624231860007
19.0,0.041555,0.02077702698191545
18.0,0.051979,0.025988825606887728
17.0,0.041555,0.02077702698191545
21.0,0.051979,0.025988825606887728
19.0,0.051979,0.025988825606887728
17.0,0.051979,0.025988825606887728
21.0,0.051979,0.025988825606887728
19.0,0.062403,0.031200624231860007
23.0,0.051979,0.025988825606887728
22.0,0.062403,0.031200624231860007
22.0,0.051979,0.025988825606887728
21.0,0.062403,0.031200624231860007
22.0,0.051979,0.025988825606887728
20.0,0.051979,0.025988825606887728
22.0,0.062403,0.031200624231860007
22.0,0.062403,0.031200624231860007
19.0,0.072827,0.036412422856832286
22.0,0.062403,0.031200624231860007
22.0,0.062403,0.031200624231860007
17.0,0.072827,0.036412422856832286
20.0,0.041555,0.02077702698191545
19.0,0.051979,0.025988825606887728
19.0,0.041555,0.02077702698191545
22.0,0.051979,0.025988825606887728
19.0,0.041555,0.02077702698191545
16.0,0.041555,0.02077702698191545
22.0,0.051979,0.025988825606887728
19.0,0.051979,0.025988825606887728
17.0,0.062403,0.031200624231860007
22.0,0.051979,0.025988825606887728
22.0,0.051979,0.025988825606887728
15.0,0.062403,0.031200624231860007
19.0,0.051979,0.025988825606887728
18.0,0.051979,0.025988825606887728
18.0,0.062403,0.031200624231860007
20.0,0.062403,0.031200624231860007
20.0,0.041555,0.02077702698191545
19.0,0.051979,0.025988825606887728
18.0,0.041555,0.02077702698191545
21.0,0.051979,0.025988825606887728
20.0,0.051979,0.025988825606887728
17.0,0.051979,0.025988825606887728
23.0,0.051979,0.025988825606887728
21.0,0.062403,0.031200624231860007
20.0,0.051979,0.025988825606887728
18.0,0.062403,0.031200624231860007
19.0,0.051979,0.025988825606887728
20.0,0.051979,0.025988825606887728
19.0,0.062403,0.031200624231860007
19.0,0.062403,0.031200624231860007
17.0,0.072827,0.036412422856832286
21.0,0.062403,0.031200624231860007
23.0,0.062403,0.031200624231860007
23.0,0.051979,0.025988825606887728
22.0,0.062403,0.031200624231860007
23.0,0.051979,0.025988825606887728
21.0,0.062403,0.031200624231860007
23.0,0.051979,0.025988825606887728
20.0,0.051979,0.025988825606887728
22.0,0.062403,0.031200624231860007
22.0,0.062403,0.031200624231860007
17.0,0.072827,0.036412422856832286
23.0,0.062403,0.031200624231860007
23.0,0.062403,0.031200624231860007
16.0,0.072827,0.036412422856832286
19.0,0.051979,0.02598882560688773
18.0,0.062403,0.03120062423186001
18.0,0.051979,0.02598882560688773
18.0,0.051979,0.02598882560688773
18.0,0.062403,0.03120062423186001
18.0,0.062403,0.03120062423186001
17.0,0.062403,0.03120062423186001
20.0,0.062403,0.03120062423186001
18.0,0.062403,0.03120062423186001
16.0,0.072827,0.036412422856832286
16.0,0.062403,0.03120062423186001
17.0,0.062403,0.03120062423186001
16.0,0.072827,0.036412422856832286
18.0,0.062403,0.03120062423186001
17.0,0.072827,0.036412422856832286
17.0,0.062403,0.03120062423186001
18.0,0.072827,0.036412422856832286
15.0,0.093675,0.04683602010677684
22.0,0.062403,0.03120062423186001
20.0,0.072827,0.036412422856832286
20.0,0.051979,0.02598882560688773
18.0,0.062403,0.03120062423186001
18.0,0.051979,0.02598882560688773
19.0,0.051979,0.02598882560688773
18.0,0.062403,0.03120062423186001
19.0,0.062403,0.03120062423186001
17.0,0.062403,0.03120062423186001
23.0,0.062403,0.03120062423186001
20.0,0.051979,0.02598882560688773
19.0,0.062403,0.03120062423186001
19.0,0.051979,0.02598882560688773
19.0,0.051979,0.02598882560688773
19.0,0.062403,0.03120062423186001
19.0,0.062403,0.03120062423186001
18.0,0.062403,0.03120062423186001
21.0,0.062403,0.03120062423186001
17.0,0.062403,0.03120062423186001
15.0,0.072827,0.036412422856832286
15.0,0.062403,0.03120062423186001
16.0,0.062403,0.03120062423186001
15.0,0.072827,0.036412422856832286
18.0,0.093675,0.04683602010677684
24.0,0.083111,0.0415540539638309
23.0,0.093535,0.046765852588803176
23.0,0.083111,0.0415540539638309
26.0,0.093535,0.046765852588803176
23.0,0.083111,0.0415540539638309
20.0,0.083111,0.0415540539638309
26.0,0.093535,0.046765852588803176
23.0,0.093535,0.046765852588803176
21.0,0.103959,0.051977651213775455
26.0,0.093535,0.046765852588803176
26.0,0.093535,0.046765852588803176
19.0,0.103959,0.051977651213775455
22.0,0.093535,0.04676585258880318
21.0,0.093535,0.04676585258880318
21.0,0.103959,0.051977651213775455
23.0,0.103959,0.051977651213775455
23.0,0.083111,0.0415540539638309
22.0,0.093535,0.046765852588803176
21.0,0.083111,0.0415540539638309
24.0,0.093535,0.046765852588803176
23.0,0.093535,0.04676585258880318
21.0,0.093535,0.04676585258880318
26.0,0.093535,0.046765852588803176
24.0,0.103959,0.051977651213775455
23.0,0.083111,0.0415540539638309
20.0,0.093535,0.04676585258880318
22.0,0.083111,0.0415540539638309
21.0,0.083111,0.0415540539638309
21.0,0.093535,0.04676585258880318
22.0,0.093535,0.046765852588803176
19.0,0.103959,0.051977651213775455
24.0,0.093535,0.046765852588803176
24.0,0.093535,0.046765852588803176
26.0,0.093535,0.046765852588803176
24.0,0.093535,0.046765852588803176
24.0,0.103959,0.051977651213775455
23.0,0.103959,0.051977651213775455
22.0,0.093535,0.04676585258880318
20.0,0.103959,0.05197765121377546
21.0,0.093535,0.04676585258880318
20.0,0.093535,0.04676585258880318
20.0,0.103959,0.05197765121377546
21.0,0.103959,0.051977651213775455
19.0,0.103959,0.051977651213775455
23.0,0.103959,0.051977651213775455
23.0,0.093535,0.04676585258880318
20.0,0.103959,0.05197765121377546
21.0,0.093535,0.04676585258880318
21.0,0.093535,0.04676585258880318
20.0,0.103959,0.05197765121377546
23.0,0.124747,0.06237153441564489
20.0,0.135171,0.06758333304061717
22.0,0.124747,0.06237153441564489
22.0,0.124747,0.06237153441564489
21.0,0.135171,0.06758333304061717
22.0,0.135171,0.06758333304061717
19.0,0.145595,0.07279513166558944
24.0,0.135171,0.06758333304061717
25.0,0.135171,0.06758333304061717
21.0,0.135171,0.06758333304061717
18.0,0.145595,0.07279513166558944
19.0,0.135171,0.06758333304061717
19.0,0.135171,0.06758333304061717
18.0,0.145595,0.07279513166558944
22.0,0.083111,0.0415540539638309
20.0,0.093535,0.04676585258880318
21.0,0.083111,0.0415540539638309
21.0,0.083111,0.0415540539638309
21.0,0.093535,0.04676585258880318
21.0,0.083111,0.0415540539638309
19.0,0.083111,0.0415540539638309
20.0,0.083111,0.0415540539638309
19.0,0.083111,0.0415540539638309
20.0,0.093535,0.04676585258880318
20.0,0.093535,0.04676585258880318
18.0,0.103959,0.05197765121377546
21.0,0.093535,0.04676585258880318
20.0,0.093535,0.04676585258880318
17.0,0.103959,0.05197765121377546
21.0,0.093535,0.046765852588803176
20.0,0.093535,0.046765852588803176
19.0,0.093535,0.046765852588803176
19.0,0.103959,0.051977651213775455
19.0,0.103959,0.051977651213775455
24.0,0.093535,0.046765852588803176
22.0,0.093535,0.046765852588803176
24.0,0.093535,0.046765852588803176
22.0,0.093535,0.046765852588803176
21.0,0.083111,0.0415540539638309
19.0,0.093535,0.04676585258880318
18.0,0.083111,0.0415540539638309
19.0,0.083111,0.0415540539638309
19.0,0.093535,0.04676585258880318
20.0,0.083111,0.0415540539638309
17.0,0.083111,0.0415540539638309
19.0,0.083111,0.0415540539638309
16.0,0.083111,0.0415540539638309
19.0,0.093535,0.04676585258880318
19.0,0.093535,0.04676585258880318
16.0,0.103959,0.05197765121377546
19.0,0.093535,0.04676585258880318
19.0,0.093535,0.04676585258880318
15.0,0.103959,0.05197765121377546
23.0,0.093535,0.046765852588803176
21.0,0.093535,0.046765852588803176
21.0,0.093535,0.046765852588803176
20.0,0.103959,0.051977651213775455
20.0,0.103959,0.051977651213775455
21.0,0.093535,0.046765852588803176
19.0,0.103959,0.051977651213775455
20.0,0.093535,0.046765852588803176
19.0,0.093535,0.046765852588803176
19.0,0.103959,0.051977651213775455
18.0,0.103959,0.051977651213775455
16.0,0.103959,0.051977651213775455
21.0,0.103959,0.051977651213775455
24.0,0.093535,0.046765852588803176
22.0,0.093535,0.046765852588803176
23.0,0.093535,0.046765852588803176
20.0,0.103959,0.051977651213775455
21.0,0.093535,0.046765852588803176
21.0,0.093535,0.046765852588803176
20.0,0.103959,0.051977651213775455
16.0,0.103959,0.051977651213775455
14.0,0.103959,0.051977651213775455
24.0,0.093535,0.046765852588803176
21.0,0.103959,0.051977651213775455
22.0,0.093535,0.046765852588803176
20.0,0.103959,0.051977651213775455
21.0,0.124747,0.06237153441564489
18.0,0.135171,0.06758333304061717
20.0,0.124747,0.06237153441564489
20.0,0.124747,0.06237153441564489
19.0,0.135171,0.06758333304061717
19.0,0.124747,0.06237153441564489
18.0,0.124747,0.06237153441564489
19.0,0.124747,0.06237153441564489
18.0,0.124747,0.06237153441564489
18.0,0.135171,0.06758333304061717
19.0,0.135171,0.06758333304061717
16.0,0.145595,0.07279513166558944
19.0,0.135171,0.06758333304061717
19.0,0.135171,0.06758333304061717
15.0,0.145595,0.07279513166558944
19.0,0.135171,0.06758333304061717
16.0,0.145595,0.07279513166558944
17.0,0.135171,0.06758333304061717
17.0,0.135171,0.06758333304061717
16.0,0.145595,0.07279513166558944
21.0,0.135171,0.06758333304061717
19.0,0.135171,0.06758333304061717
21.0,0.135171,0.06758333304061717
19.0,0.135171,0.06758333304061717
20.0,0.124747,0.06237153441564497
19.0,0.135171,0.06758333304061725
20.0,0.124747,0.06237153441564497
22.0,0.135171,0.06758333304061725
20.0,0.124747,0.06237153441564497
17.0,0.124747,0.06237153441564497
21.0,0.135171,0.06758333304061725
19.0,0.135171,0.06758333304061725
16.0,0.145595,0.07279513166558953
22.0,0.135171,0.06758333304061725
21.0,0.135171,0.06758333304061725
15.0,0.145595,0.07279513166558953
19.0,0.124747,0.06237153441564497
18.0,0.124747,0.06237153441564497
18.0,0.135171,0.06758333304061725
19.0,0.135171,0.06758333304061725
22.0,0.135171,0.06758333304061725
18.0,0.145595,0.07279513166558953
18.0,0.135171,0.06758333304061725
17.0,0.145595,0.07279513166558953
17.0,0.135171,0.06758333304061725
18.0,0.145595,0.07279513166558953
19.0,0.135171,0.06758333304061725
17.0,0.135171,0.06758333304061725
17.0,0.208259,0.10412614214281285
15.0,0.218683,0.10933794076778512
15.0,0.218683,0.10933794076778512
23.0,0.083111,0.0415540539638309
22.0,0.093535,0.04676585258880318
22.0,0.083111,0.0415540539638309
20.0,0.083111,0.0415540539638309
21.0,0.093535,0.04676585258880318
22.0,0.093535,0.046765852588803176
19.0,0.093535,0.046765852588803176
25.0,0.093535,0.046765852588803176
22.0,0.083111,0.0415540539638309
20.0,0.093535,0.04676585258880318
20.0,0.083111,0.0415540539638309
19.0,0.083111,0.0415540539638309
19.0,0.093535,0.04676585258880318
24.0,0.093535,0.046765852588803176
21.0,0.093535,0.046765852588803176
21.0,0.083111,0.0415540539638309
20.0,0.093535,0.04676585258880318
20.0,0.083111,0.0415540539638309
18.0,0.083111,0.0415540539638309
19.0,0.093535,0.04676585258880318
20.0,0.083111,0.0415540539638309
17.0,0.083111,0.0415540539638309
20.0,0.083111,0.0415540539638309
18.0,0.083111,0.0415540539638309
20.0,0.093535,0.04676585258880318
19.0,0.093535,0.04676585258880318
17.0,0.103959,0.05197765121377546
20.0,0.093535,0.04676585258880318
19.0,0.093535,0.04676585258880318
16.0,0.103959,0.05197765121377546
19.0,0.093535,0.046765852588803176
16.0,0.093535,0.046765852588803176
18.0,0.093535,0.046765852588803176
17.0,0.103959,0.051977651213775455
17.0,0.103959,0.051977651213775455
21.0,0.093535,0.046765852588803176
19.0,0.093535,0.046765852588803176
21.0,0.093535,0.046765852588803176
18.0,0.093535,0.046765852588803176
17.0,0.135171,0.06758333304061725
15.0,0.145595,0.07279513166558953
16.0,0.135171,0.06758333304061725
16.0,0.145595,0.07279513166558953
20.0,0.135171,0.06758333304061717
17.0,0.145595,0.07279513166558944
18.0,0.135171,0.06758333304061717
18.0,0.135171,0.06758333304061717
17.0,0.145595,0.07279513166558944
15.0,0.218683,0.10933794076778512
20.0,0.041555,0.02077702698191545
19.0,0.051979,0.025988825606887728
19.0,0.041555,0.02077702698191545
19.0,0.041555,0.02077702698191545
19.0,0.051979,0.025988825606887728
17.0,0.041555,0.02077702698191545
16.0,0.041555,0.02077702698191545
19.0,0.041555,0.02077702698191545
17.0,0.041555,0.02077702698191545
18.0,0.051979,0.025988825606887728
19.0,0.051979,0.02598882560688773
17.0,0.062403,0.03120062423186001
18.0,0.051979,0.02598882560688773
19.0,0.051979,0.02598882560688773
15.0,0.062403,0.03120062423186001
19.0,0.051979,0.025988825606887728
18.0,0.051979,0.025988825606887728
16.0,0.051979,0.025988825606887728
18.0,0.062403,0.03120062423186001
17.0,0.062403,0.03120062423186001
23.0,0.051979,0.025988825606887728
20.0,0.051979,0.025988825606887728
22.0,0.051979,0.025988825606887728
21.0,0.051979,0.025988825606887728
19.0,0.041555,0.02077702698191545
18.0,0.051979,0.025988825606887728
17.0,0.041555,0.02077702698191545
17.0,0.041555,0.02077702698191545
17.0,0.051979,0.025988825606887728
16.0,0.041555,0.02077702698191545
14.0,0.041555,0.02077702698191545
18.0,0.041555,0.02077702698191545
16.0,0.041555,0.02077702698191545
17.0,0.051979,0.025988825606887728
17.0,0.051979,0.02598882560688773
16.0,0.062403,0.03120062423186001
16.0,0.051979,0.02598882560688773
17.0,0.051979,0.02598882560688773
13.0,0.062403,0.03120062423186001
22.0,0.051979,0.025988825606887728
20.0,0.051979,0.025988825606887728
19.0,0.051979,0.025988825606887728
20.0,0.062403,0.03120062423186001
19.0,0.062403,0.03120062423186001
19.0,0.051979,0.025988825606887728
18.0,0.062403,0.031200624231860007
16.0,0.051979,0.025988825606887728
18.0,0.051979,0.025988825606887728
17.0,0.062403,0.031200624231860007
17.0,0.062403,0.031200624231860007
14.0,0.062403,0.031200624231860007
20.0,0.062403,0.031200624231860007
21.0,0.051979,0.025988825606887728
19.0,0.062403,0.031200624231860007
20.0,0.051979,0.025988825606887728
19.0,0.062403,0.031200624231860007
22.0,0.051979,0.025988825606887728
19.0,0.051979,0.025988825606887728
21.0,0.051979,0.025988825606887728
20.0,0.062403,0.031200624231860007
18.0,0.051979,0.025988825606887728
20.0,0.051979,0.025988825606887728
19.0,0.062403,0.031200624231860007
15.0,0.062403,0.031200624231860007
12.0,0.062403,0.031200624231860007
23.0,0.083111,0.0415540539638309
22.0,0.083111,0.0415540539638309
20.0,0.083111,0.0415540539638309
22.0,0.093535,0.04676585258880318
21.0,0.093535,0.04676585258880318
22.0,0.093535,0.046765852588803176
19.0,0.093535,0.046765852588803176
24.0,0.093535,0.046765852588803176
22.0,0.083111,0.0415540539638309
20.0,0.083111,0.0415540539638309
19.0,0.083111,0.0415540539638309
19.0,0.093535,0.04676585258880318
19.0,0.093535,0.04676585258880318
24.0,0.093535,0.046765852588803176
21.0,0.093535,0.046765852588803176
22.0,0.124747,0.06237153441564489
20.0,0.124747,0.06237153441564489
21.0,0.135171,0.06758333304061717
22.0,0.135171,0.06758333304061717
20.0,0.135171,0.06758333304061717
18.0,0.135171,0.06758333304061717
21.0,0.083111,0.0415540539638309
19.0,0.093535,0.04676585258880318
20.0,0.083111,0.0415540539638309
20.0,0.083111,0.0415540539638309
20.0,0.093535,0.04676585258880318
18.0,0.083111,0.0415540539638309
17.0,0.083111,0.0415540539638309
20.0,0.083111,0.0415540539638309
18.0,0.083111,0.0415540539638309
19.0,0.093535,0.04676585258880318
20.0,0.093535,0.04676585258880318
17.0,0.103959,0.05197765121377546
19.0,0.093535,0.04676585258880318
20.0,0.093535,0.04676585258880318
16.0,0.103959,0.05197765121377546
19.0,0.093535,0.046765852588803176
17.0,0.103959,0.051977651213775455
16.0,0.093535,0.046765852588803176
18.0,0.093535,0.046765852588803176
17.0,0.103959,0.051977651213775455
21.0,0.093535,0.046765852588803176
19.0,0.093535,0.046765852588803176
21.0,0.093535,0.046765852588803176
18.0,0.093535,0.046765852588803176
20.0,0.124747,0.06237153441564497
19.0,0.124747,0.06237153441564497
17.0,0.124747,0.06237153441564497
18.0,0.135171,0.06758333304061725
18.0,0.135171,0.06758333304061725
18.0,0.135171,0.06758333304061725
15.0,0.135171,0.06758333304061725
20.0,0.135171,0.06758333304061725
22.0,0.083111,0.0415540539638309
19.0,0.083111,0.0415540539638309
19.0,0.083111,0.0415540539638309
16.0,0.083111,0.0415540539638309
19.0,0.083111,0.0415540539638309
17.0,0.093535,0.04676585258880318
17.0,0.083111,0.0415540539638309
16.0,0.083111,0.0415540539638309
16.0,0.093535,0.04676585258880318
16.0,0.083111,0.0415540539638309
13.0,0.083111,0.0415540539638309
17.0,0.083111,0.0415540539638309
15.0,0.083111,0.0415540539638309
16.0,0.093535,0.04676585258880318
17.0,0.093535,0.04676585258880318
15.0,0.103959,0.05197765121377546
16.0,0.093535,0.04676585258880318
16.0,0.093535,0.04676585258880318
12.0,0.103959,0.05197765121377546
15.0,0.135171,0.06758333304061725
12.0,0.135171,0.06758333304061725
18.0,0.135171,0.06758333304061717
15.0,0.135171,0.06758333304061717
20.0,0.083111,0.0415540539638309
18.0,0.093535,0.04676585258880318
19.0,0.083111,0.0415540539638309
19.0,0.083111,0.0415540539638309
19.0,0.093535,0.04676585258880318
19.0,0.083111,0.0415540539638309
17.0,0.083111,0.0415540539638309
17.0,0.083111,0.0415540539638309
16.0,0.083111,0.0415540539638309
18.0,0.093535,0.04676585258880318
18.0,0.093535,0.04676585258880318
16.0,0.103959,0.05197765121377546
19.0,0.093535,0.04676585258880318
18.0,0.093535,0.04676585258880318
15.0,0.103959,0.05197765121377546
19.0,0.093535,0.046765852588803176
18.0,0.093535,0.046765852588803176
16.0,0.093535,0.046765852588803176
17.0,0.103959,0.051977651213775455
17.0,0.103959,0.051977651213775455
22.0,0.093535,0.046765852588803176
19.0,0.093535,0.046765852588803176
22.0,0.093535,0.046765852588803176
20.0,0.093535,0.046765852588803176
19.0,0.083111,0.0415540539638309
17.0,0.093535,0.04676585258880318
16.0,0.083111,0.0415540539638309
17.0,0.083111,0.0415540539638309
16.0,0.093535,0.04676585258880318
17.0,0.083111,0.0415540539638309
15.0,0.083111,0.0415540539638309
16.0,0.083111,0.0415540539638309
13.0,0.083111,0.0415540539638309
16.0,0.093535,0.04676585258880318
17.0,0.093535,0.04676585258880318
14.0,0.103959,0.05197765121377546
16.0,0.093535,0.04676585258880318
16.0,0.093535,0.04676585258880318
12.0,0.103959,0.05197765121377546
21.0,0.093535,0.046765852588803176
19.0,0.093535,0.046765852588803176
18.0,0.093535,0.046765852588803176
18.0,0.103959,0.051977651213775455
18.0,0.103959,0.051977651213775455
19.0,0.093535,0.046765852588803176
17.0,0.103959,0.051977651213775455
18.0,0.093535,0.046765852588803176
16.0,0.093535,0.046765852588803176
17.0,0.103959,0.051977651213775455
16.0,0.103959,0.051977651213775455
14.0,0.103959,0.051977651213775455
19.0,0.103959,0.051977651213775455
22.0,0.093535,0.046765852588803176
19.0,0.093535,0.046765852588803176
21.0,0.093535,0.046765852588803176
18.0,0.103959,0.051977651213775455
19.0,0.093535,0.046765852588803176
18.0,0.093535,0.046765852588803176
18.0,0.103959,0.051977651213775455
14.0,0.103959,0.051977651213775455
11.0,0.103959,0.051977651213775455
22.0,0.093535,0.046765852588803176
19.0,0.103959,0.051977651213775455
20.0,0.093535,0.046765852588803176
18.0,0.103959,0.051977651213775455
20.0,0.083192,0.041594507433729444
19.0,0.093616,0.04680630605870172
19.0,0.083192,0.041594507433729444
19.0,0.083192,0.041594507433729444
19.0,0.093616,0.04680630605870172
19.0,0.083192,0.041594507433729444
17.0,0.083192,0.041594507433729444
19.0,0.083192,0.041594507433729444
17.0,0.083192,0.041594507433729444
19.0,0.093616,0.04680630605870172
17.0,0.093616,0.046806306058701716
16.0,0.10404,0.052018104683673995
18.0,0.093616,0.046806306058701716
18.0,0.093616,0.046806306058701716
15.0,0.10404,0.052018104683673995
19.0,0.093616,0.04680630605870172
18.0,0.093616,0.04680630605870172
18.0,0.093616,0.04680630605870172
16.0,0.10404,0.052018104683673995
17.0,0.10404,0.052018104683673995
21.0,0.093616,0.04680630605870172
20.0,0.093616,0.04680630605870172
22.0,0.093616,0.04680630605870172
20.0,0.093616,0.04680630605870172
19.0,0.093616,0.04680630605870172
17.0,0.10404,0.052018104683674
17.0,0.093616,0.04680630605870172
18.0,0.093616,0.04680630605870172
17.0,0.10404,0.052018104683674
17.0,0.093616,0.04680630605870172
16.0,0.093616,0.04680630605870172
18.0,0.093616,0.04680630605870172
16.0,0.093616,0.04680630605870172
17.0,0.10404,0.052018104683674
16.0,0.10404,0.052018104683673995
14.0,0.114464,0.057229903308646274
16.0,0.10404,0.052018104683673995
17.0,0.10404,0.052018104683673995
13.0,0.114464,0.057229903308646274
19.0,0.093616,0.04680630605870172
18.0,0.093616,0.04680630605870172
18.0,0.093616,0.04680630605870172
16.0,0.10404,0.052018104683673995
17.0,0.10404,0.052018104683673995
17.0,0.10404,0.052018104683674
14.0,0.114464,0.057229903308646274
19.0,0.10404,0.052018104683674
20.0,0.10404,0.052018104683674
15.0,0.124888,0.06244170193361856
12.0,0.135312,0.06765350055859083
23.0,0.093616,0.04680630605870172
20.0,0.10404,0.052018104683674
21.0,0.093616,0.04680630605870172
17.0,0.10404,0.052018104683674
22.0,0.093616,0.04680630605870172
20.0,0.10404,0.052018104683674
21.0,0.093616,0.04680630605870172
17.0,0.10404,0.052018104683674
14.0,0.135312,0.06765350055859083
23.0,0.124747,0.06237153441564489
22.0,0.124747,0.06237153441564489
22.0,0.124747,0.06237153441564489
20.0,0.135171,0.06758333304061717
21.0,0.135171,0.06758333304061717
22.0,0.135171,0.06758333304061717
19.0,0.145595,0.07279513166558944
24.0,0.135171,0.06758333304061717
25.0,0.135171,0.06758333304061717
21.0,0.135171,0.06758333304061717
19.0,0.135171,0.06758333304061717
19.0,0.135171,0.06758333304061717
18.0,0.145595,0.07279513166558944
18.0,0.145595,0.07279513166558944
22.0,0.166383,0.08318901486745889
19.0,0.176807,0.08840081349243116
19.0,0.176807,0.08840081349243116
16.0,0.187231,0.09361261211740343
21.0,0.124747,0.06237153441564489
19.0,0.135171,0.06758333304061717
20.0,0.124747,0.06237153441564489
19.0,0.124747,0.06237153441564489
19.0,0.135171,0.06758333304061717
20.0,0.124747,0.06237153441564489
17.0,0.124747,0.06237153441564489
19.0,0.124747,0.06237153441564489
18.0,0.124747,0.06237153441564489
19.0,0.135171,0.06758333304061717
18.0,0.135171,0.06758333304061717
16.0,0.145595,0.07279513166558944
19.0,0.135171,0.06758333304061717
18.0,0.135171,0.06758333304061717
15.0,0.145595,0.07279513166558944
19.0,0.135171,0.06758333304061717
17.0,0.135171,0.06758333304061717
17.0,0.135171,0.06758333304061717
16.0,0.145595,0.07279513166558944
16.0,0.145595,0.07279513166558944
21.0,0.135171,0.06758333304061717
19.0,0.135171,0.06758333304061717
21.0,0.135171,0.06758333304061717
18.0,0.135171,0.06758333304061717
19.0,0.166383,0.08318901486745889
16.0,0.176807,0.08840081349243116
17.0,0.166383,0.08318901486745889
17.0,0.166383,0.08318901486745889
16.0,0.176807,0.08840081349243116
17.0,0.166383,0.08318901486745889
14.0,0.166383,0.08318901486745889
17.0,0.166383,0.08318901486745889
14.0,0.166383,0.08318901486745889
16.0,0.176807,0.08840081349243116
16.0,0.176807,0.08840081349243116
13.0,0.187231,0.09361261211740343
16.0,0.176807,0.08840081349243116
16.0,0.176807,0.08840081349243116
11.0,0.187231,0.09361261211740343
19.0,0.166383,0.08318901486745897
18.0,0.166383,0.08318901486745897
18.0,0.166383,0.08318901486745897
16.0,0.176807,0.08840081349243123
17.0,0.176807,0.08840081349243123
17.0,0.176807,0.08840081349243124
14.0,0.187231,0.09361261211740352
19.0,0.176807,0.08840081349243124
19.0,0.176807,0.08840081349243124
15.0,0.249895,0.12494362259462684
12.0,0.260319,0.1301554212195991
22.0,0.124747,0.06237153441564489
21.0,0.135171,0.06758333304061717
20.0,0.124747,0.06237153441564489
22.0,0.135171,0.06758333304061717
20.0,0.135171,0.06758333304061717
18.0,0.135171,0.06758333304061717
17.0,0.176807,0.08840081349243116
14.0,0.187231,0.09361261211740343
10.0,0.260319,0.1301554212195991
18.0,0.093616,0.04680630605870172
16.0,0.10404,0.052018104683674
16.0,0.093616,0.04680630605870172
16.0,0.093616,0.04680630605870172
16.0,0.10404,0.052018104683674
15.0,0.093616,0.04680630605870172
13.0,0.093616,0.04680630605870172
17.0,0.093616,0.04680630605870172
14.0,0.093616,0.04680630605870172
16.0,0.10404,0.052018104683674
15.0,0.10404,0.052018104683673995
13.0,0.114464,0.057229903308646274
15.0,0.10404,0.052018104683673995
16.0,0.10404,0.052018104683673995
12.0,0.114464,0.057229903308646274
20.0,0.135171,0.06758333304061717
18.0,0.135171,0.06758333304061717
18.0,0.135171,0.06758333304061717
17.0,0.145595,0.07279513166558944
17.0,0.145595,0.07279513166558944
17.0,0.176807,0.08840081349243116
14.0,0.187231,0.09361261211740343
18.0,0.135171,0.06758333304061717
15.0,0.135171,0.06758333304061717
11.0,0.187231,0.09361261211740343
17.0,0.166383,0.08318901486745889
14.0,0.176807,0.08840081349243116
14.0,0.166383,0.08318901486745889
14.0,0.166383,0.08318901486745889
13.0,0.176807,0.08840081349243116
14.0,0.166383,0.08318901486745889
11.0,0.166383,0.08318901486745889
14.0,0.166383,0.08318901486745889
11.0,0.166383,0.08318901486745889
13.0,0.176807,0.08840081349243116
14.0,0.176807,0.08840081349243116
11.0,0.187231,0.09361261211740343
13.0,0.176807,0.08840081349243116
13.0,0.176807,0.08840081349243116
8.0,0.187231,0.09361261211740343
14.0,0.249895,0.12494362259462684
11.0,0.260319,0.1301554212195991
17.0,0.083192,0.04159450743372952
16.0,0.093616,0.0468063060587018
17.0,0.083192,0.04159450743372952
19.0,0.093616,0.0468063060587018
17.0,0.083192,0.04159450743372952
14.0,0.083192,0.04159450743372952
19.0,0.093616,0.0468063060587018
16.0,0.093616,0.0468063060587018
14.0,0.10404,0.05201810468367408
19.0,0.093616,0.0468063060587018
19.0,0.093616,0.0468063060587018
13.0,0.10404,0.05201810468367408
16.0,0.093616,0.0468063060587018
15.0,0.093616,0.0468063060587018
15.0,0.10404,0.05201810468367408
17.0,0.10404,0.05201810468367408
17.0,0.083192,0.04159450743372952
16.0,0.093616,0.0468063060587018
15.0,0.083192,0.04159450743372952
18.0,0.093616,0.0468063060587018
17.0,0.093616,0.0468063060587018
15.0,0.093616,0.0468063060587018
20.0,0.093616,0.0468063060587018
18.0,0.10404,0.05201810468367408
16.0,0.093616,0.0468063060587018
14.0,0.10404,0.05201810468367408
15.0,0.093616,0.0468063060587018
16.0,0.093616,0.0468063060587018
15.0,0.10404,0.05201810468367408
15.0,0.10404,0.05201810468367408
13.0,0.114464,0.05722990330864636
17.0,0.10404,0.05201810468367408
19.0,0.10404,0.05201810468367408
16.0,0.093616,0.0468063060587018
15.0,0.10404,0.05201810468367408
16.0,0.093616,0.0468063060587018
17.0,0.10404,0.05201810468367408
16.0,0.093616,0.0468063060587018
13.0,0.093616,0.0468063060587018
17.0,0.10404,0.05201810468367408
15.0,0.10404,0.05201810468367408
11.0,0.114464,0.05722990330864636
17.0,0.10404,0.05201810468367408
17.0,0.10404,0.05201810468367408
10.0,0.114464,0.05722990330864636
13.0,0.124888,0.062441701933618636
10.0,0.135312,0.06765350055859091
21.0,0.093616,0.0468063060587018
19.0,0.10404,0.05201810468367408
19.0,0.093616,0.0468063060587018
17.0,0.10404,0.05201810468367408
17.0,0.083192,0.04159450743372952
16.0,0.093616,0.0468063060587018
15.0,0.083192,0.04159450743372952
15.0,0.083192,0.04159450743372952
16.0,0.093616,0.0468063060587018
16.0,0.093616,0.0468063060587018
14.0,0.093616,0.0468063060587018
18.0,0.093616,0.0468063060587018
17.0,0.093616,0.0468063060587018
15.0,0.10404,0.05201810468367408
15.0,0.093616,0.0468063060587018
16.0,0.093616,0.0468063060587018
13.0,0.10404,0.05201810468367408
21.0,0.093616,0.0468063060587018
19.0,0.10404,0.05201810468367408
19.0,0.093616,0.0468063060587018
17.0,0.10404,0.05201810468367408
20.0,0.093616,0.0468063060587018
18.0,0.10404,0.05201810468367408
19.0,0.10404,0.05201810468367408
14.0,0.10404,0.05201810468367408
11.0,0.114464,0.05722990330864636
10.0,0.135312,0.06765350055859091
20.0,0.124747,0.06237153441564497
19.0,0.135171,0.06758333304061725
20.0,0.124747,0.06237153441564497
21.0,0.135171,0.06758333304061725
20.0,0.124747,0.06237153441564497
17.0,0.124747,0.06237153441564497
22.0,0.135171,0.06758333304061725
19.0,0.135171,0.06758333304061725
16.0,0.145595,0.07279513166558953
21.0,0.135171,0.06758333304061725
22.0,0.135171,0.06758333304061725
15.0,0.145595,0.07279513166558953
18.0,0.135171,0.06758333304061725
17.0,0.135171,0.06758333304061725
17.0,0.145595,0.07279513166558953
18.0,0.145595,0.07279513166558953
19.0,0.124747,0.06237153441564497
18.0,0.135171,0.06758333304061725
17.0,0.124747,0.06237153441564497
19.0,0.135171,0.06758333304061725
19.0,0.135171,0.06758333304061725
17.0,0.135171,0.06758333304061725
22.0,0.135171,0.06758333304061725
18.0,0.145595,0.07279513166558953
19.0,0.166383,0.08318901486745897
16.0,0.176807,0.08840081349243123
18.0,0.166383,0.08318901486745897
18.0,0.166383,0.08318901486745897
17.0,0.176807,0.08840081349243123
17.0,0.176807,0.08840081349243124
14.0,0.187231,0.09361261211740352
19.0,0.176807,0.08840081349243124
19.0,0.176807,0.08840081349243124
20.0,0.124747,0.06237153441564497
19.0,0.135171,0.06758333304061725
20.0,0.124747,0.06237153441564497
22.0,0.135171,0.06758333304061725
20.0,0.124747,0.06237153441564497
17.0,0.124747,0.06237153441564497
21.0,0.135171,0.06758333304061725
19.0,0.135171,0.06758333304061725
16.0,0.145595,0.07279513166558953
22.0,0.135171,0.06758333304061725
21.0,0.135171,0.06758333304061725
15.0,0.145595,0.07279513166558953
18.0,0.135171,0.06758333304061725
17.0,0.135171,0.06758333304061725
17.0,0.145595,0.07279513166558953
18.0,0.145595,0.07279513166558953
19.0,0.124747,0.06237153441564497
18.0,0.135171,0.06758333304061725
17.0,0.124747,0.06237153441564497
19.0,0.135171,0.06758333304061725
19.0,0.135171,0.06758333304061725
17.0,0.135171,0.06758333304061725
22.0,0.135171,0.06758333304061725
18.0,0.145595,0.07279513166558953
19.0,0.166383,0.08318901486745897
16.0,0.176807,0.08840081349243123
18.0,0.166383,0.08318901486745897
18.0,0.166383,0.08318901486745897
17.0,0.176807,0.08840081349243123
17.0,0.176807,0.08840081349243124
14.0,0.187231,0.09361261211740352
19.0,0.176807,0.08840081349243124
19.0,0.176807,0.08840081349243124
16.0,0.166383,0.08318901486745904
15.0,0.176807,0.08840081349243131
16.0,0.166383,0.08318901486745904
17.0,0.176807,0.08840081349243131
16.0,0.166383,0.08318901486745904
13.0,0.166383,0.08318901486745904
17.0,0.176807,0.08840081349243131
15.0,0.176807,0.08840081349243131
10.0,0.187231,0.0936126121174036
17.0,0.176807,0.08840081349243131
17.0,0.176807,0.08840081349243131
9.0,0.187231,0.0936126121174036
13.0,0.249895,0.12494362259462691
9.0,0.260319,0.1301554212195992
20.0,0.124747,0.06237153441564497
18.0,0.135171,0.06758333304061725
18.0,0.124747,0.06237153441564497
17.0,0.124747,0.06237153441564497
18.0,0.135171,0.06758333304061725
18.0,0.135171,0.06758333304061725
15.0,0.135171,0.06758333304061725
19.0,0.135171,0.06758333304061725
20.0,0.124747,0.06237153441564497
18.0,0.135171,0.06758333304061725
18.0,0.124747,0.06237153441564497
17.0,0.124747,0.06237153441564497
18.0,0.135171,0.06758333304061725
18.0,0.135171,0.06758333304061725
15.0,0.135171,0.06758333304061725
19.0,0.135171,0.06758333304061725
14.0,0.176807,0.08840081349243131
10.0,0.187231,0.0936126121174036
14.0,0.093616,0.0468063060587018
13.0,0.10404,0.05201810468367408
13.0,0.093616,0.0468063060587018
16.0,0.10404,0.05201810468367408
13.0,0.093616,0.0468063060587018
11.0,0.093616,0.0468063060587018
16.0,0.10404,0.05201810468367408
13.0,0.10404,0.05201810468367408
10.0,0.114464,0.05722990330864636
15.0,0.10404,0.05201810468367408
15.0,0.10404,0.05201810468367408
8.0,0.114464,0.05722990330864636
17.0,0.135171,0.06758333304061725
16.0,0.135171,0.06758333304061725
15.0,0.145595,0.07279513166558953
16.0,0.145595,0.07279513166558953
17.0,0.135171,0.06758333304061725
16.0,0.135171,0.06758333304061725
15.0,0.145595,0.07279513166558953
16.0,0.145595,0.07279513166558953
14.0,0.176807,0.08840081349243131
10.0,0.187231,0.0936126121174036
15.0,0.135171,0.06758333304061725
12.0,0.135171,0.06758333304061725
15.0,0.135171,0.06758333304061725
12.0,0.135171,0.06758333304061725
7.0,0.187231,0.0936126121174036
14.0,0.166383,0.08318901486745904
13.0,0.176807,0.08840081349243131
13.0,0.166383,0.08318901486745904
15.0,0.176807,0.08840081349243131
13.0,0.166383,0.08318901486745904
10.0,0.166383,0.08318901486745904
15.0,0.176807,0.08840081349243131
13.0,0.176807,0.08840081349243131
8.0,0.187231,0.0936126121174036
15.0,0.176807,0.08840081349243131
15.0,0.176807,0.08840081349243131
7.0,0.187231,0.0936126121174036
14.0,0.166704,0.0833491151608974
17.0,0.208259,0.10412614214281285
17.0,0.208259,0.10412614214281285
13.0,0.177128,0.08856091378586967
13.0,0.249895,0.12494362259462691
13.0,0.177128,0.08856091378586967
15.0,0.218683,0.10933794076778512
15.0,0.249895,0.12494362259462684
13.0,0.177128,0.08856091378586967
15.0,0.218683,0.10933794076778512
15.0,0.218683,0.10933794076778512
10.0,0.187552,0.09377271241084195
9.0,0.260319,0.1301554212195992
13.0,0.177128,0.08856091378586967
11.0,0.187552,0.09377271241084195
15.0,0.218683,0.10933794076778512
12.0,0.260319,0.1301554212195991
15.0,0.249895,0.12494362259462684
12.0,0.260319,0.1301554212195991
8.0,0.2084,0.10419630966078651
5.0,0.333407,0.1666982303217948
15.0,0.166704,0.0833491151608974
14.0,0.177128,0.08856091378586967
14.0,0.177128,0.08856091378586967
14.0,0.177128,0.08856091378586967
11.0,0.187552,0.09377271241084195
14.0,0.177128,0.08856091378586967
11.0,0.187552,0.09377271241084195
8.0,0.2084,0.10419630966078651
13.0,0.177128,0.08856091378586967
11.0,0.187552,0.09377271241084195
16.0,0.218683,0.10933794076778512
10.0,0.260319,0.1301554212195991
14.0,0.249895,0.12494362259462684
11.0,0.260319,0.1301554212195991
13.0,0.177128,0.08856091378586967
11.0,0.187552,0.09377271241084195
16.0,0.218683,0.10933794076778512
10.0,0.260319,0.1301554212195991
14.0,0.249895,0.12494362259462684
11.0,0.260319,0.1301554212195991
7.0,0.2084,0.10419630966078651
3.0,0.333407,0.1666982303217948
