complexity,cost,feature_based_cost
18.0,0.0,0.0
17.0,0.01522,0.0038049303322615215
17.0,0.0,0.0
20.0,0.01522,0.0038049303322615215
17.0,0.0,0.0
16.0,0.0,0.0
20.0,0.01522,0.0038049303322615215
17.0,0.01522,0.0038049303322615215
16.0,0.03044,0.007609860664523043
20.0,0.01522,0.0038049303322615215
20.0,0.01522,0.0038049303322615215
15.0,0.03044,0.007609860664523043
17.0,0.01522,0.0038049303322615215
17.0,0.01522,0.0038049303322615215
16.0,0.03044,0.007609860664523043
19.0,0.03044,0.007609860664523043
17.0,0.0,0.0
16.0,0.01522,0.0038049303322615215
17.0,0.0,0.0
20.0,0.01522,0.0038049303322615215
18.0,0.01522,0.0038049303322615215
17.0,0.01522,0.0038049303322615215
20.0,0.01522,0.0038049303322615215
19.0,0.03044,0.007609860664523043
17.0,0.01522,0.0038049303322615215
15.0,0.03044,0.007609860664523043
17.0,0.01522,0.0038049303322615215
16.0,0.01522,0.0038049303322615215
16.0,0.03044,0.007609860664523043
16.0,0.03044,0.007609860664523043
14.0,0.04566,0.011414790996784564
19.0,0.03044,0.007609860664523043
19.0,0.03044,0.007609860664523043
17.0,0.01522,0.0038049303322615215
16.0,0.03044,0.007609860664523043
16.0,0.01522,0.0038049303322615215
19.0,0.03044,0.007609860664523043
16.0,0.01522,0.0038049303322615215
15.0,0.01522,0.0038049303322615215
19.0,0.03044,0.007609860664523043
16.0,0.03044,0.007609860664523043
15.0,0.04566,0.011414790996784564
19.0,0.03044,0.007609860664523043
19.0,0.03044,0.007609860664523043
14.0,0.04566,0.011414790996784564
14.0,0.06088,0.015219721329046086
13.0,0.0761,0.019024651661307606
19.0,0.01522,0.0038049303322615215
18.0,0.03044,0.007609860664523043
19.0,0.01522,0.0038049303322615215
20.0,0.03044,0.007609860664523043
17.0,0.0,0.0
16.0,0.01522,0.0038049303322615215
17.0,0.0,0.0
15.0,0.0,0.0
16.0,0.01522,0.0038049303322615215
16.0,0.01522,0.0038049303322615215
14.0,0.01522,0.0038049303322615215
20.0,0.01522,0.0038049303322615215
18.0,0.01522,0.0038049303322615215
16.0,0.03044,0.007609860664523043
17.0,0.01522,0.0038049303322615215
16.0,0.01522,0.0038049303322615215
15.0,0.03044,0.007609860664523043
19.0,0.01522,0.0038049303322615215
18.0,0.03044,0.007609860664523043
19.0,0.01522,0.0038049303322615215
20.0,0.03044,0.007609860664523043
20.0,0.01522,0.0038049303322615215
19.0,0.03044,0.007609860664523043
19.0,0.03044,0.007609860664523043
14.0,0.03044,0.007609860664523043
13.0,0.04566,0.011414790996784564
14.0,0.0761,0.019024651661307606
17.0,0.0,0.0
16.0,0.01522,0.0038049303322615215
16.0,0.0,0.0
18.0,0.01522,0.0038049303322615215
16.0,0.0,0.0
14.0,0.0,0.0
18.0,0.01522,0.0038049303322615215
16.0,0.01522,0.0038049303322615215
15.0,0.03044,0.007609860664523043
19.0,0.01522,0.0038049303322615215
19.0,0.01522,0.0038049303322615215
13.0,0.03044,0.007609860664523043
17.0,0.01522,0.0038049303322615215
15.0,0.01522,0.0038049303322615215
16.0,0.03044,0.007609860664523043
18.0,0.03044,0.007609860664523043
17.0,0.0,0.0
16.0,0.01522,0.0038049303322615215
16.0,0.0,0.0
18.0,0.01522,0.0038049303322615215
17.0,0.01522,0.0038049303322615215
15.0,0.01522,0.0038049303322615215
20.0,0.01522,0.0038049303322615215
19.0,0.03044,0.007609860664523043
20.0,0.01522,0.0038049303322615215
19.0,0.03044,0.007609860664523043
19.0,0.01522,0.0038049303322615215
17.0,0.03044,0.007609860664523043
19.0,0.01522,0.0038049303322615215
17.0,0.01522,0.0038049303322615215
19.0,0.03044,0.007609860664523043
19.0,0.03044,0.007609860664523043
17.0,0.04566,0.011414790996784564
20.0,0.03044,0.007609860664523043
21.0,0.03044,0.007609860664523043
15.0,0.04566,0.011414790996784564
17.0,0.0,0.0
16.0,0.01522,0.0038049303322615215
16.0,0.0,0.0
19.0,0.01522,0.0038049303322615215
16.0,0.0,0.0
15.0,0.0,0.0
19.0,0.01522,0.0038049303322615215
16.0,0.01522,0.0038049303322615215
15.0,0.03044,0.007609860664523043
19.0,0.01522,0.0038049303322615215
19.0,0.01522,0.0038049303322615215
14.0,0.03044,0.007609860664523043
16.0,0.01522,0.0038049303322615215
15.0,0.01522,0.0038049303322615215
15.0,0.03044,0.007609860664523043
18.0,0.03044,0.007609860664523043
16.0,0.0,0.0
15.0,0.01522,0.0038049303322615215
15.0,0.0,0.0
18.0,0.01522,0.0038049303322615215
16.0,0.01522,0.0038049303322615215
15.0,0.01522,0.0038049303322615215
19.0,0.01522,0.0038049303322615215
18.0,0.03044,0.007609860664523043
18.0,0.01522,0.0038049303322615215
16.0,0.03044,0.007609860664523043
17.0,0.01522,0.0038049303322615215
16.0,0.01522,0.0038049303322615215
17.0,0.03044,0.007609860664523043
17.0,0.03044,0.007609860664523043
15.0,0.04566,0.011414790996784564
20.0,0.03044,0.007609860664523043
19.0,0.03044,0.007609860664523043
19.0,0.01522,0.0038049303322615215
18.0,0.03044,0.007609860664523043
18.0,0.01522,0.0038049303322615215
17.0,0.03044,0.007609860664523043
18.0,0.01522,0.0038049303322615215
17.0,0.01522,0.0038049303322615215
19.0,0.03044,0.007609860664523043
18.0,0.03044,0.007609860664523043
16.0,0.04566,0.011414790996784564
19.0,0.03044,0.007609860664523043
20.0,0.03044,0.007609860664523043
15.0,0.04566,0.011414790996784564
17.0,0.01522,0.0038049303322615215
16.0,0.03044,0.007609860664523043
17.0,0.01522,0.0038049303322615215
17.0,0.01522,0.0038049303322615215
17.0,0.03044,0.007609860664523043
16.0,0.03044,0.007609860664523043
16.0,0.03044,0.007609860664523043
19.0,0.03044,0.007609860664523043
16.0,0.03044,0.007609860664523043
14.0,0.04566,0.011414790996784564
16.0,0.03044,0.007609860664523043
15.0,0.03044,0.007609860664523043
15.0,0.04566,0.011414790996784564
16.0,0.03044,0.007609860664523043
15.0,0.04566,0.011414790996784564
16.0,0.03044,0.007609860664523043
18.0,0.04566,0.011414790996784564
13.0,0.0761,0.019024651661307606
19.0,0.03044,0.007609860664523043
18.0,0.04566,0.011414790996784564
18.0,0.01522,0.0038049303322615215
17.0,0.03044,0.007609860664523043
17.0,0.01522,0.0038049303322615215
17.0,0.01522,0.0038049303322615215
18.0,0.03044,0.007609860664523043
17.0,0.03044,0.007609860664523043
16.0,0.03044,0.007609860664523043
19.0,0.03044,0.007609860664523043
18.0,0.01522,0.0038049303322615215
16.0,0.03044,0.007609860664523043
17.0,0.01522,0.0038049303322615215
16.0,0.01522,0.0038049303322615215
17.0,0.03044,0.007609860664523043
17.0,0.03044,0.007609860664523043
15.0,0.03044,0.007609860664523043
20.0,0.03044,0.007609860664523043
15.0,0.03044,0.007609860664523043
13.0,0.04566,0.011414790996784564
14.0,0.03044,0.007609860664523043
13.0,0.03044,0.007609860664523043
14.0,0.04566,0.011414790996784564
15.0,0.0761,0.019024651661307606
17.0,0.0,0.0
17.0,0.01522,0.0038049303322615215
17.0,0.0,0.0
16.0,0.0,0.0
17.0,0.01522,0.0038049303322615215
15.0,0.0,0.0
14.0,0.0,0.0
16.0,0.0,0.0
15.0,0.0,0.0
16.0,0.01522,0.0038049303322615215
16.0,0.01522,0.0038049303322615215
15.0,0.03044,0.007609860664523043
16.0,0.01522,0.0038049303322615215
16.0,0.01522,0.0038049303322615215
13.0,0.03044,0.007609860664523043
16.0,0.01522,0.0038049303322615215
16.0,0.01522,0.0038049303322615215
14.0,0.01522,0.0038049303322615215
15.0,0.03044,0.007609860664523043
15.0,0.03044,0.007609860664523043
18.0,0.01522,0.0038049303322615215
16.0,0.01522,0.0038049303322615215
18.0,0.01522,0.0038049303322615215
17.0,0.01522,0.0038049303322615215
16.0,0.0,0.0
15.0,0.01522,0.0038049303322615215
16.0,0.0,0.0
14.0,0.0,0.0
15.0,0.01522,0.0038049303322615215
14.0,0.0,0.0
12.0,0.0,0.0
14.0,0.0,0.0
14.0,0.0,0.0
14.0,0.01522,0.0038049303322615215
15.0,0.01522,0.0038049303322615215
14.0,0.03044,0.007609860664523043
15.0,0.01522,0.0038049303322615215
14.0,0.01522,0.0038049303322615215
11.0,0.03044,0.007609860664523043
18.0,0.01522,0.0038049303322615215
18.0,0.01522,0.0038049303322615215
16.0,0.01522,0.0038049303322615215
17.0,0.03044,0.007609860664523043
17.0,0.03044,0.007609860664523043
16.0,0.01522,0.0038049303322615215
16.0,0.03044,0.007609860664523043
14.0,0.01522,0.0038049303322615215
15.0,0.01522,0.0038049303322615215
15.0,0.03044,0.007609860664523043
15.0,0.03044,0.007609860664523043
13.0,0.03044,0.007609860664523043
17.0,0.03044,0.007609860664523043
20.0,0.01522,0.0038049303322615215
19.0,0.03044,0.007609860664523043
18.0,0.01522,0.0038049303322615215
18.0,0.03044,0.007609860664523043
19.0,0.01522,0.0038049303322615215
17.0,0.01522,0.0038049303322615215
19.0,0.01522,0.0038049303322615215
18.0,0.03044,0.007609860664523043
17.0,0.01522,0.0038049303322615215
17.0,0.01522,0.0038049303322615215
17.0,0.03044,0.007609860664523043
13.0,0.03044,0.007609860664523043
11.0,0.03044,0.007609860664523043
20.0,0.01522,0.0038049303322615215
19.0,0.03044,0.007609860664523043
19.0,0.01522,0.0038049303322615215
19.0,0.03044,0.007609860664523043
19.0,0.01522,0.0038049303322615215
17.0,0.01522,0.0038049303322615215
17.0,0.03044,0.007609860664523043
19.0,0.03044,0.007609860664523043
17.0,0.04566,0.011414790996784564
21.0,0.03044,0.007609860664523043
20.0,0.03044,0.007609860664523043
15.0,0.04566,0.011414790996784564
19.0,0.01522,0.0038049303322615215
17.0,0.01522,0.0038049303322615215
18.0,0.03044,0.007609860664523043
18.0,0.03044,0.007609860664523043
19.0,0.03044,0.007609860664523043
17.0,0.04566,0.011414790996784564
19.0,0.03044,0.007609860664523043
18.0,0.04566,0.011414790996784564
18.0,0.03044,0.007609860664523043
16.0,0.04566,0.011414790996784564
19.0,0.03044,0.007609860664523043
17.0,0.03044,0.007609860664523043
17.0,0.0,0.0
16.0,0.01522,0.0038049303322615215
16.0,0.0,0.0
16.0,0.0,0.0
16.0,0.01522,0.0038049303322615215
16.0,0.0,0.0
14.0,0.0,0.0
14.0,0.0,0.0
13.0,0.0,0.0
15.0,0.01522,0.0038049303322615215
16.0,0.01522,0.0038049303322615215
14.0,0.03044,0.007609860664523043
16.0,0.01522,0.0038049303322615215
15.0,0.01522,0.0038049303322615215
12.0,0.03044,0.007609860664523043
16.0,0.01522,0.0038049303322615215
15.0,0.01522,0.0038049303322615215
13.0,0.01522,0.0038049303322615215
15.0,0.03044,0.007609860664523043
14.0,0.03044,0.007609860664523043
19.0,0.01522,0.0038049303322615215
16.0,0.01522,0.0038049303322615215
19.0,0.01522,0.0038049303322615215
17.0,0.01522,0.0038049303322615215
16.0,0.0,0.0
15.0,0.01522,0.0038049303322615215
15.0,0.0,0.0
15.0,0.0,0.0
15.0,0.01522,0.0038049303322615215
15.0,0.0,0.0
14.0,0.0,0.0
13.0,0.0,0.0
12.0,0.0,0.0
14.0,0.01522,0.0038049303322615215
15.0,0.01522,0.0038049303322615215
14.0,0.03044,0.007609860664523043
15.0,0.01522,0.0038049303322615215
14.0,0.01522,0.0038049303322615215
11.0,0.03044,0.007609860664523043
19.0,0.01522,0.0038049303322615215
18.0,0.01522,0.0038049303322615215
16.0,0.01522,0.0038049303322615215
18.0,0.03044,0.007609860664523043
17.0,0.03044,0.007609860664523043
16.0,0.01522,0.0038049303322615215
15.0,0.03044,0.007609860664523043
15.0,0.01522,0.0038049303322615215
13.0,0.01522,0.0038049303322615215
14.0,0.03044,0.007609860664523043
15.0,0.03044,0.007609860664523043
12.0,0.03044,0.007609860664523043
18.0,0.03044,0.007609860664523043
19.0,0.01522,0.0038049303322615215
16.0,0.01522,0.0038049303322615215
19.0,0.01522,0.0038049303322615215
18.0,0.03044,0.007609860664523043
18.0,0.01522,0.0038049303322615215
16.0,0.01522,0.0038049303322615215
17.0,0.03044,0.007609860664523043
14.0,0.03044,0.007609860664523043
11.0,0.03044,0.007609860664523043
19.0,0.01522,0.0038049303322615215
18.0,0.03044,0.007609860664523043
17.0,0.01522,0.0038049303322615215
18.0,0.03044,0.007609860664523043
18.0,0.01522,0.0038049303322615215
16.0,0.03044,0.007609860664523043
17.0,0.01522,0.0038049303322615215
16.0,0.01522,0.0038049303322615215
17.0,0.03044,0.007609860664523043
16.0,0.01522,0.0038049303322615215
14.0,0.01522,0.0038049303322615215
15.0,0.01522,0.0038049303322615215
14.0,0.01522,0.0038049303322615215
13.0,0.03044,0.007609860664523043
16.0,0.03044,0.007609860664523043
14.0,0.04566,0.011414790996784564
17.0,0.03044,0.007609860664523043
15.0,0.03044,0.007609860664523043
12.0,0.04566,0.011414790996784564
17.0,0.03044,0.007609860664523043
15.0,0.04566,0.011414790996784564
15.0,0.03044,0.007609860664523043
14.0,0.03044,0.007609860664523043
12.0,0.04566,0.011414790996784564
20.0,0.03044,0.007609860664523043
17.0,0.03044,0.007609860664523043
19.0,0.03044,0.007609860664523043
17.0,0.03044,0.007609860664523043
19.0,0.01522,0.0038049303322615215
18.0,0.03044,0.007609860664523043
18.0,0.01522,0.0038049303322615215
19.0,0.03044,0.007609860664523043
18.0,0.01522,0.0038049303322615215
17.0,0.01522,0.0038049303322615215
17.0,0.03044,0.007609860664523043
18.0,0.03044,0.007609860664523043
16.0,0.04566,0.011414790996784564
20.0,0.03044,0.007609860664523043
19.0,0.03044,0.007609860664523043
15.0,0.04566,0.011414790996784564
18.0,0.01522,0.0038049303322615215
17.0,0.01522,0.0038049303322615215
17.0,0.03044,0.007609860664523043
18.0,0.03044,0.007609860664523043
19.0,0.03044,0.007609860664523043
17.0,0.04566,0.011414790996784564
18.0,0.03044,0.007609860664523043
17.0,0.04566,0.011414790996784564
17.0,0.03044,0.007609860664523043
16.0,0.04566,0.011414790996784564
18.0,0.03044,0.007609860664523043
17.0,0.03044,0.007609860664523043
17.0,0.01522,0.0038049303322615215
16.0,0.03044,0.007609860664523043
17.0,0.01522,0.0038049303322615215
17.0,0.01522,0.0038049303322615215
17.0,0.03044,0.007609860664523043
16.0,0.01522,0.0038049303322615215
15.0,0.01522,0.0038049303322615215
16.0,0.01522,0.0038049303322615215
15.0,0.01522,0.0038049303322615215
16.0,0.03044,0.007609860664523043
15.0,0.03044,0.007609860664523043
14.0,0.04566,0.011414790996784564
16.0,0.03044,0.007609860664523043
16.0,0.03044,0.007609860664523043
13.0,0.04566,0.011414790996784564
16.0,0.03044,0.007609860664523043
16.0,0.03044,0.007609860664523043
15.0,0.03044,0.007609860664523043
14.0,0.04566,0.011414790996784564
15.0,0.04566,0.011414790996784564
19.0,0.03044,0.007609860664523043
18.0,0.03044,0.007609860664523043
19.0,0.03044,0.007609860664523043
18.0,0.03044,0.007609860664523043
16.0,0.03044,0.007609860664523043
14.0,0.04566,0.011414790996784564
16.0,0.03044,0.007609860664523043
15.0,0.03044,0.007609860664523043
15.0,0.04566,0.011414790996784564
15.0,0.03044,0.007609860664523043
14.0,0.03044,0.007609860664523043
14.0,0.03044,0.007609860664523043
14.0,0.03044,0.007609860664523043
14.0,0.04566,0.011414790996784564
14.0,0.04566,0.011414790996784564
12.0,0.06088,0.015219721329046086
15.0,0.04566,0.011414790996784564
14.0,0.04566,0.011414790996784564
11.0,0.06088,0.015219721329046086
16.0,0.03044,0.007609860664523043
16.0,0.03044,0.007609860664523043
15.0,0.03044,0.007609860664523043
14.0,0.04566,0.011414790996784564
15.0,0.04566,0.011414790996784564
15.0,0.04566,0.011414790996784564
13.0,0.06088,0.015219721329046086
18.0,0.04566,0.011414790996784564
18.0,0.04566,0.011414790996784564
13.0,0.0761,0.019024651661307606
11.0,0.09132,0.022829581993569128
19.0,0.03044,0.007609860664523043
18.0,0.04566,0.011414790996784564
17.0,0.03044,0.007609860664523043
16.0,0.04566,0.011414790996784564
18.0,0.03044,0.007609860664523043
17.0,0.04566,0.011414790996784564
17.0,0.03044,0.007609860664523043
16.0,0.04566,0.011414790996784564
13.0,0.09132,0.022829581993569128
18.0,0.01522,0.0038049303322615215
17.0,0.03044,0.007609860664523043
17.0,0.01522,0.0038049303322615215
17.0,0.01522,0.0038049303322615215
18.0,0.03044,0.007609860664523043
16.0,0.01522,0.0038049303322615215
15.0,0.01522,0.0038049303322615215
16.0,0.01522,0.0038049303322615215
15.0,0.01522,0.0038049303322615215
17.0,0.03044,0.007609860664523043
16.0,0.03044,0.007609860664523043
15.0,0.04566,0.011414790996784564
15.0,0.03044,0.007609860664523043
17.0,0.03044,0.007609860664523043
14.0,0.04566,0.011414790996784564
17.0,0.03044,0.007609860664523043
16.0,0.03044,0.007609860664523043
15.0,0.03044,0.007609860664523043
15.0,0.04566,0.011414790996784564
14.0,0.04566,0.011414790996784564
19.0,0.03044,0.007609860664523043
17.0,0.03044,0.007609860664523043
18.0,0.03044,0.007609860664523043
17.0,0.03044,0.007609860664523043
18.0,0.01522,0.0038049303322615215
16.0,0.03044,0.007609860664523043
17.0,0.01522,0.0038049303322615215
16.0,0.01522,0.0038049303322615215
17.0,0.03044,0.007609860664523043
16.0,0.01522,0.0038049303322615215
14.0,0.01522,0.0038049303322615215
15.0,0.01522,0.0038049303322615215
14.0,0.01522,0.0038049303322615215
15.0,0.03044,0.007609860664523043
16.0,0.03044,0.007609860664523043
14.0,0.04566,0.011414790996784564
17.0,0.03044,0.007609860664523043
13.0,0.03044,0.007609860664523043
12.0,0.04566,0.011414790996784564
17.0,0.03044,0.007609860664523043
15.0,0.03044,0.007609860664523043
14.0,0.03044,0.007609860664523043
15.0,0.04566,0.011414790996784564
12.0,0.04566,0.011414790996784564
20.0,0.03044,0.007609860664523043
17.0,0.03044,0.007609860664523043
19.0,0.03044,0.007609860664523043
17.0,0.03044,0.007609860664523043
15.0,0.03044,0.007609860664523043
13.0,0.04566,0.011414790996784564
14.0,0.03044,0.007609860664523043
13.0,0.03044,0.007609860664523043
14.0,0.04566,0.011414790996784564
13.0,0.03044,0.007609860664523043
11.0,0.03044,0.007609860664523043
12.0,0.03044,0.007609860664523043
11.0,0.03044,0.007609860664523043
12.0,0.04566,0.011414790996784564
13.0,0.04566,0.011414790996784564
11.0,0.06088,0.015219721329046086
14.0,0.04566,0.011414790996784564
12.0,0.04566,0.011414790996784564
9.0,0.06088,0.015219721329046086
15.0,0.0761,0.019024651661307606
13.0,0.09132,0.022829581993569128
17.0,0.01522,0.0038049303322615215
16.0,0.03044,0.007609860664523043
16.0,0.01522,0.0038049303322615215
19.0,0.03044,0.007609860664523043
16.0,0.01522,0.0038049303322615215
15.0,0.01522,0.0038049303322615215
19.0,0.03044,0.007609860664523043
16.0,0.03044,0.007609860664523043
15.0,0.04566,0.011414790996784564
19.0,0.03044,0.007609860664523043
19.0,0.03044,0.007609860664523043
14.0,0.04566,0.011414790996784564
16.0,0.03044,0.007609860664523043
16.0,0.03044,0.007609860664523043
15.0,0.04566,0.011414790996784564
18.0,0.04566,0.011414790996784564
16.0,0.01522,0.0038049303322615215
15.0,0.03044,0.007609860664523043
16.0,0.01522,0.0038049303322615215
19.0,0.03044,0.007609860664523043
17.0,0.03044,0.007609860664523043
16.0,0.03044,0.007609860664523043
19.0,0.03044,0.007609860664523043
17.0,0.04566,0.011414790996784564
16.0,0.03044,0.007609860664523043
14.0,0.04566,0.011414790996784564
16.0,0.03044,0.007609860664523043
15.0,0.03044,0.007609860664523043
15.0,0.04566,0.011414790996784564
15.0,0.04566,0.011414790996784564
13.0,0.06088,0.015219721329046086
18.0,0.04566,0.011414790996784564
18.0,0.04566,0.011414790996784564
15.0,0.03044,0.007609860664523043
14.0,0.04566,0.011414790996784564
15.0,0.03044,0.007609860664523043
16.0,0.04566,0.011414790996784564
15.0,0.03044,0.007609860664523043
14.0,0.03044,0.007609860664523043
16.0,0.04566,0.011414790996784564
14.0,0.04566,0.011414790996784564
11.0,0.06088,0.015219721329046086
16.0,0.04566,0.011414790996784564
16.0,0.04566,0.011414790996784564
10.0,0.06088,0.015219721329046086
13.0,0.0761,0.019024651661307606
10.0,0.09132,0.022829581993569128
18.0,0.03044,0.007609860664523043
16.0,0.04566,0.011414790996784564
18.0,0.03044,0.007609860664523043
18.0,0.04566,0.011414790996784564
16.0,0.01522,0.0038049303322615215
15.0,0.03044,0.007609860664523043
16.0,0.01522,0.0038049303322615215
14.0,0.01522,0.0038049303322615215
15.0,0.03044,0.007609860664523043
15.0,0.03044,0.007609860664523043
13.0,0.03044,0.007609860664523043
19.0,0.03044,0.007609860664523043
17.0,0.03044,0.007609860664523043
15.0,0.04566,0.011414790996784564
16.0,0.03044,0.007609860664523043
15.0,0.03044,0.007609860664523043
14.0,0.04566,0.011414790996784564
18.0,0.03044,0.007609860664523043
16.0,0.04566,0.011414790996784564
18.0,0.03044,0.007609860664523043
18.0,0.04566,0.011414790996784564
19.0,0.03044,0.007609860664523043
17.0,0.04566,0.011414790996784564
18.0,0.04566,0.011414790996784564
13.0,0.04566,0.011414790996784564
10.0,0.06088,0.015219721329046086
11.0,0.09132,0.022829581993569128
19.0,0.01522,0.0038049303322615215
18.0,0.03044,0.007609860664523043
18.0,0.01522,0.0038049303322615215
18.0,0.03044,0.007609860664523043
18.0,0.01522,0.0038049303322615215
16.0,0.01522,0.0038049303322615215
19.0,0.03044,0.007609860664523043
18.0,0.03044,0.007609860664523043
16.0,0.04566,0.011414790996784564
17.0,0.03044,0.007609860664523043
19.0,0.03044,0.007609860664523043
14.0,0.04566,0.011414790996784564
19.0,0.03044,0.007609860664523043
17.0,0.03044,0.007609860664523043
18.0,0.04566,0.011414790996784564
16.0,0.04566,0.011414790996784564
19.0,0.01522,0.0038049303322615215
18.0,0.03044,0.007609860664523043
18.0,0.01522,0.0038049303322615215
18.0,0.03044,0.007609860664523043
19.0,0.03044,0.007609860664523043
17.0,0.03044,0.007609860664523043
20.0,0.03044,0.007609860664523043
18.0,0.04566,0.011414790996784564
19.0,0.01522,0.0038049303322615215
18.0,0.03044,0.007609860664523043
18.0,0.01522,0.0038049303322615215
19.0,0.03044,0.007609860664523043
18.0,0.01522,0.0038049303322615215
16.0,0.01522,0.0038049303322615215
18.0,0.03044,0.007609860664523043
18.0,0.03044,0.007609860664523043
16.0,0.04566,0.011414790996784564
19.0,0.03044,0.007609860664523043
17.0,0.03044,0.007609860664523043
14.0,0.04566,0.011414790996784564
19.0,0.03044,0.007609860664523043
17.0,0.03044,0.007609860664523043
18.0,0.04566,0.011414790996784564
16.0,0.04566,0.011414790996784564
19.0,0.01522,0.0038049303322615215
18.0,0.03044,0.007609860664523043
18.0,0.01522,0.0038049303322615215
18.0,0.03044,0.007609860664523043
19.0,0.03044,0.007609860664523043
17.0,0.03044,0.007609860664523043
20.0,0.03044,0.007609860664523043
18.0,0.04566,0.011414790996784564
14.0,0.03044,0.007609860664523043
13.0,0.04566,0.011414790996784564
13.0,0.03044,0.007609860664523043
14.0,0.04566,0.011414790996784564
13.0,0.03044,0.007609860664523043
11.0,0.03044,0.007609860664523043
14.0,0.04566,0.011414790996784564
13.0,0.04566,0.011414790996784564
10.0,0.06088,0.015219721329046086
15.0,0.04566,0.011414790996784564
15.0,0.04566,0.011414790996784564
8.0,0.06088,0.015219721329046086
19.0,0.01522,0.0038049303322615215
18.0,0.03044,0.007609860664523043
18.0,0.01522,0.0038049303322615215
19.0,0.03044,0.007609860664523043
18.0,0.01522,0.0038049303322615215
17.0,0.01522,0.0038049303322615215
20.0,0.03044,0.007609860664523043
18.0,0.03044,0.007609860664523043
16.0,0.04566,0.011414790996784564
17.0,0.03044,0.007609860664523043
19.0,0.03044,0.007609860664523043
15.0,0.04566,0.011414790996784564
18.0,0.03044,0.007609860664523043
17.0,0.03044,0.007609860664523043
17.0,0.04566,0.011414790996784564
16.0,0.04566,0.011414790996784564
18.0,0.01522,0.0038049303322615215
17.0,0.03044,0.007609860664523043
17.0,0.01522,0.0038049303322615215
18.0,0.03044,0.007609860664523043
18.0,0.03044,0.007609860664523043
17.0,0.03044,0.007609860664523043
19.0,0.03044,0.007609860664523043
17.0,0.04566,0.011414790996784564
19.0,0.01522,0.0038049303322615215
18.0,0.03044,0.007609860664523043
18.0,0.01522,0.0038049303322615215
20.0,0.03044,0.007609860664523043
18.0,0.01522,0.0038049303322615215
17.0,0.01522,0.0038049303322615215
19.0,0.03044,0.007609860664523043
18.0,0.03044,0.007609860664523043
16.0,0.04566,0.011414790996784564
19.0,0.03044,0.007609860664523043
17.0,0.03044,0.007609860664523043
15.0,0.04566,0.011414790996784564
18.0,0.03044,0.007609860664523043
17.0,0.03044,0.007609860664523043
17.0,0.04566,0.011414790996784564
16.0,0.04566,0.011414790996784564
18.0,0.01522,0.0038049303322615215
17.0,0.03044,0.007609860664523043
17.0,0.01522,0.0038049303322615215
18.0,0.03044,0.007609860664523043
18.0,0.03044,0.007609860664523043
17.0,0.03044,0.007609860664523043
19.0,0.03044,0.007609860664523043
17.0,0.04566,0.011414790996784564
13.0,0.03044,0.007609860664523043
12.0,0.04566,0.011414790996784564
12.0,0.03044,0.007609860664523043
14.0,0.04566,0.011414790996784564
12.0,0.03044,0.007609860664523043
11.0,0.03044,0.007609860664523043
14.0,0.04566,0.011414790996784564
12.0,0.04566,0.011414790996784564
9.0,0.06088,0.015219721329046086
14.0,0.04566,0.011414790996784564
14.0,0.04566,0.011414790996784564
8.0,0.06088,0.015219721329046086
12.0,0.0761,0.019024651661307606
9.0,0.09132,0.022829581993569128
14.0,0.06088,0.015219721329046086
13.0,0.0761,0.019024651661307606
13.0,0.0761,0.019024651661307606
13.0,0.0761,0.019024651661307606
11.0,0.09132,0.022829581993569128
13.0,0.0761,0.019024651661307606
10.0,0.09132,0.022829581993569128
8.0,0.12176,0.03043944265809217
14.0,0.0761,0.019024651661307606
11.0,0.09132,0.022829581993569128
15.0,0.0761,0.019024651661307606
13.0,0.09132,0.022829581993569128
15.0,0.0761,0.019024651661307606
13.0,0.09132,0.022829581993569128
12.0,0.0761,0.019024651661307606
9.0,0.09132,0.022829581993569128
6.0,0.12176,0.03043944265809217
21.0,0.056326,0.011358650691491069
20.0,0.071546,0.01516358102375259
20.0,0.056326,0.011358650691491069
23.0,0.071546,0.01516358102375259
20.0,0.056326,0.011358650691491069
18.0,0.056326,0.011358650691491069
23.0,0.071546,0.01516358102375259
20.0,0.071546,0.01516358102375259
19.0,0.086766,0.01896851135601411
24.0,0.071546,0.01516358102375259
24.0,0.071546,0.01516358102375259
17.0,0.086766,0.01896851135601411
20.0,0.056326,0.011358650691491069
19.0,0.056326,0.011358650691491069
19.0,0.071546,0.01516358102375259
23.0,0.071546,0.01516358102375259
23.0,0.071546,0.01516358102375259
21.0,0.086766,0.01896851135601411
20.0,0.071546,0.01516358102375259
19.0,0.086766,0.01896851135601411
20.0,0.071546,0.01516358102375259
23.0,0.086766,0.01896851135601411
21.0,0.071546,0.01516358102375259
19.0,0.071546,0.01516358102375259
20.0,0.056326,0.011358650691491069
19.0,0.056326,0.011358650691491069
17.0,0.056326,0.011358650691491069
19.0,0.071546,0.01516358102375259
18.0,0.071546,0.01516358102375259
19.0,0.071546,0.01516358102375259
16.0,0.071546,0.01516358102375259
23.0,0.071546,0.01516358102375259
23.0,0.071546,0.01516358102375259
22.0,0.086766,0.01896851135601411
21.0,0.086766,0.01896851135601411
20.0,0.071546,0.01516358102375259
20.0,0.071546,0.01516358102375259
19.0,0.071546,0.01516358102375259
18.0,0.086766,0.01896851135601411
19.0,0.086766,0.01896851135601411
19.0,0.086766,0.01896851135601411
17.0,0.101986,0.022773441688275633
23.0,0.086766,0.01896851135601411
21.0,0.086766,0.01896851135601411
21.0,0.071546,0.01516358102375259
19.0,0.071546,0.01516358102375259
18.0,0.071546,0.01516358102375259
19.0,0.086766,0.01896851135601411
16.0,0.086766,0.01896851135601411
20.0,0.071546,0.01516358102375259
18.0,0.086766,0.01896851135601411
19.0,0.071546,0.01516358102375259
21.0,0.086766,0.01896851135601411
19.0,0.071546,0.01516358102375259
17.0,0.071546,0.01516358102375259
22.0,0.086766,0.01896851135601411
19.0,0.086766,0.01896851135601411
16.0,0.101986,0.022773441688275633
22.0,0.086766,0.01896851135601411
23.0,0.086766,0.01896851135601411
15.0,0.101986,0.022773441688275633
23.0,0.071546,0.01516358102375259
22.0,0.071546,0.01516358102375259
21.0,0.086766,0.01896851135601411
22.0,0.086766,0.01896851135601411
23.0,0.071546,0.01516358102375259
22.0,0.071546,0.01516358102375259
22.0,0.086766,0.01896851135601411
22.0,0.086766,0.01896851135601411
16.0,0.086766,0.01896851135601411
14.0,0.101986,0.022773441688275633
17.0,0.117206,0.026578372020537155
15.0,0.132426,0.030383302352798677
14.0,0.132426,0.030383302352798677
19.0,0.071546,0.01516358102375259
18.0,0.071546,0.01516358102375259
18.0,0.071546,0.01516358102375259
18.0,0.086766,0.01896851135601411
18.0,0.086766,0.01896851135601411
18.0,0.086766,0.01896851135601411
17.0,0.086766,0.01896851135601411
22.0,0.086766,0.01896851135601411
18.0,0.086766,0.01896851135601411
17.0,0.086766,0.01896851135601411
16.0,0.086766,0.01896851135601411
16.0,0.101986,0.022773441688275633
16.0,0.101986,0.022773441688275633
18.0,0.086766,0.01896851135601411
17.0,0.086766,0.01896851135601411
17.0,0.101986,0.022773441688275633
20.0,0.101986,0.022773441688275633
20.0,0.086766,0.01896851135601411
18.0,0.101986,0.022773441688275633
15.0,0.132426,0.030383302352798677
20.0,0.056326,0.011358650691491069
19.0,0.071546,0.01516358102375259
19.0,0.056326,0.011358650691491069
22.0,0.071546,0.01516358102375259
19.0,0.056326,0.011358650691491069
16.0,0.056326,0.011358650691491069
22.0,0.071546,0.01516358102375259
19.0,0.071546,0.01516358102375259
17.0,0.086766,0.01896851135601411
22.0,0.071546,0.01516358102375259
22.0,0.071546,0.01516358102375259
15.0,0.086766,0.01896851135601411
20.0,0.056326,0.011358650691491069
18.0,0.056326,0.011358650691491069
19.0,0.071546,0.01516358102375259
21.0,0.071546,0.01516358102375259
23.0,0.071546,0.01516358102375259
21.0,0.086766,0.01896851135601411
19.0,0.071546,0.01516358102375259
18.0,0.086766,0.01896851135601411
18.0,0.071546,0.01516358102375259
20.0,0.086766,0.01896851135601411
20.0,0.071546,0.01516358102375259
17.0,0.071546,0.01516358102375259
20.0,0.071546,0.01516358102375259
19.0,0.071546,0.01516358102375259
19.0,0.071546,0.01516358102375259
19.0,0.086766,0.01896851135601411
19.0,0.086766,0.01896851135601411
19.0,0.086766,0.01896851135601411
18.0,0.086766,0.01896851135601411
21.0,0.086766,0.01896851135601411
23.0,0.071546,0.01516358102375259
22.0,0.086766,0.01896851135601411
23.0,0.071546,0.01516358102375259
23.0,0.086766,0.01896851135601411
23.0,0.071546,0.01516358102375259
20.0,0.071546,0.01516358102375259
23.0,0.086766,0.01896851135601411
22.0,0.086766,0.01896851135601411
17.0,0.101986,0.022773441688275633
22.0,0.086766,0.01896851135601411
21.0,0.086766,0.01896851135601411
16.0,0.101986,0.022773441688275633
20.0,0.056326,0.011358650691491069
19.0,0.071546,0.01516358102375259
19.0,0.056326,0.011358650691491069
22.0,0.071546,0.01516358102375259
19.0,0.056326,0.011358650691491069
17.0,0.056326,0.011358650691491069
22.0,0.071546,0.01516358102375259
19.0,0.071546,0.01516358102375259
18.0,0.086766,0.01896851135601411
23.0,0.071546,0.01516358102375259
23.0,0.071546,0.01516358102375259
16.0,0.086766,0.01896851135601411
19.0,0.056326,0.011358650691491069
17.0,0.056326,0.011358650691491069
18.0,0.071546,0.01516358102375259
21.0,0.071546,0.01516358102375259
21.0,0.071546,0.01516358102375259
19.0,0.086766,0.01896851135601411
18.0,0.071546,0.01516358102375259
17.0,0.086766,0.01896851135601411
18.0,0.071546,0.01516358102375259
21.0,0.086766,0.01896851135601411
19.0,0.071546,0.01516358102375259
17.0,0.071546,0.01516358102375259
20.0,0.071546,0.01516358102375259
19.0,0.071546,0.01516358102375259
18.0,0.071546,0.01516358102375259
18.0,0.086766,0.01896851135601411
18.0,0.086766,0.01896851135601411
19.0,0.086766,0.01896851135601411
17.0,0.086766,0.01896851135601411
23.0,0.086766,0.01896851135601411
20.0,0.071546,0.01516358102375259
20.0,0.071546,0.01516358102375259
19.0,0.071546,0.01516358102375259
18.0,0.086766,0.01896851135601411
19.0,0.086766,0.01896851135601411
19.0,0.086766,0.01896851135601411
17.0,0.101986,0.022773441688275633
23.0,0.086766,0.01896851135601411
21.0,0.086766,0.01896851135601411
17.0,0.086766,0.01896851135601411
16.0,0.086766,0.01896851135601411
15.0,0.086766,0.01896851135601411
15.0,0.101986,0.022773441688275633
15.0,0.101986,0.022773441688275633
23.0,0.071546,0.01516358102375259
22.0,0.086766,0.01896851135601411
22.0,0.071546,0.01516358102375259
22.0,0.086766,0.01896851135601411
22.0,0.071546,0.01516358102375259
20.0,0.071546,0.01516358102375259
22.0,0.086766,0.01896851135601411
22.0,0.086766,0.01896851135601411
19.0,0.101986,0.022773441688275633
22.0,0.086766,0.01896851135601411
21.0,0.086766,0.01896851135601411
17.0,0.101986,0.022773441688275633
18.0,0.132426,0.030383302352798677
21.0,0.056326,0.011358650691491069
20.0,0.071546,0.01516358102375259
20.0,0.056326,0.011358650691491069
23.0,0.071546,0.01516358102375259
20.0,0.056326,0.011358650691491069
18.0,0.056326,0.011358650691491069
23.0,0.071546,0.01516358102375259
20.0,0.071546,0.01516358102375259
19.0,0.086766,0.01896851135601411
24.0,0.071546,0.01516358102375259
24.0,0.071546,0.01516358102375259
17.0,0.086766,0.01896851135601411
20.0,0.056326,0.011358650691491069
19.0,0.056326,0.011358650691491069
19.0,0.071546,0.01516358102375259
23.0,0.071546,0.01516358102375259
23.0,0.071546,0.01516358102375259
22.0,0.086766,0.01896851135601411
20.0,0.071546,0.01516358102375259
19.0,0.086766,0.01896851135601411
20.0,0.071546,0.01516358102375259
23.0,0.086766,0.01896851135601411
21.0,0.071546,0.01516358102375259
19.0,0.071546,0.01516358102375259
20.0,0.056326,0.011358650691491069
19.0,0.056326,0.011358650691491069
17.0,0.056326,0.011358650691491069
19.0,0.071546,0.01516358102375259
18.0,0.071546,0.01516358102375259
19.0,0.071546,0.01516358102375259
16.0,0.071546,0.01516358102375259
23.0,0.071546,0.01516358102375259
23.0,0.071546,0.01516358102375259
21.0,0.086766,0.01896851135601411
21.0,0.086766,0.01896851135601411
20.0,0.071546,0.01516358102375259
20.0,0.071546,0.01516358102375259
19.0,0.071546,0.01516358102375259
18.0,0.086766,0.01896851135601411
19.0,0.086766,0.01896851135601411
19.0,0.086766,0.01896851135601411
17.0,0.101986,0.022773441688275633
23.0,0.086766,0.01896851135601411
21.0,0.086766,0.01896851135601411
21.0,0.071546,0.01516358102375259
19.0,0.071546,0.01516358102375259
18.0,0.071546,0.01516358102375259
19.0,0.086766,0.01896851135601411
16.0,0.086766,0.01896851135601411
20.0,0.071546,0.01516358102375259
18.0,0.086766,0.01896851135601411
19.0,0.071546,0.01516358102375259
22.0,0.086766,0.01896851135601411
19.0,0.071546,0.01516358102375259
17.0,0.071546,0.01516358102375259
21.0,0.086766,0.01896851135601411
19.0,0.086766,0.01896851135601411
16.0,0.101986,0.022773441688275633
23.0,0.086766,0.01896851135601411
22.0,0.086766,0.01896851135601411
15.0,0.101986,0.022773441688275633
23.0,0.071546,0.01516358102375259
22.0,0.071546,0.01516358102375259
22.0,0.086766,0.01896851135601411
22.0,0.086766,0.01896851135601411
23.0,0.071546,0.01516358102375259
22.0,0.071546,0.01516358102375259
21.0,0.086766,0.01896851135601411
22.0,0.086766,0.01896851135601411
16.0,0.086766,0.01896851135601411
14.0,0.101986,0.022773441688275633
17.0,0.117206,0.026578372020537155
15.0,0.132426,0.030383302352798677
14.0,0.132426,0.030383302352798677
19.0,0.071546,0.01516358102375259
18.0,0.071546,0.01516358102375259
18.0,0.071546,0.01516358102375259
18.0,0.086766,0.01896851135601411
18.0,0.086766,0.01896851135601411
18.0,0.086766,0.01896851135601411
17.0,0.086766,0.01896851135601411
22.0,0.086766,0.01896851135601411
18.0,0.086766,0.01896851135601411
17.0,0.086766,0.01896851135601411
16.0,0.086766,0.01896851135601411
16.0,0.101986,0.022773441688275633
16.0,0.101986,0.022773441688275633
18.0,0.086766,0.01896851135601411
17.0,0.086766,0.01896851135601411
17.0,0.101986,0.022773441688275633
20.0,0.101986,0.022773441688275633
20.0,0.086766,0.01896851135601411
18.0,0.101986,0.022773441688275633
15.0,0.132426,0.030383302352798677
20.0,0.056326,0.011358650691491069
19.0,0.071546,0.01516358102375259
19.0,0.056326,0.011358650691491069
22.0,0.071546,0.01516358102375259
19.0,0.056326,0.011358650691491069
16.0,0.056326,0.011358650691491069
22.0,0.071546,0.01516358102375259
19.0,0.071546,0.01516358102375259
17.0,0.086766,0.01896851135601411
22.0,0.071546,0.01516358102375259
22.0,0.071546,0.01516358102375259
15.0,0.086766,0.01896851135601411
20.0,0.056326,0.011358650691491069
18.0,0.056326,0.011358650691491069
19.0,0.071546,0.01516358102375259
21.0,0.071546,0.01516358102375259
23.0,0.071546,0.01516358102375259
21.0,0.086766,0.01896851135601411
19.0,0.071546,0.01516358102375259
18.0,0.086766,0.01896851135601411
18.0,0.071546,0.01516358102375259
20.0,0.086766,0.01896851135601411
20.0,0.071546,0.01516358102375259
17.0,0.071546,0.01516358102375259
20.0,0.071546,0.01516358102375259
19.0,0.071546,0.01516358102375259
19.0,0.071546,0.01516358102375259
19.0,0.086766,0.01896851135601411
19.0,0.086766,0.01896851135601411
19.0,0.086766,0.01896851135601411
18.0,0.086766,0.01896851135601411
21.0,0.086766,0.01896851135601411
23.0,0.071546,0.01516358102375259
22.0,0.086766,0.01896851135601411
23.0,0.071546,0.01516358102375259
23.0,0.086766,0.01896851135601411
23.0,0.071546,0.01516358102375259
20.0,0.071546,0.01516358102375259
23.0,0.086766,0.01896851135601411
22.0,0.086766,0.01896851135601411
17.0,0.101986,0.022773441688275633
21.0,0.086766,0.01896851135601411
22.0,0.086766,0.01896851135601411
16.0,0.101986,0.022773441688275633
20.0,0.056326,0.011358650691491069
19.0,0.071546,0.01516358102375259
19.0,0.056326,0.011358650691491069
22.0,0.071546,0.01516358102375259
19.0,0.056326,0.011358650691491069
17.0,0.056326,0.011358650691491069
22.0,0.071546,0.01516358102375259
19.0,0.071546,0.01516358102375259
18.0,0.086766,0.01896851135601411
23.0,0.071546,0.01516358102375259
23.0,0.071546,0.01516358102375259
16.0,0.086766,0.01896851135601411
19.0,0.056326,0.011358650691491069
17.0,0.056326,0.011358650691491069
18.0,0.071546,0.01516358102375259
21.0,0.071546,0.01516358102375259
21.0,0.071546,0.01516358102375259
19.0,0.086766,0.01896851135601411
18.0,0.071546,0.01516358102375259
17.0,0.086766,0.01896851135601411
18.0,0.071546,0.01516358102375259
21.0,0.086766,0.01896851135601411
19.0,0.071546,0.01516358102375259
17.0,0.071546,0.01516358102375259
20.0,0.071546,0.01516358102375259
19.0,0.071546,0.01516358102375259
18.0,0.071546,0.01516358102375259
18.0,0.086766,0.01896851135601411
18.0,0.086766,0.01896851135601411
19.0,0.086766,0.01896851135601411
17.0,0.086766,0.01896851135601411
23.0,0.086766,0.01896851135601411
20.0,0.071546,0.01516358102375259
20.0,0.071546,0.01516358102375259
19.0,0.071546,0.01516358102375259
18.0,0.086766,0.01896851135601411
19.0,0.086766,0.01896851135601411
19.0,0.086766,0.01896851135601411
17.0,0.101986,0.022773441688275633
23.0,0.086766,0.01896851135601411
21.0,0.086766,0.01896851135601411
17.0,0.086766,0.01896851135601411
16.0,0.086766,0.01896851135601411
15.0,0.086766,0.01896851135601411
15.0,0.101986,0.022773441688275633
15.0,0.101986,0.022773441688275633
23.0,0.071546,0.01516358102375259
22.0,0.086766,0.01896851135601411
22.0,0.071546,0.01516358102375259
22.0,0.086766,0.01896851135601411
22.0,0.071546,0.01516358102375259
20.0,0.071546,0.01516358102375259
22.0,0.086766,0.01896851135601411
22.0,0.086766,0.01896851135601411
19.0,0.101986,0.022773441688275633
21.0,0.086766,0.01896851135601411
22.0,0.086766,0.01896851135601411
17.0,0.101986,0.022773441688275633
18.0,0.132426,0.030383302352798677
17.0,0.112827,0.02280415425723461
16.0,0.128047,0.02660908458949613
17.0,0.112827,0.02280415425723461
20.0,0.128047,0.02660908458949613
17.0,0.112827,0.02280415425723461
15.0,0.112827,0.02280415425723461
20.0,0.128047,0.02660908458949613
16.0,0.128047,0.02660908458949613
15.0,0.143267,0.030414014921757652
21.0,0.128047,0.02660908458949613
21.0,0.128047,0.02660908458949613
14.0,0.143267,0.030414014921757652
17.0,0.112827,0.02280415425723461
15.0,0.112827,0.02280415425723461
16.0,0.128047,0.02660908458949613
19.0,0.128047,0.02660908458949613
19.0,0.128047,0.02660908458949613
17.0,0.143267,0.030414014921757652
16.0,0.128047,0.02660908458949613
15.0,0.143267,0.030414014921757652
16.0,0.128047,0.02660908458949613
19.0,0.143267,0.030414014921757652
17.0,0.128047,0.02660908458949613
16.0,0.128047,0.02660908458949613
17.0,0.112827,0.02280415425723461
15.0,0.112827,0.02280415425723461
14.0,0.112827,0.02280415425723461
15.0,0.128047,0.02660908458949613
15.0,0.128047,0.02660908458949613
16.0,0.128047,0.02660908458949613
13.0,0.128047,0.02660908458949613
19.0,0.128047,0.02660908458949613
19.0,0.128047,0.02660908458949613
17.0,0.143267,0.030414014921757652
17.0,0.143267,0.030414014921757652
16.0,0.128047,0.02660908458949613
16.0,0.128047,0.02660908458949613
15.0,0.128047,0.02660908458949613
14.0,0.143267,0.030414014921757652
15.0,0.143267,0.030414014921757652
15.0,0.143267,0.030414014921757652
13.0,0.158487,0.034218945254019174
19.0,0.143267,0.030414014921757652
17.0,0.143267,0.030414014921757652
17.0,0.128047,0.02660908458949613
16.0,0.128047,0.02660908458949613
15.0,0.128047,0.02660908458949613
15.0,0.143267,0.030414014921757652
13.0,0.143267,0.030414014921757652
16.0,0.128047,0.02660908458949613
14.0,0.143267,0.030414014921757652
16.0,0.128047,0.02660908458949613
18.0,0.143267,0.030414014921757652
16.0,0.128047,0.02660908458949613
14.0,0.128047,0.02660908458949613
18.0,0.143267,0.030414014921757652
15.0,0.143267,0.030414014921757652
11.0,0.158487,0.034218945254019174
19.0,0.143267,0.030414014921757652
19.0,0.143267,0.030414014921757652
11.0,0.158487,0.034218945254019174
19.0,0.128047,0.02660908458949613
18.0,0.128047,0.02660908458949613
17.0,0.143267,0.030414014921757652
17.0,0.143267,0.030414014921757652
19.0,0.128047,0.02660908458949613
18.0,0.128047,0.02660908458949613
17.0,0.143267,0.030414014921757652
17.0,0.143267,0.030414014921757652
13.0,0.143267,0.030414014921757652
10.0,0.158487,0.034218945254019174
13.0,0.173707,0.038023875586280696
10.0,0.188927,0.04182880591854222
10.0,0.188927,0.04182880591854222
20.0,0.112827,0.03312432215339314
17.0,0.128047,0.036929252485654665
19.0,0.112827,0.03312432215339314
19.0,0.112827,0.03312432215339314
18.0,0.128047,0.036929252485654665
19.0,0.112827,0.03312432215339314
17.0,0.112827,0.03312432215339314
19.0,0.112827,0.03312432215339314
17.0,0.112827,0.03312432215339314
18.0,0.128047,0.036929252485654665
19.0,0.128047,0.036929252485654665
16.0,0.143267,0.04073418281791619
19.0,0.128047,0.036929252485654665
19.0,0.128047,0.036929252485654665
15.0,0.143267,0.04073418281791619
19.0,0.128047,0.036929252485654665
16.0,0.143267,0.04073418281791619
18.0,0.128047,0.036929252485654665
18.0,0.128047,0.036929252485654665
17.0,0.143267,0.04073418281791619
22.0,0.128047,0.036929252485654665
21.0,0.128047,0.036929252485654665
23.0,0.128047,0.036929252485654665
21.0,0.128047,0.036929252485654665
19.0,0.128047,0.036929252485654665
16.0,0.143267,0.04073418281791619
18.0,0.128047,0.036929252485654665
18.0,0.128047,0.036929252485654665
17.0,0.143267,0.04073418281791619
17.0,0.128047,0.036929252485654665
16.0,0.128047,0.036929252485654665
17.0,0.128047,0.036929252485654665
16.0,0.128047,0.036929252485654665
16.0,0.143267,0.04073418281791619
17.0,0.143267,0.04073418281791619
14.0,0.158487,0.04453911315017771
17.0,0.143267,0.04073418281791619
17.0,0.143267,0.04073418281791619
13.0,0.158487,0.04453911315017771
19.0,0.128047,0.036929252485654665
16.0,0.143267,0.04073418281791619
18.0,0.128047,0.036929252485654665
18.0,0.128047,0.036929252485654665
17.0,0.143267,0.04073418281791619
17.0,0.143267,0.04073418281791619
14.0,0.158487,0.04453911315017771
20.0,0.143267,0.04073418281791619
20.0,0.143267,0.04073418281791619
22.0,0.128047,0.036929252485654665
20.0,0.128047,0.036929252485654665
20.0,0.143267,0.04073418281791619
17.0,0.143267,0.04073418281791619
21.0,0.128047,0.036929252485654665
20.0,0.128047,0.036929252485654665
19.0,0.143267,0.04073418281791619
17.0,0.143267,0.04073418281791619
15.0,0.173707,0.04834404348243923
12.0,0.188927,0.05214897381470075
14.0,0.188927,0.05214897381470075
20.0,0.112827,0.03312432215339314
17.0,0.128047,0.036929252485654665
19.0,0.112827,0.03312432215339314
19.0,0.112827,0.03312432215339314
18.0,0.128047,0.036929252485654665
19.0,0.112827,0.03312432215339314
17.0,0.112827,0.03312432215339314
19.0,0.112827,0.03312432215339314
17.0,0.112827,0.03312432215339314
18.0,0.128047,0.036929252485654665
19.0,0.128047,0.036929252485654665
16.0,0.143267,0.04073418281791619
19.0,0.128047,0.036929252485654665
19.0,0.128047,0.036929252485654665
15.0,0.143267,0.04073418281791619
19.0,0.128047,0.036929252485654665
16.0,0.143267,0.04073418281791619
18.0,0.128047,0.036929252485654665
18.0,0.128047,0.036929252485654665
17.0,0.143267,0.04073418281791619
22.0,0.128047,0.036929252485654665
21.0,0.128047,0.036929252485654665
23.0,0.128047,0.036929252485654665
21.0,0.128047,0.036929252485654665
19.0,0.128047,0.036929252485654665
16.0,0.143267,0.04073418281791619
18.0,0.128047,0.036929252485654665
18.0,0.128047,0.036929252485654665
17.0,0.143267,0.04073418281791619
17.0,0.128047,0.036929252485654665
16.0,0.128047,0.036929252485654665
17.0,0.128047,0.036929252485654665
16.0,0.128047,0.036929252485654665
16.0,0.143267,0.04073418281791619
17.0,0.143267,0.04073418281791619
14.0,0.158487,0.04453911315017771
17.0,0.143267,0.04073418281791619
17.0,0.143267,0.04073418281791619
13.0,0.158487,0.04453911315017771
19.0,0.128047,0.036929252485654665
16.0,0.143267,0.04073418281791619
18.0,0.128047,0.036929252485654665
18.0,0.128047,0.036929252485654665
17.0,0.143267,0.04073418281791619
17.0,0.143267,0.04073418281791619
14.0,0.158487,0.04453911315017771
20.0,0.143267,0.04073418281791619
20.0,0.143267,0.04073418281791619
22.0,0.128047,0.036929252485654665
20.0,0.128047,0.036929252485654665
20.0,0.143267,0.04073418281791619
17.0,0.143267,0.04073418281791619
21.0,0.128047,0.036929252485654665
20.0,0.128047,0.036929252485654665
19.0,0.143267,0.04073418281791619
17.0,0.143267,0.04073418281791619
15.0,0.173707,0.04834404348243923
12.0,0.188927,0.05214897381470075
14.0,0.188927,0.05214897381470075
14.0,0.226344,0.06291168501709654
13.0,0.241564,0.06671661534935806
13.0,0.241564,0.06671661534935806
13.0,0.241564,0.06671661534935806
11.0,0.256784,0.07052154568161959
13.0,0.241564,0.06671661534935806
10.0,0.256784,0.07052154568161959
8.0,0.287224,0.07813140634614263
20.0,0.056326,0.011358650691491069
19.0,0.071546,0.01516358102375259
19.0,0.056326,0.011358650691491069
19.0,0.056326,0.011358650691491069
19.0,0.071546,0.01516358102375259
17.0,0.056326,0.011358650691491069
16.0,0.056326,0.011358650691491069
19.0,0.056326,0.011358650691491069
17.0,0.056326,0.011358650691491069
18.0,0.071546,0.01516358102375259
19.0,0.071546,0.01516358102375259
17.0,0.086766,0.01896851135601411
18.0,0.071546,0.01516358102375259
19.0,0.071546,0.01516358102375259
15.0,0.086766,0.01896851135601411
19.0,0.071546,0.01516358102375259
18.0,0.071546,0.01516358102375259
16.0,0.071546,0.01516358102375259
18.0,0.086766,0.01896851135601411
17.0,0.086766,0.01896851135601411
22.0,0.071546,0.01516358102375259
19.0,0.071546,0.01516358102375259
21.0,0.071546,0.01516358102375259
20.0,0.071546,0.01516358102375259
19.0,0.056326,0.011358650691491069
17.0,0.071546,0.01516358102375259
18.0,0.056326,0.011358650691491069
17.0,0.056326,0.011358650691491069
17.0,0.071546,0.01516358102375259
16.0,0.056326,0.011358650691491069
14.0,0.056326,0.011358650691491069
17.0,0.056326,0.011358650691491069
16.0,0.056326,0.011358650691491069
16.0,0.071546,0.01516358102375259
18.0,0.071546,0.01516358102375259
16.0,0.086766,0.01896851135601411
17.0,0.071546,0.01516358102375259
17.0,0.071546,0.01516358102375259
13.0,0.086766,0.01896851135601411
21.0,0.071546,0.01516358102375259
20.0,0.071546,0.01516358102375259
18.0,0.071546,0.01516358102375259
20.0,0.086766,0.01896851135601411
19.0,0.086766,0.01896851135601411
19.0,0.071546,0.01516358102375259
18.0,0.086766,0.01896851135601411
16.0,0.071546,0.01516358102375259
18.0,0.071546,0.01516358102375259
17.0,0.086766,0.01896851135601411
17.0,0.086766,0.01896851135601411
14.0,0.086766,0.01896851135601411
19.0,0.086766,0.01896851135601411
22.0,0.071546,0.01516358102375259
20.0,0.086766,0.01896851135601411
21.0,0.071546,0.01516358102375259
19.0,0.086766,0.01896851135601411
22.0,0.071546,0.01516358102375259
20.0,0.086766,0.01896851135601411
19.0,0.071546,0.01516358102375259
20.0,0.071546,0.01516358102375259
19.0,0.086766,0.01896851135601411
23.0,0.071546,0.01516358102375259
20.0,0.071546,0.01516358102375259
15.0,0.086766,0.01896851135601411
12.0,0.086766,0.01896851135601411
18.0,0.128047,0.036929252485654665
15.0,0.143267,0.04073418281791619
17.0,0.128047,0.036929252485654665
16.0,0.128047,0.036929252485654665
16.0,0.143267,0.04073418281791619
15.0,0.128047,0.036929252485654665
13.0,0.128047,0.036929252485654665
16.0,0.128047,0.036929252485654665
14.0,0.128047,0.036929252485654665
15.0,0.143267,0.04073418281791619
16.0,0.143267,0.04073418281791619
13.0,0.158487,0.04453911315017771
16.0,0.143267,0.04073418281791619
16.0,0.143267,0.04073418281791619
12.0,0.158487,0.04453911315017771
13.0,0.241564,0.06671661534935806
11.0,0.256784,0.07052154568161959
20.0,0.056326,0.011358650691491069
19.0,0.071546,0.01516358102375259
19.0,0.056326,0.011358650691491069
19.0,0.056326,0.011358650691491069
19.0,0.071546,0.01516358102375259
17.0,0.056326,0.011358650691491069
16.0,0.056326,0.011358650691491069
19.0,0.056326,0.011358650691491069
17.0,0.056326,0.011358650691491069
18.0,0.071546,0.01516358102375259
19.0,0.071546,0.01516358102375259
17.0,0.086766,0.01896851135601411
18.0,0.071546,0.01516358102375259
19.0,0.071546,0.01516358102375259
15.0,0.086766,0.01896851135601411
19.0,0.071546,0.01516358102375259
18.0,0.071546,0.01516358102375259
16.0,0.071546,0.01516358102375259
18.0,0.086766,0.01896851135601411
17.0,0.086766,0.01896851135601411
22.0,0.071546,0.01516358102375259
19.0,0.071546,0.01516358102375259
21.0,0.071546,0.01516358102375259
20.0,0.071546,0.01516358102375259
19.0,0.056326,0.011358650691491069
17.0,0.071546,0.01516358102375259
18.0,0.056326,0.011358650691491069
17.0,0.056326,0.011358650691491069
17.0,0.071546,0.01516358102375259
16.0,0.056326,0.011358650691491069
14.0,0.056326,0.011358650691491069
17.0,0.056326,0.011358650691491069
16.0,0.056326,0.011358650691491069
16.0,0.071546,0.01516358102375259
18.0,0.071546,0.01516358102375259
16.0,0.086766,0.01896851135601411
17.0,0.071546,0.01516358102375259
17.0,0.071546,0.01516358102375259
13.0,0.086766,0.01896851135601411
21.0,0.071546,0.01516358102375259
20.0,0.071546,0.01516358102375259
18.0,0.071546,0.01516358102375259
20.0,0.086766,0.01896851135601411
19.0,0.086766,0.01896851135601411
19.0,0.071546,0.01516358102375259
18.0,0.086766,0.01896851135601411
16.0,0.071546,0.01516358102375259
18.0,0.071546,0.01516358102375259
17.0,0.086766,0.01896851135601411
17.0,0.086766,0.01896851135601411
14.0,0.086766,0.01896851135601411
19.0,0.086766,0.01896851135601411
22.0,0.071546,0.01516358102375259
20.0,0.086766,0.01896851135601411
21.0,0.071546,0.01516358102375259
19.0,0.086766,0.01896851135601411
23.0,0.071546,0.01516358102375259
20.0,0.071546,0.01516358102375259
22.0,0.071546,0.01516358102375259
20.0,0.086766,0.01896851135601411
19.0,0.071546,0.01516358102375259
20.0,0.071546,0.01516358102375259
19.0,0.086766,0.01896851135601411
15.0,0.086766,0.01896851135601411
12.0,0.086766,0.01896851135601411
18.0,0.128047,0.036929252485654665
15.0,0.143267,0.04073418281791619
17.0,0.128047,0.036929252485654665
16.0,0.128047,0.036929252485654665
16.0,0.143267,0.04073418281791619
15.0,0.128047,0.036929252485654665
13.0,0.128047,0.036929252485654665
16.0,0.128047,0.036929252485654665
14.0,0.128047,0.036929252485654665
15.0,0.143267,0.04073418281791619
16.0,0.143267,0.04073418281791619
13.0,0.158487,0.04453911315017771
16.0,0.143267,0.04073418281791619
16.0,0.143267,0.04073418281791619
12.0,0.158487,0.04453911315017771
13.0,0.241564,0.06671661534935806
11.0,0.256784,0.07052154568161959
14.0,0.128047,0.02660908458949613
13.0,0.143267,0.030414014921757652
13.0,0.128047,0.02660908458949613
15.0,0.143267,0.030414014921757652
13.0,0.128047,0.02660908458949613
11.0,0.128047,0.02660908458949613
15.0,0.143267,0.030414014921757652
13.0,0.143267,0.030414014921757652
10.0,0.158487,0.034218945254019174
16.0,0.143267,0.030414014921757652
16.0,0.143267,0.030414014921757652
8.0,0.158487,0.034218945254019174
18.0,0.06088,0.015219721329046086
17.0,0.0761,0.019024651661307606
17.0,0.0761,0.019024651661307606
17.0,0.0761,0.019024651661307606
14.0,0.09132,0.022829581993569128
17.0,0.0761,0.019024651661307606
14.0,0.09132,0.022829581993569128
11.0,0.12176,0.03043944265809217
7.0,0.287224,0.07813140634614263
18.0,0.0,0.0
17.0,0.01522,0.0038049303322615215
17.0,0.0,0.0
19.0,0.01522,0.0038049303322615215
17.0,0.0,0.0
14.0,0.0,0.0
19.0,0.01522,0.0038049303322615215
17.0,0.01522,0.0038049303322615215
16.0,0.03044,0.007609860664523043
19.0,0.01522,0.0038049303322615215
19.0,0.01522,0.0038049303322615215
13.0,0.03044,0.007609860664523043
18.0,0.01522,0.0038049303322615215
16.0,0.01522,0.0038049303322615215
17.0,0.03044,0.007609860664523043
18.0,0.03044,0.007609860664523043
18.0,0.0,0.0
17.0,0.01522,0.0038049303322615215
16.0,0.0,0.0
18.0,0.01522,0.0038049303322615215
18.0,0.01522,0.0038049303322615215
15.0,0.01522,0.0038049303322615215
20.0,0.01522,0.0038049303322615215
19.0,0.03044,0.007609860664523043
18.0,0.01522,0.0038049303322615215
15.0,0.03044,0.007609860664523043
16.0,0.01522,0.0038049303322615215
17.0,0.01522,0.0038049303322615215
16.0,0.03044,0.007609860664523043
17.0,0.03044,0.007609860664523043
14.0,0.04566,0.011414790996784564
18.0,0.03044,0.007609860664523043
19.0,0.03044,0.007609860664523043
17.0,0.01522,0.0038049303322615215
16.0,0.03044,0.007609860664523043
16.0,0.01522,0.0038049303322615215
18.0,0.03044,0.007609860664523043
16.0,0.01522,0.0038049303322615215
13.0,0.01522,0.0038049303322615215
18.0,0.03044,0.007609860664523043
16.0,0.03044,0.007609860664523043
15.0,0.04566,0.011414790996784564
18.0,0.03044,0.007609860664523043
18.0,0.03044,0.007609860664523043
12.0,0.04566,0.011414790996784564
14.0,0.06088,0.015219721329046086
13.0,0.0761,0.019024651661307606
20.0,0.01522,0.0038049303322615215
19.0,0.03044,0.007609860664523043
18.0,0.01522,0.0038049303322615215
18.0,0.03044,0.007609860664523043
18.0,0.0,0.0
17.0,0.01522,0.0038049303322615215
16.0,0.0,0.0
15.0,0.0,0.0
16.0,0.01522,0.0038049303322615215
17.0,0.01522,0.0038049303322615215
14.0,0.01522,0.0038049303322615215
18.0,0.01522,0.0038049303322615215
18.0,0.01522,0.0038049303322615215
16.0,0.03044,0.007609860664523043
15.0,0.01522,0.0038049303322615215
16.0,0.01522,0.0038049303322615215
13.0,0.03044,0.007609860664523043
20.0,0.01522,0.0038049303322615215
19.0,0.03044,0.007609860664523043
18.0,0.01522,0.0038049303322615215
18.0,0.03044,0.007609860664523043
20.0,0.01522,0.0038049303322615215
19.0,0.03044,0.007609860664523043
19.0,0.03044,0.007609860664523043
14.0,0.03044,0.007609860664523043
13.0,0.04566,0.011414790996784564
12.0,0.0761,0.019024651661307606
18.0,0.0,0.0
17.0,0.01522,0.0038049303322615215
17.0,0.0,0.0
19.0,0.01522,0.0038049303322615215
17.0,0.0,0.0
14.0,0.0,0.0
19.0,0.01522,0.0038049303322615215
17.0,0.01522,0.0038049303322615215
16.0,0.03044,0.007609860664523043
19.0,0.01522,0.0038049303322615215
19.0,0.01522,0.0038049303322615215
13.0,0.03044,0.007609860664523043
16.0,0.01522,0.0038049303322615215
15.0,0.01522,0.0038049303322615215
15.0,0.03044,0.007609860664523043
17.0,0.03044,0.007609860664523043
16.0,0.0,0.0
15.0,0.01522,0.0038049303322615215
14.0,0.0,0.0
16.0,0.01522,0.0038049303322615215
17.0,0.01522,0.0038049303322615215
14.0,0.01522,0.0038049303322615215
18.0,0.01522,0.0038049303322615215
17.0,0.03044,0.007609860664523043
20.0,0.01522,0.0038049303322615215
19.0,0.03044,0.007609860664523043
19.0,0.01522,0.0038049303322615215
17.0,0.03044,0.007609860664523043
19.0,0.01522,0.0038049303322615215
16.0,0.01522,0.0038049303322615215
19.0,0.03044,0.007609860664523043
19.0,0.03044,0.007609860664523043
17.0,0.04566,0.011414790996784564
19.0,0.03044,0.007609860664523043
20.0,0.03044,0.007609860664523043
14.0,0.04566,0.011414790996784564
17.0,0.0,0.0
16.0,0.01522,0.0038049303322615215
16.0,0.0,0.0
18.0,0.01522,0.0038049303322615215
16.0,0.0,0.0
13.0,0.0,0.0
18.0,0.01522,0.0038049303322615215
16.0,0.01522,0.0038049303322615215
15.0,0.03044,0.007609860664523043
18.0,0.01522,0.0038049303322615215
18.0,0.01522,0.0038049303322615215
12.0,0.03044,0.007609860664523043
16.0,0.01522,0.0038049303322615215
14.0,0.01522,0.0038049303322615215
15.0,0.03044,0.007609860664523043
16.0,0.03044,0.007609860664523043
16.0,0.0,0.0
15.0,0.01522,0.0038049303322615215
14.0,0.0,0.0
16.0,0.01522,0.0038049303322615215
16.0,0.01522,0.0038049303322615215
13.0,0.01522,0.0038049303322615215
18.0,0.01522,0.0038049303322615215
17.0,0.03044,0.007609860664523043
18.0,0.01522,0.0038049303322615215
16.0,0.03044,0.007609860664523043
16.0,0.01522,0.0038049303322615215
17.0,0.01522,0.0038049303322615215
16.0,0.03044,0.007609860664523043
17.0,0.03044,0.007609860664523043
15.0,0.04566,0.011414790996784564
18.0,0.03044,0.007609860664523043
19.0,0.03044,0.007609860664523043
19.0,0.01522,0.0038049303322615215
18.0,0.03044,0.007609860664523043
18.0,0.01522,0.0038049303322615215
16.0,0.03044,0.007609860664523043
18.0,0.01522,0.0038049303322615215
15.0,0.01522,0.0038049303322615215
18.0,0.03044,0.007609860664523043
18.0,0.03044,0.007609860664523043
16.0,0.04566,0.011414790996784564
18.0,0.03044,0.007609860664523043
19.0,0.03044,0.007609860664523043
13.0,0.04566,0.011414790996784564
18.0,0.01522,0.0038049303322615215
17.0,0.03044,0.007609860664523043
16.0,0.01522,0.0038049303322615215
16.0,0.01522,0.0038049303322615215
17.0,0.03044,0.007609860664523043
17.0,0.03044,0.007609860664523043
15.0,0.03044,0.007609860664523043
18.0,0.03044,0.007609860664523043
17.0,0.03044,0.007609860664523043
14.0,0.04566,0.011414790996784564
14.0,0.03044,0.007609860664523043
15.0,0.03044,0.007609860664523043
14.0,0.04566,0.011414790996784564
17.0,0.03044,0.007609860664523043
16.0,0.04566,0.011414790996784564
15.0,0.03044,0.007609860664523043
17.0,0.04566,0.011414790996784564
13.0,0.0761,0.019024651661307606
18.0,0.03044,0.007609860664523043
17.0,0.04566,0.011414790996784564
18.0,0.01522,0.0038049303322615215
17.0,0.03044,0.007609860664523043
15.0,0.01522,0.0038049303322615215
17.0,0.01522,0.0038049303322615215
16.0,0.03044,0.007609860664523043
17.0,0.03044,0.007609860664523043
14.0,0.03044,0.007609860664523043
19.0,0.03044,0.007609860664523043
18.0,0.01522,0.0038049303322615215
17.0,0.03044,0.007609860664523043
16.0,0.01522,0.0038049303322615215
16.0,0.01522,0.0038049303322615215
16.0,0.03044,0.007609860664523043
17.0,0.03044,0.007609860664523043
15.0,0.03044,0.007609860664523043
18.0,0.03044,0.007609860664523043
15.0,0.03044,0.007609860664523043
13.0,0.04566,0.011414790996784564
12.0,0.03044,0.007609860664523043
13.0,0.03044,0.007609860664523043
12.0,0.04566,0.011414790996784564
14.0,0.0761,0.019024651661307606
18.0,0.0,0.0
16.0,0.01522,0.0038049303322615215
16.0,0.0,0.0
17.0,0.0,0.0
17.0,0.01522,0.0038049303322615215
15.0,0.0,0.0
14.0,0.0,0.0
16.0,0.0,0.0
14.0,0.0,0.0
16.0,0.01522,0.0038049303322615215
17.0,0.01522,0.0038049303322615215
15.0,0.03044,0.007609860664523043
16.0,0.01522,0.0038049303322615215
17.0,0.01522,0.0038049303322615215
13.0,0.03044,0.007609860664523043
17.0,0.01522,0.0038049303322615215
15.0,0.01522,0.0038049303322615215
14.0,0.01522,0.0038049303322615215
16.0,0.03044,0.007609860664523043
15.0,0.03044,0.007609860664523043
19.0,0.01522,0.0038049303322615215
16.0,0.01522,0.0038049303322615215
18.0,0.01522,0.0038049303322615215
16.0,0.01522,0.0038049303322615215
17.0,0.0,0.0
15.0,0.01522,0.0038049303322615215
14.0,0.0,0.0
14.0,0.0,0.0
14.0,0.01522,0.0038049303322615215
14.0,0.0,0.0
11.0,0.0,0.0
15.0,0.0,0.0
12.0,0.0,0.0
14.0,0.01522,0.0038049303322615215
15.0,0.01522,0.0038049303322615215
13.0,0.03044,0.007609860664523043
14.0,0.01522,0.0038049303322615215
14.0,0.01522,0.0038049303322615215
10.0,0.03044,0.007609860664523043
19.0,0.01522,0.0038049303322615215
16.0,0.01522,0.0038049303322615215
16.0,0.01522,0.0038049303322615215
17.0,0.03044,0.007609860664523043
16.0,0.03044,0.007609860664523043
17.0,0.01522,0.0038049303322615215
15.0,0.03044,0.007609860664523043
14.0,0.01522,0.0038049303322615215
15.0,0.01522,0.0038049303322615215
15.0,0.03044,0.007609860664523043
16.0,0.03044,0.007609860664523043
13.0,0.03044,0.007609860664523043
17.0,0.03044,0.007609860664523043
18.0,0.01522,0.0038049303322615215
17.0,0.03044,0.007609860664523043
16.0,0.01522,0.0038049303322615215
16.0,0.03044,0.007609860664523043
19.0,0.01522,0.0038049303322615215
16.0,0.01522,0.0038049303322615215
19.0,0.01522,0.0038049303322615215
17.0,0.03044,0.007609860664523043
16.0,0.01522,0.0038049303322615215
17.0,0.01522,0.0038049303322615215
16.0,0.03044,0.007609860664523043
13.0,0.03044,0.007609860664523043
10.0,0.03044,0.007609860664523043
20.0,0.01522,0.0038049303322615215
19.0,0.03044,0.007609860664523043
19.0,0.01522,0.0038049303322615215
19.0,0.03044,0.007609860664523043
19.0,0.01522,0.0038049303322615215
16.0,0.01522,0.0038049303322615215
17.0,0.03044,0.007609860664523043
19.0,0.03044,0.007609860664523043
17.0,0.04566,0.011414790996784564
20.0,0.03044,0.007609860664523043
19.0,0.03044,0.007609860664523043
14.0,0.04566,0.011414790996784564
18.0,0.01522,0.0038049303322615215
17.0,0.01522,0.0038049303322615215
17.0,0.03044,0.007609860664523043
17.0,0.03044,0.007609860664523043
18.0,0.03044,0.007609860664523043
16.0,0.04566,0.011414790996784564
19.0,0.03044,0.007609860664523043
18.0,0.04566,0.011414790996784564
17.0,0.03044,0.007609860664523043
15.0,0.04566,0.011414790996784564
19.0,0.03044,0.007609860664523043
16.0,0.03044,0.007609860664523043
17.0,0.0,0.0
16.0,0.01522,0.0038049303322615215
16.0,0.0,0.0
16.0,0.0,0.0
16.0,0.01522,0.0038049303322615215
16.0,0.0,0.0
15.0,0.0,0.0
14.0,0.0,0.0
13.0,0.0,0.0
15.0,0.01522,0.0038049303322615215
16.0,0.01522,0.0038049303322615215
15.0,0.03044,0.007609860664523043
16.0,0.01522,0.0038049303322615215
15.0,0.01522,0.0038049303322615215
12.0,0.03044,0.007609860664523043
16.0,0.01522,0.0038049303322615215
15.0,0.01522,0.0038049303322615215
13.0,0.01522,0.0038049303322615215
15.0,0.03044,0.007609860664523043
14.0,0.03044,0.007609860664523043
18.0,0.01522,0.0038049303322615215
15.0,0.01522,0.0038049303322615215
18.0,0.01522,0.0038049303322615215
17.0,0.01522,0.0038049303322615215
16.0,0.0,0.0
14.0,0.01522,0.0038049303322615215
13.0,0.0,0.0
14.0,0.0,0.0
13.0,0.01522,0.0038049303322615215
14.0,0.0,0.0
12.0,0.0,0.0
13.0,0.0,0.0
10.0,0.0,0.0
13.0,0.01522,0.0038049303322615215
14.0,0.01522,0.0038049303322615215
12.0,0.03044,0.007609860664523043
13.0,0.01522,0.0038049303322615215
13.0,0.01522,0.0038049303322615215
9.0,0.03044,0.007609860664523043
18.0,0.01522,0.0038049303322615215
16.0,0.01522,0.0038049303322615215
15.0,0.01522,0.0038049303322615215
16.0,0.03044,0.007609860664523043
15.0,0.03044,0.007609860664523043
16.0,0.01522,0.0038049303322615215
15.0,0.03044,0.007609860664523043
15.0,0.01522,0.0038049303322615215
13.0,0.01522,0.0038049303322615215
14.0,0.03044,0.007609860664523043
15.0,0.03044,0.007609860664523043
12.0,0.03044,0.007609860664523043
17.0,0.03044,0.007609860664523043
18.0,0.01522,0.0038049303322615215
15.0,0.01522,0.0038049303322615215
18.0,0.01522,0.0038049303322615215
16.0,0.03044,0.007609860664523043
16.0,0.01522,0.0038049303322615215
15.0,0.01522,0.0038049303322615215
15.0,0.03044,0.007609860664523043
12.0,0.03044,0.007609860664523043
9.0,0.03044,0.007609860664523043
18.0,0.01522,0.0038049303322615215
17.0,0.03044,0.007609860664523043
17.0,0.01522,0.0038049303322615215
17.0,0.03044,0.007609860664523043
18.0,0.01522,0.0038049303322615215
16.0,0.03044,0.007609860664523043
16.0,0.01522,0.0038049303322615215
17.0,0.01522,0.0038049303322615215
16.0,0.03044,0.007609860664523043
16.0,0.01522,0.0038049303322615215
14.0,0.01522,0.0038049303322615215
15.0,0.01522,0.0038049303322615215
13.0,0.01522,0.0038049303322615215
12.0,0.03044,0.007609860664523043
17.0,0.03044,0.007609860664523043
14.0,0.04566,0.011414790996784564
16.0,0.03044,0.007609860664523043
15.0,0.03044,0.007609860664523043
11.0,0.04566,0.011414790996784564
17.0,0.03044,0.007609860664523043
15.0,0.04566,0.011414790996784564
15.0,0.03044,0.007609860664523043
14.0,0.03044,0.007609860664523043
11.0,0.04566,0.011414790996784564
18.0,0.03044,0.007609860664523043
15.0,0.03044,0.007609860664523043
19.0,0.03044,0.007609860664523043
16.0,0.03044,0.007609860664523043
19.0,0.01522,0.0038049303322615215
18.0,0.03044,0.007609860664523043
18.0,0.01522,0.0038049303322615215
18.0,0.03044,0.007609860664523043
18.0,0.01522,0.0038049303322615215
15.0,0.01522,0.0038049303322615215
16.0,0.03044,0.007609860664523043
18.0,0.03044,0.007609860664523043
16.0,0.04566,0.011414790996784564
19.0,0.03044,0.007609860664523043
18.0,0.03044,0.007609860664523043
13.0,0.04566,0.011414790996784564
18.0,0.01522,0.0038049303322615215
16.0,0.01522,0.0038049303322615215
17.0,0.03044,0.007609860664523043
16.0,0.03044,0.007609860664523043
18.0,0.03044,0.007609860664523043
16.0,0.04566,0.011414790996784564
18.0,0.03044,0.007609860664523043
17.0,0.04566,0.011414790996784564
16.0,0.03044,0.007609860664523043
14.0,0.04566,0.011414790996784564
18.0,0.03044,0.007609860664523043
15.0,0.03044,0.007609860664523043
18.0,0.01522,0.0038049303322615215
17.0,0.03044,0.007609860664523043
16.0,0.01522,0.0038049303322615215
16.0,0.01522,0.0038049303322615215
17.0,0.03044,0.007609860664523043
17.0,0.01522,0.0038049303322615215
15.0,0.01522,0.0038049303322615215
16.0,0.01522,0.0038049303322615215
14.0,0.01522,0.0038049303322615215
17.0,0.03044,0.007609860664523043
15.0,0.03044,0.007609860664523043
14.0,0.04566,0.011414790996784564
16.0,0.03044,0.007609860664523043
16.0,0.03044,0.007609860664523043
13.0,0.04566,0.011414790996784564
17.0,0.03044,0.007609860664523043
15.0,0.03044,0.007609860664523043
15.0,0.03044,0.007609860664523043
14.0,0.04566,0.011414790996784564
15.0,0.04566,0.011414790996784564
18.0,0.03044,0.007609860664523043
16.0,0.03044,0.007609860664523043
19.0,0.03044,0.007609860664523043
17.0,0.03044,0.007609860664523043
17.0,0.03044,0.007609860664523043
14.0,0.04566,0.011414790996784564
14.0,0.03044,0.007609860664523043
15.0,0.03044,0.007609860664523043
14.0,0.04566,0.011414790996784564
15.0,0.03044,0.007609860664523043
13.0,0.03044,0.007609860664523043
15.0,0.03044,0.007609860664523043
12.0,0.03044,0.007609860664523043
14.0,0.04566,0.011414790996784564
14.0,0.04566,0.011414790996784564
11.0,0.06088,0.015219721329046086
14.0,0.04566,0.011414790996784564
14.0,0.04566,0.011414790996784564
10.0,0.06088,0.015219721329046086
17.0,0.03044,0.007609860664523043
15.0,0.03044,0.007609860664523043
16.0,0.03044,0.007609860664523043
14.0,0.04566,0.011414790996784564
15.0,0.04566,0.011414790996784564
16.0,0.04566,0.011414790996784564
13.0,0.06088,0.015219721329046086
17.0,0.04566,0.011414790996784564
18.0,0.04566,0.011414790996784564
13.0,0.0761,0.019024651661307606
10.0,0.09132,0.022829581993569128
18.0,0.03044,0.007609860664523043
17.0,0.04566,0.011414790996784564
17.0,0.03044,0.007609860664523043
15.0,0.04566,0.011414790996784564
18.0,0.03044,0.007609860664523043
17.0,0.04566,0.011414790996784564
16.0,0.03044,0.007609860664523043
14.0,0.04566,0.011414790996784564
11.0,0.09132,0.022829581993569128
18.0,0.01522,0.0038049303322615215
17.0,0.03044,0.007609860664523043
15.0,0.01522,0.0038049303322615215
17.0,0.01522,0.0038049303322615215
16.0,0.03044,0.007609860664523043
16.0,0.01522,0.0038049303322615215
14.0,0.01522,0.0038049303322615215
16.0,0.01522,0.0038049303322615215
13.0,0.01522,0.0038049303322615215
16.0,0.03044,0.007609860664523043
16.0,0.03044,0.007609860664523043
14.0,0.04566,0.011414790996784564
13.0,0.03044,0.007609860664523043
16.0,0.03044,0.007609860664523043
12.0,0.04566,0.011414790996784564
17.0,0.03044,0.007609860664523043
14.0,0.03044,0.007609860664523043
15.0,0.03044,0.007609860664523043
15.0,0.04566,0.011414790996784564
12.0,0.04566,0.011414790996784564
19.0,0.03044,0.007609860664523043
16.0,0.03044,0.007609860664523043
18.0,0.03044,0.007609860664523043
15.0,0.03044,0.007609860664523043
18.0,0.01522,0.0038049303322615215
17.0,0.03044,0.007609860664523043
16.0,0.01522,0.0038049303322615215
16.0,0.01522,0.0038049303322615215
16.0,0.03044,0.007609860664523043
17.0,0.01522,0.0038049303322615215
14.0,0.01522,0.0038049303322615215
15.0,0.01522,0.0038049303322615215
13.0,0.01522,0.0038049303322615215
15.0,0.03044,0.007609860664523043
16.0,0.03044,0.007609860664523043
14.0,0.04566,0.011414790996784564
16.0,0.03044,0.007609860664523043
12.0,0.03044,0.007609860664523043
11.0,0.04566,0.011414790996784564
17.0,0.03044,0.007609860664523043
15.0,0.03044,0.007609860664523043
14.0,0.03044,0.007609860664523043
15.0,0.04566,0.011414790996784564
11.0,0.04566,0.011414790996784564
18.0,0.03044,0.007609860664523043
15.0,0.03044,0.007609860664523043
19.0,0.03044,0.007609860664523043
16.0,0.03044,0.007609860664523043
15.0,0.03044,0.007609860664523043
13.0,0.04566,0.011414790996784564
12.0,0.03044,0.007609860664523043
13.0,0.03044,0.007609860664523043
12.0,0.04566,0.011414790996784564
13.0,0.03044,0.007609860664523043
10.0,0.03044,0.007609860664523043
12.0,0.03044,0.007609860664523043
9.0,0.03044,0.007609860664523043
11.0,0.04566,0.011414790996784564
13.0,0.04566,0.011414790996784564
10.0,0.06088,0.015219721329046086
12.0,0.04566,0.011414790996784564
11.0,0.04566,0.011414790996784564
7.0,0.06088,0.015219721329046086
14.0,0.0761,0.019024651661307606
11.0,0.09132,0.022829581993569128
17.0,0.01522,0.0038049303322615215
16.0,0.03044,0.007609860664523043
16.0,0.01522,0.0038049303322615215
18.0,0.03044,0.007609860664523043
16.0,0.01522,0.0038049303322615215
13.0,0.01522,0.0038049303322615215
18.0,0.03044,0.007609860664523043
16.0,0.03044,0.007609860664523043
15.0,0.04566,0.011414790996784564
18.0,0.03044,0.007609860664523043
18.0,0.03044,0.007609860664523043
12.0,0.04566,0.011414790996784564
17.0,0.03044,0.007609860664523043
15.0,0.03044,0.007609860664523043
16.0,0.04566,0.011414790996784564
17.0,0.04566,0.011414790996784564
17.0,0.01522,0.0038049303322615215
16.0,0.03044,0.007609860664523043
15.0,0.01522,0.0038049303322615215
17.0,0.03044,0.007609860664523043
17.0,0.03044,0.007609860664523043
14.0,0.03044,0.007609860664523043
19.0,0.03044,0.007609860664523043
17.0,0.04566,0.011414790996784564
17.0,0.03044,0.007609860664523043
14.0,0.04566,0.011414790996784564
15.0,0.03044,0.007609860664523043
16.0,0.03044,0.007609860664523043
15.0,0.04566,0.011414790996784564
16.0,0.04566,0.011414790996784564
13.0,0.06088,0.015219721329046086
17.0,0.04566,0.011414790996784564
18.0,0.04566,0.011414790996784564
16.0,0.03044,0.007609860664523043
15.0,0.04566,0.011414790996784564
15.0,0.03044,0.007609860664523043
16.0,0.04566,0.011414790996784564
15.0,0.03044,0.007609860664523043
12.0,0.03044,0.007609860664523043
16.0,0.04566,0.011414790996784564
15.0,0.04566,0.011414790996784564
10.0,0.06088,0.015219721329046086
16.0,0.04566,0.011414790996784564
16.0,0.04566,0.011414790996784564
9.0,0.06088,0.015219721329046086
13.0,0.0761,0.019024651661307606
10.0,0.09132,0.022829581993569128
19.0,0.03044,0.007609860664523043
17.0,0.04566,0.011414790996784564
17.0,0.03044,0.007609860664523043
16.0,0.04566,0.011414790996784564
17.0,0.01522,0.0038049303322615215
16.0,0.03044,0.007609860664523043
15.0,0.01522,0.0038049303322615215
14.0,0.01522,0.0038049303322615215
15.0,0.03044,0.007609860664523043
16.0,0.03044,0.007609860664523043
13.0,0.03044,0.007609860664523043
17.0,0.03044,0.007609860664523043
17.0,0.03044,0.007609860664523043
15.0,0.04566,0.011414790996784564
14.0,0.03044,0.007609860664523043
15.0,0.03044,0.007609860664523043
12.0,0.04566,0.011414790996784564
19.0,0.03044,0.007609860664523043
17.0,0.04566,0.011414790996784564
17.0,0.03044,0.007609860664523043
16.0,0.04566,0.011414790996784564
19.0,0.03044,0.007609860664523043
17.0,0.04566,0.011414790996784564
18.0,0.04566,0.011414790996784564
13.0,0.04566,0.011414790996784564
10.0,0.06088,0.015219721329046086
9.0,0.09132,0.022829581993569128
20.0,0.01522,0.0038049303322615215
19.0,0.03044,0.007609860664523043
19.0,0.01522,0.0038049303322615215
19.0,0.03044,0.007609860664523043
19.0,0.01522,0.0038049303322615215
16.0,0.01522,0.0038049303322615215
20.0,0.03044,0.007609860664523043
19.0,0.03044,0.007609860664523043
17.0,0.04566,0.011414790996784564
17.0,0.03044,0.007609860664523043
19.0,0.03044,0.007609860664523043
14.0,0.04566,0.011414790996784564
18.0,0.03044,0.007609860664523043
17.0,0.03044,0.007609860664523043
17.0,0.04566,0.011414790996784564
15.0,0.04566,0.011414790996784564
18.0,0.01522,0.0038049303322615215
17.0,0.03044,0.007609860664523043
16.0,0.01522,0.0038049303322615215
16.0,0.03044,0.007609860664523043
19.0,0.03044,0.007609860664523043
16.0,0.03044,0.007609860664523043
18.0,0.03044,0.007609860664523043
16.0,0.04566,0.011414790996784564
20.0,0.01522,0.0038049303322615215
19.0,0.03044,0.007609860664523043
19.0,0.01522,0.0038049303322615215
20.0,0.03044,0.007609860664523043
19.0,0.01522,0.0038049303322615215
16.0,0.01522,0.0038049303322615215
19.0,0.03044,0.007609860664523043
19.0,0.03044,0.007609860664523043
17.0,0.04566,0.011414790996784564
19.0,0.03044,0.007609860664523043
17.0,0.03044,0.007609860664523043
14.0,0.04566,0.011414790996784564
18.0,0.03044,0.007609860664523043
17.0,0.03044,0.007609860664523043
17.0,0.04566,0.011414790996784564
15.0,0.04566,0.011414790996784564
18.0,0.01522,0.0038049303322615215
17.0,0.03044,0.007609860664523043
16.0,0.01522,0.0038049303322615215
16.0,0.03044,0.007609860664523043
19.0,0.03044,0.007609860664523043
16.0,0.03044,0.007609860664523043
18.0,0.03044,0.007609860664523043
16.0,0.04566,0.011414790996784564
14.0,0.03044,0.007609860664523043
13.0,0.04566,0.011414790996784564
13.0,0.03044,0.007609860664523043
14.0,0.04566,0.011414790996784564
13.0,0.03044,0.007609860664523043
10.0,0.03044,0.007609860664523043
14.0,0.04566,0.011414790996784564
13.0,0.04566,0.011414790996784564
10.0,0.06088,0.015219721329046086
14.0,0.04566,0.011414790996784564
14.0,0.04566,0.011414790996784564
7.0,0.06088,0.015219721329046086
19.0,0.01522,0.0038049303322615215
18.0,0.03044,0.007609860664523043
18.0,0.01522,0.0038049303322615215
18.0,0.03044,0.007609860664523043
18.0,0.01522,0.0038049303322615215
15.0,0.01522,0.0038049303322615215
19.0,0.03044,0.007609860664523043
18.0,0.03044,0.007609860664523043
16.0,0.04566,0.011414790996784564
16.0,0.03044,0.007609860664523043
18.0,0.03044,0.007609860664523043
13.0,0.04566,0.011414790996784564
18.0,0.03044,0.007609860664523043
16.0,0.03044,0.007609860664523043
17.0,0.04566,0.011414790996784564
14.0,0.04566,0.011414790996784564
18.0,0.01522,0.0038049303322615215
17.0,0.03044,0.007609860664523043
16.0,0.01522,0.0038049303322615215
16.0,0.03044,0.007609860664523043
18.0,0.03044,0.007609860664523043
15.0,0.03044,0.007609860664523043
18.0,0.03044,0.007609860664523043
16.0,0.04566,0.011414790996784564
19.0,0.01522,0.0038049303322615215
18.0,0.03044,0.007609860664523043
18.0,0.01522,0.0038049303322615215
19.0,0.03044,0.007609860664523043
18.0,0.01522,0.0038049303322615215
15.0,0.01522,0.0038049303322615215
18.0,0.03044,0.007609860664523043
18.0,0.03044,0.007609860664523043
16.0,0.04566,0.011414790996784564
18.0,0.03044,0.007609860664523043
16.0,0.03044,0.007609860664523043
13.0,0.04566,0.011414790996784564
18.0,0.03044,0.007609860664523043
16.0,0.03044,0.007609860664523043
17.0,0.04566,0.011414790996784564
14.0,0.04566,0.011414790996784564
18.0,0.01522,0.0038049303322615215
17.0,0.03044,0.007609860664523043
16.0,0.01522,0.0038049303322615215
16.0,0.03044,0.007609860664523043
18.0,0.03044,0.007609860664523043
15.0,0.03044,0.007609860664523043
18.0,0.03044,0.007609860664523043
16.0,0.04566,0.011414790996784564
13.0,0.03044,0.007609860664523043
12.0,0.04566,0.011414790996784564
12.0,0.03044,0.007609860664523043
13.0,0.04566,0.011414790996784564
12.0,0.03044,0.007609860664523043
9.0,0.03044,0.007609860664523043
13.0,0.04566,0.011414790996784564
12.0,0.04566,0.011414790996784564
9.0,0.06088,0.015219721329046086
13.0,0.04566,0.011414790996784564
13.0,0.04566,0.011414790996784564
6.0,0.06088,0.015219721329046086
11.0,0.0761,0.019024651661307606
8.0,0.09132,0.022829581993569128
14.0,0.06088,0.015219721329046086
13.0,0.0761,0.019024651661307606
13.0,0.0761,0.019024651661307606
13.0,0.0761,0.019024651661307606
10.0,0.09132,0.022829581993569128
13.0,0.0761,0.019024651661307606
10.0,0.09132,0.022829581993569128
7.0,0.12176,0.03043944265809217
12.0,0.0761,0.019024651661307606
9.0,0.09132,0.022829581993569128
14.0,0.0761,0.019024651661307606
11.0,0.09132,0.022829581993569128
14.0,0.0761,0.019024651661307606
11.0,0.09132,0.022829581993569128
11.0,0.0761,0.019024651661307606
8.0,0.09132,0.022829581993569128
4.0,0.12176,0.03043944265809217
18.0,0.06088,0.015219721329046086
17.0,0.0761,0.019024651661307606
17.0,0.0761,0.019024651661307606
17.0,0.0761,0.019024651661307606
14.0,0.09132,0.022829581993569128
17.0,0.0761,0.019024651661307606
14.0,0.09132,0.022829581993569128
11.0,0.12176,0.03043944265809217
9.0,0.12176,0.03043944265809217
15.0,0.226344,0.06291168501709654
14.0,0.241564,0.06671661534935806
14.0,0.241564,0.06671661534935806
14.0,0.241564,0.06671661534935806
11.0,0.256784,0.07052154568161959
14.0,0.241564,0.06671661534935806
11.0,0.256784,0.07052154568161959
8.0,0.287224,0.07813140634614263
21.0,0.056326,0.011358650691491069
20.0,0.071546,0.01516358102375259
20.0,0.056326,0.011358650691491069
24.0,0.071546,0.01516358102375259
20.0,0.056326,0.011358650691491069
18.0,0.056326,0.011358650691491069
24.0,0.071546,0.01516358102375259
20.0,0.071546,0.01516358102375259
19.0,0.086766,0.01896851135601411
23.0,0.071546,0.01516358102375259
23.0,0.071546,0.01516358102375259
17.0,0.086766,0.01896851135601411
20.0,0.071546,0.01516358102375259
20.0,0.071546,0.01516358102375259
19.0,0.086766,0.01896851135601411
23.0,0.086766,0.01896851135601411
20.0,0.056326,0.011358650691491069
19.0,0.071546,0.01516358102375259
19.0,0.056326,0.011358650691491069
23.0,0.071546,0.01516358102375259
21.0,0.071546,0.01516358102375259
19.0,0.071546,0.01516358102375259
23.0,0.071546,0.01516358102375259
21.0,0.086766,0.01896851135601411
20.0,0.071546,0.01516358102375259
18.0,0.086766,0.01896851135601411
20.0,0.071546,0.01516358102375259
19.0,0.071546,0.01516358102375259
19.0,0.086766,0.01896851135601411
19.0,0.086766,0.01896851135601411
17.0,0.101986,0.022773441688275633
23.0,0.086766,0.01896851135601411
21.0,0.086766,0.01896851135601411
20.0,0.071546,0.01516358102375259
19.0,0.086766,0.01896851135601411
19.0,0.071546,0.01516358102375259
22.0,0.086766,0.01896851135601411
19.0,0.071546,0.01516358102375259
17.0,0.071546,0.01516358102375259
23.0,0.086766,0.01896851135601411
18.0,0.086766,0.01896851135601411
16.0,0.101986,0.022773441688275633
21.0,0.086766,0.01896851135601411
22.0,0.086766,0.01896851135601411
15.0,0.101986,0.022773441688275633
17.0,0.117206,0.026578372020537155
15.0,0.132426,0.030383302352798677
23.0,0.071546,0.01516358102375259
21.0,0.086766,0.01896851135601411
21.0,0.071546,0.01516358102375259
22.0,0.086766,0.01896851135601411
20.0,0.056326,0.011358650691491069
19.0,0.071546,0.01516358102375259
19.0,0.056326,0.011358650691491069
17.0,0.056326,0.011358650691491069
18.0,0.071546,0.01516358102375259
19.0,0.071546,0.01516358102375259
16.0,0.071546,0.01516358102375259
23.0,0.071546,0.01516358102375259
21.0,0.071546,0.01516358102375259
19.0,0.086766,0.01896851135601411
19.0,0.071546,0.01516358102375259
18.0,0.071546,0.01516358102375259
16.0,0.086766,0.01896851135601411
23.0,0.071546,0.01516358102375259
22.0,0.086766,0.01896851135601411
21.0,0.071546,0.01516358102375259
22.0,0.086766,0.01896851135601411
23.0,0.071546,0.01516358102375259
22.0,0.086766,0.01896851135601411
21.0,0.086766,0.01896851135601411
16.0,0.086766,0.01896851135601411
14.0,0.101986,0.022773441688275633
14.0,0.132426,0.030383302352798677
20.0,0.056326,0.011358650691491069
19.0,0.071546,0.01516358102375259
19.0,0.056326,0.011358650691491069
22.0,0.071546,0.01516358102375259
19.0,0.056326,0.011358650691491069
16.0,0.056326,0.011358650691491069
22.0,0.071546,0.01516358102375259
19.0,0.071546,0.01516358102375259
17.0,0.086766,0.01896851135601411
22.0,0.071546,0.01516358102375259
22.0,0.071546,0.01516358102375259
15.0,0.086766,0.01896851135601411
19.0,0.071546,0.01516358102375259
18.0,0.071546,0.01516358102375259
18.0,0.086766,0.01896851135601411
20.0,0.086766,0.01896851135601411
20.0,0.056326,0.011358650691491069
19.0,0.071546,0.01516358102375259
18.0,0.056326,0.011358650691491069
21.0,0.071546,0.01516358102375259
20.0,0.071546,0.01516358102375259
17.0,0.071546,0.01516358102375259
23.0,0.071546,0.01516358102375259
21.0,0.086766,0.01896851135601411
23.0,0.071546,0.01516358102375259
22.0,0.086766,0.01896851135601411
23.0,0.071546,0.01516358102375259
22.0,0.086766,0.01896851135601411
23.0,0.071546,0.01516358102375259
20.0,0.071546,0.01516358102375259
21.0,0.086766,0.01896851135601411
22.0,0.086766,0.01896851135601411
17.0,0.101986,0.022773441688275633
23.0,0.086766,0.01896851135601411
23.0,0.086766,0.01896851135601411
16.0,0.101986,0.022773441688275633
20.0,0.056326,0.011358650691491069
19.0,0.071546,0.01516358102375259
19.0,0.056326,0.011358650691491069
23.0,0.071546,0.01516358102375259
19.0,0.056326,0.011358650691491069
17.0,0.056326,0.011358650691491069
23.0,0.071546,0.01516358102375259
19.0,0.071546,0.01516358102375259
18.0,0.086766,0.01896851135601411
22.0,0.071546,0.01516358102375259
22.0,0.071546,0.01516358102375259
16.0,0.086766,0.01896851135601411
18.0,0.071546,0.01516358102375259
17.0,0.071546,0.01516358102375259
17.0,0.086766,0.01896851135601411
20.0,0.086766,0.01896851135601411
18.0,0.056326,0.011358650691491069
17.0,0.071546,0.01516358102375259
17.0,0.056326,0.011358650691491069
21.0,0.071546,0.01516358102375259
19.0,0.071546,0.01516358102375259
17.0,0.071546,0.01516358102375259
21.0,0.071546,0.01516358102375259
19.0,0.086766,0.01896851135601411
20.0,0.071546,0.01516358102375259
18.0,0.086766,0.01896851135601411
20.0,0.071546,0.01516358102375259
19.0,0.071546,0.01516358102375259
19.0,0.086766,0.01896851135601411
19.0,0.086766,0.01896851135601411
17.0,0.101986,0.022773441688275633
23.0,0.086766,0.01896851135601411
21.0,0.086766,0.01896851135601411
23.0,0.071546,0.01516358102375259
22.0,0.086766,0.01896851135601411
22.0,0.071546,0.01516358102375259
22.0,0.086766,0.01896851135601411
22.0,0.071546,0.01516358102375259
20.0,0.071546,0.01516358102375259
21.0,0.086766,0.01896851135601411
22.0,0.086766,0.01896851135601411
19.0,0.101986,0.022773441688275633
22.0,0.086766,0.01896851135601411
22.0,0.086766,0.01896851135601411
17.0,0.101986,0.022773441688275633
19.0,0.071546,0.01516358102375259
18.0,0.086766,0.01896851135601411
18.0,0.071546,0.01516358102375259
18.0,0.071546,0.01516358102375259
18.0,0.086766,0.01896851135601411
18.0,0.086766,0.01896851135601411
17.0,0.086766,0.01896851135601411
22.0,0.086766,0.01896851135601411
18.0,0.086766,0.01896851135601411
16.0,0.101986,0.022773441688275633
17.0,0.086766,0.01896851135601411
16.0,0.086766,0.01896851135601411
16.0,0.101986,0.022773441688275633
18.0,0.086766,0.01896851135601411
17.0,0.101986,0.022773441688275633
17.0,0.086766,0.01896851135601411
20.0,0.101986,0.022773441688275633
15.0,0.132426,0.030383302352798677
20.0,0.086766,0.01896851135601411
18.0,0.101986,0.022773441688275633
20.0,0.071546,0.01516358102375259
19.0,0.086766,0.01896851135601411
19.0,0.071546,0.01516358102375259
19.0,0.071546,0.01516358102375259
19.0,0.086766,0.01896851135601411
19.0,0.086766,0.01896851135601411
18.0,0.086766,0.01896851135601411
21.0,0.086766,0.01896851135601411
20.0,0.071546,0.01516358102375259
18.0,0.086766,0.01896851135601411
19.0,0.071546,0.01516358102375259
18.0,0.071546,0.01516358102375259
18.0,0.086766,0.01896851135601411
19.0,0.086766,0.01896851135601411
17.0,0.086766,0.01896851135601411
23.0,0.086766,0.01896851135601411
17.0,0.086766,0.01896851135601411
15.0,0.101986,0.022773441688275633
16.0,0.086766,0.01896851135601411
15.0,0.086766,0.01896851135601411
15.0,0.101986,0.022773441688275633
18.0,0.132426,0.030383302352798677
22.0,0.112652,0.022717301382982138
20.0,0.127872,0.02652223171524366
20.0,0.112652,0.022717301382982138
21.0,0.112652,0.022717301382982138
20.0,0.127872,0.02652223171524366
21.0,0.112652,0.022717301382982138
19.0,0.112652,0.022717301382982138
21.0,0.112652,0.022717301382982138
19.0,0.112652,0.022717301382982138
21.0,0.127872,0.02652223171524366
20.0,0.127872,0.02652223171524366
18.0,0.143092,0.03032716204750518
20.0,0.127872,0.02652223171524366
21.0,0.127872,0.02652223171524366
17.0,0.143092,0.03032716204750518
21.0,0.127872,0.02652223171524366
19.0,0.127872,0.02652223171524366
20.0,0.127872,0.02652223171524366
19.0,0.143092,0.03032716204750518
19.0,0.143092,0.03032716204750518
24.0,0.127872,0.02652223171524366
22.0,0.127872,0.02652223171524366
24.0,0.127872,0.02652223171524366
22.0,0.127872,0.02652223171524366
21.0,0.112652,0.022717301382982138
19.0,0.127872,0.02652223171524366
19.0,0.112652,0.022717301382982138
19.0,0.112652,0.022717301382982138
19.0,0.127872,0.02652223171524366
20.0,0.112652,0.022717301382982138
17.0,0.112652,0.022717301382982138
18.0,0.112652,0.022717301382982138
16.0,0.112652,0.022717301382982138
19.0,0.127872,0.02652223171524366
19.0,0.127872,0.02652223171524366
16.0,0.143092,0.03032716204750518
19.0,0.127872,0.02652223171524366
19.0,0.127872,0.02652223171524366
15.0,0.143092,0.03032716204750518
23.0,0.127872,0.02652223171524366
21.0,0.127872,0.02652223171524366
21.0,0.127872,0.02652223171524366
20.0,0.143092,0.03032716204750518
20.0,0.143092,0.03032716204750518
21.0,0.127872,0.02652223171524366
19.0,0.143092,0.03032716204750518
19.0,0.127872,0.02652223171524366
20.0,0.127872,0.02652223171524366
19.0,0.143092,0.03032716204750518
18.0,0.143092,0.03032716204750518
16.0,0.143092,0.03032716204750518
21.0,0.143092,0.03032716204750518
24.0,0.127872,0.02652223171524366
21.0,0.143092,0.03032716204750518
22.0,0.127872,0.02652223171524366
20.0,0.143092,0.03032716204750518
23.0,0.127872,0.02652223171524366
20.0,0.143092,0.03032716204750518
21.0,0.127872,0.02652223171524366
21.0,0.127872,0.02652223171524366
20.0,0.143092,0.03032716204750518
24.0,0.127872,0.02652223171524366
22.0,0.127872,0.02652223171524366
16.0,0.143092,0.03032716204750518
14.0,0.143092,0.03032716204750518
24.0,0.112652,0.022717301382982138
23.0,0.127872,0.02652223171524366
23.0,0.112652,0.022717301382982138
26.0,0.127872,0.02652223171524366
23.0,0.112652,0.022717301382982138
20.0,0.112652,0.022717301382982138
26.0,0.127872,0.02652223171524366
23.0,0.127872,0.02652223171524366
21.0,0.143092,0.03032716204750518
26.0,0.127872,0.02652223171524366
26.0,0.127872,0.02652223171524366
19.0,0.143092,0.03032716204750518
22.0,0.127872,0.02652223171524366
21.0,0.127872,0.02652223171524366
21.0,0.143092,0.03032716204750518
23.0,0.143092,0.03032716204750518
23.0,0.112652,0.022717301382982138
22.0,0.127872,0.02652223171524366
22.0,0.112652,0.022717301382982138
24.0,0.127872,0.02652223171524366
23.0,0.127872,0.02652223171524366
21.0,0.127872,0.02652223171524366
26.0,0.127872,0.02652223171524366
24.0,0.143092,0.03032716204750518
23.0,0.112652,0.022717301382982138
20.0,0.127872,0.02652223171524366
21.0,0.112652,0.022717301382982138
21.0,0.112652,0.022717301382982138
21.0,0.127872,0.02652223171524366
22.0,0.127872,0.02652223171524366
19.0,0.143092,0.03032716204750518
24.0,0.127872,0.02652223171524366
24.0,0.127872,0.02652223171524366
26.0,0.127872,0.02652223171524366
24.0,0.127872,0.02652223171524366
24.0,0.143092,0.03032716204750518
23.0,0.143092,0.03032716204750518
22.0,0.127872,0.02652223171524366
20.0,0.143092,0.03032716204750518
20.0,0.127872,0.02652223171524366
21.0,0.127872,0.02652223171524366
20.0,0.143092,0.03032716204750518
21.0,0.143092,0.03032716204750518
19.0,0.143092,0.03032716204750518
23.0,0.143092,0.03032716204750518
23.0,0.127872,0.02652223171524366
20.0,0.143092,0.03032716204750518
21.0,0.127872,0.02652223171524366
21.0,0.127872,0.02652223171524366
20.0,0.143092,0.03032716204750518
20.0,0.169154,0.03416280494872568
19.0,0.184374,0.0379677352809872
20.0,0.169154,0.03416280494872568
21.0,0.184374,0.0379677352809872
20.0,0.169154,0.03416280494872568
17.0,0.169154,0.03416280494872568
22.0,0.184374,0.0379677352809872
19.0,0.184374,0.0379677352809872
16.0,0.199594,0.04177266561324872
21.0,0.184374,0.0379677352809872
22.0,0.184374,0.0379677352809872
15.0,0.199594,0.04177266561324872
19.0,0.169154,0.03416280494872568
17.0,0.169154,0.03416280494872568
18.0,0.184374,0.0379677352809872
19.0,0.184374,0.0379677352809872
22.0,0.184374,0.0379677352809872
18.0,0.199594,0.04177266561324872
18.0,0.184374,0.0379677352809872
17.0,0.199594,0.04177266561324872
17.0,0.184374,0.0379677352809872
18.0,0.199594,0.04177266561324872
19.0,0.184374,0.0379677352809872
17.0,0.184374,0.0379677352809872
21.0,0.169154,0.044482972844884214
18.0,0.184374,0.048287903177145736
19.0,0.169154,0.044482972844884214
19.0,0.169154,0.044482972844884214
18.0,0.184374,0.048287903177145736
20.0,0.169154,0.044482972844884214
17.0,0.169154,0.044482972844884214
20.0,0.169154,0.044482972844884214
18.0,0.169154,0.044482972844884214
19.0,0.184374,0.048287903177145736
19.0,0.184374,0.048287903177145736
16.0,0.199594,0.05209283350940726
19.0,0.184374,0.048287903177145736
19.0,0.184374,0.048287903177145736
15.0,0.199594,0.05209283350940726
19.0,0.184374,0.048287903177145736
16.0,0.199594,0.05209283350940726
17.0,0.184374,0.048287903177145736
17.0,0.184374,0.048287903177145736
16.0,0.199594,0.05209283350940726
21.0,0.184374,0.048287903177145736
18.0,0.184374,0.048287903177145736
21.0,0.184374,0.048287903177145736
19.0,0.184374,0.048287903177145736
23.0,0.169154,0.044482972844884214
20.0,0.184374,0.048287903177145736
22.0,0.169154,0.044482972844884214
22.0,0.169154,0.044482972844884214
21.0,0.184374,0.048287903177145736
22.0,0.184374,0.048287903177145736
19.0,0.199594,0.05209283350940726
25.0,0.184374,0.048287903177145736
24.0,0.184374,0.048287903177145736
21.0,0.184374,0.048287903177145736
18.0,0.199594,0.05209283350940726
19.0,0.184374,0.048287903177145736
19.0,0.184374,0.048287903177145736
18.0,0.199594,0.05209283350940726
17.0,0.28267,0.07427033570858761
15.0,0.29789,0.07807526604084913
15.0,0.29789,0.07807526604084913
21.0,0.112652,0.022717301382982138
20.0,0.127872,0.02652223171524366
20.0,0.112652,0.022717301382982138
20.0,0.112652,0.022717301382982138
20.0,0.127872,0.02652223171524366
18.0,0.112652,0.022717301382982138
17.0,0.112652,0.022717301382982138
20.0,0.112652,0.022717301382982138
18.0,0.112652,0.022717301382982138
19.0,0.127872,0.02652223171524366
19.0,0.127872,0.02652223171524366
17.0,0.143092,0.03032716204750518
19.0,0.127872,0.02652223171524366
20.0,0.127872,0.02652223171524366
16.0,0.143092,0.03032716204750518
19.0,0.127872,0.02652223171524366
18.0,0.127872,0.02652223171524366
16.0,0.127872,0.02652223171524366
17.0,0.143092,0.03032716204750518
17.0,0.143092,0.03032716204750518
21.0,0.127872,0.02652223171524366
18.0,0.127872,0.02652223171524366
21.0,0.127872,0.02652223171524366
19.0,0.127872,0.02652223171524366
23.0,0.112652,0.022717301382982138
22.0,0.127872,0.02652223171524366
20.0,0.112652,0.022717301382982138
22.0,0.112652,0.022717301382982138
21.0,0.127872,0.02652223171524366
22.0,0.127872,0.02652223171524366
19.0,0.127872,0.02652223171524366
24.0,0.127872,0.02652223171524366
22.0,0.112652,0.022717301382982138
19.0,0.127872,0.02652223171524366
19.0,0.112652,0.022717301382982138
20.0,0.112652,0.022717301382982138
19.0,0.127872,0.02652223171524366
24.0,0.127872,0.02652223171524366
21.0,0.127872,0.02652223171524366
20.0,0.184374,0.048287903177145736
17.0,0.199594,0.05209283350940726
18.0,0.184374,0.048287903177145736
18.0,0.184374,0.048287903177145736
17.0,0.199594,0.05209283350940726
16.0,0.29789,0.07807526604084913
17.0,0.184374,0.0379677352809872
15.0,0.199594,0.04177266561324872
16.0,0.184374,0.0379677352809872
16.0,0.199594,0.04177266561324872
20.0,0.112652,0.022717301382982138
18.0,0.127872,0.02652223171524366
17.0,0.112652,0.022717301382982138
19.0,0.112652,0.022717301382982138
18.0,0.127872,0.02652223171524366
19.0,0.112652,0.022717301382982138
17.0,0.112652,0.022717301382982138
19.0,0.112652,0.022717301382982138
16.0,0.112652,0.022717301382982138
19.0,0.127872,0.02652223171524366
18.0,0.127872,0.02652223171524366
16.0,0.143092,0.03032716204750518
18.0,0.127872,0.02652223171524366
19.0,0.127872,0.02652223171524366
15.0,0.143092,0.03032716204750518
19.0,0.127872,0.02652223171524366
16.0,0.127872,0.02652223171524366
18.0,0.127872,0.02652223171524366
17.0,0.143092,0.03032716204750518
17.0,0.143092,0.03032716204750518
22.0,0.127872,0.02652223171524366
20.0,0.127872,0.02652223171524366
22.0,0.127872,0.02652223171524366
19.0,0.127872,0.02652223171524366
19.0,0.112652,0.022717301382982138
17.0,0.127872,0.02652223171524366
16.0,0.112652,0.022717301382982138
17.0,0.112652,0.022717301382982138
16.0,0.127872,0.02652223171524366
17.0,0.112652,0.022717301382982138
15.0,0.112652,0.022717301382982138
16.0,0.112652,0.022717301382982138
13.0,0.112652,0.022717301382982138
16.0,0.127872,0.02652223171524366
17.0,0.127872,0.02652223171524366
14.0,0.143092,0.03032716204750518
16.0,0.127872,0.02652223171524366
16.0,0.127872,0.02652223171524366
12.0,0.143092,0.03032716204750518
21.0,0.127872,0.02652223171524366
18.0,0.127872,0.02652223171524366
19.0,0.127872,0.02652223171524366
18.0,0.143092,0.03032716204750518
18.0,0.143092,0.03032716204750518
19.0,0.127872,0.02652223171524366
17.0,0.143092,0.03032716204750518
16.0,0.127872,0.02652223171524366
18.0,0.127872,0.02652223171524366
17.0,0.143092,0.03032716204750518
16.0,0.143092,0.03032716204750518
14.0,0.143092,0.03032716204750518
19.0,0.143092,0.03032716204750518
22.0,0.127872,0.02652223171524366
19.0,0.143092,0.03032716204750518
20.0,0.127872,0.02652223171524366
18.0,0.143092,0.03032716204750518
21.0,0.127872,0.02652223171524366
18.0,0.143092,0.03032716204750518
18.0,0.127872,0.02652223171524366
19.0,0.127872,0.02652223171524366
18.0,0.143092,0.03032716204750518
22.0,0.127872,0.02652223171524366
19.0,0.127872,0.02652223171524366
14.0,0.143092,0.03032716204750518
11.0,0.143092,0.03032716204750518
20.0,0.056326,0.011358650691491069
19.0,0.071546,0.01516358102375259
19.0,0.056326,0.011358650691491069
17.0,0.056326,0.011358650691491069
18.0,0.071546,0.01516358102375259
19.0,0.056326,0.011358650691491069
16.0,0.056326,0.011358650691491069
19.0,0.056326,0.011358650691491069
17.0,0.056326,0.011358650691491069
19.0,0.071546,0.01516358102375259
19.0,0.071546,0.01516358102375259
17.0,0.086766,0.01896851135601411
19.0,0.071546,0.01516358102375259
18.0,0.071546,0.01516358102375259
15.0,0.086766,0.01896851135601411
19.0,0.071546,0.01516358102375259
16.0,0.071546,0.01516358102375259
18.0,0.071546,0.01516358102375259
18.0,0.086766,0.01896851135601411
17.0,0.086766,0.01896851135601411
22.0,0.071546,0.01516358102375259
21.0,0.071546,0.01516358102375259
23.0,0.071546,0.01516358102375259
20.0,0.071546,0.01516358102375259
19.0,0.056326,0.011358650691491069
18.0,0.071546,0.01516358102375259
18.0,0.056326,0.011358650691491069
16.0,0.056326,0.011358650691491069
17.0,0.071546,0.01516358102375259
17.0,0.056326,0.011358650691491069
14.0,0.056326,0.011358650691491069
17.0,0.056326,0.011358650691491069
16.0,0.056326,0.011358650691491069
17.0,0.071546,0.01516358102375259
17.0,0.071546,0.01516358102375259
16.0,0.086766,0.01896851135601411
17.0,0.071546,0.01516358102375259
16.0,0.071546,0.01516358102375259
13.0,0.086766,0.01896851135601411
22.0,0.071546,0.01516358102375259
19.0,0.071546,0.01516358102375259
20.0,0.071546,0.01516358102375259
20.0,0.086766,0.01896851135601411
19.0,0.086766,0.01896851135601411
19.0,0.071546,0.01516358102375259
18.0,0.086766,0.01896851135601411
18.0,0.071546,0.01516358102375259
16.0,0.071546,0.01516358102375259
17.0,0.086766,0.01896851135601411
17.0,0.086766,0.01896851135601411
14.0,0.086766,0.01896851135601411
20.0,0.086766,0.01896851135601411
21.0,0.071546,0.01516358102375259
20.0,0.086766,0.01896851135601411
20.0,0.071546,0.01516358102375259
18.0,0.071546,0.01516358102375259
19.0,0.086766,0.01896851135601411
22.0,0.071546,0.01516358102375259
19.0,0.071546,0.01516358102375259
15.0,0.086766,0.01896851135601411
12.0,0.086766,0.01896851135601411
22.0,0.071546,0.01516358102375259
20.0,0.086766,0.01896851135601411
20.0,0.071546,0.01516358102375259
19.0,0.086766,0.01896851135601411
21.0,0.112652,0.022717301382982138
19.0,0.127872,0.02652223171524366
20.0,0.112652,0.022717301382982138
18.0,0.112652,0.022717301382982138
19.0,0.127872,0.02652223171524366
20.0,0.112652,0.022717301382982138
17.0,0.112652,0.022717301382982138
20.0,0.112652,0.022717301382982138
18.0,0.112652,0.022717301382982138
20.0,0.127872,0.02652223171524366
20.0,0.127872,0.02652223171524366
17.0,0.143092,0.03032716204750518
20.0,0.127872,0.02652223171524366
19.0,0.127872,0.02652223171524366
16.0,0.143092,0.03032716204750518
19.0,0.127872,0.02652223171524366
17.0,0.143092,0.03032716204750518
18.0,0.127872,0.02652223171524366
16.0,0.127872,0.02652223171524366
17.0,0.143092,0.03032716204750518
21.0,0.127872,0.02652223171524366
18.0,0.127872,0.02652223171524366
21.0,0.127872,0.02652223171524366
19.0,0.127872,0.02652223171524366
23.0,0.112652,0.022717301382982138
20.0,0.112652,0.022717301382982138
22.0,0.112652,0.022717301382982138
22.0,0.127872,0.02652223171524366
21.0,0.127872,0.02652223171524366
22.0,0.127872,0.02652223171524366
19.0,0.127872,0.02652223171524366
25.0,0.127872,0.02652223171524366
22.0,0.112652,0.022717301382982138
19.0,0.112652,0.022717301382982138
20.0,0.112652,0.022717301382982138
20.0,0.127872,0.02652223171524366
19.0,0.127872,0.02652223171524366
24.0,0.127872,0.02652223171524366
21.0,0.127872,0.02652223171524366
20.0,0.169154,0.03416280494872568
17.0,0.169154,0.03416280494872568
18.0,0.169154,0.03416280494872568
18.0,0.184374,0.0379677352809872
18.0,0.184374,0.0379677352809872
18.0,0.184374,0.0379677352809872
15.0,0.184374,0.0379677352809872
19.0,0.184374,0.0379677352809872
22.0,0.169154,0.044482972844884214
20.0,0.169154,0.044482972844884214
21.0,0.184374,0.048287903177145736
22.0,0.184374,0.048287903177145736
20.0,0.184374,0.048287903177145736
18.0,0.184374,0.048287903177145736
19.0,0.112652,0.022717301382982138
17.0,0.127872,0.02652223171524366
17.0,0.112652,0.022717301382982138
16.0,0.112652,0.022717301382982138
16.0,0.127872,0.02652223171524366
16.0,0.112652,0.022717301382982138
13.0,0.112652,0.022717301382982138
17.0,0.112652,0.022717301382982138
15.0,0.112652,0.022717301382982138
16.0,0.127872,0.02652223171524366
17.0,0.127872,0.02652223171524366
15.0,0.143092,0.03032716204750518
16.0,0.127872,0.02652223171524366
16.0,0.127872,0.02652223171524366
12.0,0.143092,0.03032716204750518
22.0,0.112652,0.022717301382982138
19.0,0.112652,0.022717301382982138
19.0,0.112652,0.022717301382982138
16.0,0.112652,0.022717301382982138
18.0,0.184374,0.048287903177145736
15.0,0.184374,0.048287903177145736
15.0,0.184374,0.0379677352809872
12.0,0.184374,0.0379677352809872
21.0,0.056326,0.011358650691491069
20.0,0.071546,0.01516358102375259
20.0,0.056326,0.011358650691491069
24.0,0.071546,0.01516358102375259
20.0,0.056326,0.011358650691491069
18.0,0.056326,0.011358650691491069
24.0,0.071546,0.01516358102375259
20.0,0.071546,0.01516358102375259
19.0,0.086766,0.01896851135601411
23.0,0.071546,0.01516358102375259
23.0,0.071546,0.01516358102375259
17.0,0.086766,0.01896851135601411
20.0,0.071546,0.01516358102375259
20.0,0.071546,0.01516358102375259
19.0,0.086766,0.01896851135601411
23.0,0.086766,0.01896851135601411
20.0,0.056326,0.011358650691491069
19.0,0.071546,0.01516358102375259
19.0,0.056326,0.011358650691491069
23.0,0.071546,0.01516358102375259
21.0,0.071546,0.01516358102375259
19.0,0.071546,0.01516358102375259
23.0,0.071546,0.01516358102375259
22.0,0.086766,0.01896851135601411
20.0,0.071546,0.01516358102375259
18.0,0.086766,0.01896851135601411
20.0,0.071546,0.01516358102375259
19.0,0.071546,0.01516358102375259
19.0,0.086766,0.01896851135601411
19.0,0.086766,0.01896851135601411
17.0,0.101986,0.022773441688275633
23.0,0.086766,0.01896851135601411
21.0,0.086766,0.01896851135601411
20.0,0.071546,0.01516358102375259
19.0,0.086766,0.01896851135601411
19.0,0.071546,0.01516358102375259
23.0,0.086766,0.01896851135601411
19.0,0.071546,0.01516358102375259
17.0,0.071546,0.01516358102375259
22.0,0.086766,0.01896851135601411
18.0,0.086766,0.01896851135601411
16.0,0.101986,0.022773441688275633
22.0,0.086766,0.01896851135601411
21.0,0.086766,0.01896851135601411
15.0,0.101986,0.022773441688275633
17.0,0.117206,0.026578372020537155
15.0,0.132426,0.030383302352798677
23.0,0.071546,0.01516358102375259
22.0,0.086766,0.01896851135601411
21.0,0.071546,0.01516358102375259
22.0,0.086766,0.01896851135601411
20.0,0.056326,0.011358650691491069
19.0,0.071546,0.01516358102375259
19.0,0.056326,0.011358650691491069
17.0,0.056326,0.011358650691491069
18.0,0.071546,0.01516358102375259
19.0,0.071546,0.01516358102375259
16.0,0.071546,0.01516358102375259
23.0,0.071546,0.01516358102375259
21.0,0.071546,0.01516358102375259
19.0,0.086766,0.01896851135601411
19.0,0.071546,0.01516358102375259
18.0,0.071546,0.01516358102375259
16.0,0.086766,0.01896851135601411
23.0,0.071546,0.01516358102375259
21.0,0.086766,0.01896851135601411
21.0,0.071546,0.01516358102375259
22.0,0.086766,0.01896851135601411
23.0,0.071546,0.01516358102375259
21.0,0.086766,0.01896851135601411
21.0,0.086766,0.01896851135601411
16.0,0.086766,0.01896851135601411
14.0,0.101986,0.022773441688275633
14.0,0.132426,0.030383302352798677
20.0,0.056326,0.011358650691491069
19.0,0.071546,0.01516358102375259
19.0,0.056326,0.011358650691491069
22.0,0.071546,0.01516358102375259
19.0,0.056326,0.011358650691491069
16.0,0.056326,0.011358650691491069
22.0,0.071546,0.01516358102375259
19.0,0.071546,0.01516358102375259
17.0,0.086766,0.01896851135601411
22.0,0.071546,0.01516358102375259
22.0,0.071546,0.01516358102375259
15.0,0.086766,0.01896851135601411
19.0,0.071546,0.01516358102375259
18.0,0.071546,0.01516358102375259
18.0,0.086766,0.01896851135601411
20.0,0.086766,0.01896851135601411
20.0,0.056326,0.011358650691491069
19.0,0.071546,0.01516358102375259
18.0,0.056326,0.011358650691491069
21.0,0.071546,0.01516358102375259
20.0,0.071546,0.01516358102375259
17.0,0.071546,0.01516358102375259
23.0,0.071546,0.01516358102375259
21.0,0.086766,0.01896851135601411
23.0,0.071546,0.01516358102375259
22.0,0.086766,0.01896851135601411
23.0,0.071546,0.01516358102375259
21.0,0.086766,0.01896851135601411
23.0,0.071546,0.01516358102375259
20.0,0.071546,0.01516358102375259
22.0,0.086766,0.01896851135601411
22.0,0.086766,0.01896851135601411
17.0,0.101986,0.022773441688275633
23.0,0.086766,0.01896851135601411
23.0,0.086766,0.01896851135601411
16.0,0.101986,0.022773441688275633
20.0,0.056326,0.011358650691491069
19.0,0.071546,0.01516358102375259
19.0,0.056326,0.011358650691491069
23.0,0.071546,0.01516358102375259
19.0,0.056326,0.011358650691491069
17.0,0.056326,0.011358650691491069
23.0,0.071546,0.01516358102375259
19.0,0.071546,0.01516358102375259
18.0,0.086766,0.01896851135601411
22.0,0.071546,0.01516358102375259
22.0,0.071546,0.01516358102375259
16.0,0.086766,0.01896851135601411
18.0,0.071546,0.01516358102375259
17.0,0.071546,0.01516358102375259
17.0,0.086766,0.01896851135601411
20.0,0.086766,0.01896851135601411
18.0,0.056326,0.011358650691491069
17.0,0.071546,0.01516358102375259
17.0,0.056326,0.011358650691491069
21.0,0.071546,0.01516358102375259
19.0,0.071546,0.01516358102375259
17.0,0.071546,0.01516358102375259
21.0,0.071546,0.01516358102375259
19.0,0.086766,0.01896851135601411
20.0,0.071546,0.01516358102375259
18.0,0.086766,0.01896851135601411
20.0,0.071546,0.01516358102375259
19.0,0.071546,0.01516358102375259
19.0,0.086766,0.01896851135601411
19.0,0.086766,0.01896851135601411
17.0,0.101986,0.022773441688275633
23.0,0.086766,0.01896851135601411
21.0,0.086766,0.01896851135601411
23.0,0.071546,0.01516358102375259
22.0,0.086766,0.01896851135601411
22.0,0.071546,0.01516358102375259
21.0,0.086766,0.01896851135601411
22.0,0.071546,0.01516358102375259
20.0,0.071546,0.01516358102375259
22.0,0.086766,0.01896851135601411
22.0,0.086766,0.01896851135601411
19.0,0.101986,0.022773441688275633
22.0,0.086766,0.01896851135601411
22.0,0.086766,0.01896851135601411
17.0,0.101986,0.022773441688275633
19.0,0.071546,0.01516358102375259
18.0,0.086766,0.01896851135601411
18.0,0.071546,0.01516358102375259
18.0,0.071546,0.01516358102375259
18.0,0.086766,0.01896851135601411
18.0,0.086766,0.01896851135601411
17.0,0.086766,0.01896851135601411
22.0,0.086766,0.01896851135601411
18.0,0.086766,0.01896851135601411
16.0,0.101986,0.022773441688275633
17.0,0.086766,0.01896851135601411
16.0,0.086766,0.01896851135601411
16.0,0.101986,0.022773441688275633
18.0,0.086766,0.01896851135601411
17.0,0.101986,0.022773441688275633
17.0,0.086766,0.01896851135601411
20.0,0.101986,0.022773441688275633
15.0,0.132426,0.030383302352798677
20.0,0.086766,0.01896851135601411
18.0,0.101986,0.022773441688275633
20.0,0.071546,0.01516358102375259
19.0,0.086766,0.01896851135601411
19.0,0.071546,0.01516358102375259
19.0,0.071546,0.01516358102375259
19.0,0.086766,0.01896851135601411
19.0,0.086766,0.01896851135601411
18.0,0.086766,0.01896851135601411
21.0,0.086766,0.01896851135601411
20.0,0.071546,0.01516358102375259
18.0,0.086766,0.01896851135601411
19.0,0.071546,0.01516358102375259
18.0,0.071546,0.01516358102375259
18.0,0.086766,0.01896851135601411
19.0,0.086766,0.01896851135601411
17.0,0.086766,0.01896851135601411
23.0,0.086766,0.01896851135601411
17.0,0.086766,0.01896851135601411
15.0,0.101986,0.022773441688275633
16.0,0.086766,0.01896851135601411
15.0,0.086766,0.01896851135601411
15.0,0.101986,0.022773441688275633
18.0,0.132426,0.030383302352798677
24.0,0.112652,0.022717301382982138
23.0,0.127872,0.02652223171524366
23.0,0.112652,0.022717301382982138
26.0,0.127872,0.02652223171524366
23.0,0.112652,0.022717301382982138
20.0,0.112652,0.022717301382982138
26.0,0.127872,0.02652223171524366
23.0,0.127872,0.02652223171524366
21.0,0.143092,0.03032716204750518
26.0,0.127872,0.02652223171524366
26.0,0.127872,0.02652223171524366
19.0,0.143092,0.03032716204750518
22.0,0.127872,0.02652223171524366
21.0,0.127872,0.02652223171524366
21.0,0.143092,0.03032716204750518
23.0,0.143092,0.03032716204750518
23.0,0.112652,0.022717301382982138
22.0,0.127872,0.02652223171524366
22.0,0.112652,0.022717301382982138
24.0,0.127872,0.02652223171524366
23.0,0.127872,0.02652223171524366
21.0,0.127872,0.02652223171524366
26.0,0.127872,0.02652223171524366
24.0,0.143092,0.03032716204750518
23.0,0.112652,0.022717301382982138
20.0,0.127872,0.02652223171524366
21.0,0.112652,0.022717301382982138
21.0,0.112652,0.022717301382982138
21.0,0.127872,0.02652223171524366
22.0,0.127872,0.02652223171524366
19.0,0.143092,0.03032716204750518
24.0,0.127872,0.02652223171524366
24.0,0.127872,0.02652223171524366
26.0,0.127872,0.02652223171524366
24.0,0.127872,0.02652223171524366
24.0,0.143092,0.03032716204750518
23.0,0.143092,0.03032716204750518
22.0,0.127872,0.02652223171524366
20.0,0.143092,0.03032716204750518
20.0,0.127872,0.02652223171524366
21.0,0.127872,0.02652223171524366
20.0,0.143092,0.03032716204750518
21.0,0.143092,0.03032716204750518
19.0,0.143092,0.03032716204750518
23.0,0.143092,0.03032716204750518
23.0,0.127872,0.02652223171524366
20.0,0.143092,0.03032716204750518
21.0,0.127872,0.02652223171524366
21.0,0.127872,0.02652223171524366
20.0,0.143092,0.03032716204750518
22.0,0.112652,0.022717301382982138
20.0,0.127872,0.02652223171524366
20.0,0.112652,0.022717301382982138
21.0,0.112652,0.022717301382982138
20.0,0.127872,0.02652223171524366
21.0,0.112652,0.022717301382982138
19.0,0.112652,0.022717301382982138
21.0,0.112652,0.022717301382982138
19.0,0.112652,0.022717301382982138
21.0,0.127872,0.02652223171524366
20.0,0.127872,0.02652223171524366
18.0,0.143092,0.03032716204750518
20.0,0.127872,0.02652223171524366
21.0,0.127872,0.02652223171524366
17.0,0.143092,0.03032716204750518
21.0,0.127872,0.02652223171524366
19.0,0.127872,0.02652223171524366
20.0,0.127872,0.02652223171524366
19.0,0.143092,0.03032716204750518
19.0,0.143092,0.03032716204750518
24.0,0.127872,0.02652223171524366
22.0,0.127872,0.02652223171524366
24.0,0.127872,0.02652223171524366
22.0,0.127872,0.02652223171524366
21.0,0.112652,0.022717301382982138
19.0,0.127872,0.02652223171524366
19.0,0.112652,0.022717301382982138
19.0,0.112652,0.022717301382982138
19.0,0.127872,0.02652223171524366
20.0,0.112652,0.022717301382982138
17.0,0.112652,0.022717301382982138
18.0,0.112652,0.022717301382982138
16.0,0.112652,0.022717301382982138
19.0,0.127872,0.02652223171524366
19.0,0.127872,0.02652223171524366
16.0,0.143092,0.03032716204750518
19.0,0.127872,0.02652223171524366
19.0,0.127872,0.02652223171524366
15.0,0.143092,0.03032716204750518
23.0,0.127872,0.02652223171524366
21.0,0.127872,0.02652223171524366
21.0,0.127872,0.02652223171524366
20.0,0.143092,0.03032716204750518
20.0,0.143092,0.03032716204750518
21.0,0.127872,0.02652223171524366
19.0,0.143092,0.03032716204750518
19.0,0.127872,0.02652223171524366
20.0,0.127872,0.02652223171524366
19.0,0.143092,0.03032716204750518
18.0,0.143092,0.03032716204750518
16.0,0.143092,0.03032716204750518
21.0,0.143092,0.03032716204750518
24.0,0.127872,0.02652223171524366
21.0,0.143092,0.03032716204750518
22.0,0.127872,0.02652223171524366
20.0,0.143092,0.03032716204750518
24.0,0.127872,0.02652223171524366
22.0,0.127872,0.02652223171524366
23.0,0.127872,0.02652223171524366
20.0,0.143092,0.03032716204750518
21.0,0.127872,0.02652223171524366
21.0,0.127872,0.02652223171524366
20.0,0.143092,0.03032716204750518
16.0,0.143092,0.03032716204750518
14.0,0.143092,0.03032716204750518
20.0,0.169154,0.03416280494872568
19.0,0.184374,0.0379677352809872
20.0,0.169154,0.03416280494872568
22.0,0.184374,0.0379677352809872
20.0,0.169154,0.03416280494872568
17.0,0.169154,0.03416280494872568
21.0,0.184374,0.0379677352809872
19.0,0.184374,0.0379677352809872
16.0,0.199594,0.04177266561324872
22.0,0.184374,0.0379677352809872
21.0,0.184374,0.0379677352809872
15.0,0.199594,0.04177266561324872
19.0,0.169154,0.03416280494872568
17.0,0.169154,0.03416280494872568
18.0,0.184374,0.0379677352809872
19.0,0.184374,0.0379677352809872
22.0,0.184374,0.0379677352809872
18.0,0.199594,0.04177266561324872
18.0,0.184374,0.0379677352809872
17.0,0.199594,0.04177266561324872
17.0,0.184374,0.0379677352809872
18.0,0.199594,0.04177266561324872
19.0,0.184374,0.0379677352809872
17.0,0.184374,0.0379677352809872
23.0,0.169154,0.044482972844884214
20.0,0.184374,0.048287903177145736
22.0,0.169154,0.044482972844884214
22.0,0.169154,0.044482972844884214
21.0,0.184374,0.048287903177145736
22.0,0.184374,0.048287903177145736
19.0,0.199594,0.05209283350940726
25.0,0.184374,0.048287903177145736
24.0,0.184374,0.048287903177145736
21.0,0.184374,0.048287903177145736
18.0,0.199594,0.05209283350940726
19.0,0.184374,0.048287903177145736
19.0,0.184374,0.048287903177145736
18.0,0.199594,0.05209283350940726
21.0,0.169154,0.044482972844884214
18.0,0.184374,0.048287903177145736
19.0,0.169154,0.044482972844884214
19.0,0.169154,0.044482972844884214
18.0,0.184374,0.048287903177145736
20.0,0.169154,0.044482972844884214
17.0,0.169154,0.044482972844884214
20.0,0.169154,0.044482972844884214
18.0,0.169154,0.044482972844884214
19.0,0.184374,0.048287903177145736
19.0,0.184374,0.048287903177145736
16.0,0.199594,0.05209283350940726
19.0,0.184374,0.048287903177145736
19.0,0.184374,0.048287903177145736
15.0,0.199594,0.05209283350940726
19.0,0.184374,0.048287903177145736
16.0,0.199594,0.05209283350940726
17.0,0.184374,0.048287903177145736
17.0,0.184374,0.048287903177145736
16.0,0.199594,0.05209283350940726
21.0,0.184374,0.048287903177145736
18.0,0.184374,0.048287903177145736
21.0,0.184374,0.048287903177145736
19.0,0.184374,0.048287903177145736
17.0,0.28267,0.07427033570858761
15.0,0.29789,0.07807526604084913
15.0,0.29789,0.07807526604084913
23.0,0.112652,0.022717301382982138
22.0,0.127872,0.02652223171524366
20.0,0.112652,0.022717301382982138
22.0,0.112652,0.022717301382982138
21.0,0.127872,0.02652223171524366
22.0,0.127872,0.02652223171524366
19.0,0.127872,0.02652223171524366
24.0,0.127872,0.02652223171524366
22.0,0.112652,0.022717301382982138
19.0,0.127872,0.02652223171524366
19.0,0.112652,0.022717301382982138
20.0,0.112652,0.022717301382982138
19.0,0.127872,0.02652223171524366
24.0,0.127872,0.02652223171524366
21.0,0.127872,0.02652223171524366
20.0,0.184374,0.048287903177145736
17.0,0.199594,0.05209283350940726
18.0,0.184374,0.048287903177145736
18.0,0.184374,0.048287903177145736
17.0,0.199594,0.05209283350940726
16.0,0.29789,0.07807526604084913
21.0,0.112652,0.022717301382982138
20.0,0.127872,0.02652223171524366
20.0,0.112652,0.022717301382982138
20.0,0.112652,0.022717301382982138
20.0,0.127872,0.02652223171524366
18.0,0.112652,0.022717301382982138
17.0,0.112652,0.022717301382982138
20.0,0.112652,0.022717301382982138
18.0,0.112652,0.022717301382982138
19.0,0.127872,0.02652223171524366
19.0,0.127872,0.02652223171524366
17.0,0.143092,0.03032716204750518
19.0,0.127872,0.02652223171524366
20.0,0.127872,0.02652223171524366
16.0,0.143092,0.03032716204750518
19.0,0.127872,0.02652223171524366
18.0,0.127872,0.02652223171524366
16.0,0.127872,0.02652223171524366
17.0,0.143092,0.03032716204750518
17.0,0.143092,0.03032716204750518
21.0,0.127872,0.02652223171524366
18.0,0.127872,0.02652223171524366
21.0,0.127872,0.02652223171524366
19.0,0.127872,0.02652223171524366
17.0,0.184374,0.0379677352809872
15.0,0.199594,0.04177266561324872
16.0,0.184374,0.0379677352809872
16.0,0.199594,0.04177266561324872
20.0,0.112652,0.022717301382982138
18.0,0.127872,0.02652223171524366
17.0,0.112652,0.022717301382982138
19.0,0.112652,0.022717301382982138
18.0,0.127872,0.02652223171524366
19.0,0.112652,0.022717301382982138
17.0,0.112652,0.022717301382982138
19.0,0.112652,0.022717301382982138
16.0,0.112652,0.022717301382982138
19.0,0.127872,0.02652223171524366
18.0,0.127872,0.02652223171524366
16.0,0.143092,0.03032716204750518
18.0,0.127872,0.02652223171524366
19.0,0.127872,0.02652223171524366
15.0,0.143092,0.03032716204750518
19.0,0.127872,0.02652223171524366
16.0,0.127872,0.02652223171524366
18.0,0.127872,0.02652223171524366
17.0,0.143092,0.03032716204750518
17.0,0.143092,0.03032716204750518
22.0,0.127872,0.02652223171524366
20.0,0.127872,0.02652223171524366
22.0,0.127872,0.02652223171524366
19.0,0.127872,0.02652223171524366
19.0,0.112652,0.022717301382982138
17.0,0.127872,0.02652223171524366
16.0,0.112652,0.022717301382982138
17.0,0.112652,0.022717301382982138
16.0,0.127872,0.02652223171524366
17.0,0.112652,0.022717301382982138
15.0,0.112652,0.022717301382982138
16.0,0.112652,0.022717301382982138
13.0,0.112652,0.022717301382982138
16.0,0.127872,0.02652223171524366
17.0,0.127872,0.02652223171524366
14.0,0.143092,0.03032716204750518
16.0,0.127872,0.02652223171524366
16.0,0.127872,0.02652223171524366
12.0,0.143092,0.03032716204750518
21.0,0.127872,0.02652223171524366
18.0,0.127872,0.02652223171524366
19.0,0.127872,0.02652223171524366
18.0,0.143092,0.03032716204750518
18.0,0.143092,0.03032716204750518
19.0,0.127872,0.02652223171524366
17.0,0.143092,0.03032716204750518
16.0,0.127872,0.02652223171524366
18.0,0.127872,0.02652223171524366
17.0,0.143092,0.03032716204750518
16.0,0.143092,0.03032716204750518
14.0,0.143092,0.03032716204750518
19.0,0.143092,0.03032716204750518
22.0,0.127872,0.02652223171524366
19.0,0.143092,0.03032716204750518
20.0,0.127872,0.02652223171524366
18.0,0.143092,0.03032716204750518
22.0,0.127872,0.02652223171524366
19.0,0.127872,0.02652223171524366
21.0,0.127872,0.02652223171524366
18.0,0.143092,0.03032716204750518
18.0,0.127872,0.02652223171524366
19.0,0.127872,0.02652223171524366
18.0,0.143092,0.03032716204750518
14.0,0.143092,0.03032716204750518
11.0,0.143092,0.03032716204750518
20.0,0.056326,0.011358650691491069
19.0,0.071546,0.01516358102375259
19.0,0.056326,0.011358650691491069
17.0,0.056326,0.011358650691491069
18.0,0.071546,0.01516358102375259
19.0,0.056326,0.011358650691491069
16.0,0.056326,0.011358650691491069
19.0,0.056326,0.011358650691491069
17.0,0.056326,0.011358650691491069
19.0,0.071546,0.01516358102375259
19.0,0.071546,0.01516358102375259
17.0,0.086766,0.01896851135601411
19.0,0.071546,0.01516358102375259
18.0,0.071546,0.01516358102375259
15.0,0.086766,0.01896851135601411
19.0,0.071546,0.01516358102375259
16.0,0.071546,0.01516358102375259
18.0,0.071546,0.01516358102375259
18.0,0.086766,0.01896851135601411
17.0,0.086766,0.01896851135601411
22.0,0.071546,0.01516358102375259
21.0,0.071546,0.01516358102375259
23.0,0.071546,0.01516358102375259
20.0,0.071546,0.01516358102375259
19.0,0.056326,0.011358650691491069
18.0,0.071546,0.01516358102375259
18.0,0.056326,0.011358650691491069
16.0,0.056326,0.011358650691491069
17.0,0.071546,0.01516358102375259
17.0,0.056326,0.011358650691491069
14.0,0.056326,0.011358650691491069
17.0,0.056326,0.011358650691491069
16.0,0.056326,0.011358650691491069
17.0,0.071546,0.01516358102375259
17.0,0.071546,0.01516358102375259
16.0,0.086766,0.01896851135601411
17.0,0.071546,0.01516358102375259
16.0,0.071546,0.01516358102375259
13.0,0.086766,0.01896851135601411
22.0,0.071546,0.01516358102375259
19.0,0.071546,0.01516358102375259
20.0,0.071546,0.01516358102375259
20.0,0.086766,0.01896851135601411
19.0,0.086766,0.01896851135601411
19.0,0.071546,0.01516358102375259
18.0,0.086766,0.01896851135601411
18.0,0.071546,0.01516358102375259
16.0,0.071546,0.01516358102375259
17.0,0.086766,0.01896851135601411
17.0,0.086766,0.01896851135601411
14.0,0.086766,0.01896851135601411
20.0,0.086766,0.01896851135601411
22.0,0.071546,0.01516358102375259
19.0,0.071546,0.01516358102375259
21.0,0.071546,0.01516358102375259
20.0,0.086766,0.01896851135601411
20.0,0.071546,0.01516358102375259
18.0,0.071546,0.01516358102375259
19.0,0.086766,0.01896851135601411
15.0,0.086766,0.01896851135601411
12.0,0.086766,0.01896851135601411
22.0,0.071546,0.01516358102375259
20.0,0.086766,0.01896851135601411
20.0,0.071546,0.01516358102375259
19.0,0.086766,0.01896851135601411
23.0,0.112652,0.022717301382982138
20.0,0.112652,0.022717301382982138
22.0,0.112652,0.022717301382982138
22.0,0.127872,0.02652223171524366
21.0,0.127872,0.02652223171524366
22.0,0.127872,0.02652223171524366
19.0,0.127872,0.02652223171524366
25.0,0.127872,0.02652223171524366
22.0,0.112652,0.022717301382982138
19.0,0.112652,0.022717301382982138
20.0,0.112652,0.022717301382982138
20.0,0.127872,0.02652223171524366
19.0,0.127872,0.02652223171524366
24.0,0.127872,0.02652223171524366
21.0,0.127872,0.02652223171524366
21.0,0.112652,0.022717301382982138
19.0,0.127872,0.02652223171524366
20.0,0.112652,0.022717301382982138
18.0,0.112652,0.022717301382982138
19.0,0.127872,0.02652223171524366
20.0,0.112652,0.022717301382982138
17.0,0.112652,0.022717301382982138
20.0,0.112652,0.022717301382982138
18.0,0.112652,0.022717301382982138
20.0,0.127872,0.02652223171524366
20.0,0.127872,0.02652223171524366
17.0,0.143092,0.03032716204750518
20.0,0.127872,0.02652223171524366
19.0,0.127872,0.02652223171524366
16.0,0.143092,0.03032716204750518
19.0,0.127872,0.02652223171524366
17.0,0.143092,0.03032716204750518
18.0,0.127872,0.02652223171524366
16.0,0.127872,0.02652223171524366
17.0,0.143092,0.03032716204750518
21.0,0.127872,0.02652223171524366
18.0,0.127872,0.02652223171524366
21.0,0.127872,0.02652223171524366
19.0,0.127872,0.02652223171524366
20.0,0.169154,0.03416280494872568
17.0,0.169154,0.03416280494872568
18.0,0.169154,0.03416280494872568
18.0,0.184374,0.0379677352809872
18.0,0.184374,0.0379677352809872
18.0,0.184374,0.0379677352809872
15.0,0.184374,0.0379677352809872
19.0,0.184374,0.0379677352809872
22.0,0.169154,0.044482972844884214
20.0,0.169154,0.044482972844884214
21.0,0.184374,0.048287903177145736
22.0,0.184374,0.048287903177145736
20.0,0.184374,0.048287903177145736
18.0,0.184374,0.048287903177145736
22.0,0.112652,0.022717301382982138
19.0,0.112652,0.022717301382982138
19.0,0.112652,0.022717301382982138
16.0,0.112652,0.022717301382982138
18.0,0.184374,0.048287903177145736
15.0,0.184374,0.048287903177145736
19.0,0.112652,0.022717301382982138
17.0,0.127872,0.02652223171524366
17.0,0.112652,0.022717301382982138
16.0,0.112652,0.022717301382982138
16.0,0.127872,0.02652223171524366
16.0,0.112652,0.022717301382982138
13.0,0.112652,0.022717301382982138
17.0,0.112652,0.022717301382982138
15.0,0.112652,0.022717301382982138
16.0,0.127872,0.02652223171524366
17.0,0.127872,0.02652223171524366
15.0,0.143092,0.03032716204750518
16.0,0.127872,0.02652223171524366
16.0,0.127872,0.02652223171524366
12.0,0.143092,0.03032716204750518
15.0,0.184374,0.0379677352809872
12.0,0.184374,0.0379677352809872
17.0,0.112827,0.02280415425723461
16.0,0.128047,0.02660908458949613
17.0,0.112827,0.02280415425723461
21.0,0.128047,0.02660908458949613
17.0,0.112827,0.02280415425723461
15.0,0.112827,0.02280415425723461
21.0,0.128047,0.02660908458949613
16.0,0.128047,0.02660908458949613
15.0,0.143267,0.030414014921757652
20.0,0.128047,0.02660908458949613
20.0,0.128047,0.02660908458949613
14.0,0.143267,0.030414014921757652
16.0,0.128047,0.02660908458949613
16.0,0.128047,0.02660908458949613
15.0,0.143267,0.030414014921757652
19.0,0.143267,0.030414014921757652
17.0,0.112827,0.02280415425723461
16.0,0.128047,0.02660908458949613
16.0,0.112827,0.02280415425723461
20.0,0.128047,0.02660908458949613
17.0,0.128047,0.02660908458949613
16.0,0.128047,0.02660908458949613
19.0,0.128047,0.02660908458949613
17.0,0.143267,0.030414014921757652
16.0,0.128047,0.02660908458949613
14.0,0.143267,0.030414014921757652
16.0,0.128047,0.02660908458949613
15.0,0.128047,0.02660908458949613
15.0,0.143267,0.030414014921757652
15.0,0.143267,0.030414014921757652
13.0,0.158487,0.034218945254019174
19.0,0.143267,0.030414014921757652
17.0,0.143267,0.030414014921757652
16.0,0.128047,0.02660908458949613
15.0,0.143267,0.030414014921757652
16.0,0.128047,0.02660908458949613
19.0,0.143267,0.030414014921757652
16.0,0.128047,0.02660908458949613
14.0,0.128047,0.02660908458949613
19.0,0.143267,0.030414014921757652
14.0,0.143267,0.030414014921757652
11.0,0.158487,0.034218945254019174
18.0,0.143267,0.030414014921757652
18.0,0.143267,0.030414014921757652
11.0,0.158487,0.034218945254019174
13.0,0.173707,0.038023875586280696
10.0,0.188927,0.04182880591854222
19.0,0.128047,0.02660908458949613
17.0,0.143267,0.030414014921757652
18.0,0.128047,0.02660908458949613
18.0,0.143267,0.030414014921757652
17.0,0.112827,0.02280415425723461
15.0,0.128047,0.02660908458949613
16.0,0.112827,0.02280415425723461
14.0,0.112827,0.02280415425723461
15.0,0.128047,0.02660908458949613
16.0,0.128047,0.02660908458949613
13.0,0.128047,0.02660908458949613
20.0,0.128047,0.02660908458949613
17.0,0.128047,0.02660908458949613
15.0,0.143267,0.030414014921757652
16.0,0.128047,0.02660908458949613
15.0,0.128047,0.02660908458949613
13.0,0.143267,0.030414014921757652
19.0,0.128047,0.02660908458949613
17.0,0.143267,0.030414014921757652
18.0,0.128047,0.02660908458949613
18.0,0.143267,0.030414014921757652
19.0,0.128047,0.02660908458949613
17.0,0.143267,0.030414014921757652
17.0,0.143267,0.030414014921757652
13.0,0.143267,0.030414014921757652
10.0,0.158487,0.034218945254019174
10.0,0.188927,0.04182880591854222
20.0,0.169154,0.03416280494872568
19.0,0.184374,0.0379677352809872
20.0,0.169154,0.03416280494872568
21.0,0.184374,0.0379677352809872
20.0,0.169154,0.03416280494872568
17.0,0.169154,0.03416280494872568
22.0,0.184374,0.0379677352809872
19.0,0.184374,0.0379677352809872
16.0,0.199594,0.04177266561324872
21.0,0.184374,0.0379677352809872
22.0,0.184374,0.0379677352809872
15.0,0.199594,0.04177266561324872
18.0,0.184374,0.0379677352809872
17.0,0.184374,0.0379677352809872
17.0,0.199594,0.04177266561324872
18.0,0.199594,0.04177266561324872
19.0,0.169154,0.03416280494872568
18.0,0.184374,0.0379677352809872
18.0,0.169154,0.03416280494872568
19.0,0.184374,0.0379677352809872
19.0,0.184374,0.0379677352809872
17.0,0.184374,0.0379677352809872
22.0,0.184374,0.0379677352809872
18.0,0.199594,0.04177266561324872
20.0,0.169154,0.03416280494872568
19.0,0.184374,0.0379677352809872
20.0,0.169154,0.03416280494872568
22.0,0.184374,0.0379677352809872
20.0,0.169154,0.03416280494872568
17.0,0.169154,0.03416280494872568
21.0,0.184374,0.0379677352809872
19.0,0.184374,0.0379677352809872
16.0,0.199594,0.04177266561324872
22.0,0.184374,0.0379677352809872
21.0,0.184374,0.0379677352809872
15.0,0.199594,0.04177266561324872
18.0,0.184374,0.0379677352809872
17.0,0.184374,0.0379677352809872
17.0,0.199594,0.04177266561324872
18.0,0.199594,0.04177266561324872
19.0,0.169154,0.03416280494872568
18.0,0.184374,0.0379677352809872
18.0,0.169154,0.03416280494872568
19.0,0.184374,0.0379677352809872
19.0,0.184374,0.0379677352809872
17.0,0.184374,0.0379677352809872
22.0,0.184374,0.0379677352809872
18.0,0.199594,0.04177266561324872
16.0,0.225655,0.04560830851446922
15.0,0.240875,0.04941323884673074
16.0,0.225655,0.04560830851446922
17.0,0.240875,0.04941323884673074
16.0,0.225655,0.04560830851446922
13.0,0.225655,0.04560830851446922
17.0,0.240875,0.04941323884673074
15.0,0.240875,0.04941323884673074
10.0,0.256095,0.05321816917899226
17.0,0.240875,0.04941323884673074
17.0,0.240875,0.04941323884673074
9.0,0.256095,0.05321816917899226
19.0,0.225655,0.05592847641062775
16.0,0.240875,0.059733406742889274
18.0,0.225655,0.05592847641062775
18.0,0.225655,0.05592847641062775
17.0,0.240875,0.059733406742889274
17.0,0.240875,0.059733406742889274
14.0,0.256095,0.0635383370751508
19.0,0.240875,0.059733406742889274
19.0,0.240875,0.059733406742889274
19.0,0.225655,0.05592847641062775
16.0,0.240875,0.059733406742889274
18.0,0.225655,0.05592847641062775
18.0,0.225655,0.05592847641062775
17.0,0.240875,0.059733406742889274
17.0,0.240875,0.059733406742889274
14.0,0.256095,0.0635383370751508
19.0,0.240875,0.059733406742889274
19.0,0.240875,0.059733406742889274
13.0,0.339172,0.08571583927433116
9.0,0.354392,0.08952076960659267
20.0,0.169154,0.03416280494872568
18.0,0.184374,0.0379677352809872
17.0,0.169154,0.03416280494872568
19.0,0.169154,0.03416280494872568
18.0,0.184374,0.0379677352809872
18.0,0.184374,0.0379677352809872
15.0,0.184374,0.0379677352809872
20.0,0.184374,0.0379677352809872
20.0,0.169154,0.03416280494872568
18.0,0.184374,0.0379677352809872
17.0,0.169154,0.03416280494872568
19.0,0.169154,0.03416280494872568
18.0,0.184374,0.0379677352809872
18.0,0.184374,0.0379677352809872
15.0,0.184374,0.0379677352809872
20.0,0.184374,0.0379677352809872
14.0,0.240875,0.04941323884673074
10.0,0.256095,0.05321816917899226
14.0,0.225655,0.04560830851446922
13.0,0.240875,0.04941323884673074
13.0,0.225655,0.04560830851446922
15.0,0.240875,0.04941323884673074
13.0,0.225655,0.04560830851446922
10.0,0.225655,0.04560830851446922
15.0,0.240875,0.04941323884673074
13.0,0.240875,0.04941323884673074
8.0,0.256095,0.05321816917899226
15.0,0.240875,0.04941323884673074
15.0,0.240875,0.04941323884673074
7.0,0.256095,0.05321816917899226
14.0,0.128047,0.02660908458949613
13.0,0.143267,0.030414014921757652
13.0,0.128047,0.02660908458949613
16.0,0.143267,0.030414014921757652
13.0,0.128047,0.02660908458949613
11.0,0.128047,0.02660908458949613
16.0,0.143267,0.030414014921757652
13.0,0.143267,0.030414014921757652
10.0,0.158487,0.034218945254019174
15.0,0.143267,0.030414014921757652
15.0,0.143267,0.030414014921757652
8.0,0.158487,0.034218945254019174
17.0,0.184374,0.0379677352809872
16.0,0.184374,0.0379677352809872
15.0,0.199594,0.04177266561324872
16.0,0.199594,0.04177266561324872
17.0,0.184374,0.0379677352809872
16.0,0.184374,0.0379677352809872
15.0,0.199594,0.04177266561324872
16.0,0.199594,0.04177266561324872
14.0,0.240875,0.04941323884673074
10.0,0.256095,0.05321816917899226
15.0,0.184374,0.0379677352809872
12.0,0.184374,0.0379677352809872
15.0,0.184374,0.0379677352809872
12.0,0.184374,0.0379677352809872
7.0,0.256095,0.05321816917899226
20.0,0.112827,0.03312432215339314
19.0,0.128047,0.036929252485654665
19.0,0.112827,0.03312432215339314
19.0,0.112827,0.03312432215339314
19.0,0.128047,0.036929252485654665
19.0,0.112827,0.03312432215339314
17.0,0.112827,0.03312432215339314
19.0,0.112827,0.03312432215339314
17.0,0.112827,0.03312432215339314
19.0,0.128047,0.036929252485654665
17.0,0.128047,0.036929252485654665
16.0,0.143267,0.04073418281791619
18.0,0.128047,0.036929252485654665
18.0,0.128047,0.036929252485654665
15.0,0.143267,0.04073418281791619
23.0,0.169154,0.044482972844884214
22.0,0.169154,0.044482972844884214
22.0,0.169154,0.044482972844884214
20.0,0.184374,0.048287903177145736
21.0,0.184374,0.048287903177145736
22.0,0.225655,0.06624864430678629
19.0,0.240875,0.07005357463904781
22.0,0.169154,0.044482972844884214
20.0,0.169154,0.044482972844884214
17.0,0.240875,0.07005357463904781
19.0,0.128047,0.036929252485654665
18.0,0.128047,0.036929252485654665
18.0,0.128047,0.036929252485654665
16.0,0.143267,0.04073418281791619
17.0,0.143267,0.04073418281791619
21.0,0.169154,0.044482972844884214
19.0,0.184374,0.048287903177145736
19.0,0.169154,0.044482972844884214
20.0,0.169154,0.044482972844884214
19.0,0.184374,0.048287903177145736
19.0,0.169154,0.044482972844884214
18.0,0.169154,0.044482972844884214
20.0,0.169154,0.044482972844884214
18.0,0.169154,0.044482972844884214
19.0,0.184374,0.048287903177145736
18.0,0.184374,0.048287903177145736
16.0,0.199594,0.05209283350940726
18.0,0.184374,0.048287903177145736
19.0,0.184374,0.048287903177145736
15.0,0.199594,0.05209283350940726
19.0,0.225655,0.05592847641062775
18.0,0.225655,0.05592847641062775
18.0,0.225655,0.05592847641062775
16.0,0.240875,0.059733406742889274
17.0,0.240875,0.059733406742889274
22.0,0.128047,0.036929252485654665
21.0,0.128047,0.036929252485654665
23.0,0.128047,0.036929252485654665
21.0,0.128047,0.036929252485654665
19.0,0.128047,0.036929252485654665
17.0,0.143267,0.04073418281791619
18.0,0.128047,0.036929252485654665
17.0,0.128047,0.036929252485654665
17.0,0.143267,0.04073418281791619
18.0,0.128047,0.036929252485654665
16.0,0.128047,0.036929252485654665
17.0,0.128047,0.036929252485654665
16.0,0.128047,0.036929252485654665
17.0,0.143267,0.04073418281791619
16.0,0.143267,0.04073418281791619
14.0,0.158487,0.04453911315017771
17.0,0.143267,0.04073418281791619
16.0,0.143267,0.04073418281791619
13.0,0.158487,0.04453911315017771
21.0,0.184374,0.048287903177145736
19.0,0.184374,0.048287903177145736
19.0,0.184374,0.048287903177145736
18.0,0.199594,0.05209283350940726
18.0,0.199594,0.05209283350940726
19.0,0.240875,0.07005357463904781
16.0,0.256095,0.07385850497130933
20.0,0.184374,0.048287903177145736
18.0,0.184374,0.048287903177145736
14.0,0.256095,0.07385850497130933
19.0,0.225655,0.06624864430678629
16.0,0.240875,0.07005357463904781
17.0,0.225655,0.06624864430678629
17.0,0.225655,0.06624864430678629
16.0,0.240875,0.07005357463904781
17.0,0.225655,0.06624864430678629
14.0,0.225655,0.06624864430678629
17.0,0.225655,0.06624864430678629
14.0,0.225655,0.06624864430678629
16.0,0.240875,0.07005357463904781
16.0,0.240875,0.07005357463904781
13.0,0.256095,0.07385850497130933
16.0,0.240875,0.07005357463904781
16.0,0.240875,0.07005357463904781
11.0,0.256095,0.07385850497130933
19.0,0.128047,0.036929252485654665
17.0,0.143267,0.04073418281791619
19.0,0.184374,0.048287903177145736
22.0,0.184374,0.048287903177145736
17.0,0.240875,0.059733406742889274
18.0,0.128047,0.036929252485654665
17.0,0.184374,0.048287903177145736
20.0,0.143267,0.04073418281791619
21.0,0.184374,0.048287903177145736
18.0,0.128047,0.036929252485654665
17.0,0.184374,0.048287903177145736
20.0,0.143267,0.04073418281791619
16.0,0.143267,0.04073418281791619
14.0,0.158487,0.04453911315017771
16.0,0.199594,0.05209283350940726
19.0,0.199594,0.05209283350940726
14.0,0.256095,0.0635383370751508
17.0,0.143267,0.04073418281791619
16.0,0.199594,0.05209283350940726
15.0,0.173707,0.04834404348243923
12.0,0.188927,0.05214897381470075
15.0,0.339172,0.09603600717048968
12.0,0.354392,0.0998409375027512
22.0,0.128047,0.036929252485654665
20.0,0.143267,0.04073418281791619
21.0,0.184374,0.048287903177145736
25.0,0.184374,0.048287903177145736
19.0,0.240875,0.059733406742889274
20.0,0.128047,0.036929252485654665
19.0,0.184374,0.048287903177145736
17.0,0.143267,0.04073418281791619
22.0,0.184374,0.048287903177145736
21.0,0.128047,0.036929252485654665
19.0,0.143267,0.04073418281791619
21.0,0.184374,0.048287903177145736
24.0,0.184374,0.048287903177145736
19.0,0.240875,0.059733406742889274
19.0,0.128047,0.036929252485654665
19.0,0.184374,0.048287903177145736
17.0,0.143267,0.04073418281791619
14.0,0.188927,0.05214897381470075
10.0,0.354392,0.0998409375027512
18.0,0.128047,0.036929252485654665
16.0,0.143267,0.04073418281791619
17.0,0.128047,0.036929252485654665
15.0,0.128047,0.036929252485654665
16.0,0.143267,0.04073418281791619
16.0,0.128047,0.036929252485654665
13.0,0.128047,0.036929252485654665
16.0,0.128047,0.036929252485654665
14.0,0.128047,0.036929252485654665
16.0,0.143267,0.04073418281791619
15.0,0.143267,0.04073418281791619
13.0,0.158487,0.04453911315017771
16.0,0.143267,0.04073418281791619
15.0,0.143267,0.04073418281791619
12.0,0.158487,0.04453911315017771
20.0,0.184374,0.048287903177145736
18.0,0.184374,0.048287903177145736
18.0,0.184374,0.048287903177145736
17.0,0.199594,0.05209283350940726
17.0,0.199594,0.05209283350940726
17.0,0.240875,0.07005357463904781
14.0,0.256095,0.07385850497130933
18.0,0.184374,0.048287903177145736
15.0,0.184374,0.048287903177145736
11.0,0.256095,0.07385850497130933
17.0,0.225655,0.06624864430678629
14.0,0.240875,0.07005357463904781
14.0,0.225655,0.06624864430678629
14.0,0.225655,0.06624864430678629
13.0,0.240875,0.07005357463904781
14.0,0.225655,0.06624864430678629
11.0,0.225655,0.06624864430678629
14.0,0.225655,0.06624864430678629
11.0,0.225655,0.06624864430678629
13.0,0.240875,0.07005357463904781
14.0,0.240875,0.07005357463904781
11.0,0.256095,0.07385850497130933
13.0,0.240875,0.07005357463904781
13.0,0.240875,0.07005357463904781
8.0,0.256095,0.07385850497130933
14.0,0.339172,0.09603600717048968
11.0,0.354392,0.0998409375027512
20.0,0.112827,0.03312432215339314
19.0,0.128047,0.036929252485654665
19.0,0.112827,0.03312432215339314
19.0,0.112827,0.03312432215339314
19.0,0.128047,0.036929252485654665
19.0,0.112827,0.03312432215339314
17.0,0.112827,0.03312432215339314
19.0,0.112827,0.03312432215339314
17.0,0.112827,0.03312432215339314
19.0,0.128047,0.036929252485654665
17.0,0.128047,0.036929252485654665
16.0,0.143267,0.04073418281791619
18.0,0.128047,0.036929252485654665
18.0,0.128047,0.036929252485654665
15.0,0.143267,0.04073418281791619
23.0,0.169154,0.044482972844884214
22.0,0.169154,0.044482972844884214
22.0,0.169154,0.044482972844884214
20.0,0.184374,0.048287903177145736
21.0,0.184374,0.048287903177145736
22.0,0.225655,0.06624864430678629
19.0,0.240875,0.07005357463904781
22.0,0.169154,0.044482972844884214
20.0,0.169154,0.044482972844884214
17.0,0.240875,0.07005357463904781
19.0,0.128047,0.036929252485654665
18.0,0.128047,0.036929252485654665
18.0,0.128047,0.036929252485654665
16.0,0.143267,0.04073418281791619
17.0,0.143267,0.04073418281791619
21.0,0.169154,0.044482972844884214
19.0,0.184374,0.048287903177145736
19.0,0.169154,0.044482972844884214
20.0,0.169154,0.044482972844884214
19.0,0.184374,0.048287903177145736
19.0,0.169154,0.044482972844884214
18.0,0.169154,0.044482972844884214
20.0,0.169154,0.044482972844884214
18.0,0.169154,0.044482972844884214
19.0,0.184374,0.048287903177145736
18.0,0.184374,0.048287903177145736
16.0,0.199594,0.05209283350940726
18.0,0.184374,0.048287903177145736
19.0,0.184374,0.048287903177145736
15.0,0.199594,0.05209283350940726
19.0,0.225655,0.05592847641062775
18.0,0.225655,0.05592847641062775
18.0,0.225655,0.05592847641062775
16.0,0.240875,0.059733406742889274
17.0,0.240875,0.059733406742889274
22.0,0.128047,0.036929252485654665
21.0,0.128047,0.036929252485654665
23.0,0.128047,0.036929252485654665
21.0,0.128047,0.036929252485654665
19.0,0.128047,0.036929252485654665
17.0,0.143267,0.04073418281791619
18.0,0.128047,0.036929252485654665
17.0,0.128047,0.036929252485654665
17.0,0.143267,0.04073418281791619
18.0,0.128047,0.036929252485654665
16.0,0.128047,0.036929252485654665
17.0,0.128047,0.036929252485654665
16.0,0.128047,0.036929252485654665
17.0,0.143267,0.04073418281791619
16.0,0.143267,0.04073418281791619
14.0,0.158487,0.04453911315017771
17.0,0.143267,0.04073418281791619
16.0,0.143267,0.04073418281791619
13.0,0.158487,0.04453911315017771
21.0,0.184374,0.048287903177145736
19.0,0.184374,0.048287903177145736
19.0,0.184374,0.048287903177145736
18.0,0.199594,0.05209283350940726
18.0,0.199594,0.05209283350940726
19.0,0.240875,0.07005357463904781
16.0,0.256095,0.07385850497130933
20.0,0.184374,0.048287903177145736
18.0,0.184374,0.048287903177145736
14.0,0.256095,0.07385850497130933
19.0,0.225655,0.06624864430678629
16.0,0.240875,0.07005357463904781
17.0,0.225655,0.06624864430678629
17.0,0.225655,0.06624864430678629
16.0,0.240875,0.07005357463904781
17.0,0.225655,0.06624864430678629
14.0,0.225655,0.06624864430678629
17.0,0.225655,0.06624864430678629
14.0,0.225655,0.06624864430678629
16.0,0.240875,0.07005357463904781
16.0,0.240875,0.07005357463904781
13.0,0.256095,0.07385850497130933
16.0,0.240875,0.07005357463904781
16.0,0.240875,0.07005357463904781
11.0,0.256095,0.07385850497130933
19.0,0.128047,0.036929252485654665
17.0,0.143267,0.04073418281791619
22.0,0.184374,0.048287903177145736
19.0,0.184374,0.048287903177145736
17.0,0.240875,0.059733406742889274
18.0,0.128047,0.036929252485654665
17.0,0.184374,0.048287903177145736
20.0,0.143267,0.04073418281791619
21.0,0.184374,0.048287903177145736
18.0,0.128047,0.036929252485654665
17.0,0.184374,0.048287903177145736
20.0,0.143267,0.04073418281791619
16.0,0.143267,0.04073418281791619
14.0,0.158487,0.04453911315017771
19.0,0.199594,0.05209283350940726
16.0,0.199594,0.05209283350940726
14.0,0.256095,0.0635383370751508
17.0,0.143267,0.04073418281791619
16.0,0.199594,0.05209283350940726
15.0,0.173707,0.04834404348243923
12.0,0.188927,0.05214897381470075
15.0,0.339172,0.09603600717048968
12.0,0.354392,0.0998409375027512
22.0,0.128047,0.036929252485654665
20.0,0.143267,0.04073418281791619
25.0,0.184374,0.048287903177145736
21.0,0.184374,0.048287903177145736
19.0,0.240875,0.059733406742889274
20.0,0.128047,0.036929252485654665
19.0,0.184374,0.048287903177145736
17.0,0.143267,0.04073418281791619
22.0,0.184374,0.048287903177145736
21.0,0.128047,0.036929252485654665
19.0,0.143267,0.04073418281791619
24.0,0.184374,0.048287903177145736
21.0,0.184374,0.048287903177145736
19.0,0.240875,0.059733406742889274
19.0,0.128047,0.036929252485654665
19.0,0.184374,0.048287903177145736
17.0,0.143267,0.04073418281791619
14.0,0.188927,0.05214897381470075
10.0,0.354392,0.0998409375027512
18.0,0.128047,0.036929252485654665
16.0,0.143267,0.04073418281791619
17.0,0.128047,0.036929252485654665
15.0,0.128047,0.036929252485654665
16.0,0.143267,0.04073418281791619
16.0,0.128047,0.036929252485654665
13.0,0.128047,0.036929252485654665
16.0,0.128047,0.036929252485654665
14.0,0.128047,0.036929252485654665
16.0,0.143267,0.04073418281791619
15.0,0.143267,0.04073418281791619
13.0,0.158487,0.04453911315017771
16.0,0.143267,0.04073418281791619
15.0,0.143267,0.04073418281791619
12.0,0.158487,0.04453911315017771
20.0,0.184374,0.048287903177145736
18.0,0.184374,0.048287903177145736
18.0,0.184374,0.048287903177145736
17.0,0.199594,0.05209283350940726
17.0,0.199594,0.05209283350940726
17.0,0.240875,0.07005357463904781
14.0,0.256095,0.07385850497130933
18.0,0.184374,0.048287903177145736
15.0,0.184374,0.048287903177145736
11.0,0.256095,0.07385850497130933
17.0,0.225655,0.06624864430678629
14.0,0.240875,0.07005357463904781
14.0,0.225655,0.06624864430678629
14.0,0.225655,0.06624864430678629
13.0,0.240875,0.07005357463904781
14.0,0.225655,0.06624864430678629
11.0,0.225655,0.06624864430678629
14.0,0.225655,0.06624864430678629
11.0,0.225655,0.06624864430678629
13.0,0.240875,0.07005357463904781
14.0,0.240875,0.07005357463904781
11.0,0.256095,0.07385850497130933
13.0,0.240875,0.07005357463904781
13.0,0.240875,0.07005357463904781
8.0,0.256095,0.07385850497130933
14.0,0.339172,0.09603600717048968
11.0,0.354392,0.0998409375027512
14.0,0.226344,0.06291168501709654
13.0,0.241564,0.06671661534935806
17.0,0.28267,0.07427033570858761
17.0,0.28267,0.07427033570858761
13.0,0.339172,0.08571583927433116
13.0,0.241564,0.06671661534935806
15.0,0.29789,0.07807526604084913
15.0,0.339172,0.09603600717048968
13.0,0.241564,0.06671661534935806
15.0,0.29789,0.07807526604084913
11.0,0.256784,0.07052154568161959
12.0,0.354392,0.0998409375027512
15.0,0.339172,0.09603600717048968
12.0,0.354392,0.0998409375027512
13.0,0.241564,0.06671661534935806
10.0,0.256784,0.07052154568161959
15.0,0.29789,0.07807526604084913
15.0,0.29789,0.07807526604084913
9.0,0.354392,0.08952076960659267
8.0,0.287224,0.07813140634614263
5.0,0.452689,0.12582337003419308
15.0,0.226344,0.06291168501709654
14.0,0.241564,0.06671661534935806
14.0,0.241564,0.06671661534935806
14.0,0.241564,0.06671661534935806
11.0,0.256784,0.07052154568161959
14.0,0.241564,0.06671661534935806
11.0,0.256784,0.07052154568161959
8.0,0.287224,0.07813140634614263
13.0,0.241564,0.06671661534935806
15.0,0.29789,0.07807526604084913
11.0,0.256784,0.07052154568161959
10.0,0.354392,0.0998409375027512
14.0,0.339172,0.09603600717048968
11.0,0.354392,0.0998409375027512
13.0,0.241564,0.06671661534935806
15.0,0.29789,0.07807526604084913
11.0,0.256784,0.07052154568161959
10.0,0.354392,0.0998409375027512
14.0,0.339172,0.09603600717048968
11.0,0.354392,0.0998409375027512
7.0,0.287224,0.07813140634614263
3.0,0.452689,0.12582337003419308
