complexity,cost,feature_based_cost
18.0,0.0,0.0
17.0,0.010424,0.002918607229984476
17.0,0.0,0.0003127079174983367
19.0,0.010424,0.0032313151474828126
17.0,0.0,0.0003127079174983367
14.0,0.0,0.0006254158349966734
19.0,0.010424,0.0032313151474828126
17.0,0.010424,0.002918607229984476
15.0,0.020848,0.005837214459968952
19.0,0.010424,0.0032313151474828126
19.0,0.010424,0.0032313151474828126
13.0,0.020848,0.006462630294965625
17.0,0.010424,0.002918607229984476
16.0,0.010424,0.0032313151474828126
16.0,0.020848,0.005837214459968952
18.0,0.020848,0.006149922377467289
17.0,0.0,0.0
16.0,0.010424,0.002918607229984476
16.0,0.0,0.0003127079174983367
18.0,0.010424,0.0032313151474828126
18.0,0.010424,0.0032313151474828126
15.0,0.010424,0.0035440230649811492
19.0,0.010424,0.002918607229984476
18.0,0.020848,0.005837214459968952
17.0,0.010424,0.002918607229984476
15.0,0.020848,0.005837214459968952
16.0,0.010424,0.0032313151474828126
17.0,0.010424,0.002918607229984476
16.0,0.020848,0.006149922377467289
16.0,0.020848,0.005837214459968952
14.0,0.031272,0.008755821689953428
18.0,0.020848,0.006149922377467289
19.0,0.020848,0.005837214459968952
17.0,0.010424,0.002918607229984476
16.0,0.020848,0.005837214459968952
16.0,0.010424,0.0032313151474828126
18.0,0.020848,0.006149922377467289
16.0,0.010424,0.0032313151474828126
13.0,0.010424,0.0035440230649811492
18.0,0.020848,0.006149922377467289
16.0,0.020848,0.005837214459968952
14.0,0.031272,0.008755821689953428
18.0,0.020848,0.006149922377467289
18.0,0.020848,0.006149922377467289
12.0,0.031272,0.009381237524950101
14.0,0.041696,0.011674428919937904
13.0,0.05212,0.01459303614992238
20.0,0.010424,0.002918607229984476
19.0,0.020848,0.005837214459968952
19.0,0.010424,0.0032313151474828126
19.0,0.020848,0.006149922377467289
17.0,0.0,0.0
17.0,0.010424,0.002918607229984476
16.0,0.0,0.0003127079174983367
15.0,0.0,0.0
16.0,0.010424,0.0032313151474828126
16.0,0.010424,0.002918607229984476
14.0,0.010424,0.002918607229984476
18.0,0.010424,0.0032313151474828126
18.0,0.010424,0.0032313151474828126
16.0,0.020848,0.006149922377467289
15.0,0.010424,0.0035440230649811492
16.0,0.010424,0.0032313151474828126
13.0,0.020848,0.006462630294965625
20.0,0.010424,0.002918607229984476
19.0,0.020848,0.005837214459968952
19.0,0.010424,0.0032313151474828126
19.0,0.020848,0.006149922377467289
19.0,0.010424,0.002918607229984476
18.0,0.020848,0.005837214459968952
19.0,0.020848,0.005837214459968952
14.0,0.020848,0.005837214459968952
13.0,0.031272,0.008755821689953428
12.0,0.05212,0.015218451984919053
17.0,0.0,0.0
16.0,0.010424,0.002918607229984476
16.0,0.0,0.0
19.0,0.010424,0.002918607229984476
16.0,0.0,0.0
14.0,0.0,0.0
19.0,0.010424,0.002918607229984476
16.0,0.010424,0.002918607229984476
15.0,0.020848,0.005837214459968952
18.0,0.010424,0.002918607229984476
18.0,0.010424,0.002918607229984476
13.0,0.020848,0.005837214459968952
16.0,0.010424,0.002918607229984476
15.0,0.010424,0.002918607229984476
15.0,0.020848,0.005837214459968952
17.0,0.020848,0.005837214459968952
16.0,0.0,0.0003127079174983367
15.0,0.010424,0.0032313151474828126
14.0,0.0,0.0003127079174983367
17.0,0.010424,0.0032313151474828126
16.0,0.010424,0.0032313151474828126
14.0,0.010424,0.0032313151474828126
18.0,0.010424,0.0032313151474828126
17.0,0.020848,0.006149922377467289
19.0,0.010424,0.002918607229984476
18.0,0.020848,0.005837214459968952
18.0,0.010424,0.002918607229984476
17.0,0.020848,0.005837214459968952
18.0,0.010424,0.002918607229984476
16.0,0.010424,0.002918607229984476
19.0,0.020848,0.005837214459968952
18.0,0.020848,0.005837214459968952
16.0,0.031272,0.008755821689953428
18.0,0.020848,0.005837214459968952
19.0,0.020848,0.005837214459968952
14.0,0.031272,0.008755821689953428
17.0,0.0,0.0003127079174983367
16.0,0.010424,0.0032313151474828126
16.0,0.0,0.0006254158349966734
18.0,0.010424,0.0035440230649811492
16.0,0.0,0.0006254158349966734
13.0,0.0,0.0009381237524950101
18.0,0.010424,0.0035440230649811492
16.0,0.010424,0.0032313151474828126
15.0,0.020848,0.006149922377467289
18.0,0.010424,0.0035440230649811492
18.0,0.010424,0.0035440230649811492
12.0,0.020848,0.006775338212463962
17.0,0.010424,0.0032313151474828126
15.0,0.010424,0.0035440230649811492
16.0,0.020848,0.006149922377467289
17.0,0.020848,0.006462630294965625
17.0,0.0,0.0003127079174983367
16.0,0.010424,0.0032313151474828126
15.0,0.0,0.0006254158349966734
17.0,0.010424,0.0035440230649811492
17.0,0.010424,0.0035440230649811492
14.0,0.010424,0.0038567309824794863
19.0,0.010424,0.0032313151474828126
18.0,0.020848,0.006149922377467289
18.0,0.010424,0.0032313151474828126
16.0,0.020848,0.006149922377467289
16.0,0.010424,0.0035440230649811492
17.0,0.010424,0.0032313151474828126
17.0,0.020848,0.006462630294965625
17.0,0.020848,0.006149922377467289
15.0,0.031272,0.009068529607451765
18.0,0.020848,0.006462630294965625
19.0,0.020848,0.006149922377467289
20.0,0.010424,0.0032313151474828126
19.0,0.020848,0.006149922377467289
19.0,0.010424,0.0035440230649811492
17.0,0.020848,0.006462630294965625
19.0,0.010424,0.0035440230649811492
16.0,0.010424,0.0038567309824794863
19.0,0.020848,0.006462630294965625
19.0,0.020848,0.006149922377467289
16.0,0.031272,0.009068529607451765
19.0,0.020848,0.006462630294965625
20.0,0.020848,0.006462630294965625
14.0,0.031272,0.009693945442448438
17.0,0.010424,0.002918607229984476
16.0,0.020848,0.005837214459968952
16.0,0.010424,0.0032313151474828126
16.0,0.010424,0.002918607229984476
16.0,0.020848,0.006149922377467289
16.0,0.020848,0.005837214459968952
15.0,0.020848,0.005837214459968952
18.0,0.020848,0.006149922377467289
16.0,0.020848,0.005837214459968952
14.0,0.031272,0.008755821689953428
14.0,0.020848,0.006149922377467289
15.0,0.020848,0.005837214459968952
14.0,0.031272,0.009068529607451765
16.0,0.020848,0.005837214459968952
15.0,0.031272,0.008755821689953428
15.0,0.020848,0.006149922377467289
17.0,0.031272,0.009068529607451765
13.0,0.05212,0.01459303614992238
19.0,0.020848,0.005837214459968952
18.0,0.031272,0.008755821689953428
18.0,0.010424,0.0032313151474828126
16.0,0.020848,0.006149922377467289
15.0,0.010424,0.0035440230649811492
16.0,0.010424,0.0032313151474828126
15.0,0.020848,0.006462630294965625
17.0,0.020848,0.006149922377467289
14.0,0.020848,0.006462630294965625
19.0,0.020848,0.006149922377467289
18.0,0.010424,0.0032313151474828126
17.0,0.020848,0.006149922377467289
16.0,0.010424,0.0035440230649811492
16.0,0.010424,0.0032313151474828126
17.0,0.020848,0.006462630294965625
17.0,0.020848,0.006149922377467289
15.0,0.020848,0.006149922377467289
18.0,0.020848,0.006462630294965625
15.0,0.020848,0.006462630294965625
13.0,0.031272,0.009381237524950101
12.0,0.020848,0.006775338212463962
13.0,0.020848,0.006462630294965625
12.0,0.031272,0.009693945442448438
15.0,0.05212,0.015218451984919053
17.0,0.0,0.0
16.0,0.010424,0.002918607229984476
16.0,0.0,0.0003127079174983367
16.0,0.0,0.0
16.0,0.010424,0.0032313151474828126
15.0,0.0,0.0
14.0,0.0,0.0
17.0,0.0,0.0003127079174983367
15.0,0.0,0.0006254158349966734
16.0,0.010424,0.0032313151474828126
17.0,0.010424,0.002918607229984476
15.0,0.020848,0.005837214459968952
16.0,0.010424,0.0032313151474828126
17.0,0.010424,0.0032313151474828126
13.0,0.020848,0.006462630294965625
16.0,0.010424,0.002918607229984476
15.0,0.010424,0.0032313151474828126
14.0,0.010424,0.002918607229984476
16.0,0.020848,0.005837214459968952
15.0,0.020848,0.006149922377467289
19.0,0.010424,0.002918607229984476
17.0,0.010424,0.002918607229984476
20.0,0.010424,0.0032313151474828126
18.0,0.010424,0.0035440230649811492
16.0,0.0,0.0
15.0,0.010424,0.002918607229984476
14.0,0.0,0.0003127079174983367
14.0,0.0,0.0
14.0,0.010424,0.0032313151474828126
14.0,0.0,0.0
12.0,0.0,0.0
16.0,0.0,0.0003127079174983367
14.0,0.0,0.0006254158349966734
15.0,0.010424,0.0032313151474828126
15.0,0.010424,0.002918607229984476
14.0,0.020848,0.005837214459968952
14.0,0.010424,0.0032313151474828126
15.0,0.010424,0.0032313151474828126
11.0,0.020848,0.006462630294965625
19.0,0.010424,0.002918607229984476
17.0,0.010424,0.0032313151474828126
17.0,0.010424,0.002918607229984476
18.0,0.020848,0.005837214459968952
17.0,0.020848,0.006149922377467289
16.0,0.010424,0.002918607229984476
15.0,0.020848,0.005837214459968952
14.0,0.010424,0.002918607229984476
16.0,0.010424,0.0032313151474828126
15.0,0.020848,0.006149922377467289
15.0,0.020848,0.005837214459968952
13.0,0.020848,0.005837214459968952
19.0,0.020848,0.006149922377467289
18.0,0.010424,0.0032313151474828126
17.0,0.020848,0.006149922377467289
17.0,0.010424,0.0035440230649811492
18.0,0.020848,0.006462630294965625
18.0,0.010424,0.002918607229984476
16.0,0.010424,0.002918607229984476
18.0,0.010424,0.002918607229984476
17.0,0.020848,0.005837214459968952
16.0,0.010424,0.002918607229984476
18.0,0.010424,0.0032313151474828126
17.0,0.020848,0.006149922377467289
13.0,0.020848,0.005837214459968952
11.0,0.020848,0.005837214459968952
19.0,0.010424,0.002918607229984476
18.0,0.020848,0.005837214459968952
18.0,0.010424,0.002918607229984476
19.0,0.020848,0.005837214459968952
18.0,0.010424,0.002918607229984476
16.0,0.010424,0.002918607229984476
17.0,0.020848,0.005837214459968952
18.0,0.020848,0.005837214459968952
16.0,0.031272,0.008755821689953428
19.0,0.020848,0.005837214459968952
18.0,0.020848,0.005837214459968952
14.0,0.031272,0.008755821689953428
19.0,0.010424,0.0032313151474828126
18.0,0.010424,0.0032313151474828126
18.0,0.020848,0.006149922377467289
18.0,0.020848,0.006149922377467289
20.0,0.020848,0.006149922377467289
18.0,0.031272,0.009068529607451765
19.0,0.020848,0.005837214459968952
18.0,0.031272,0.008755821689953428
17.0,0.020848,0.005837214459968952
16.0,0.031272,0.008755821689953428
19.0,0.020848,0.006149922377467289
17.0,0.020848,0.006149922377467289
17.0,0.0,0.0003127079174983367
17.0,0.010424,0.0032313151474828126
16.0,0.0,0.0006254158349966734
17.0,0.0,0.0003127079174983367
17.0,0.010424,0.0035440230649811492
17.0,0.0,0.0003127079174983367
16.0,0.0,0.0003127079174983367
16.0,0.0,0.0006254158349966734
15.0,0.0,0.0009381237524950101
17.0,0.010424,0.0035440230649811492
17.0,0.010424,0.0032313151474828126
16.0,0.020848,0.006149922377467289
17.0,0.010424,0.0035440230649811492
17.0,0.010424,0.0035440230649811492
14.0,0.020848,0.006775338212463962
16.0,0.010424,0.0032313151474828126
16.0,0.010424,0.0032313151474828126
15.0,0.010424,0.0035440230649811492
16.0,0.020848,0.006149922377467289
16.0,0.020848,0.006462630294965625
18.0,0.010424,0.0035440230649811492
17.0,0.010424,0.0038567309824794863
19.0,0.010424,0.0032313151474828126
18.0,0.010424,0.0032313151474828126
16.0,0.0,0.0006254158349966734
15.0,0.010424,0.0035440230649811492
13.0,0.0,0.0009381237524950101
15.0,0.0,0.0006254158349966734
14.0,0.010424,0.0038567309824794863
15.0,0.0,0.0006254158349966734
14.0,0.0,0.0006254158349966734
15.0,0.0,0.0009381237524950101
12.0,0.0,0.0012508316699933468
15.0,0.010424,0.0038567309824794863
15.0,0.010424,0.0035440230649811492
14.0,0.020848,0.006462630294965625
14.0,0.010424,0.0038567309824794863
15.0,0.010424,0.0038567309824794863
11.0,0.020848,0.0070880461299622985
18.0,0.010424,0.0035440230649811492
17.0,0.010424,0.0035440230649811492
17.0,0.010424,0.0038567309824794863
17.0,0.020848,0.006462630294965625
17.0,0.020848,0.006775338212463962
16.0,0.010424,0.0032313151474828126
16.0,0.020848,0.006149922377467289
16.0,0.010424,0.0032313151474828126
15.0,0.010424,0.0035440230649811492
16.0,0.020848,0.006462630294965625
15.0,0.020848,0.006149922377467289
14.0,0.020848,0.006462630294965625
18.0,0.020848,0.006149922377467289
18.0,0.010424,0.0035440230649811492
17.0,0.010424,0.0038567309824794863
18.0,0.010424,0.0035440230649811492
17.0,0.020848,0.006462630294965625
17.0,0.010424,0.0035440230649811492
17.0,0.010424,0.0038567309824794863
17.0,0.020848,0.006775338212463962
12.0,0.020848,0.006775338212463962
11.0,0.020848,0.0070880461299622985
19.0,0.010424,0.0032313151474828126
18.0,0.020848,0.006149922377467289
18.0,0.010424,0.0032313151474828126
18.0,0.020848,0.006149922377467289
18.0,0.010424,0.0032313151474828126
16.0,0.020848,0.006149922377467289
16.0,0.010424,0.0035440230649811492
17.0,0.010424,0.0032313151474828126
17.0,0.020848,0.006462630294965625
16.0,0.010424,0.0032313151474828126
15.0,0.010424,0.0032313151474828126
17.0,0.010424,0.0035440230649811492
15.0,0.010424,0.0038567309824794863
15.0,0.020848,0.006462630294965625
17.0,0.020848,0.006149922377467289
15.0,0.031272,0.009068529607451765
17.0,0.020848,0.006462630294965625
18.0,0.020848,0.006462630294965625
14.0,0.031272,0.009693945442448438
17.0,0.020848,0.006149922377467289
15.0,0.031272,0.009068529607451765
15.0,0.020848,0.006149922377467289
16.0,0.020848,0.006462630294965625
14.0,0.031272,0.009381237524950101
18.0,0.020848,0.006462630294965625
17.0,0.020848,0.006775338212463962
19.0,0.020848,0.006149922377467289
17.0,0.020848,0.006149922377467289
20.0,0.010424,0.0032313151474828126
19.0,0.020848,0.006149922377467289
19.0,0.010424,0.0035440230649811492
19.0,0.020848,0.006462630294965625
19.0,0.010424,0.0035440230649811492
16.0,0.010424,0.0038567309824794863
17.0,0.020848,0.006462630294965625
19.0,0.020848,0.006149922377467289
16.0,0.031272,0.009068529607451765
20.0,0.020848,0.006462630294965625
19.0,0.020848,0.006462630294965625
14.0,0.031272,0.009693945442448438
20.0,0.010424,0.0032313151474828126
18.0,0.010424,0.0035440230649811492
19.0,0.020848,0.006149922377467289
18.0,0.020848,0.006462630294965625
20.0,0.020848,0.006149922377467289
18.0,0.031272,0.009068529607451765
19.0,0.020848,0.006149922377467289
18.0,0.031272,0.009068529607451765
18.0,0.020848,0.006462630294965625
16.0,0.031272,0.009381237524950101
20.0,0.020848,0.006462630294965625
17.0,0.020848,0.006775338212463962
17.0,0.010424,0.002918607229984476
16.0,0.020848,0.005837214459968952
16.0,0.010424,0.0032313151474828126
16.0,0.010424,0.002918607229984476
16.0,0.020848,0.006149922377467289
17.0,0.010424,0.002918607229984476
15.0,0.010424,0.002918607229984476
17.0,0.010424,0.0032313151474828126
15.0,0.010424,0.0035440230649811492
17.0,0.020848,0.006149922377467289
15.0,0.020848,0.005837214459968952
14.0,0.031272,0.008755821689953428
16.0,0.020848,0.006149922377467289
16.0,0.020848,0.006149922377467289
13.0,0.031272,0.009381237524950101
16.0,0.020848,0.005837214459968952
15.0,0.020848,0.005837214459968952
16.0,0.020848,0.006149922377467289
14.0,0.031272,0.008755821689953428
15.0,0.031272,0.009068529607451765
18.0,0.020848,0.006149922377467289
17.0,0.020848,0.006462630294965625
19.0,0.020848,0.005837214459968952
17.0,0.020848,0.005837214459968952
16.0,0.020848,0.005837214459968952
14.0,0.031272,0.008755821689953428
14.0,0.020848,0.006149922377467289
15.0,0.020848,0.005837214459968952
14.0,0.031272,0.009068529607451765
15.0,0.020848,0.005837214459968952
14.0,0.020848,0.005837214459968952
16.0,0.020848,0.006149922377467289
14.0,0.020848,0.006462630294965625
15.0,0.031272,0.009068529607451765
14.0,0.031272,0.008755821689953428
12.0,0.041696,0.011674428919937904
14.0,0.031272,0.009068529607451765
15.0,0.031272,0.009068529607451765
11.0,0.041696,0.012299844754934577
16.0,0.020848,0.005837214459968952
15.0,0.020848,0.006149922377467289
16.0,0.020848,0.005837214459968952
14.0,0.031272,0.008755821689953428
15.0,0.031272,0.009068529607451765
15.0,0.031272,0.008755821689953428
13.0,0.041696,0.011674428919937904
17.0,0.031272,0.009068529607451765
18.0,0.031272,0.008755821689953428
13.0,0.05212,0.01459303614992238
11.0,0.062544,0.017511643379906856
19.0,0.020848,0.005837214459968952
18.0,0.031272,0.008755821689953428
18.0,0.020848,0.005837214459968952
16.0,0.031272,0.008755821689953428
19.0,0.020848,0.006149922377467289
18.0,0.031272,0.009068529607451765
18.0,0.020848,0.006462630294965625
16.0,0.031272,0.009381237524950101
13.0,0.062544,0.01813705921490353
18.0,0.010424,0.0032313151474828126
16.0,0.020848,0.006149922377467289
15.0,0.010424,0.0035440230649811492
16.0,0.010424,0.0032313151474828126
15.0,0.020848,0.006462630294965625
16.0,0.010424,0.0032313151474828126
14.0,0.010424,0.0032313151474828126
17.0,0.010424,0.0035440230649811492
14.0,0.010424,0.0038567309824794863
17.0,0.020848,0.006462630294965625
16.0,0.020848,0.006149922377467289
14.0,0.031272,0.009068529607451765
13.0,0.020848,0.006462630294965625
17.0,0.020848,0.006462630294965625
12.0,0.031272,0.009693945442448438
17.0,0.020848,0.006149922377467289
14.0,0.020848,0.006462630294965625
15.0,0.020848,0.006149922377467289
15.0,0.031272,0.009068529607451765
12.0,0.031272,0.009381237524950101
19.0,0.020848,0.006149922377467289
17.0,0.020848,0.006149922377467289
20.0,0.020848,0.006462630294965625
17.0,0.020848,0.006775338212463962
18.0,0.010424,0.0032313151474828126
17.0,0.020848,0.006149922377467289
16.0,0.010424,0.0035440230649811492
16.0,0.010424,0.0032313151474828126
17.0,0.020848,0.006462630294965625
17.0,0.010424,0.0032313151474828126
15.0,0.010424,0.0032313151474828126
17.0,0.010424,0.0035440230649811492
15.0,0.010424,0.0038567309824794863
18.0,0.020848,0.006462630294965625
16.0,0.020848,0.006149922377467289
15.0,0.031272,0.009068529607451765
17.0,0.020848,0.006462630294965625
15.0,0.020848,0.006462630294965625
14.0,0.031272,0.009693945442448438
17.0,0.020848,0.006149922377467289
15.0,0.020848,0.006149922377467289
16.0,0.020848,0.006462630294965625
15.0,0.031272,0.009068529607451765
14.0,0.031272,0.009381237524950101
18.0,0.020848,0.006462630294965625
17.0,0.020848,0.006775338212463962
19.0,0.020848,0.006149922377467289
17.0,0.020848,0.006149922377467289
15.0,0.020848,0.006462630294965625
13.0,0.031272,0.009381237524950101
12.0,0.020848,0.006775338212463962
13.0,0.020848,0.006462630294965625
12.0,0.031272,0.009693945442448438
13.0,0.020848,0.006462630294965625
11.0,0.020848,0.006462630294965625
14.0,0.020848,0.006775338212463962
11.0,0.020848,0.0070880461299622985
14.0,0.031272,0.009693945442448438
13.0,0.031272,0.009381237524950101
11.0,0.041696,0.012299844754934577
12.0,0.031272,0.009693945442448438
14.0,0.031272,0.009693945442448438
9.0,0.041696,0.01292526058993125
15.0,0.05212,0.015218451984919053
13.0,0.062544,0.01813705921490353
17.0,0.010424,0.002918607229984476
16.0,0.020848,0.005837214459968952
16.0,0.010424,0.0032313151474828126
18.0,0.020848,0.006149922377467289
16.0,0.010424,0.0032313151474828126
13.0,0.010424,0.0035440230649811492
18.0,0.020848,0.006149922377467289
16.0,0.020848,0.005837214459968952
14.0,0.031272,0.008755821689953428
18.0,0.020848,0.006149922377467289
18.0,0.020848,0.006149922377467289
12.0,0.031272,0.009381237524950101
16.0,0.020848,0.005837214459968952
15.0,0.020848,0.006149922377467289
15.0,0.031272,0.008755821689953428
17.0,0.031272,0.009068529607451765
16.0,0.010424,0.002918607229984476
15.0,0.020848,0.005837214459968952
15.0,0.010424,0.0032313151474828126
17.0,0.020848,0.006149922377467289
17.0,0.020848,0.006149922377467289
14.0,0.020848,0.006462630294965625
18.0,0.020848,0.005837214459968952
16.0,0.031272,0.008755821689953428
16.0,0.020848,0.005837214459968952
14.0,0.031272,0.008755821689953428
15.0,0.020848,0.006149922377467289
16.0,0.020848,0.005837214459968952
15.0,0.031272,0.009068529607451765
15.0,0.031272,0.008755821689953428
13.0,0.041696,0.011674428919937904
17.0,0.031272,0.009068529607451765
18.0,0.031272,0.008755821689953428
16.0,0.020848,0.005837214459968952
15.0,0.031272,0.008755821689953428
15.0,0.020848,0.006149922377467289
16.0,0.031272,0.009068529607451765
15.0,0.020848,0.006149922377467289
12.0,0.020848,0.006462630294965625
16.0,0.031272,0.009068529607451765
15.0,0.031272,0.008755821689953428
11.0,0.041696,0.011674428919937904
16.0,0.031272,0.009068529607451765
16.0,0.031272,0.009068529607451765
9.0,0.041696,0.012299844754934577
13.0,0.05212,0.01459303614992238
10.0,0.062544,0.017511643379906856
19.0,0.020848,0.005837214459968952
17.0,0.031272,0.008755821689953428
18.0,0.020848,0.006149922377467289
17.0,0.031272,0.009068529607451765
16.0,0.010424,0.002918607229984476
16.0,0.020848,0.005837214459968952
15.0,0.010424,0.0032313151474828126
14.0,0.010424,0.002918607229984476
15.0,0.020848,0.006149922377467289
15.0,0.020848,0.005837214459968952
13.0,0.020848,0.005837214459968952
17.0,0.020848,0.006149922377467289
17.0,0.020848,0.006149922377467289
15.0,0.031272,0.009068529607451765
14.0,0.020848,0.006462630294965625
15.0,0.020848,0.006149922377467289
12.0,0.031272,0.009381237524950101
19.0,0.020848,0.005837214459968952
17.0,0.031272,0.008755821689953428
18.0,0.020848,0.006149922377467289
17.0,0.031272,0.009068529607451765
18.0,0.020848,0.005837214459968952
16.0,0.031272,0.008755821689953428
18.0,0.031272,0.008755821689953428
13.0,0.031272,0.008755821689953428
10.0,0.041696,0.011674428919937904
9.0,0.062544,0.01813705921490353
20.0,0.010424,0.002918607229984476
19.0,0.020848,0.005837214459968952
19.0,0.010424,0.002918607229984476
20.0,0.020848,0.005837214459968952
19.0,0.010424,0.002918607229984476
17.0,0.010424,0.002918607229984476
21.0,0.020848,0.005837214459968952
19.0,0.020848,0.005837214459968952
17.0,0.031272,0.008755821689953428
17.0,0.020848,0.005837214459968952
19.0,0.020848,0.005837214459968952
15.0,0.031272,0.008755821689953428
19.0,0.020848,0.005837214459968952
18.0,0.020848,0.005837214459968952
18.0,0.031272,0.008755821689953428
16.0,0.031272,0.008755821689953428
19.0,0.010424,0.0032313151474828126
18.0,0.020848,0.006149922377467289
17.0,0.010424,0.0032313151474828126
18.0,0.020848,0.006149922377467289
19.0,0.020848,0.006149922377467289
17.0,0.020848,0.006149922377467289
19.0,0.020848,0.006149922377467289
17.0,0.031272,0.009068529607451765
20.0,0.010424,0.002918607229984476
19.0,0.020848,0.005837214459968952
19.0,0.010424,0.002918607229984476
21.0,0.020848,0.005837214459968952
19.0,0.010424,0.002918607229984476
17.0,0.010424,0.002918607229984476
20.0,0.020848,0.005837214459968952
19.0,0.020848,0.005837214459968952
17.0,0.031272,0.008755821689953428
19.0,0.020848,0.005837214459968952
17.0,0.020848,0.005837214459968952
15.0,0.031272,0.008755821689953428
19.0,0.020848,0.005837214459968952
18.0,0.020848,0.005837214459968952
18.0,0.031272,0.008755821689953428
16.0,0.031272,0.008755821689953428
19.0,0.010424,0.0032313151474828126
18.0,0.020848,0.006149922377467289
17.0,0.010424,0.0032313151474828126
18.0,0.020848,0.006149922377467289
19.0,0.020848,0.006149922377467289
17.0,0.020848,0.006149922377467289
19.0,0.020848,0.006149922377467289
17.0,0.031272,0.009068529607451765
14.0,0.020848,0.005837214459968952
13.0,0.031272,0.008755821689953428
13.0,0.020848,0.005837214459968952
15.0,0.031272,0.008755821689953428
13.0,0.020848,0.005837214459968952
11.0,0.020848,0.005837214459968952
15.0,0.031272,0.008755821689953428
13.0,0.031272,0.008755821689953428
10.0,0.041696,0.011674428919937904
14.0,0.031272,0.008755821689953428
14.0,0.031272,0.008755821689953428
8.0,0.041696,0.011674428919937904
20.0,0.010424,0.0032313151474828126
19.0,0.020848,0.006149922377467289
19.0,0.010424,0.0035440230649811492
19.0,0.020848,0.006462630294965625
19.0,0.010424,0.0035440230649811492
16.0,0.010424,0.0038567309824794863
20.0,0.020848,0.006462630294965625
19.0,0.020848,0.006149922377467289
16.0,0.031272,0.009068529607451765
17.0,0.020848,0.006462630294965625
19.0,0.020848,0.006462630294965625
14.0,0.031272,0.009693945442448438
19.0,0.020848,0.006149922377467289
18.0,0.020848,0.006462630294965625
18.0,0.031272,0.009068529607451765
16.0,0.031272,0.009381237524950101
20.0,0.010424,0.0032313151474828126
19.0,0.020848,0.006149922377467289
18.0,0.010424,0.0035440230649811492
18.0,0.020848,0.006462630294965625
20.0,0.020848,0.006462630294965625
17.0,0.020848,0.006775338212463962
20.0,0.020848,0.006149922377467289
18.0,0.031272,0.009068529607451765
20.0,0.010424,0.0032313151474828126
19.0,0.020848,0.006149922377467289
19.0,0.010424,0.0035440230649811492
20.0,0.020848,0.006462630294965625
19.0,0.010424,0.0035440230649811492
16.0,0.010424,0.0038567309824794863
19.0,0.020848,0.006462630294965625
19.0,0.020848,0.006149922377467289
16.0,0.031272,0.009068529607451765
19.0,0.020848,0.006462630294965625
17.0,0.020848,0.006462630294965625
14.0,0.031272,0.009693945442448438
19.0,0.020848,0.006149922377467289
18.0,0.020848,0.006462630294965625
18.0,0.031272,0.009068529607451765
16.0,0.031272,0.009381237524950101
20.0,0.010424,0.0032313151474828126
19.0,0.020848,0.006149922377467289
18.0,0.010424,0.0035440230649811492
18.0,0.020848,0.006462630294965625
20.0,0.020848,0.006462630294965625
17.0,0.020848,0.006775338212463962
20.0,0.020848,0.006149922377467289
18.0,0.031272,0.009068529607451765
15.0,0.020848,0.006462630294965625
14.0,0.031272,0.009381237524950101
14.0,0.020848,0.006775338212463962
15.0,0.031272,0.009693945442448438
14.0,0.020848,0.006775338212463962
11.0,0.020848,0.0070880461299622985
15.0,0.031272,0.009693945442448438
14.0,0.031272,0.009381237524950101
10.0,0.041696,0.012299844754934577
15.0,0.031272,0.009693945442448438
15.0,0.031272,0.009693945442448438
8.0,0.041696,0.01292526058993125
14.0,0.05212,0.015218451984919053
11.0,0.062544,0.01813705921490353
14.0,0.041696,0.011674428919937904
13.0,0.05212,0.01459303614992238
13.0,0.05212,0.01459303614992238
13.0,0.05212,0.01459303614992238
11.0,0.062544,0.017511643379906856
13.0,0.05212,0.01459303614992238
10.0,0.062544,0.017511643379906856
8.0,0.083392,0.02334885783987581
12.0,0.05212,0.015218451984919053
9.0,0.062544,0.01813705921490353
15.0,0.05212,0.015218451984919053
13.0,0.062544,0.01813705921490353
15.0,0.05212,0.015218451984919053
13.0,0.062544,0.01813705921490353
14.0,0.05212,0.015218451984919053
11.0,0.062544,0.01813705921490353
6.0,0.083392,0.024599689509869155
21.0,0.041555,0.00998987886776604
20.0,0.051979,0.012908486097750516
20.0,0.041555,0.010302586785264377
23.0,0.051979,0.013221194015248853
20.0,0.041555,0.010302586785264377
17.0,0.041555,0.010615294702762713
23.0,0.051979,0.013221194015248853
20.0,0.051979,0.012908486097750516
18.0,0.062403,0.015827093327734992
23.0,0.051979,0.013221194015248853
23.0,0.051979,0.013221194015248853
16.0,0.062403,0.016452509162731666
20.0,0.041555,0.00998987886776604
19.0,0.041555,0.010302586785264377
19.0,0.051979,0.012908486097750516
21.0,0.051979,0.013221194015248853
23.0,0.051979,0.012908486097750516
21.0,0.062403,0.015827093327734992
20.0,0.051979,0.012908486097750516
19.0,0.062403,0.015827093327734992
19.0,0.051979,0.013221194015248853
21.0,0.062403,0.01613980124523333
21.0,0.051979,0.013221194015248853
18.0,0.051979,0.01353390193274719
20.0,0.041555,0.00998987886776604
19.0,0.041555,0.010302586785264377
18.0,0.041555,0.00998987886776604
20.0,0.051979,0.012908486097750516
19.0,0.051979,0.013221194015248853
19.0,0.051979,0.012908486097750516
17.0,0.051979,0.012908486097750516
21.0,0.051979,0.013221194015248853
23.0,0.051979,0.012908486097750516
22.0,0.062403,0.015827093327734992
23.0,0.062403,0.015827093327734992
20.0,0.051979,0.012908486097750516
19.0,0.051979,0.013221194015248853
20.0,0.051979,0.012908486097750516
18.0,0.062403,0.015827093327734992
19.0,0.062403,0.01613980124523333
19.0,0.062403,0.015827093327734992
17.0,0.072827,0.01874570055771947
21.0,0.062403,0.01613980124523333
23.0,0.062403,0.015827093327734992
21.0,0.051979,0.013221194015248853
18.0,0.051979,0.01353390193274719
19.0,0.051979,0.013221194015248853
19.0,0.062403,0.01613980124523333
16.0,0.062403,0.016452509162731666
20.0,0.051979,0.012908486097750516
19.0,0.062403,0.015827093327734992
19.0,0.051979,0.013221194015248853
21.0,0.062403,0.01613980124523333
19.0,0.051979,0.013221194015248853
16.0,0.051979,0.01353390193274719
22.0,0.062403,0.01613980124523333
19.0,0.062403,0.015827093327734992
16.0,0.072827,0.01874570055771947
21.0,0.062403,0.01613980124523333
22.0,0.062403,0.01613980124523333
14.0,0.072827,0.01937111639271614
24.0,0.051979,0.012908486097750516
23.0,0.051979,0.013221194015248853
22.0,0.062403,0.015827093327734992
22.0,0.062403,0.01613980124523333
24.0,0.051979,0.012908486097750516
23.0,0.051979,0.013221194015248853
23.0,0.062403,0.015827093327734992
22.0,0.062403,0.01613980124523333
17.0,0.062403,0.015827093327734992
15.0,0.072827,0.01874570055771947
17.0,0.083251,0.021664307787703944
15.0,0.093675,0.02458291501768842
14.0,0.093675,0.025208330852685094
19.0,0.051979,0.012908486097750516
18.0,0.051979,0.013221194015248853
18.0,0.051979,0.012908486097750516
18.0,0.062403,0.015827093327734992
18.0,0.062403,0.01613980124523333
18.0,0.062403,0.015827093327734992
17.0,0.062403,0.015827093327734992
20.0,0.062403,0.01613980124523333
18.0,0.062403,0.015827093327734992
16.0,0.062403,0.01613980124523333
17.0,0.062403,0.015827093327734992
16.0,0.072827,0.01874570055771947
16.0,0.072827,0.019058408475217805
18.0,0.062403,0.015827093327734992
17.0,0.062403,0.01613980124523333
17.0,0.072827,0.01874570055771947
18.0,0.072827,0.019058408475217805
22.0,0.062403,0.015827093327734992
20.0,0.072827,0.01874570055771947
15.0,0.093675,0.02458291501768842
20.0,0.041555,0.00998987886776604
19.0,0.051979,0.012908486097750516
19.0,0.041555,0.00998987886776604
22.0,0.051979,0.012908486097750516
19.0,0.041555,0.00998987886776604
17.0,0.041555,0.00998987886776604
22.0,0.051979,0.012908486097750516
19.0,0.051979,0.012908486097750516
18.0,0.062403,0.015827093327734992
23.0,0.051979,0.012908486097750516
23.0,0.051979,0.012908486097750516
16.0,0.062403,0.015827093327734992
18.0,0.041555,0.010302586785264377
17.0,0.041555,0.010302586785264377
17.0,0.051979,0.013221194015248853
21.0,0.051979,0.013221194015248853
21.0,0.051979,0.013221194015248853
19.0,0.062403,0.01613980124523333
18.0,0.051979,0.012908486097750516
17.0,0.062403,0.015827093327734992
17.0,0.051979,0.012908486097750516
20.0,0.062403,0.015827093327734992
19.0,0.051979,0.013221194015248853
17.0,0.051979,0.013221194015248853
20.0,0.051979,0.013221194015248853
18.0,0.051979,0.01353390193274719
19.0,0.051979,0.013221194015248853
18.0,0.062403,0.01613980124523333
18.0,0.062403,0.016452509162731666
19.0,0.062403,0.01613980124523333
17.0,0.062403,0.016452509162731666
23.0,0.062403,0.01613980124523333
23.0,0.051979,0.012908486097750516
22.0,0.062403,0.015827093327734992
22.0,0.051979,0.012908486097750516
22.0,0.062403,0.015827093327734992
22.0,0.051979,0.012908486097750516
20.0,0.051979,0.012908486097750516
22.0,0.062403,0.015827093327734992
22.0,0.062403,0.015827093327734992
19.0,0.072827,0.01874570055771947
22.0,0.062403,0.015827093327734992
21.0,0.062403,0.015827093327734992
17.0,0.072827,0.01874570055771947
20.0,0.041555,0.010302586785264377
19.0,0.051979,0.013221194015248853
19.0,0.041555,0.010615294702762713
22.0,0.051979,0.01353390193274719
19.0,0.041555,0.010615294702762713
16.0,0.041555,0.01092800262026105
22.0,0.051979,0.01353390193274719
19.0,0.051979,0.013221194015248853
17.0,0.062403,0.01613980124523333
22.0,0.051979,0.01353390193274719
22.0,0.051979,0.01353390193274719
15.0,0.062403,0.016765217080230002
20.0,0.041555,0.010302586785264377
18.0,0.041555,0.010615294702762713
19.0,0.051979,0.013221194015248853
21.0,0.051979,0.01353390193274719
23.0,0.051979,0.013221194015248853
21.0,0.062403,0.01613980124523333
19.0,0.051979,0.013221194015248853
18.0,0.062403,0.01613980124523333
18.0,0.051979,0.01353390193274719
20.0,0.062403,0.016452509162731666
20.0,0.051979,0.01353390193274719
17.0,0.051979,0.013846609850245526
20.0,0.051979,0.013221194015248853
19.0,0.051979,0.01353390193274719
19.0,0.051979,0.013221194015248853
19.0,0.062403,0.01613980124523333
19.0,0.062403,0.016452509162731666
19.0,0.062403,0.01613980124523333
18.0,0.062403,0.01613980124523333
21.0,0.062403,0.016452509162731666
20.0,0.051979,0.013221194015248853
19.0,0.051979,0.01353390193274719
20.0,0.051979,0.013221194015248853
18.0,0.062403,0.01613980124523333
19.0,0.062403,0.016452509162731666
19.0,0.062403,0.01613980124523333
17.0,0.072827,0.019058408475217805
21.0,0.062403,0.016452509162731666
23.0,0.062403,0.01613980124523333
17.0,0.062403,0.016452509162731666
15.0,0.062403,0.016765217080230002
16.0,0.062403,0.016452509162731666
15.0,0.072827,0.01937111639271614
15.0,0.072827,0.019683824310214478
23.0,0.051979,0.013221194015248853
22.0,0.062403,0.01613980124523333
23.0,0.051979,0.01353390193274719
23.0,0.062403,0.016452509162731666
23.0,0.051979,0.01353390193274719
20.0,0.051979,0.013846609850245526
23.0,0.062403,0.016452509162731666
22.0,0.062403,0.01613980124523333
17.0,0.072827,0.019058408475217805
22.0,0.062403,0.016452509162731666
21.0,0.062403,0.016452509162731666
16.0,0.072827,0.019683824310214478
18.0,0.093675,0.025208330852685094
20.0,0.083192,0.026886520364625622
17.0,0.093616,0.029805127594610098
19.0,0.083192,0.02719922828212396
19.0,0.083192,0.026886520364625622
18.0,0.093616,0.030117835512108435
19.0,0.083192,0.026886520364625622
17.0,0.083192,0.026886520364625622
19.0,0.083192,0.02719922828212396
17.0,0.083192,0.027511936199622295
18.0,0.093616,0.030117835512108435
19.0,0.093616,0.029805127594610098
16.0,0.10404,0.03272373482459458
19.0,0.093616,0.030117835512108435
19.0,0.093616,0.030117835512108435
15.0,0.10404,0.03334915065959125
19.0,0.093616,0.029805127594610098
16.0,0.10404,0.03272373482459458
18.0,0.093616,0.029805127594610098
18.0,0.093616,0.030117835512108435
17.0,0.10404,0.033036442742092914
21.0,0.093616,0.030117835512108435
19.0,0.093616,0.03043054342960677
22.0,0.093616,0.029805127594610098
20.0,0.093616,0.029805127594610098
19.0,0.093616,0.029805127594610098
16.0,0.10404,0.03272373482459458
17.0,0.093616,0.030117835512108435
17.0,0.093616,0.029805127594610098
16.0,0.10404,0.033036442742092914
18.0,0.093616,0.029805127594610098
16.0,0.093616,0.029805127594610098
18.0,0.093616,0.030117835512108435
16.0,0.093616,0.03043054342960677
17.0,0.10404,0.033036442742092914
17.0,0.10404,0.03272373482459458
14.0,0.114464,0.03564234205457905
17.0,0.10404,0.033036442742092914
17.0,0.10404,0.033036442742092914
13.0,0.114464,0.03626775788957572
19.0,0.093616,0.029805127594610098
16.0,0.10404,0.03272373482459458
18.0,0.093616,0.030117835512108435
18.0,0.093616,0.029805127594610098
17.0,0.10404,0.033036442742092914
17.0,0.10404,0.03272373482459458
14.0,0.114464,0.03564234205457905
19.0,0.10404,0.033036442742092914
20.0,0.10404,0.03272373482459458
23.0,0.093616,0.029805127594610098
21.0,0.093616,0.029805127594610098
20.0,0.10404,0.03272373482459458
17.0,0.10404,0.03272373482459458
22.0,0.093616,0.030117835512108435
21.0,0.093616,0.03043054342960677
20.0,0.10404,0.033036442742092914
17.0,0.10404,0.03334915065959125
15.0,0.124888,0.03856094928456352
12.0,0.135312,0.041479556514548
14.0,0.135312,0.042104972349544675
21.0,0.041555,0.00998987886776604
20.0,0.051979,0.012908486097750516
20.0,0.041555,0.010302586785264377
23.0,0.051979,0.013221194015248853
20.0,0.041555,0.010302586785264377
17.0,0.041555,0.010615294702762713
23.0,0.051979,0.013221194015248853
20.0,0.051979,0.012908486097750516
18.0,0.062403,0.015827093327734992
23.0,0.051979,0.013221194015248853
23.0,0.051979,0.013221194015248853
16.0,0.062403,0.016452509162731666
20.0,0.041555,0.00998987886776604
19.0,0.041555,0.010302586785264377
19.0,0.051979,0.012908486097750516
21.0,0.051979,0.013221194015248853
23.0,0.051979,0.012908486097750516
22.0,0.062403,0.015827093327734992
20.0,0.051979,0.012908486097750516
19.0,0.062403,0.015827093327734992
19.0,0.051979,0.013221194015248853
21.0,0.062403,0.01613980124523333
21.0,0.051979,0.013221194015248853
18.0,0.051979,0.01353390193274719
20.0,0.041555,0.00998987886776604
19.0,0.041555,0.010302586785264377
18.0,0.041555,0.00998987886776604
20.0,0.051979,0.012908486097750516
19.0,0.051979,0.013221194015248853
19.0,0.051979,0.012908486097750516
17.0,0.051979,0.012908486097750516
21.0,0.051979,0.013221194015248853
23.0,0.051979,0.012908486097750516
21.0,0.062403,0.015827093327734992
23.0,0.062403,0.015827093327734992
20.0,0.051979,0.012908486097750516
19.0,0.051979,0.013221194015248853
20.0,0.051979,0.012908486097750516
18.0,0.062403,0.015827093327734992
19.0,0.062403,0.01613980124523333
19.0,0.062403,0.015827093327734992
17.0,0.072827,0.01874570055771947
21.0,0.062403,0.01613980124523333
23.0,0.062403,0.015827093327734992
21.0,0.051979,0.013221194015248853
18.0,0.051979,0.01353390193274719
19.0,0.051979,0.013221194015248853
19.0,0.062403,0.01613980124523333
16.0,0.062403,0.016452509162731666
20.0,0.051979,0.012908486097750516
19.0,0.062403,0.015827093327734992
19.0,0.051979,0.013221194015248853
22.0,0.062403,0.01613980124523333
19.0,0.051979,0.013221194015248853
16.0,0.051979,0.01353390193274719
21.0,0.062403,0.01613980124523333
19.0,0.062403,0.015827093327734992
16.0,0.072827,0.01874570055771947
22.0,0.062403,0.01613980124523333
21.0,0.062403,0.01613980124523333
14.0,0.072827,0.01937111639271614
24.0,0.051979,0.012908486097750516
23.0,0.051979,0.013221194015248853
23.0,0.062403,0.015827093327734992
22.0,0.062403,0.01613980124523333
24.0,0.051979,0.012908486097750516
23.0,0.051979,0.013221194015248853
22.0,0.062403,0.015827093327734992
22.0,0.062403,0.01613980124523333
17.0,0.062403,0.015827093327734992
15.0,0.072827,0.01874570055771947
17.0,0.083251,0.021664307787703944
15.0,0.093675,0.02458291501768842
14.0,0.093675,0.025208330852685094
19.0,0.051979,0.012908486097750516
18.0,0.051979,0.013221194015248853
18.0,0.051979,0.012908486097750516
18.0,0.062403,0.015827093327734992
18.0,0.062403,0.01613980124523333
18.0,0.062403,0.015827093327734992
17.0,0.062403,0.015827093327734992
20.0,0.062403,0.01613980124523333
18.0,0.062403,0.015827093327734992
16.0,0.062403,0.01613980124523333
17.0,0.062403,0.015827093327734992
16.0,0.072827,0.01874570055771947
16.0,0.072827,0.019058408475217805
18.0,0.062403,0.015827093327734992
17.0,0.062403,0.01613980124523333
17.0,0.072827,0.01874570055771947
18.0,0.072827,0.019058408475217805
22.0,0.062403,0.015827093327734992
20.0,0.072827,0.01874570055771947
15.0,0.093675,0.02458291501768842
20.0,0.041555,0.00998987886776604
19.0,0.051979,0.012908486097750516
19.0,0.041555,0.00998987886776604
22.0,0.051979,0.012908486097750516
19.0,0.041555,0.00998987886776604
17.0,0.041555,0.00998987886776604
22.0,0.051979,0.012908486097750516
19.0,0.051979,0.012908486097750516
18.0,0.062403,0.015827093327734992
23.0,0.051979,0.012908486097750516
23.0,0.051979,0.012908486097750516
16.0,0.062403,0.015827093327734992
18.0,0.041555,0.010302586785264377
17.0,0.041555,0.010302586785264377
17.0,0.051979,0.013221194015248853
21.0,0.051979,0.013221194015248853
21.0,0.051979,0.013221194015248853
19.0,0.062403,0.01613980124523333
18.0,0.051979,0.012908486097750516
17.0,0.062403,0.015827093327734992
17.0,0.051979,0.012908486097750516
20.0,0.062403,0.015827093327734992
19.0,0.051979,0.013221194015248853
17.0,0.051979,0.013221194015248853
20.0,0.051979,0.013221194015248853
18.0,0.051979,0.01353390193274719
19.0,0.051979,0.013221194015248853
18.0,0.062403,0.01613980124523333
18.0,0.062403,0.016452509162731666
19.0,0.062403,0.01613980124523333
17.0,0.062403,0.016452509162731666
23.0,0.062403,0.01613980124523333
23.0,0.051979,0.012908486097750516
22.0,0.062403,0.015827093327734992
22.0,0.051979,0.012908486097750516
22.0,0.062403,0.015827093327734992
22.0,0.051979,0.012908486097750516
20.0,0.051979,0.012908486097750516
22.0,0.062403,0.015827093327734992
22.0,0.062403,0.015827093327734992
19.0,0.072827,0.01874570055771947
21.0,0.062403,0.015827093327734992
22.0,0.062403,0.015827093327734992
17.0,0.072827,0.01874570055771947
20.0,0.041555,0.010302586785264377
19.0,0.051979,0.013221194015248853
19.0,0.041555,0.010615294702762713
22.0,0.051979,0.01353390193274719
19.0,0.041555,0.010615294702762713
16.0,0.041555,0.01092800262026105
22.0,0.051979,0.01353390193274719
19.0,0.051979,0.013221194015248853
17.0,0.062403,0.01613980124523333
22.0,0.051979,0.01353390193274719
22.0,0.051979,0.01353390193274719
15.0,0.062403,0.016765217080230002
20.0,0.041555,0.010302586785264377
18.0,0.041555,0.010615294702762713
19.0,0.051979,0.013221194015248853
21.0,0.051979,0.01353390193274719
23.0,0.051979,0.013221194015248853
21.0,0.062403,0.01613980124523333
19.0,0.051979,0.013221194015248853
18.0,0.062403,0.01613980124523333
18.0,0.051979,0.01353390193274719
20.0,0.062403,0.016452509162731666
20.0,0.051979,0.01353390193274719
17.0,0.051979,0.013846609850245526
20.0,0.051979,0.013221194015248853
19.0,0.051979,0.01353390193274719
19.0,0.051979,0.013221194015248853
19.0,0.062403,0.01613980124523333
19.0,0.062403,0.016452509162731666
19.0,0.062403,0.01613980124523333
18.0,0.062403,0.01613980124523333
21.0,0.062403,0.016452509162731666
20.0,0.051979,0.013221194015248853
19.0,0.051979,0.01353390193274719
20.0,0.051979,0.013221194015248853
18.0,0.062403,0.01613980124523333
19.0,0.062403,0.016452509162731666
19.0,0.062403,0.01613980124523333
17.0,0.072827,0.019058408475217805
21.0,0.062403,0.016452509162731666
23.0,0.062403,0.01613980124523333
17.0,0.062403,0.016452509162731666
15.0,0.062403,0.016765217080230002
16.0,0.062403,0.016452509162731666
15.0,0.072827,0.01937111639271614
15.0,0.072827,0.019683824310214478
23.0,0.051979,0.013221194015248853
22.0,0.062403,0.01613980124523333
23.0,0.051979,0.01353390193274719
23.0,0.062403,0.016452509162731666
23.0,0.051979,0.01353390193274719
20.0,0.051979,0.013846609850245526
23.0,0.062403,0.016452509162731666
22.0,0.062403,0.01613980124523333
17.0,0.072827,0.019058408475217805
21.0,0.062403,0.016452509162731666
22.0,0.062403,0.016452509162731666
16.0,0.072827,0.019683824310214478
18.0,0.093675,0.025208330852685094
20.0,0.083192,0.026886520364625622
17.0,0.093616,0.029805127594610098
19.0,0.083192,0.02719922828212396
19.0,0.083192,0.026886520364625622
18.0,0.093616,0.030117835512108435
19.0,0.083192,0.026886520364625622
17.0,0.083192,0.026886520364625622
19.0,0.083192,0.02719922828212396
17.0,0.083192,0.027511936199622295
18.0,0.093616,0.030117835512108435
19.0,0.093616,0.029805127594610098
16.0,0.10404,0.03272373482459458
19.0,0.093616,0.030117835512108435
19.0,0.093616,0.030117835512108435
15.0,0.10404,0.03334915065959125
19.0,0.093616,0.029805127594610098
16.0,0.10404,0.03272373482459458
18.0,0.093616,0.029805127594610098
18.0,0.093616,0.030117835512108435
17.0,0.10404,0.033036442742092914
21.0,0.093616,0.030117835512108435
19.0,0.093616,0.03043054342960677
22.0,0.093616,0.029805127594610098
20.0,0.093616,0.029805127594610098
19.0,0.093616,0.029805127594610098
16.0,0.10404,0.03272373482459458
17.0,0.093616,0.030117835512108435
17.0,0.093616,0.029805127594610098
16.0,0.10404,0.033036442742092914
18.0,0.093616,0.029805127594610098
16.0,0.093616,0.029805127594610098
18.0,0.093616,0.030117835512108435
16.0,0.093616,0.03043054342960677
17.0,0.10404,0.033036442742092914
17.0,0.10404,0.03272373482459458
14.0,0.114464,0.03564234205457905
17.0,0.10404,0.033036442742092914
17.0,0.10404,0.033036442742092914
13.0,0.114464,0.03626775788957572
19.0,0.093616,0.029805127594610098
16.0,0.10404,0.03272373482459458
18.0,0.093616,0.030117835512108435
18.0,0.093616,0.029805127594610098
17.0,0.10404,0.033036442742092914
17.0,0.10404,0.03272373482459458
14.0,0.114464,0.03564234205457905
19.0,0.10404,0.033036442742092914
20.0,0.10404,0.03272373482459458
23.0,0.093616,0.029805127594610098
21.0,0.093616,0.029805127594610098
20.0,0.10404,0.03272373482459458
17.0,0.10404,0.03272373482459458
22.0,0.093616,0.030117835512108435
21.0,0.093616,0.03043054342960677
20.0,0.10404,0.033036442742092914
17.0,0.10404,0.03334915065959125
15.0,0.124888,0.03856094928456352
12.0,0.135312,0.041479556514548
14.0,0.135312,0.042104972349544675
17.0,0.083192,0.020020020360815273
16.0,0.093616,0.022938627590799752
17.0,0.083192,0.02033272827831361
19.0,0.093616,0.02325133550829809
17.0,0.083192,0.02033272827831361
14.0,0.083192,0.020645436195811946
19.0,0.093616,0.02325133550829809
16.0,0.093616,0.02293862759079975
14.0,0.10404,0.02585723482078423
19.0,0.093616,0.023251335508298086
19.0,0.093616,0.023251335508298086
13.0,0.10404,0.026482650655780902
17.0,0.083192,0.020020020360815273
16.0,0.083192,0.02033272827831361
16.0,0.093616,0.02293862759079975
18.0,0.093616,0.023251335508298086
20.0,0.093616,0.022938627590799752
18.0,0.10404,0.02585723482078423
16.0,0.093616,0.02293862759079975
15.0,0.10404,0.02585723482078423
15.0,0.093616,0.023251335508298086
17.0,0.10404,0.026169942738282565
17.0,0.093616,0.023251335508298086
15.0,0.093616,0.023564043425796422
17.0,0.083192,0.020020020360815273
16.0,0.083192,0.02033272827831361
15.0,0.083192,0.020020020360815273
16.0,0.093616,0.02293862759079975
16.0,0.093616,0.023251335508298086
16.0,0.093616,0.02293862759079975
14.0,0.093616,0.02293862759079975
18.0,0.093616,0.023251335508298086
20.0,0.093616,0.022938627590799752
18.0,0.10404,0.02585723482078423
19.0,0.10404,0.02585723482078423
16.0,0.093616,0.02293862759079975
15.0,0.093616,0.023251335508298086
16.0,0.093616,0.02293862759079975
14.0,0.10404,0.025857234820784225
15.0,0.10404,0.02616994273828256
15.0,0.10404,0.02585723482078423
13.0,0.114464,0.028775842050768705
17.0,0.10404,0.026169942738282565
19.0,0.10404,0.02585723482078423
17.0,0.093616,0.023251335508298086
15.0,0.093616,0.023564043425796422
16.0,0.093616,0.023251335508298086
15.0,0.10404,0.02616994273828256
13.0,0.10404,0.0264826506557809
16.0,0.093616,0.02293862759079975
15.0,0.10404,0.02585723482078423
16.0,0.093616,0.023251335508298086
17.0,0.10404,0.026169942738282565
16.0,0.093616,0.023251335508298086
13.0,0.093616,0.023564043425796422
17.0,0.10404,0.026169942738282565
15.0,0.10404,0.025857234820784225
11.0,0.114464,0.028775842050768705
17.0,0.10404,0.02616994273828256
17.0,0.10404,0.02616994273828256
10.0,0.114464,0.029401257885765378
21.0,0.093616,0.02293862759079975
20.0,0.093616,0.023251335508298086
19.0,0.10404,0.025857234820784225
18.0,0.10404,0.02616994273828256
21.0,0.093616,0.02293862759079975
20.0,0.093616,0.023251335508298086
19.0,0.10404,0.025857234820784225
18.0,0.10404,0.02616994273828256
14.0,0.10404,0.02585723482078423
11.0,0.114464,0.028775842050768705
13.0,0.124888,0.03169444928075318
10.0,0.135312,0.03461305651073766
10.0,0.135312,0.03523847234573433
14.0,0.166704,0.051691104821038086
13.0,0.177128,0.054609712051022566
13.0,0.177128,0.054609712051022566
13.0,0.177128,0.054609712051022566
11.0,0.187552,0.05752831928100704
13.0,0.177128,0.054609712051022566
10.0,0.187552,0.05752831928100704
8.0,0.2084,0.06336553374097599
20.0,0.041555,0.00998987886776604
19.0,0.051979,0.012908486097750516
19.0,0.041555,0.010302586785264377
17.0,0.041555,0.00998987886776604
18.0,0.051979,0.013221194015248853
19.0,0.041555,0.00998987886776604
16.0,0.041555,0.00998987886776604
19.0,0.041555,0.010302586785264377
17.0,0.041555,0.010615294702762713
19.0,0.051979,0.013221194015248853
19.0,0.051979,0.012908486097750516
17.0,0.062403,0.015827093327734992
19.0,0.051979,0.013221194015248853
18.0,0.051979,0.013221194015248853
15.0,0.062403,0.016452509162731666
19.0,0.051979,0.012908486097750516
16.0,0.051979,0.012908486097750516
18.0,0.051979,0.013221194015248853
18.0,0.062403,0.015827093327734992
17.0,0.062403,0.01613980124523333
22.0,0.051979,0.013221194015248853
20.0,0.051979,0.01353390193274719
22.0,0.051979,0.012908486097750516
19.0,0.051979,0.012908486097750516
19.0,0.041555,0.00998987886776604
17.0,0.051979,0.012908486097750516
17.0,0.041555,0.010302586785264377
16.0,0.041555,0.00998987886776604
16.0,0.051979,0.013221194015248853
17.0,0.041555,0.00998987886776604
14.0,0.041555,0.00998987886776604
18.0,0.041555,0.010302586785264377
16.0,0.041555,0.010615294702762713
17.0,0.051979,0.013221194015248853
18.0,0.051979,0.012908486097750516
16.0,0.062403,0.015827093327734992
17.0,0.051979,0.013221194015248853
17.0,0.051979,0.013221194015248853
13.0,0.062403,0.016452509162731666
21.0,0.051979,0.012908486097750516
18.0,0.051979,0.012908486097750516
20.0,0.051979,0.013221194015248853
20.0,0.062403,0.015827093327734992
19.0,0.062403,0.01613980124523333
19.0,0.051979,0.012908486097750516
18.0,0.062403,0.015827093327734992
18.0,0.051979,0.013221194015248853
16.0,0.051979,0.012908486097750516
17.0,0.062403,0.01613980124523333
17.0,0.062403,0.015827093327734992
14.0,0.062403,0.015827093327734992
20.0,0.062403,0.01613980124523333
22.0,0.051979,0.012908486097750516
20.0,0.062403,0.015827093327734992
20.0,0.051979,0.013221194015248853
19.0,0.051979,0.012908486097750516
19.0,0.062403,0.01613980124523333
23.0,0.051979,0.012908486097750516
20.0,0.051979,0.012908486097750516
15.0,0.062403,0.015827093327734992
12.0,0.062403,0.015827093327734992
22.0,0.051979,0.013221194015248853
20.0,0.062403,0.01613980124523333
21.0,0.051979,0.01353390193274719
19.0,0.062403,0.016452509162731666
20.0,0.041555,0.00998987886776604
19.0,0.051979,0.012908486097750516
19.0,0.041555,0.010302586785264377
17.0,0.041555,0.00998987886776604
18.0,0.051979,0.013221194015248853
19.0,0.041555,0.00998987886776604
16.0,0.041555,0.00998987886776604
19.0,0.041555,0.010302586785264377
17.0,0.041555,0.010615294702762713
19.0,0.051979,0.013221194015248853
19.0,0.051979,0.012908486097750516
17.0,0.062403,0.015827093327734992
19.0,0.051979,0.013221194015248853
18.0,0.051979,0.013221194015248853
15.0,0.062403,0.016452509162731666
19.0,0.051979,0.012908486097750516
16.0,0.051979,0.012908486097750516
18.0,0.051979,0.013221194015248853
18.0,0.062403,0.015827093327734992
17.0,0.062403,0.01613980124523333
22.0,0.051979,0.013221194015248853
20.0,0.051979,0.01353390193274719
22.0,0.051979,0.012908486097750516
19.0,0.051979,0.012908486097750516
19.0,0.041555,0.00998987886776604
17.0,0.051979,0.012908486097750516
17.0,0.041555,0.010302586785264377
16.0,0.041555,0.00998987886776604
16.0,0.051979,0.013221194015248853
17.0,0.041555,0.00998987886776604
14.0,0.041555,0.00998987886776604
18.0,0.041555,0.010302586785264377
16.0,0.041555,0.010615294702762713
17.0,0.051979,0.013221194015248853
18.0,0.051979,0.012908486097750516
16.0,0.062403,0.015827093327734992
17.0,0.051979,0.013221194015248853
17.0,0.051979,0.013221194015248853
13.0,0.062403,0.016452509162731666
21.0,0.051979,0.012908486097750516
18.0,0.051979,0.012908486097750516
20.0,0.051979,0.013221194015248853
20.0,0.062403,0.015827093327734992
19.0,0.062403,0.01613980124523333
19.0,0.051979,0.012908486097750516
18.0,0.062403,0.015827093327734992
18.0,0.051979,0.013221194015248853
16.0,0.051979,0.012908486097750516
17.0,0.062403,0.01613980124523333
17.0,0.062403,0.015827093327734992
14.0,0.062403,0.015827093327734992
20.0,0.062403,0.01613980124523333
23.0,0.051979,0.012908486097750516
20.0,0.051979,0.012908486097750516
22.0,0.051979,0.012908486097750516
20.0,0.062403,0.015827093327734992
20.0,0.051979,0.013221194015248853
19.0,0.051979,0.012908486097750516
19.0,0.062403,0.01613980124523333
15.0,0.062403,0.015827093327734992
12.0,0.062403,0.015827093327734992
22.0,0.051979,0.013221194015248853
20.0,0.062403,0.01613980124523333
21.0,0.051979,0.01353390193274719
19.0,0.062403,0.016452509162731666
14.0,0.093616,0.02293862759079975
13.0,0.10404,0.02585723482078423
13.0,0.093616,0.02293862759079975
15.0,0.10404,0.02585723482078423
13.0,0.093616,0.02293862759079975
11.0,0.093616,0.02293862759079975
15.0,0.10404,0.02585723482078423
13.0,0.10404,0.025857234820784225
10.0,0.114464,0.028775842050768705
16.0,0.10404,0.025857234820784225
16.0,0.10404,0.025857234820784225
8.0,0.114464,0.028775842050768705
18.0,0.093616,0.03043054342960677
15.0,0.10404,0.03334915065959125
16.0,0.093616,0.030743251347105108
15.0,0.093616,0.03043054342960677
15.0,0.10404,0.03366185857708959
16.0,0.093616,0.03043054342960677
13.0,0.093616,0.03043054342960677
17.0,0.093616,0.030743251347105108
14.0,0.093616,0.031055959264603444
16.0,0.10404,0.03366185857708959
16.0,0.10404,0.03334915065959125
13.0,0.114464,0.03626775788957572
16.0,0.10404,0.03366185857708959
16.0,0.10404,0.03366185857708959
12.0,0.114464,0.036893173724572396
13.0,0.177128,0.05523512788601924
11.0,0.187552,0.05815373511600371
18.0,0.093616,0.03043054342960677
15.0,0.10404,0.03334915065959125
16.0,0.093616,0.030743251347105108
15.0,0.093616,0.03043054342960677
15.0,0.10404,0.03366185857708959
16.0,0.093616,0.03043054342960677
13.0,0.093616,0.03043054342960677
17.0,0.093616,0.030743251347105108
14.0,0.093616,0.031055959264603444
16.0,0.10404,0.03366185857708959
16.0,0.10404,0.03334915065959125
13.0,0.114464,0.03626775788957572
16.0,0.10404,0.03366185857708959
16.0,0.10404,0.03366185857708959
12.0,0.114464,0.036893173724572396
13.0,0.177128,0.05523512788601924
11.0,0.187552,0.05815373511600371
18.0,0.041696,0.011674428919937904
17.0,0.05212,0.01459303614992238
17.0,0.05212,0.01459303614992238
17.0,0.05212,0.01459303614992238
14.0,0.062544,0.017511643379906856
17.0,0.05212,0.01459303614992238
14.0,0.062544,0.017511643379906856
11.0,0.083392,0.02334885783987581
7.0,0.2084,0.06461636541096934
18.0,0.0,0.028749168330006656
17.0,0.010424,0.03166777555999113
17.0,0.0,0.029061876247504993
19.0,0.010424,0.03198048347748947
17.0,0.0,0.029061876247504993
14.0,0.0,0.02937458416500333
19.0,0.010424,0.03198048347748947
17.0,0.010424,0.03166777555999113
16.0,0.020848,0.03458638278997561
19.0,0.010424,0.03198048347748947
19.0,0.010424,0.03198048347748947
13.0,0.020848,0.035211798624972285
18.0,0.010424,0.03166777555999113
16.0,0.010424,0.03198048347748947
17.0,0.020848,0.03458638278997561
18.0,0.020848,0.03489909070747395
18.0,0.0,0.028749168330006656
17.0,0.010424,0.03166777555999113
16.0,0.0,0.029061876247504993
18.0,0.010424,0.03198048347748947
18.0,0.010424,0.03198048347748947
15.0,0.010424,0.032293191394987805
20.0,0.010424,0.03166777555999113
19.0,0.020848,0.03458638278997561
18.0,0.010424,0.03166777555999113
15.0,0.020848,0.03458638278997561
16.0,0.010424,0.03198048347748947
16.0,0.010424,0.03166777555999113
16.0,0.020848,0.03489909070747395
17.0,0.020848,0.03458638278997561
14.0,0.031272,0.037504990019960084
18.0,0.020848,0.03489909070747395
18.0,0.020848,0.03458638278997561
17.0,0.010424,0.03166777555999113
16.0,0.020848,0.03458638278997561
16.0,0.010424,0.03198048347748947
18.0,0.020848,0.03489909070747395
16.0,0.010424,0.03198048347748947
13.0,0.010424,0.032293191394987805
18.0,0.020848,0.03489909070747395
16.0,0.020848,0.03458638278997561
15.0,0.031272,0.037504990019960084
18.0,0.020848,0.03489909070747395
18.0,0.020848,0.03489909070747395
12.0,0.031272,0.03813040585495676
14.0,0.041696,0.04042359724994456
13.0,0.05212,0.043342204479929036
20.0,0.010424,0.03166777555999113
19.0,0.020848,0.03458638278997561
18.0,0.010424,0.03198048347748947
18.0,0.020848,0.03489909070747395
18.0,0.0,0.028749168330006656
16.0,0.010424,0.03166777555999113
16.0,0.0,0.029061876247504993
15.0,0.0,0.028749168330006656
16.0,0.010424,0.03198048347748947
17.0,0.010424,0.03166777555999113
14.0,0.010424,0.03166777555999113
18.0,0.010424,0.03198048347748947
18.0,0.010424,0.03198048347748947
16.0,0.020848,0.03489909070747395
15.0,0.010424,0.032293191394987805
16.0,0.010424,0.03198048347748947
12.0,0.020848,0.035211798624972285
20.0,0.010424,0.03166777555999113
19.0,0.020848,0.03458638278997561
18.0,0.010424,0.03198048347748947
18.0,0.020848,0.03489909070747395
20.0,0.010424,0.03166777555999113
19.0,0.020848,0.03458638278997561
18.0,0.020848,0.03458638278997561
14.0,0.020848,0.03458638278997561
13.0,0.031272,0.037504990019960084
11.0,0.05212,0.04396762031492571
18.0,0.0,0.028749168330006656
17.0,0.010424,0.03166777555999113
17.0,0.0,0.028749168330006656
19.0,0.010424,0.03166777555999113
17.0,0.0,0.028749168330006656
14.0,0.0,0.028749168330006656
19.0,0.010424,0.03166777555999113
17.0,0.010424,0.03166777555999113
16.0,0.020848,0.03458638278997561
19.0,0.010424,0.03166777555999113
19.0,0.010424,0.03166777555999113
13.0,0.020848,0.03458638278997561
17.0,0.010424,0.03166777555999113
15.0,0.010424,0.03166777555999113
16.0,0.020848,0.03458638278997561
17.0,0.020848,0.03458638278997561
16.0,0.0,0.029061876247504993
15.0,0.010424,0.03198048347748947
15.0,0.0,0.029061876247504993
17.0,0.010424,0.03198048347748947
17.0,0.010424,0.03198048347748947
14.0,0.010424,0.03198048347748947
18.0,0.010424,0.03198048347748947
17.0,0.020848,0.03489909070747395
20.0,0.010424,0.03166777555999113
19.0,0.020848,0.03458638278997561
19.0,0.010424,0.03166777555999113
17.0,0.020848,0.03458638278997561
19.0,0.010424,0.03166777555999113
16.0,0.010424,0.03166777555999113
19.0,0.020848,0.03458638278997561
19.0,0.020848,0.03458638278997561
17.0,0.031272,0.037504990019960084
19.0,0.020848,0.03458638278997561
20.0,0.020848,0.03458638278997561
14.0,0.031272,0.037504990019960084
17.0,0.0,0.029061876247504993
16.0,0.010424,0.03198048347748947
16.0,0.0,0.02937458416500333
18.0,0.010424,0.032293191394987805
16.0,0.0,0.02937458416500333
13.0,0.0,0.029687292082501666
18.0,0.010424,0.032293191394987805
16.0,0.010424,0.03198048347748947
15.0,0.020848,0.03489909070747395
18.0,0.010424,0.032293191394987805
18.0,0.010424,0.032293191394987805
12.0,0.020848,0.03552450654247062
16.0,0.010424,0.03198048347748947
14.0,0.010424,0.032293191394987805
15.0,0.020848,0.03489909070747395
16.0,0.020848,0.035211798624972285
16.0,0.0,0.029061876247504993
15.0,0.010424,0.03198048347748947
14.0,0.0,0.02937458416500333
16.0,0.010424,0.032293191394987805
16.0,0.010424,0.032293191394987805
13.0,0.010424,0.03260589931248614
18.0,0.010424,0.03198048347748947
17.0,0.020848,0.03489909070747395
18.0,0.010424,0.03198048347748947
16.0,0.020848,0.03489909070747395
16.0,0.010424,0.032293191394987805
17.0,0.010424,0.03198048347748947
16.0,0.020848,0.035211798624972285
17.0,0.020848,0.03489909070747395
15.0,0.031272,0.03781769793745842
18.0,0.020848,0.035211798624972285
19.0,0.020848,0.03489909070747395
19.0,0.010424,0.03198048347748947
18.0,0.020848,0.03489909070747395
18.0,0.010424,0.032293191394987805
16.0,0.020848,0.035211798624972285
18.0,0.010424,0.032293191394987805
15.0,0.010424,0.03260589931248614
18.0,0.020848,0.035211798624972285
18.0,0.020848,0.03489909070747395
16.0,0.031272,0.03781769793745842
18.0,0.020848,0.035211798624972285
19.0,0.020848,0.035211798624972285
13.0,0.031272,0.038443113772455094
18.0,0.010424,0.03166777555999113
17.0,0.020848,0.03458638278997561
16.0,0.010424,0.03198048347748947
17.0,0.010424,0.03166777555999113
17.0,0.020848,0.03489909070747395
17.0,0.020848,0.03458638278997561
16.0,0.020848,0.03458638278997561
18.0,0.020848,0.03489909070747395
17.0,0.020848,0.03458638278997561
14.0,0.031272,0.037504990019960084
15.0,0.020848,0.03489909070747395
15.0,0.020848,0.03458638278997561
14.0,0.031272,0.03781769793745842
17.0,0.020848,0.03458638278997561
16.0,0.031272,0.037504990019960084
15.0,0.020848,0.03489909070747395
17.0,0.031272,0.03781769793745842
13.0,0.05212,0.043342204479929036
19.0,0.020848,0.03458638278997561
18.0,0.031272,0.037504990019960084
18.0,0.010424,0.03198048347748947
17.0,0.020848,0.03489909070747395
15.0,0.010424,0.032293191394987805
17.0,0.010424,0.03198048347748947
15.0,0.020848,0.035211798624972285
17.0,0.020848,0.03489909070747395
14.0,0.020848,0.035211798624972285
19.0,0.020848,0.03489909070747395
18.0,0.010424,0.03198048347748947
17.0,0.020848,0.03489909070747395
16.0,0.010424,0.032293191394987805
16.0,0.010424,0.03198048347748947
16.0,0.020848,0.035211798624972285
17.0,0.020848,0.03489909070747395
15.0,0.020848,0.03489909070747395
18.0,0.020848,0.035211798624972285
15.0,0.020848,0.035211798624972285
13.0,0.031272,0.03813040585495676
12.0,0.020848,0.03552450654247062
13.0,0.020848,0.035211798624972285
11.0,0.031272,0.038443113772455094
14.0,0.05212,0.04396762031492571
18.0,0.0,0.028749168330006656
17.0,0.010424,0.03166777555999113
16.0,0.0,0.029061876247504993
17.0,0.0,0.028749168330006656
17.0,0.010424,0.03198048347748947
15.0,0.0,0.028749168330006656
14.0,0.0,0.028749168330006656
16.0,0.0,0.029061876247504993
14.0,0.0,0.02937458416500333
16.0,0.010424,0.03198048347748947
16.0,0.010424,0.03166777555999113
15.0,0.020848,0.03458638278997561
16.0,0.010424,0.03198048347748947
17.0,0.010424,0.03198048347748947
13.0,0.020848,0.035211798624972285
17.0,0.010424,0.03166777555999113
15.0,0.010424,0.03198048347748947
14.0,0.010424,0.03166777555999113
15.0,0.020848,0.03458638278997561
15.0,0.020848,0.03489909070747395
19.0,0.010424,0.03166777555999113
16.0,0.010424,0.03166777555999113
18.0,0.010424,0.03198048347748947
16.0,0.010424,0.032293191394987805
17.0,0.0,0.028749168330006656
15.0,0.010424,0.03166777555999113
15.0,0.0,0.029061876247504993
14.0,0.0,0.028749168330006656
14.0,0.010424,0.03198048347748947
14.0,0.0,0.028749168330006656
11.0,0.0,0.028749168330006656
14.0,0.0,0.029061876247504993
12.0,0.0,0.02937458416500333
14.0,0.010424,0.03198048347748947
15.0,0.010424,0.03166777555999113
13.0,0.020848,0.03458638278997561
14.0,0.010424,0.03198048347748947
14.0,0.010424,0.03198048347748947
10.0,0.020848,0.035211798624972285
19.0,0.010424,0.03166777555999113
17.0,0.010424,0.03198048347748947
16.0,0.010424,0.03166777555999113
17.0,0.020848,0.03458638278997561
16.0,0.020848,0.03489909070747395
17.0,0.010424,0.03166777555999113
16.0,0.020848,0.03458638278997561
14.0,0.010424,0.03166777555999113
15.0,0.010424,0.03198048347748947
15.0,0.020848,0.03489909070747395
16.0,0.020848,0.03458638278997561
13.0,0.020848,0.03458638278997561
17.0,0.020848,0.03489909070747395
18.0,0.010424,0.03198048347748947
17.0,0.020848,0.03489909070747395
16.0,0.010424,0.032293191394987805
16.0,0.020848,0.035211798624972285
19.0,0.010424,0.03166777555999113
16.0,0.010424,0.03166777555999113
19.0,0.010424,0.03166777555999113
17.0,0.020848,0.03458638278997561
16.0,0.010424,0.03166777555999113
16.0,0.010424,0.03198048347748947
16.0,0.020848,0.03489909070747395
13.0,0.020848,0.03458638278997561
10.0,0.020848,0.03458638278997561
20.0,0.010424,0.03166777555999113
19.0,0.020848,0.03458638278997561
19.0,0.010424,0.03166777555999113
19.0,0.020848,0.03458638278997561
19.0,0.010424,0.03166777555999113
16.0,0.010424,0.03166777555999113
17.0,0.020848,0.03458638278997561
19.0,0.020848,0.03458638278997561
17.0,0.031272,0.037504990019960084
20.0,0.020848,0.03458638278997561
19.0,0.020848,0.03458638278997561
14.0,0.031272,0.037504990019960084
18.0,0.010424,0.03198048347748947
16.0,0.010424,0.03198048347748947
17.0,0.020848,0.03489909070747395
16.0,0.020848,0.03489909070747395
18.0,0.020848,0.03489909070747395
16.0,0.031272,0.03781769793745842
18.0,0.020848,0.03458638278997561
17.0,0.031272,0.037504990019960084
17.0,0.020848,0.03458638278997561
15.0,0.031272,0.037504990019960084
19.0,0.020848,0.03489909070747395
16.0,0.020848,0.03489909070747395
17.0,0.0,0.029061876247504993
16.0,0.010424,0.03198048347748947
16.0,0.0,0.02937458416500333
16.0,0.0,0.029061876247504993
16.0,0.010424,0.032293191394987805
16.0,0.0,0.029061876247504993
14.0,0.0,0.029061876247504993
14.0,0.0,0.02937458416500333
13.0,0.0,0.029687292082501666
15.0,0.010424,0.032293191394987805
16.0,0.010424,0.03198048347748947
14.0,0.020848,0.03489909070747395
16.0,0.010424,0.032293191394987805
15.0,0.010424,0.032293191394987805
12.0,0.020848,0.03552450654247062
16.0,0.010424,0.03198048347748947
15.0,0.010424,0.03198048347748947
13.0,0.010424,0.032293191394987805
15.0,0.020848,0.03489909070747395
14.0,0.020848,0.035211798624972285
18.0,0.010424,0.032293191394987805
15.0,0.010424,0.03260589931248614
18.0,0.010424,0.03198048347748947
16.0,0.010424,0.03198048347748947
16.0,0.0,0.02937458416500333
14.0,0.010424,0.032293191394987805
13.0,0.0,0.029687292082501666
14.0,0.0,0.02937458416500333
13.0,0.010424,0.03260589931248614
14.0,0.0,0.02937458416500333
12.0,0.0,0.02937458416500333
13.0,0.0,0.029687292082501666
10.0,0.0,0.030000000000000002
13.0,0.010424,0.03260589931248614
14.0,0.010424,0.032293191394987805
12.0,0.020848,0.035211798624972285
13.0,0.010424,0.03260589931248614
13.0,0.010424,0.03260589931248614
9.0,0.020848,0.03583721445996896
18.0,0.010424,0.032293191394987805
16.0,0.010424,0.032293191394987805
15.0,0.010424,0.03260589931248614
16.0,0.020848,0.035211798624972285
15.0,0.020848,0.03552450654247062
16.0,0.010424,0.03198048347748947
15.0,0.020848,0.03489909070747395
15.0,0.010424,0.03198048347748947
13.0,0.010424,0.032293191394987805
14.0,0.020848,0.035211798624972285
15.0,0.020848,0.03489909070747395
12.0,0.020848,0.035211798624972285
17.0,0.020848,0.03489909070747395
18.0,0.010424,0.032293191394987805
15.0,0.010424,0.03260589931248614
18.0,0.010424,0.032293191394987805
16.0,0.020848,0.035211798624972285
16.0,0.010424,0.032293191394987805
15.0,0.010424,0.03260589931248614
15.0,0.020848,0.03552450654247062
12.0,0.020848,0.03552450654247062
9.0,0.020848,0.03583721445996896
18.0,0.010424,0.03198048347748947
17.0,0.020848,0.03489909070747395
16.0,0.010424,0.03198048347748947
16.0,0.020848,0.03489909070747395
18.0,0.010424,0.03198048347748947
16.0,0.020848,0.03489909070747395
16.0,0.010424,0.032293191394987805
17.0,0.010424,0.03198048347748947
16.0,0.020848,0.035211798624972285
16.0,0.010424,0.03198048347748947
14.0,0.010424,0.03198048347748947
15.0,0.010424,0.032293191394987805
13.0,0.010424,0.03260589931248614
13.0,0.020848,0.035211798624972285
17.0,0.020848,0.03489909070747395
14.0,0.031272,0.03781769793745842
16.0,0.020848,0.035211798624972285
16.0,0.020848,0.035211798624972285
12.0,0.031272,0.038443113772455094
17.0,0.020848,0.03489909070747395
15.0,0.031272,0.03781769793745842
15.0,0.020848,0.03489909070747395
14.0,0.020848,0.035211798624972285
12.0,0.031272,0.03813040585495676
18.0,0.020848,0.035211798624972285
15.0,0.020848,0.03552450654247062
19.0,0.020848,0.03489909070747395
16.0,0.020848,0.03489909070747395
19.0,0.010424,0.03198048347748947
18.0,0.020848,0.03489909070747395
18.0,0.010424,0.032293191394987805
18.0,0.020848,0.035211798624972285
18.0,0.010424,0.032293191394987805
15.0,0.010424,0.03260589931248614
16.0,0.020848,0.035211798624972285
18.0,0.020848,0.03489909070747395
16.0,0.031272,0.03781769793745842
19.0,0.020848,0.035211798624972285
18.0,0.020848,0.035211798624972285
13.0,0.031272,0.038443113772455094
18.0,0.010424,0.03198048347748947
16.0,0.010424,0.032293191394987805
17.0,0.020848,0.03489909070747395
16.0,0.020848,0.035211798624972285
18.0,0.020848,0.03489909070747395
16.0,0.031272,0.03781769793745842
18.0,0.020848,0.03489909070747395
17.0,0.031272,0.03781769793745842
16.0,0.020848,0.035211798624972285
14.0,0.031272,0.03813040585495676
18.0,0.020848,0.035211798624972285
15.0,0.020848,0.03552450654247062
18.0,0.010424,0.03166777555999113
17.0,0.020848,0.03458638278997561
16.0,0.010424,0.03198048347748947
17.0,0.010424,0.03166777555999113
17.0,0.020848,0.03489909070747395
16.0,0.010424,0.03166777555999113
15.0,0.010424,0.03166777555999113
16.0,0.010424,0.03198048347748947
14.0,0.010424,0.032293191394987805
17.0,0.020848,0.03489909070747395
15.0,0.020848,0.03458638278997561
14.0,0.031272,0.037504990019960084
16.0,0.020848,0.03489909070747395
16.0,0.020848,0.03489909070747395
13.0,0.031272,0.03813040585495676
17.0,0.020848,0.03458638278997561
16.0,0.020848,0.03458638278997561
15.0,0.020848,0.03489909070747395
14.0,0.031272,0.037504990019960084
15.0,0.031272,0.03781769793745842
18.0,0.020848,0.03489909070747395
16.0,0.020848,0.035211798624972285
18.0,0.020848,0.03458638278997561
17.0,0.020848,0.03458638278997561
17.0,0.020848,0.03458638278997561
14.0,0.031272,0.037504990019960084
15.0,0.020848,0.03489909070747395
15.0,0.020848,0.03458638278997561
14.0,0.031272,0.03781769793745842
15.0,0.020848,0.03458638278997561
13.0,0.020848,0.03458638278997561
14.0,0.020848,0.03489909070747395
12.0,0.020848,0.035211798624972285
14.0,0.031272,0.03781769793745842
14.0,0.031272,0.037504990019960084
11.0,0.041696,0.04042359724994456
14.0,0.031272,0.03781769793745842
14.0,0.031272,0.03781769793745842
10.0,0.041696,0.04104901308494123
17.0,0.020848,0.03458638278997561
15.0,0.020848,0.03489909070747395
15.0,0.020848,0.03458638278997561
14.0,0.031272,0.037504990019960084
15.0,0.031272,0.03781769793745842
16.0,0.031272,0.037504990019960084
13.0,0.041696,0.04042359724994456
17.0,0.031272,0.03781769793745842
17.0,0.031272,0.037504990019960084
13.0,0.05212,0.043342204479929036
10.0,0.062544,0.046260811709913516
19.0,0.020848,0.03458638278997561
18.0,0.031272,0.037504990019960084
17.0,0.020848,0.03458638278997561
15.0,0.031272,0.037504990019960084
18.0,0.020848,0.03489909070747395
17.0,0.031272,0.03781769793745842
16.0,0.020848,0.035211798624972285
14.0,0.031272,0.03813040585495676
11.0,0.062544,0.04688622754491019
18.0,0.010424,0.03198048347748947
17.0,0.020848,0.03489909070747395
15.0,0.010424,0.032293191394987805
17.0,0.010424,0.03198048347748947
15.0,0.020848,0.035211798624972285
16.0,0.010424,0.03198048347748947
14.0,0.010424,0.03198048347748947
16.0,0.010424,0.032293191394987805
13.0,0.010424,0.03260589931248614
16.0,0.020848,0.035211798624972285
16.0,0.020848,0.03489909070747395
14.0,0.031272,0.03781769793745842
12.0,0.020848,0.035211798624972285
16.0,0.020848,0.035211798624972285
11.0,0.031272,0.038443113772455094
17.0,0.020848,0.03489909070747395
14.0,0.020848,0.035211798624972285
15.0,0.020848,0.03489909070747395
15.0,0.031272,0.03781769793745842
11.0,0.031272,0.03813040585495676
19.0,0.020848,0.03489909070747395
16.0,0.020848,0.03489909070747395
18.0,0.020848,0.035211798624972285
15.0,0.020848,0.03552450654247062
18.0,0.010424,0.03198048347748947
17.0,0.020848,0.03489909070747395
16.0,0.010424,0.032293191394987805
16.0,0.010424,0.03198048347748947
16.0,0.020848,0.035211798624972285
17.0,0.010424,0.03198048347748947
14.0,0.010424,0.03198048347748947
15.0,0.010424,0.032293191394987805
13.0,0.010424,0.03260589931248614
16.0,0.020848,0.035211798624972285
16.0,0.020848,0.03489909070747395
14.0,0.031272,0.03781769793745842
16.0,0.020848,0.035211798624972285
13.0,0.020848,0.035211798624972285
12.0,0.031272,0.038443113772455094
17.0,0.020848,0.03489909070747395
15.0,0.020848,0.03489909070747395
14.0,0.020848,0.035211798624972285
15.0,0.031272,0.03781769793745842
12.0,0.031272,0.03813040585495676
18.0,0.020848,0.035211798624972285
15.0,0.020848,0.03552450654247062
19.0,0.020848,0.03489909070747395
16.0,0.020848,0.03489909070747395
15.0,0.020848,0.035211798624972285
13.0,0.031272,0.03813040585495676
12.0,0.020848,0.03552450654247062
13.0,0.020848,0.035211798624972285
11.0,0.031272,0.038443113772455094
13.0,0.020848,0.035211798624972285
10.0,0.020848,0.035211798624972285
12.0,0.020848,0.03552450654247062
9.0,0.020848,0.03583721445996896
12.0,0.031272,0.038443113772455094
13.0,0.031272,0.03813040585495676
10.0,0.041696,0.04104901308494123
11.0,0.031272,0.038443113772455094
12.0,0.031272,0.038443113772455094
7.0,0.041696,0.0416744289199379
14.0,0.05212,0.04396762031492571
11.0,0.062544,0.04688622754491019
17.0,0.010424,0.03166777555999113
16.0,0.020848,0.03458638278997561
16.0,0.010424,0.03198048347748947
18.0,0.020848,0.03489909070747395
16.0,0.010424,0.03198048347748947
13.0,0.010424,0.032293191394987805
18.0,0.020848,0.03489909070747395
16.0,0.020848,0.03458638278997561
15.0,0.031272,0.037504990019960084
18.0,0.020848,0.03489909070747395
18.0,0.020848,0.03489909070747395
12.0,0.031272,0.03813040585495676
17.0,0.020848,0.03458638278997561
15.0,0.020848,0.03489909070747395
16.0,0.031272,0.037504990019960084
17.0,0.031272,0.03781769793745842
17.0,0.010424,0.03166777555999113
16.0,0.020848,0.03458638278997561
15.0,0.010424,0.03198048347748947
17.0,0.020848,0.03489909070747395
17.0,0.020848,0.03489909070747395
14.0,0.020848,0.035211798624972285
19.0,0.020848,0.03458638278997561
17.0,0.031272,0.037504990019960084
17.0,0.020848,0.03458638278997561
14.0,0.031272,0.037504990019960084
15.0,0.020848,0.03489909070747395
15.0,0.020848,0.03458638278997561
15.0,0.031272,0.03781769793745842
16.0,0.031272,0.037504990019960084
13.0,0.041696,0.04042359724994456
17.0,0.031272,0.03781769793745842
17.0,0.031272,0.037504990019960084
16.0,0.020848,0.03458638278997561
15.0,0.031272,0.037504990019960084
15.0,0.020848,0.03489909070747395
16.0,0.031272,0.03781769793745842
15.0,0.020848,0.03489909070747395
12.0,0.020848,0.035211798624972285
16.0,0.031272,0.03781769793745842
15.0,0.031272,0.037504990019960084
10.0,0.041696,0.04042359724994456
16.0,0.031272,0.03781769793745842
16.0,0.031272,0.03781769793745842
9.0,0.041696,0.04104901308494123
13.0,0.05212,0.043342204479929036
10.0,0.062544,0.046260811709913516
19.0,0.020848,0.03458638278997561
17.0,0.031272,0.037504990019960084
17.0,0.020848,0.03489909070747395
16.0,0.031272,0.03781769793745842
17.0,0.010424,0.03166777555999113
15.0,0.020848,0.03458638278997561
15.0,0.010424,0.03198048347748947
14.0,0.010424,0.03166777555999113
15.0,0.020848,0.03489909070747395
16.0,0.020848,0.03458638278997561
13.0,0.020848,0.03458638278997561
17.0,0.020848,0.03489909070747395
17.0,0.020848,0.03489909070747395
15.0,0.031272,0.03781769793745842
14.0,0.020848,0.035211798624972285
15.0,0.020848,0.03489909070747395
11.0,0.031272,0.03813040585495676
19.0,0.020848,0.03458638278997561
17.0,0.031272,0.037504990019960084
17.0,0.020848,0.03489909070747395
16.0,0.031272,0.03781769793745842
19.0,0.020848,0.03458638278997561
17.0,0.031272,0.037504990019960084
17.0,0.031272,0.037504990019960084
13.0,0.031272,0.037504990019960084
10.0,0.041696,0.04042359724994456
8.0,0.062544,0.04688622754491019
20.0,0.010424,0.03166777555999113
19.0,0.020848,0.03458638278997561
19.0,0.010424,0.03166777555999113
19.0,0.020848,0.03458638278997561
19.0,0.010424,0.03166777555999113
16.0,0.010424,0.03166777555999113
20.0,0.020848,0.03458638278997561
19.0,0.020848,0.03458638278997561
17.0,0.031272,0.037504990019960084
17.0,0.020848,0.03458638278997561
19.0,0.020848,0.03458638278997561
14.0,0.031272,0.037504990019960084
19.0,0.020848,0.03458638278997561
17.0,0.020848,0.03458638278997561
18.0,0.031272,0.037504990019960084
15.0,0.031272,0.037504990019960084
18.0,0.010424,0.03198048347748947
17.0,0.020848,0.03489909070747395
17.0,0.010424,0.03198048347748947
17.0,0.020848,0.03489909070747395
19.0,0.020848,0.03489909070747395
16.0,0.020848,0.03489909070747395
18.0,0.020848,0.03489909070747395
16.0,0.031272,0.03781769793745842
20.0,0.010424,0.03166777555999113
19.0,0.020848,0.03458638278997561
19.0,0.010424,0.03166777555999113
20.0,0.020848,0.03458638278997561
19.0,0.010424,0.03166777555999113
16.0,0.010424,0.03166777555999113
19.0,0.020848,0.03458638278997561
19.0,0.020848,0.03458638278997561
17.0,0.031272,0.037504990019960084
19.0,0.020848,0.03458638278997561
17.0,0.020848,0.03458638278997561
14.0,0.031272,0.037504990019960084
19.0,0.020848,0.03458638278997561
17.0,0.020848,0.03458638278997561
18.0,0.031272,0.037504990019960084
15.0,0.031272,0.037504990019960084
18.0,0.010424,0.03198048347748947
17.0,0.020848,0.03489909070747395
17.0,0.010424,0.03198048347748947
17.0,0.020848,0.03489909070747395
19.0,0.020848,0.03489909070747395
16.0,0.020848,0.03489909070747395
18.0,0.020848,0.03489909070747395
16.0,0.031272,0.03781769793745842
14.0,0.020848,0.03458638278997561
13.0,0.031272,0.037504990019960084
13.0,0.020848,0.03458638278997561
14.0,0.031272,0.037504990019960084
13.0,0.020848,0.03458638278997561
10.0,0.020848,0.03458638278997561
14.0,0.031272,0.037504990019960084
13.0,0.031272,0.037504990019960084
10.0,0.041696,0.04042359724994456
14.0,0.031272,0.037504990019960084
14.0,0.031272,0.037504990019960084
7.0,0.041696,0.04042359724994456
19.0,0.010424,0.03198048347748947
18.0,0.020848,0.03489909070747395
18.0,0.010424,0.032293191394987805
18.0,0.020848,0.035211798624972285
18.0,0.010424,0.032293191394987805
15.0,0.010424,0.03260589931248614
19.0,0.020848,0.035211798624972285
18.0,0.020848,0.03489909070747395
16.0,0.031272,0.03781769793745842
16.0,0.020848,0.035211798624972285
18.0,0.020848,0.035211798624972285
13.0,0.031272,0.038443113772455094
18.0,0.020848,0.03489909070747395
16.0,0.020848,0.035211798624972285
17.0,0.031272,0.03781769793745842
14.0,0.031272,0.03813040585495676
18.0,0.010424,0.03198048347748947
17.0,0.020848,0.03489909070747395
16.0,0.010424,0.032293191394987805
16.0,0.020848,0.035211798624972285
18.0,0.020848,0.035211798624972285
15.0,0.020848,0.03552450654247062
18.0,0.020848,0.03489909070747395
16.0,0.031272,0.03781769793745842
19.0,0.010424,0.03198048347748947
18.0,0.020848,0.03489909070747395
18.0,0.010424,0.032293191394987805
19.0,0.020848,0.035211798624972285
18.0,0.010424,0.032293191394987805
15.0,0.010424,0.03260589931248614
18.0,0.020848,0.035211798624972285
18.0,0.020848,0.03489909070747395
16.0,0.031272,0.03781769793745842
18.0,0.020848,0.035211798624972285
16.0,0.020848,0.035211798624972285
13.0,0.031272,0.038443113772455094
18.0,0.020848,0.03489909070747395
16.0,0.020848,0.035211798624972285
17.0,0.031272,0.03781769793745842
14.0,0.031272,0.03813040585495676
18.0,0.010424,0.03198048347748947
17.0,0.020848,0.03489909070747395
16.0,0.010424,0.032293191394987805
16.0,0.020848,0.035211798624972285
18.0,0.020848,0.035211798624972285
15.0,0.020848,0.03552450654247062
18.0,0.020848,0.03489909070747395
16.0,0.031272,0.03781769793745842
13.0,0.020848,0.035211798624972285
12.0,0.031272,0.03813040585495676
12.0,0.020848,0.03552450654247062
13.0,0.031272,0.038443113772455094
12.0,0.020848,0.03552450654247062
9.0,0.020848,0.03583721445996896
13.0,0.031272,0.038443113772455094
12.0,0.031272,0.03813040585495676
9.0,0.041696,0.04104901308494123
13.0,0.031272,0.038443113772455094
13.0,0.031272,0.038443113772455094
6.0,0.041696,0.0416744289199379
12.0,0.05212,0.04396762031492571
9.0,0.062544,0.04688622754491019
14.0,0.041696,0.04042359724994456
13.0,0.05212,0.043342204479929036
13.0,0.05212,0.043342204479929036
13.0,0.05212,0.043342204479929036
10.0,0.062544,0.046260811709913516
13.0,0.05212,0.043342204479929036
10.0,0.062544,0.046260811709913516
7.0,0.083392,0.05209802616988246
11.0,0.05212,0.04396762031492571
8.0,0.062544,0.04688622754491019
14.0,0.05212,0.04396762031492571
11.0,0.062544,0.04688622754491019
14.0,0.05212,0.04396762031492571
11.0,0.062544,0.04688622754491019
12.0,0.05212,0.04396762031492571
9.0,0.062544,0.04688622754491019
4.0,0.083392,0.05334885783987581
18.0,0.041696,0.011674428919937904
17.0,0.05212,0.01459303614992238
17.0,0.05212,0.01459303614992238
17.0,0.05212,0.01459303614992238
14.0,0.062544,0.017511643379906856
17.0,0.05212,0.01459303614992238
14.0,0.062544,0.017511643379906856
11.0,0.083392,0.02334885783987581
9.0,0.083392,0.02334885783987581
15.0,0.166704,0.08044027315104474
14.0,0.177128,0.08335888038102922
14.0,0.177128,0.08335888038102922
14.0,0.177128,0.08335888038102922
11.0,0.187552,0.0862774876110137
14.0,0.177128,0.08335888038102922
11.0,0.187552,0.0862774876110137
8.0,0.2084,0.09211470207098264
21.0,0.041555,0.00998987886776604
20.0,0.051979,0.012908486097750516
20.0,0.041555,0.010302586785264377
23.0,0.051979,0.013221194015248853
20.0,0.041555,0.010302586785264377
17.0,0.041555,0.010615294702762713
23.0,0.051979,0.013221194015248853
20.0,0.051979,0.012908486097750516
18.0,0.062403,0.015827093327734992
23.0,0.051979,0.013221194015248853
23.0,0.051979,0.013221194015248853
16.0,0.062403,0.016452509162731666
20.0,0.051979,0.012908486097750516
19.0,0.051979,0.013221194015248853
19.0,0.062403,0.015827093327734992
21.0,0.062403,0.01613980124523333
20.0,0.041555,0.00998987886776604
19.0,0.051979,0.012908486097750516
19.0,0.041555,0.010302586785264377
22.0,0.051979,0.013221194015248853
21.0,0.051979,0.013221194015248853
18.0,0.051979,0.01353390193274719
23.0,0.051979,0.012908486097750516
21.0,0.062403,0.015827093327734992
20.0,0.051979,0.012908486097750516
18.0,0.062403,0.015827093327734992
19.0,0.051979,0.013221194015248853
20.0,0.051979,0.012908486097750516
19.0,0.062403,0.01613980124523333
19.0,0.062403,0.015827093327734992
17.0,0.072827,0.01874570055771947
21.0,0.062403,0.01613980124523333
23.0,0.062403,0.015827093327734992
20.0,0.051979,0.012908486097750516
19.0,0.062403,0.015827093327734992
19.0,0.051979,0.013221194015248853
21.0,0.062403,0.01613980124523333
19.0,0.051979,0.013221194015248853
16.0,0.051979,0.01353390193274719
22.0,0.062403,0.01613980124523333
19.0,0.062403,0.015827093327734992
16.0,0.072827,0.01874570055771947
21.0,0.062403,0.01613980124523333
22.0,0.062403,0.01613980124523333
14.0,0.072827,0.01937111639271614
17.0,0.083251,0.021664307787703944
15.0,0.093675,0.02458291501768842
24.0,0.051979,0.012908486097750516
22.0,0.062403,0.015827093327734992
23.0,0.051979,0.013221194015248853
22.0,0.062403,0.01613980124523333
20.0,0.041555,0.00998987886776604
20.0,0.051979,0.012908486097750516
19.0,0.041555,0.010302586785264377
18.0,0.041555,0.00998987886776604
19.0,0.051979,0.013221194015248853
19.0,0.051979,0.012908486097750516
17.0,0.051979,0.012908486097750516
22.0,0.051979,0.013221194015248853
21.0,0.051979,0.013221194015248853
19.0,0.062403,0.01613980124523333
18.0,0.051979,0.01353390193274719
19.0,0.051979,0.013221194015248853
16.0,0.062403,0.016452509162731666
24.0,0.051979,0.012908486097750516
23.0,0.062403,0.015827093327734992
23.0,0.051979,0.013221194015248853
22.0,0.062403,0.01613980124523333
23.0,0.051979,0.012908486097750516
22.0,0.062403,0.015827093327734992
23.0,0.062403,0.015827093327734992
17.0,0.062403,0.015827093327734992
15.0,0.072827,0.01874570055771947
14.0,0.093675,0.025208330852685094
20.0,0.041555,0.00998987886776604
19.0,0.051979,0.012908486097750516
19.0,0.041555,0.00998987886776604
23.0,0.051979,0.012908486097750516
19.0,0.041555,0.00998987886776604
17.0,0.041555,0.00998987886776604
23.0,0.051979,0.012908486097750516
19.0,0.051979,0.012908486097750516
18.0,0.062403,0.015827093327734992
22.0,0.051979,0.012908486097750516
22.0,0.051979,0.012908486097750516
16.0,0.062403,0.015827093327734992
18.0,0.051979,0.012908486097750516
18.0,0.051979,0.012908486097750516
17.0,0.062403,0.015827093327734992
21.0,0.062403,0.015827093327734992
19.0,0.041555,0.010302586785264377
18.0,0.051979,0.013221194015248853
17.0,0.041555,0.010302586785264377
21.0,0.051979,0.013221194015248853
19.0,0.051979,0.013221194015248853
17.0,0.051979,0.013221194015248853
21.0,0.051979,0.013221194015248853
19.0,0.062403,0.01613980124523333
23.0,0.051979,0.012908486097750516
22.0,0.062403,0.015827093327734992
22.0,0.051979,0.012908486097750516
22.0,0.062403,0.015827093327734992
22.0,0.051979,0.012908486097750516
20.0,0.051979,0.012908486097750516
21.0,0.062403,0.015827093327734992
22.0,0.062403,0.015827093327734992
19.0,0.072827,0.01874570055771947
22.0,0.062403,0.015827093327734992
22.0,0.062403,0.015827093327734992
17.0,0.072827,0.01874570055771947
20.0,0.041555,0.010302586785264377
19.0,0.051979,0.013221194015248853
19.0,0.041555,0.010615294702762713
22.0,0.051979,0.01353390193274719
19.0,0.041555,0.010615294702762713
16.0,0.041555,0.01092800262026105
22.0,0.051979,0.01353390193274719
19.0,0.051979,0.013221194015248853
17.0,0.062403,0.01613980124523333
22.0,0.051979,0.01353390193274719
22.0,0.051979,0.01353390193274719
15.0,0.062403,0.016765217080230002
19.0,0.051979,0.013221194015248853
18.0,0.051979,0.01353390193274719
18.0,0.062403,0.01613980124523333
20.0,0.062403,0.016452509162731666
20.0,0.041555,0.010302586785264377
19.0,0.051979,0.013221194015248853
18.0,0.041555,0.010615294702762713
21.0,0.051979,0.01353390193274719
20.0,0.051979,0.01353390193274719
17.0,0.051979,0.013846609850245526
23.0,0.051979,0.013221194015248853
21.0,0.062403,0.01613980124523333
20.0,0.051979,0.013221194015248853
18.0,0.062403,0.01613980124523333
19.0,0.051979,0.01353390193274719
20.0,0.051979,0.013221194015248853
19.0,0.062403,0.016452509162731666
19.0,0.062403,0.01613980124523333
17.0,0.072827,0.019058408475217805
21.0,0.062403,0.016452509162731666
23.0,0.062403,0.01613980124523333
23.0,0.051979,0.013221194015248853
22.0,0.062403,0.01613980124523333
23.0,0.051979,0.01353390193274719
22.0,0.062403,0.016452509162731666
23.0,0.051979,0.01353390193274719
20.0,0.051979,0.013846609850245526
21.0,0.062403,0.016452509162731666
22.0,0.062403,0.01613980124523333
17.0,0.072827,0.019058408475217805
23.0,0.062403,0.016452509162731666
23.0,0.062403,0.016452509162731666
16.0,0.072827,0.019683824310214478
19.0,0.051979,0.012908486097750516
18.0,0.062403,0.015827093327734992
18.0,0.051979,0.013221194015248853
18.0,0.051979,0.012908486097750516
18.0,0.062403,0.01613980124523333
18.0,0.062403,0.015827093327734992
17.0,0.062403,0.015827093327734992
20.0,0.062403,0.01613980124523333
18.0,0.062403,0.015827093327734992
16.0,0.072827,0.01874570055771947
16.0,0.062403,0.01613980124523333
17.0,0.062403,0.015827093327734992
16.0,0.072827,0.019058408475217805
18.0,0.062403,0.015827093327734992
17.0,0.072827,0.01874570055771947
17.0,0.062403,0.01613980124523333
18.0,0.072827,0.019058408475217805
15.0,0.093675,0.02458291501768842
22.0,0.062403,0.015827093327734992
20.0,0.072827,0.01874570055771947
20.0,0.051979,0.013221194015248853
18.0,0.062403,0.01613980124523333
18.0,0.051979,0.01353390193274719
19.0,0.051979,0.013221194015248853
18.0,0.062403,0.016452509162731666
19.0,0.062403,0.01613980124523333
17.0,0.062403,0.016452509162731666
23.0,0.062403,0.01613980124523333
20.0,0.051979,0.013221194015248853
19.0,0.062403,0.01613980124523333
19.0,0.051979,0.01353390193274719
19.0,0.051979,0.013221194015248853
19.0,0.062403,0.016452509162731666
19.0,0.062403,0.01613980124523333
18.0,0.062403,0.01613980124523333
21.0,0.062403,0.016452509162731666
17.0,0.062403,0.016452509162731666
15.0,0.072827,0.01937111639271614
15.0,0.062403,0.016765217080230002
16.0,0.062403,0.016452509162731666
15.0,0.072827,0.019683824310214478
18.0,0.093675,0.025208330852685094
22.0,0.083111,0.01997975773553208
20.0,0.093535,0.022898364965516557
21.0,0.083111,0.020292465653030417
21.0,0.083111,0.01997975773553208
21.0,0.093535,0.023211072883014893
21.0,0.083111,0.01997975773553208
19.0,0.083111,0.01997975773553208
20.0,0.083111,0.020292465653030417
19.0,0.083111,0.020605173570528754
20.0,0.093535,0.023211072883014893
20.0,0.093535,0.022898364965516557
18.0,0.103959,0.025816972195501033
21.0,0.093535,0.023211072883014893
20.0,0.093535,0.023211072883014893
17.0,0.103959,0.026442388030497706
21.0,0.093535,0.022898364965516557
20.0,0.093535,0.022898364965516557
19.0,0.093535,0.023211072883014893
19.0,0.103959,0.025816972195501033
19.0,0.103959,0.02612968011299937
24.0,0.093535,0.023211072883014893
22.0,0.093535,0.02352378080051323
24.0,0.093535,0.022898364965516557
22.0,0.093535,0.022898364965516557
21.0,0.083111,0.020292465653030417
19.0,0.093535,0.023211072883014893
18.0,0.083111,0.020605173570528754
19.0,0.083111,0.020292465653030417
19.0,0.093535,0.02352378080051323
20.0,0.083111,0.020292465653030417
17.0,0.083111,0.020292465653030417
19.0,0.083111,0.020605173570528754
16.0,0.083111,0.02091788148802709
19.0,0.093535,0.02352378080051323
19.0,0.093535,0.023211072883014893
16.0,0.103959,0.02612968011299937
19.0,0.093535,0.02352378080051323
19.0,0.093535,0.02352378080051323
15.0,0.103959,0.026755095947996042
23.0,0.093535,0.023211072883014893
21.0,0.093535,0.023211072883014893
21.0,0.093535,0.02352378080051323
20.0,0.103959,0.02612968011299937
20.0,0.103959,0.026442388030497706
21.0,0.093535,0.022898364965516557
19.0,0.103959,0.025816972195501033
20.0,0.093535,0.022898364965516557
19.0,0.093535,0.023211072883014893
19.0,0.103959,0.02612968011299937
18.0,0.103959,0.025816972195501033
16.0,0.103959,0.02612968011299937
21.0,0.103959,0.025816972195501033
23.0,0.093535,0.023211072883014893
20.0,0.103959,0.02612968011299937
21.0,0.093535,0.023211072883014893
21.0,0.093535,0.02352378080051323
20.0,0.103959,0.026442388030497706
24.0,0.093535,0.023211072883014893
22.0,0.093535,0.02352378080051323
16.0,0.103959,0.026442388030497706
14.0,0.103959,0.026755095947996042
24.0,0.093535,0.022898364965516557
21.0,0.103959,0.025816972195501033
22.0,0.093535,0.022898364965516557
20.0,0.103959,0.025816972195501033
21.0,0.124747,0.036876399232391666
18.0,0.135171,0.03979500646237614
20.0,0.124747,0.03718910714989
20.0,0.124747,0.036876399232391666
19.0,0.135171,0.040107714379874475
19.0,0.124747,0.036876399232391666
18.0,0.124747,0.036876399232391666
19.0,0.124747,0.03718910714989
18.0,0.124747,0.03750181506738834
18.0,0.135171,0.040107714379874475
19.0,0.135171,0.03979500646237614
16.0,0.145595,0.04271361369236061
19.0,0.135171,0.040107714379874475
19.0,0.135171,0.040107714379874475
15.0,0.145595,0.043339029527357284
19.0,0.135171,0.03979500646237614
16.0,0.145595,0.04271361369236061
17.0,0.135171,0.03979500646237614
17.0,0.135171,0.040107714379874475
16.0,0.145595,0.04302632160985895
21.0,0.135171,0.040107714379874475
19.0,0.135171,0.04042042229737281
21.0,0.135171,0.03979500646237614
19.0,0.135171,0.03979500646237614
24.0,0.083111,0.01997975773553208
23.0,0.093535,0.022898364965516557
23.0,0.083111,0.020292465653030417
26.0,0.093535,0.023211072883014893
23.0,0.083111,0.020292465653030417
20.0,0.083111,0.020605173570528754
26.0,0.093535,0.023211072883014893
23.0,0.093535,0.022898364965516557
21.0,0.103959,0.025816972195501033
26.0,0.093535,0.023211072883014893
26.0,0.093535,0.023211072883014893
19.0,0.103959,0.026442388030497706
22.0,0.093535,0.022898364965516557
21.0,0.093535,0.023211072883014893
21.0,0.103959,0.025816972195501033
23.0,0.103959,0.02612968011299937
23.0,0.083111,0.01997975773553208
22.0,0.093535,0.022898364965516557
21.0,0.083111,0.020292465653030417
24.0,0.093535,0.023211072883014893
23.0,0.093535,0.023211072883014893
21.0,0.093535,0.02352378080051323
26.0,0.093535,0.022898364965516557
24.0,0.103959,0.025816972195501033
23.0,0.083111,0.01997975773553208
20.0,0.093535,0.022898364965516557
22.0,0.083111,0.020292465653030417
21.0,0.083111,0.01997975773553208
21.0,0.093535,0.023211072883014893
22.0,0.093535,0.022898364965516557
19.0,0.103959,0.025816972195501033
24.0,0.093535,0.023211072883014893
24.0,0.093535,0.022898364965516557
26.0,0.093535,0.022898364965516557
24.0,0.093535,0.022898364965516557
24.0,0.103959,0.025816972195501033
23.0,0.103959,0.025816972195501033
22.0,0.093535,0.022898364965516557
20.0,0.103959,0.025816972195501033
21.0,0.093535,0.023211072883014893
20.0,0.093535,0.022898364965516557
20.0,0.103959,0.02612968011299937
21.0,0.103959,0.025816972195501033
19.0,0.103959,0.025816972195501033
23.0,0.103959,0.02612968011299937
23.0,0.093535,0.023211072883014893
20.0,0.103959,0.02612968011299937
21.0,0.093535,0.02352378080051323
21.0,0.093535,0.023211072883014893
20.0,0.103959,0.026442388030497706
23.0,0.124747,0.036876399232391666
20.0,0.135171,0.03979500646237614
22.0,0.124747,0.03718910714989
22.0,0.124747,0.036876399232391666
21.0,0.135171,0.040107714379874475
22.0,0.135171,0.03979500646237614
19.0,0.145595,0.04271361369236061
24.0,0.135171,0.040107714379874475
25.0,0.135171,0.03979500646237614
21.0,0.135171,0.03979500646237614
18.0,0.145595,0.04271361369236061
19.0,0.135171,0.040107714379874475
19.0,0.135171,0.03979500646237614
18.0,0.145595,0.04302632160985895
20.0,0.124747,0.030009899228581313
19.0,0.135171,0.03292850645856579
20.0,0.124747,0.03032260714607965
21.0,0.135171,0.03324121437606413
20.0,0.124747,0.03032260714607965
17.0,0.124747,0.030635315063577986
22.0,0.135171,0.03324121437606413
19.0,0.135171,0.03292850645856579
16.0,0.145595,0.03584711368855027
21.0,0.135171,0.03324121437606413
22.0,0.135171,0.03324121437606413
15.0,0.145595,0.036472529523546945
19.0,0.124747,0.030009899228581313
18.0,0.124747,0.03032260714607965
18.0,0.135171,0.03292850645856579
19.0,0.135171,0.03324121437606413
22.0,0.135171,0.03292850645856579
18.0,0.145595,0.03584711368855027
18.0,0.135171,0.03292850645856579
17.0,0.145595,0.03584711368855027
17.0,0.135171,0.03324121437606413
18.0,0.145595,0.03615982160604861
19.0,0.135171,0.03324121437606413
17.0,0.135171,0.033553922293562466
17.0,0.208259,0.06168098368880413
15.0,0.218683,0.0645995909187886
15.0,0.218683,0.0645995909187886
21.0,0.083111,0.01997975773553208
20.0,0.093535,0.022898364965516557
20.0,0.083111,0.020292465653030417
18.0,0.083111,0.01997975773553208
19.0,0.093535,0.023211072883014893
20.0,0.083111,0.01997975773553208
17.0,0.083111,0.01997975773553208
20.0,0.083111,0.020292465653030417
18.0,0.083111,0.020605173570528754
20.0,0.093535,0.023211072883014893
19.0,0.093535,0.022898364965516557
17.0,0.103959,0.025816972195501033
20.0,0.093535,0.023211072883014893
19.0,0.093535,0.023211072883014893
16.0,0.103959,0.026442388030497706
19.0,0.093535,0.022898364965516557
16.0,0.093535,0.022898364965516557
18.0,0.093535,0.023211072883014893
17.0,0.103959,0.025816972195501033
17.0,0.103959,0.02612968011299937
21.0,0.093535,0.023211072883014893
19.0,0.093535,0.02352378080051323
21.0,0.093535,0.022898364965516557
18.0,0.093535,0.022898364965516557
23.0,0.083111,0.01997975773553208
22.0,0.093535,0.022898364965516557
22.0,0.083111,0.020292465653030417
20.0,0.083111,0.01997975773553208
21.0,0.093535,0.023211072883014893
22.0,0.093535,0.022898364965516557
19.0,0.093535,0.022898364965516557
25.0,0.093535,0.023211072883014893
22.0,0.083111,0.01997975773553208
20.0,0.093535,0.022898364965516557
20.0,0.083111,0.020292465653030417
19.0,0.083111,0.01997975773553208
19.0,0.093535,0.023211072883014893
24.0,0.093535,0.022898364965516557
21.0,0.093535,0.022898364965516557
17.0,0.135171,0.03292850645856579
15.0,0.145595,0.03584711368855027
16.0,0.135171,0.03292850645856579
16.0,0.145595,0.03584711368855027
20.0,0.135171,0.04042042229737281
17.0,0.145595,0.043339029527357284
18.0,0.135171,0.04073313021487115
18.0,0.135171,0.04042042229737281
17.0,0.145595,0.04365173744485562
15.0,0.218683,0.06522500675378527
20.0,0.041555,0.00998987886776604
19.0,0.051979,0.012908486097750516
19.0,0.041555,0.010302586785264377
19.0,0.041555,0.00998987886776604
19.0,0.051979,0.013221194015248853
17.0,0.041555,0.00998987886776604
16.0,0.041555,0.00998987886776604
19.0,0.041555,0.010302586785264377
17.0,0.041555,0.010615294702762713
18.0,0.051979,0.013221194015248853
19.0,0.051979,0.012908486097750516
17.0,0.062403,0.015827093327734992
18.0,0.051979,0.013221194015248853
19.0,0.051979,0.013221194015248853
15.0,0.062403,0.016452509162731666
19.0,0.051979,0.012908486097750516
18.0,0.051979,0.013221194015248853
16.0,0.051979,0.012908486097750516
18.0,0.062403,0.015827093327734992
17.0,0.062403,0.01613980124523333
23.0,0.051979,0.012908486097750516
20.0,0.051979,0.012908486097750516
22.0,0.051979,0.013221194015248853
21.0,0.051979,0.01353390193274719
19.0,0.041555,0.00998987886776604
18.0,0.051979,0.012908486097750516
17.0,0.041555,0.010302586785264377
17.0,0.041555,0.00998987886776604
17.0,0.051979,0.013221194015248853
16.0,0.041555,0.00998987886776604
14.0,0.041555,0.00998987886776604
18.0,0.041555,0.010302586785264377
16.0,0.041555,0.010615294702762713
17.0,0.051979,0.013221194015248853
17.0,0.051979,0.012908486097750516
16.0,0.062403,0.015827093327734992
16.0,0.051979,0.013221194015248853
17.0,0.051979,0.013221194015248853
13.0,0.062403,0.016452509162731666
22.0,0.051979,0.012908486097750516
20.0,0.051979,0.013221194015248853
19.0,0.051979,0.012908486097750516
20.0,0.062403,0.015827093327734992
19.0,0.062403,0.01613980124523333
19.0,0.051979,0.012908486097750516
18.0,0.062403,0.015827093327734992
16.0,0.051979,0.012908486097750516
18.0,0.051979,0.013221194015248853
17.0,0.062403,0.01613980124523333
17.0,0.062403,0.015827093327734992
14.0,0.062403,0.015827093327734992
20.0,0.062403,0.01613980124523333
21.0,0.051979,0.013221194015248853
19.0,0.062403,0.01613980124523333
20.0,0.051979,0.01353390193274719
19.0,0.062403,0.016452509162731666
21.0,0.051979,0.012908486097750516
20.0,0.062403,0.015827093327734992
18.0,0.051979,0.012908486097750516
20.0,0.051979,0.013221194015248853
19.0,0.062403,0.01613980124523333
22.0,0.051979,0.012908486097750516
19.0,0.051979,0.012908486097750516
15.0,0.062403,0.015827093327734992
12.0,0.062403,0.015827093327734992
21.0,0.083111,0.01997975773553208
19.0,0.093535,0.022898364965516557
20.0,0.083111,0.020292465653030417
20.0,0.083111,0.01997975773553208
20.0,0.093535,0.023211072883014893
18.0,0.083111,0.01997975773553208
17.0,0.083111,0.01997975773553208
20.0,0.083111,0.020292465653030417
18.0,0.083111,0.020605173570528754
19.0,0.093535,0.023211072883014893
20.0,0.093535,0.022898364965516557
17.0,0.103959,0.025816972195501033
19.0,0.093535,0.023211072883014893
20.0,0.093535,0.023211072883014893
16.0,0.103959,0.026442388030497706
19.0,0.093535,0.022898364965516557
17.0,0.103959,0.025816972195501033
16.0,0.093535,0.022898364965516557
18.0,0.093535,0.023211072883014893
17.0,0.103959,0.02612968011299937
21.0,0.093535,0.023211072883014893
19.0,0.093535,0.02352378080051323
21.0,0.093535,0.022898364965516557
18.0,0.093535,0.022898364965516557
23.0,0.083111,0.01997975773553208
22.0,0.083111,0.020292465653030417
20.0,0.083111,0.01997975773553208
22.0,0.093535,0.022898364965516557
21.0,0.093535,0.023211072883014893
22.0,0.093535,0.022898364965516557
19.0,0.093535,0.022898364965516557
24.0,0.093535,0.023211072883014893
22.0,0.083111,0.01997975773553208
20.0,0.083111,0.020292465653030417
19.0,0.083111,0.01997975773553208
19.0,0.093535,0.022898364965516557
19.0,0.093535,0.023211072883014893
24.0,0.093535,0.022898364965516557
21.0,0.093535,0.022898364965516557
22.0,0.124747,0.036876399232391666
20.0,0.124747,0.036876399232391666
21.0,0.135171,0.03979500646237614
22.0,0.135171,0.03979500646237614
20.0,0.135171,0.03979500646237614
18.0,0.135171,0.03979500646237614
20.0,0.124747,0.030009899228581313
19.0,0.124747,0.03032260714607965
17.0,0.124747,0.030009899228581313
18.0,0.135171,0.03292850645856579
18.0,0.135171,0.03324121437606413
18.0,0.135171,0.03292850645856579
15.0,0.135171,0.03292850645856579
20.0,0.135171,0.03324121437606413
19.0,0.083111,0.01997975773553208
17.0,0.093535,0.022898364965516557
17.0,0.083111,0.020292465653030417
16.0,0.083111,0.01997975773553208
16.0,0.093535,0.023211072883014893
16.0,0.083111,0.01997975773553208
13.0,0.083111,0.01997975773553208
17.0,0.083111,0.020292465653030417
15.0,0.083111,0.020605173570528754
16.0,0.093535,0.023211072883014893
17.0,0.093535,0.022898364965516557
15.0,0.103959,0.025816972195501033
16.0,0.093535,0.023211072883014893
16.0,0.093535,0.023211072883014893
12.0,0.103959,0.026442388030497706
22.0,0.083111,0.01997975773553208
19.0,0.083111,0.01997975773553208
19.0,0.083111,0.01997975773553208
16.0,0.083111,0.01997975773553208
15.0,0.135171,0.03292850645856579
12.0,0.135171,0.03292850645856579
18.0,0.135171,0.04042042229737281
15.0,0.135171,0.04042042229737281
20.0,0.083111,0.04904163398303707
18.0,0.093535,0.05196024121302155
19.0,0.083111,0.049354341900535406
19.0,0.083111,0.04904163398303707
19.0,0.093535,0.052272949130519886
19.0,0.083111,0.04904163398303707
17.0,0.083111,0.04904163398303707
17.0,0.083111,0.049354341900535406
16.0,0.083111,0.04966704981803374
18.0,0.093535,0.052272949130519886
18.0,0.093535,0.05196024121302155
16.0,0.103959,0.05487884844300603
19.0,0.093535,0.052272949130519886
18.0,0.093535,0.052272949130519886
15.0,0.103959,0.0555042642780027
19.0,0.093535,0.05196024121302155
18.0,0.093535,0.05196024121302155
16.0,0.093535,0.052272949130519886
17.0,0.103959,0.05487884844300603
17.0,0.103959,0.055191556360504365
22.0,0.093535,0.052272949130519886
19.0,0.093535,0.05258565704801822
22.0,0.093535,0.05196024121302155
20.0,0.093535,0.05196024121302155
19.0,0.083111,0.049354341900535406
17.0,0.093535,0.052272949130519886
16.0,0.083111,0.04966704981803374
17.0,0.083111,0.049354341900535406
16.0,0.093535,0.05258565704801822
17.0,0.083111,0.049354341900535406
15.0,0.083111,0.049354341900535406
16.0,0.083111,0.04966704981803374
13.0,0.083111,0.04997975773553208
16.0,0.093535,0.05258565704801822
17.0,0.093535,0.052272949130519886
14.0,0.103959,0.055191556360504365
16.0,0.093535,0.05258565704801822
16.0,0.093535,0.05258565704801822
12.0,0.103959,0.05581697219550104
21.0,0.093535,0.052272949130519886
19.0,0.093535,0.052272949130519886
18.0,0.093535,0.05258565704801822
18.0,0.103959,0.055191556360504365
18.0,0.103959,0.0555042642780027
19.0,0.093535,0.05196024121302155
17.0,0.103959,0.05487884844300603
18.0,0.093535,0.05196024121302155
16.0,0.093535,0.052272949130519886
17.0,0.103959,0.055191556360504365
16.0,0.103959,0.05487884844300603
14.0,0.103959,0.055191556360504365
19.0,0.103959,0.05487884844300603
21.0,0.093535,0.052272949130519886
18.0,0.103959,0.055191556360504365
19.0,0.093535,0.052272949130519886
18.0,0.093535,0.05258565704801822
18.0,0.103959,0.0555042642780027
22.0,0.093535,0.052272949130519886
19.0,0.093535,0.05258565704801822
14.0,0.103959,0.0555042642780027
11.0,0.103959,0.05581697219550104
22.0,0.093535,0.05196024121302155
19.0,0.103959,0.05487884844300603
20.0,0.093535,0.05196024121302155
18.0,0.103959,0.05487884844300603
20.0,0.083192,0.026886520364625622
19.0,0.093616,0.029805127594610098
19.0,0.083192,0.02719922828212396
19.0,0.083192,0.026886520364625622
19.0,0.093616,0.030117835512108435
19.0,0.083192,0.026886520364625622
17.0,0.083192,0.026886520364625622
19.0,0.083192,0.02719922828212396
17.0,0.083192,0.027511936199622295
19.0,0.093616,0.030117835512108435
17.0,0.093616,0.029805127594610098
16.0,0.10404,0.03272373482459458
18.0,0.093616,0.030117835512108435
18.0,0.093616,0.030117835512108435
15.0,0.10404,0.03334915065959125
19.0,0.093616,0.029805127594610098
18.0,0.093616,0.029805127594610098
18.0,0.093616,0.030117835512108435
16.0,0.10404,0.03272373482459458
17.0,0.10404,0.033036442742092914
21.0,0.093616,0.030117835512108435
20.0,0.093616,0.03043054342960677
22.0,0.093616,0.029805127594610098
20.0,0.093616,0.029805127594610098
19.0,0.093616,0.029805127594610098
17.0,0.10404,0.03272373482459458
17.0,0.093616,0.030117835512108435
18.0,0.093616,0.029805127594610098
17.0,0.10404,0.033036442742092914
17.0,0.093616,0.029805127594610098
16.0,0.093616,0.029805127594610098
18.0,0.093616,0.030117835512108435
16.0,0.093616,0.03043054342960677
17.0,0.10404,0.033036442742092914
16.0,0.10404,0.03272373482459458
14.0,0.114464,0.03564234205457905
16.0,0.10404,0.033036442742092914
17.0,0.10404,0.033036442742092914
13.0,0.114464,0.03626775788957572
19.0,0.093616,0.029805127594610098
18.0,0.093616,0.030117835512108435
18.0,0.093616,0.029805127594610098
16.0,0.10404,0.03272373482459458
17.0,0.10404,0.033036442742092914
17.0,0.10404,0.03272373482459458
14.0,0.114464,0.03564234205457905
19.0,0.10404,0.033036442742092914
20.0,0.10404,0.03272373482459458
15.0,0.124888,0.03856094928456352
12.0,0.135312,0.041479556514548
23.0,0.093616,0.029805127594610098
20.0,0.10404,0.03272373482459458
21.0,0.093616,0.029805127594610098
17.0,0.10404,0.03272373482459458
22.0,0.093616,0.030117835512108435
20.0,0.10404,0.033036442742092914
21.0,0.093616,0.03043054342960677
17.0,0.10404,0.03334915065959125
14.0,0.135312,0.042104972349544675
21.0,0.124747,0.036876399232391666
19.0,0.135171,0.03979500646237614
20.0,0.124747,0.03718910714989
19.0,0.124747,0.036876399232391666
19.0,0.135171,0.040107714379874475
20.0,0.124747,0.036876399232391666
17.0,0.124747,0.036876399232391666
19.0,0.124747,0.03718910714989
18.0,0.124747,0.03750181506738834
19.0,0.135171,0.040107714379874475
18.0,0.135171,0.03979500646237614
16.0,0.145595,0.04271361369236061
19.0,0.135171,0.040107714379874475
18.0,0.135171,0.040107714379874475
15.0,0.145595,0.043339029527357284
19.0,0.135171,0.03979500646237614
17.0,0.135171,0.03979500646237614
17.0,0.135171,0.040107714379874475
16.0,0.145595,0.04271361369236061
16.0,0.145595,0.04302632160985895
21.0,0.135171,0.040107714379874475
19.0,0.135171,0.04042042229737281
21.0,0.135171,0.03979500646237614
18.0,0.135171,0.03979500646237614
19.0,0.166383,0.053773040729251244
16.0,0.176807,0.056691647959235716
17.0,0.166383,0.05408574864674958
17.0,0.166383,0.053773040729251244
16.0,0.176807,0.05700435587673405
17.0,0.166383,0.053773040729251244
14.0,0.166383,0.053773040729251244
17.0,0.166383,0.05408574864674958
14.0,0.166383,0.05439845656424792
16.0,0.176807,0.05700435587673405
16.0,0.176807,0.056691647959235716
13.0,0.187231,0.059610255189220196
16.0,0.176807,0.05700435587673405
16.0,0.176807,0.05700435587673405
11.0,0.187231,0.06023567102421687
23.0,0.124747,0.036876399232391666
22.0,0.124747,0.03718910714989
22.0,0.124747,0.036876399232391666
20.0,0.135171,0.03979500646237614
21.0,0.135171,0.040107714379874475
22.0,0.135171,0.03979500646237614
19.0,0.145595,0.04271361369236061
24.0,0.135171,0.040107714379874475
25.0,0.135171,0.03979500646237614
21.0,0.135171,0.03979500646237614
19.0,0.135171,0.040107714379874475
19.0,0.135171,0.03979500646237614
18.0,0.145595,0.04271361369236061
18.0,0.145595,0.04302632160985895
22.0,0.166383,0.053773040729251244
19.0,0.176807,0.056691647959235716
19.0,0.176807,0.056691647959235716
16.0,0.187231,0.059610255189220196
19.0,0.166383,0.0469065407254409
18.0,0.166383,0.047219248642939235
18.0,0.166383,0.0469065407254409
16.0,0.176807,0.04982514795542537
17.0,0.176807,0.05013785587292371
17.0,0.176807,0.04982514795542538
14.0,0.187231,0.05274375518540985
19.0,0.176807,0.050137855872923714
19.0,0.176807,0.04982514795542538
15.0,0.249895,0.0785776251856637
12.0,0.260319,0.08149623241564818
22.0,0.124747,0.036876399232391666
21.0,0.135171,0.03979500646237614
20.0,0.124747,0.036876399232391666
22.0,0.135171,0.03979500646237614
20.0,0.135171,0.03979500646237614
18.0,0.135171,0.03979500646237614
17.0,0.176807,0.05731706379423239
14.0,0.187231,0.06023567102421687
10.0,0.260319,0.08212164825064486
18.0,0.093616,0.03043054342960677
16.0,0.10404,0.03334915065959125
16.0,0.093616,0.030743251347105108
16.0,0.093616,0.03043054342960677
16.0,0.10404,0.03366185857708959
15.0,0.093616,0.03043054342960677
13.0,0.093616,0.03043054342960677
17.0,0.093616,0.030743251347105108
14.0,0.093616,0.031055959264603444
16.0,0.10404,0.03366185857708959
15.0,0.10404,0.03334915065959125
13.0,0.114464,0.03626775788957572
15.0,0.10404,0.03366185857708959
16.0,0.10404,0.03366185857708959
12.0,0.114464,0.036893173724572396
20.0,0.135171,0.04042042229737281
18.0,0.135171,0.04073313021487115
18.0,0.135171,0.04042042229737281
17.0,0.145595,0.043339029527357284
17.0,0.145595,0.04365173744485562
17.0,0.176807,0.05731706379423239
14.0,0.187231,0.06023567102421687
18.0,0.135171,0.04042042229737281
15.0,0.135171,0.04042042229737281
11.0,0.187231,0.06086108685921354
17.0,0.166383,0.08314762489425458
14.0,0.176807,0.08606623212423904
14.0,0.166383,0.08346033281175291
14.0,0.166383,0.08314762489425458
13.0,0.176807,0.08637894004173738
14.0,0.166383,0.08314762489425458
11.0,0.166383,0.08314762489425458
14.0,0.166383,0.08346033281175291
11.0,0.166383,0.08377304072925125
13.0,0.176807,0.08637894004173738
14.0,0.176807,0.08606623212423904
11.0,0.187231,0.08898483935422352
13.0,0.176807,0.08637894004173738
13.0,0.176807,0.08637894004173738
8.0,0.187231,0.0896102551892202
14.0,0.249895,0.10795220935066703
11.0,0.260319,0.11087081658065151
21.0,0.041555,0.00998987886776604
20.0,0.051979,0.012908486097750516
20.0,0.041555,0.010302586785264377
23.0,0.051979,0.013221194015248853
20.0,0.041555,0.010302586785264377
17.0,0.041555,0.010615294702762713
23.0,0.051979,0.013221194015248853
20.0,0.051979,0.012908486097750516
18.0,0.062403,0.015827093327734992
23.0,0.051979,0.013221194015248853
23.0,0.051979,0.013221194015248853
16.0,0.062403,0.016452509162731666
20.0,0.051979,0.012908486097750516
19.0,0.051979,0.013221194015248853
19.0,0.062403,0.015827093327734992
21.0,0.062403,0.01613980124523333
20.0,0.041555,0.00998987886776604
19.0,0.051979,0.012908486097750516
19.0,0.041555,0.010302586785264377
22.0,0.051979,0.013221194015248853
21.0,0.051979,0.013221194015248853
18.0,0.051979,0.01353390193274719
23.0,0.051979,0.012908486097750516
22.0,0.062403,0.015827093327734992
20.0,0.051979,0.012908486097750516
18.0,0.062403,0.015827093327734992
19.0,0.051979,0.013221194015248853
20.0,0.051979,0.012908486097750516
19.0,0.062403,0.01613980124523333
19.0,0.062403,0.015827093327734992
17.0,0.072827,0.01874570055771947
21.0,0.062403,0.01613980124523333
23.0,0.062403,0.015827093327734992
20.0,0.051979,0.012908486097750516
19.0,0.062403,0.015827093327734992
19.0,0.051979,0.013221194015248853
22.0,0.062403,0.01613980124523333
19.0,0.051979,0.013221194015248853
16.0,0.051979,0.01353390193274719
21.0,0.062403,0.01613980124523333
19.0,0.062403,0.015827093327734992
16.0,0.072827,0.01874570055771947
22.0,0.062403,0.01613980124523333
21.0,0.062403,0.01613980124523333
14.0,0.072827,0.01937111639271614
17.0,0.083251,0.021664307787703944
15.0,0.093675,0.02458291501768842
24.0,0.051979,0.012908486097750516
23.0,0.062403,0.015827093327734992
23.0,0.051979,0.013221194015248853
22.0,0.062403,0.01613980124523333
20.0,0.041555,0.00998987886776604
20.0,0.051979,0.012908486097750516
19.0,0.041555,0.010302586785264377
18.0,0.041555,0.00998987886776604
19.0,0.051979,0.013221194015248853
19.0,0.051979,0.012908486097750516
17.0,0.051979,0.012908486097750516
22.0,0.051979,0.013221194015248853
21.0,0.051979,0.013221194015248853
19.0,0.062403,0.01613980124523333
18.0,0.051979,0.01353390193274719
19.0,0.051979,0.013221194015248853
16.0,0.062403,0.016452509162731666
24.0,0.051979,0.012908486097750516
22.0,0.062403,0.015827093327734992
23.0,0.051979,0.013221194015248853
22.0,0.062403,0.01613980124523333
23.0,0.051979,0.012908486097750516
21.0,0.062403,0.015827093327734992
23.0,0.062403,0.015827093327734992
17.0,0.062403,0.015827093327734992
15.0,0.072827,0.01874570055771947
14.0,0.093675,0.025208330852685094
20.0,0.041555,0.00998987886776604
19.0,0.051979,0.012908486097750516
19.0,0.041555,0.00998987886776604
23.0,0.051979,0.012908486097750516
19.0,0.041555,0.00998987886776604
17.0,0.041555,0.00998987886776604
23.0,0.051979,0.012908486097750516
19.0,0.051979,0.012908486097750516
18.0,0.062403,0.015827093327734992
22.0,0.051979,0.012908486097750516
22.0,0.051979,0.012908486097750516
16.0,0.062403,0.015827093327734992
18.0,0.051979,0.012908486097750516
18.0,0.051979,0.012908486097750516
17.0,0.062403,0.015827093327734992
21.0,0.062403,0.015827093327734992
19.0,0.041555,0.010302586785264377
18.0,0.051979,0.013221194015248853
17.0,0.041555,0.010302586785264377
21.0,0.051979,0.013221194015248853
19.0,0.051979,0.013221194015248853
17.0,0.051979,0.013221194015248853
21.0,0.051979,0.013221194015248853
19.0,0.062403,0.01613980124523333
23.0,0.051979,0.012908486097750516
22.0,0.062403,0.015827093327734992
22.0,0.051979,0.012908486097750516
21.0,0.062403,0.015827093327734992
22.0,0.051979,0.012908486097750516
20.0,0.051979,0.012908486097750516
22.0,0.062403,0.015827093327734992
22.0,0.062403,0.015827093327734992
19.0,0.072827,0.01874570055771947
22.0,0.062403,0.015827093327734992
22.0,0.062403,0.015827093327734992
17.0,0.072827,0.01874570055771947
20.0,0.041555,0.010302586785264377
19.0,0.051979,0.013221194015248853
19.0,0.041555,0.010615294702762713
22.0,0.051979,0.01353390193274719
19.0,0.041555,0.010615294702762713
16.0,0.041555,0.01092800262026105
22.0,0.051979,0.01353390193274719
19.0,0.051979,0.013221194015248853
17.0,0.062403,0.01613980124523333
22.0,0.051979,0.01353390193274719
22.0,0.051979,0.01353390193274719
15.0,0.062403,0.016765217080230002
19.0,0.051979,0.013221194015248853
18.0,0.051979,0.01353390193274719
18.0,0.062403,0.01613980124523333
20.0,0.062403,0.016452509162731666
20.0,0.041555,0.010302586785264377
19.0,0.051979,0.013221194015248853
18.0,0.041555,0.010615294702762713
21.0,0.051979,0.01353390193274719
20.0,0.051979,0.01353390193274719
17.0,0.051979,0.013846609850245526
23.0,0.051979,0.013221194015248853
21.0,0.062403,0.01613980124523333
20.0,0.051979,0.013221194015248853
18.0,0.062403,0.01613980124523333
19.0,0.051979,0.01353390193274719
20.0,0.051979,0.013221194015248853
19.0,0.062403,0.016452509162731666
19.0,0.062403,0.01613980124523333
17.0,0.072827,0.019058408475217805
21.0,0.062403,0.016452509162731666
23.0,0.062403,0.01613980124523333
23.0,0.051979,0.013221194015248853
22.0,0.062403,0.01613980124523333
23.0,0.051979,0.01353390193274719
21.0,0.062403,0.016452509162731666
23.0,0.051979,0.01353390193274719
20.0,0.051979,0.013846609850245526
22.0,0.062403,0.016452509162731666
22.0,0.062403,0.01613980124523333
17.0,0.072827,0.019058408475217805
23.0,0.062403,0.016452509162731666
23.0,0.062403,0.016452509162731666
16.0,0.072827,0.019683824310214478
19.0,0.051979,0.012908486097750516
18.0,0.062403,0.015827093327734992
18.0,0.051979,0.013221194015248853
18.0,0.051979,0.012908486097750516
18.0,0.062403,0.01613980124523333
18.0,0.062403,0.015827093327734992
17.0,0.062403,0.015827093327734992
20.0,0.062403,0.01613980124523333
18.0,0.062403,0.015827093327734992
16.0,0.072827,0.01874570055771947
16.0,0.062403,0.01613980124523333
17.0,0.062403,0.015827093327734992
16.0,0.072827,0.019058408475217805
18.0,0.062403,0.015827093327734992
17.0,0.072827,0.01874570055771947
17.0,0.062403,0.01613980124523333
18.0,0.072827,0.019058408475217805
15.0,0.093675,0.02458291501768842
22.0,0.062403,0.015827093327734992
20.0,0.072827,0.01874570055771947
20.0,0.051979,0.013221194015248853
18.0,0.062403,0.01613980124523333
18.0,0.051979,0.01353390193274719
19.0,0.051979,0.013221194015248853
18.0,0.062403,0.016452509162731666
19.0,0.062403,0.01613980124523333
17.0,0.062403,0.016452509162731666
23.0,0.062403,0.01613980124523333
20.0,0.051979,0.013221194015248853
19.0,0.062403,0.01613980124523333
19.0,0.051979,0.01353390193274719
19.0,0.051979,0.013221194015248853
19.0,0.062403,0.016452509162731666
19.0,0.062403,0.01613980124523333
18.0,0.062403,0.01613980124523333
21.0,0.062403,0.016452509162731666
17.0,0.062403,0.016452509162731666
15.0,0.072827,0.01937111639271614
15.0,0.062403,0.016765217080230002
16.0,0.062403,0.016452509162731666
15.0,0.072827,0.019683824310214478
18.0,0.093675,0.025208330852685094
24.0,0.083111,0.01997975773553208
23.0,0.093535,0.022898364965516557
23.0,0.083111,0.020292465653030417
26.0,0.093535,0.023211072883014893
23.0,0.083111,0.020292465653030417
20.0,0.083111,0.020605173570528754
26.0,0.093535,0.023211072883014893
23.0,0.093535,0.022898364965516557
21.0,0.103959,0.025816972195501033
26.0,0.093535,0.023211072883014893
26.0,0.093535,0.023211072883014893
19.0,0.103959,0.026442388030497706
22.0,0.093535,0.022898364965516557
21.0,0.093535,0.023211072883014893
21.0,0.103959,0.025816972195501033
23.0,0.103959,0.02612968011299937
23.0,0.083111,0.01997975773553208
22.0,0.093535,0.022898364965516557
21.0,0.083111,0.020292465653030417
24.0,0.093535,0.023211072883014893
23.0,0.093535,0.023211072883014893
21.0,0.093535,0.02352378080051323
26.0,0.093535,0.022898364965516557
24.0,0.103959,0.025816972195501033
23.0,0.083111,0.01997975773553208
20.0,0.093535,0.022898364965516557
22.0,0.083111,0.020292465653030417
21.0,0.083111,0.01997975773553208
21.0,0.093535,0.023211072883014893
22.0,0.093535,0.022898364965516557
19.0,0.103959,0.025816972195501033
24.0,0.093535,0.023211072883014893
24.0,0.093535,0.022898364965516557
26.0,0.093535,0.022898364965516557
24.0,0.093535,0.022898364965516557
24.0,0.103959,0.025816972195501033
23.0,0.103959,0.025816972195501033
22.0,0.093535,0.022898364965516557
20.0,0.103959,0.025816972195501033
21.0,0.093535,0.023211072883014893
20.0,0.093535,0.022898364965516557
20.0,0.103959,0.02612968011299937
21.0,0.103959,0.025816972195501033
19.0,0.103959,0.025816972195501033
23.0,0.103959,0.02612968011299937
23.0,0.093535,0.023211072883014893
20.0,0.103959,0.02612968011299937
21.0,0.093535,0.02352378080051323
21.0,0.093535,0.023211072883014893
20.0,0.103959,0.026442388030497706
23.0,0.124747,0.036876399232391666
20.0,0.135171,0.03979500646237614
22.0,0.124747,0.03718910714989
22.0,0.124747,0.036876399232391666
21.0,0.135171,0.040107714379874475
22.0,0.135171,0.03979500646237614
19.0,0.145595,0.04271361369236061
24.0,0.135171,0.040107714379874475
25.0,0.135171,0.03979500646237614
21.0,0.135171,0.03979500646237614
18.0,0.145595,0.04271361369236061
19.0,0.135171,0.040107714379874475
19.0,0.135171,0.03979500646237614
18.0,0.145595,0.04302632160985895
22.0,0.083111,0.01997975773553208
20.0,0.093535,0.022898364965516557
21.0,0.083111,0.020292465653030417
21.0,0.083111,0.01997975773553208
21.0,0.093535,0.023211072883014893
21.0,0.083111,0.01997975773553208
19.0,0.083111,0.01997975773553208
20.0,0.083111,0.020292465653030417
19.0,0.083111,0.020605173570528754
20.0,0.093535,0.023211072883014893
20.0,0.093535,0.022898364965516557
18.0,0.103959,0.025816972195501033
21.0,0.093535,0.023211072883014893
20.0,0.093535,0.023211072883014893
17.0,0.103959,0.026442388030497706
21.0,0.093535,0.022898364965516557
20.0,0.093535,0.022898364965516557
19.0,0.093535,0.023211072883014893
19.0,0.103959,0.025816972195501033
19.0,0.103959,0.02612968011299937
24.0,0.093535,0.023211072883014893
22.0,0.093535,0.02352378080051323
24.0,0.093535,0.022898364965516557
22.0,0.093535,0.022898364965516557
21.0,0.083111,0.020292465653030417
19.0,0.093535,0.023211072883014893
18.0,0.083111,0.020605173570528754
19.0,0.083111,0.020292465653030417
19.0,0.093535,0.02352378080051323
20.0,0.083111,0.020292465653030417
17.0,0.083111,0.020292465653030417
19.0,0.083111,0.020605173570528754
16.0,0.083111,0.02091788148802709
19.0,0.093535,0.02352378080051323
19.0,0.093535,0.023211072883014893
16.0,0.103959,0.02612968011299937
19.0,0.093535,0.02352378080051323
19.0,0.093535,0.02352378080051323
15.0,0.103959,0.026755095947996042
23.0,0.093535,0.023211072883014893
21.0,0.093535,0.023211072883014893
21.0,0.093535,0.02352378080051323
20.0,0.103959,0.02612968011299937
20.0,0.103959,0.026442388030497706
21.0,0.093535,0.022898364965516557
19.0,0.103959,0.025816972195501033
20.0,0.093535,0.022898364965516557
19.0,0.093535,0.023211072883014893
19.0,0.103959,0.02612968011299937
18.0,0.103959,0.025816972195501033
16.0,0.103959,0.02612968011299937
21.0,0.103959,0.025816972195501033
24.0,0.093535,0.023211072883014893
22.0,0.093535,0.02352378080051323
23.0,0.093535,0.023211072883014893
20.0,0.103959,0.02612968011299937
21.0,0.093535,0.023211072883014893
21.0,0.093535,0.02352378080051323
20.0,0.103959,0.026442388030497706
16.0,0.103959,0.026442388030497706
14.0,0.103959,0.026755095947996042
24.0,0.093535,0.022898364965516557
21.0,0.103959,0.025816972195501033
22.0,0.093535,0.022898364965516557
20.0,0.103959,0.025816972195501033
21.0,0.124747,0.036876399232391666
18.0,0.135171,0.03979500646237614
20.0,0.124747,0.03718910714989
20.0,0.124747,0.036876399232391666
19.0,0.135171,0.040107714379874475
19.0,0.124747,0.036876399232391666
18.0,0.124747,0.036876399232391666
19.0,0.124747,0.03718910714989
18.0,0.124747,0.03750181506738834
18.0,0.135171,0.040107714379874475
19.0,0.135171,0.03979500646237614
16.0,0.145595,0.04271361369236061
19.0,0.135171,0.040107714379874475
19.0,0.135171,0.040107714379874475
15.0,0.145595,0.043339029527357284
19.0,0.135171,0.03979500646237614
16.0,0.145595,0.04271361369236061
17.0,0.135171,0.03979500646237614
17.0,0.135171,0.040107714379874475
16.0,0.145595,0.04302632160985895
21.0,0.135171,0.040107714379874475
19.0,0.135171,0.04042042229737281
21.0,0.135171,0.03979500646237614
19.0,0.135171,0.03979500646237614
20.0,0.124747,0.030009899228581313
19.0,0.135171,0.03292850645856579
20.0,0.124747,0.03032260714607965
22.0,0.135171,0.03324121437606413
20.0,0.124747,0.03032260714607965
17.0,0.124747,0.030635315063577986
21.0,0.135171,0.03324121437606413
19.0,0.135171,0.03292850645856579
16.0,0.145595,0.03584711368855027
22.0,0.135171,0.03324121437606413
21.0,0.135171,0.03324121437606413
15.0,0.145595,0.036472529523546945
19.0,0.124747,0.030009899228581313
18.0,0.124747,0.03032260714607965
18.0,0.135171,0.03292850645856579
19.0,0.135171,0.03324121437606413
22.0,0.135171,0.03292850645856579
18.0,0.145595,0.03584711368855027
18.0,0.135171,0.03292850645856579
17.0,0.145595,0.03584711368855027
17.0,0.135171,0.03324121437606413
18.0,0.145595,0.03615982160604861
19.0,0.135171,0.03324121437606413
17.0,0.135171,0.033553922293562466
17.0,0.208259,0.06168098368880413
15.0,0.218683,0.0645995909187886
15.0,0.218683,0.0645995909187886
23.0,0.083111,0.01997975773553208
22.0,0.093535,0.022898364965516557
22.0,0.083111,0.020292465653030417
20.0,0.083111,0.01997975773553208
21.0,0.093535,0.023211072883014893
22.0,0.093535,0.022898364965516557
19.0,0.093535,0.022898364965516557
25.0,0.093535,0.023211072883014893
22.0,0.083111,0.01997975773553208
20.0,0.093535,0.022898364965516557
20.0,0.083111,0.020292465653030417
19.0,0.083111,0.01997975773553208
19.0,0.093535,0.023211072883014893
24.0,0.093535,0.022898364965516557
21.0,0.093535,0.022898364965516557
21.0,0.083111,0.01997975773553208
20.0,0.093535,0.022898364965516557
20.0,0.083111,0.020292465653030417
18.0,0.083111,0.01997975773553208
19.0,0.093535,0.023211072883014893
20.0,0.083111,0.01997975773553208
17.0,0.083111,0.01997975773553208
20.0,0.083111,0.020292465653030417
18.0,0.083111,0.020605173570528754
20.0,0.093535,0.023211072883014893
19.0,0.093535,0.022898364965516557
17.0,0.103959,0.025816972195501033
20.0,0.093535,0.023211072883014893
19.0,0.093535,0.023211072883014893
16.0,0.103959,0.026442388030497706
19.0,0.093535,0.022898364965516557
16.0,0.093535,0.022898364965516557
18.0,0.093535,0.023211072883014893
17.0,0.103959,0.025816972195501033
17.0,0.103959,0.02612968011299937
21.0,0.093535,0.023211072883014893
19.0,0.093535,0.02352378080051323
21.0,0.093535,0.022898364965516557
18.0,0.093535,0.022898364965516557
17.0,0.135171,0.03292850645856579
15.0,0.145595,0.03584711368855027
16.0,0.135171,0.03292850645856579
16.0,0.145595,0.03584711368855027
20.0,0.135171,0.04042042229737281
17.0,0.145595,0.043339029527357284
18.0,0.135171,0.04073313021487115
18.0,0.135171,0.04042042229737281
17.0,0.145595,0.04365173744485562
15.0,0.218683,0.06522500675378527
20.0,0.041555,0.00998987886776604
19.0,0.051979,0.012908486097750516
19.0,0.041555,0.010302586785264377
19.0,0.041555,0.00998987886776604
19.0,0.051979,0.013221194015248853
17.0,0.041555,0.00998987886776604
16.0,0.041555,0.00998987886776604
19.0,0.041555,0.010302586785264377
17.0,0.041555,0.010615294702762713
18.0,0.051979,0.013221194015248853
19.0,0.051979,0.012908486097750516
17.0,0.062403,0.015827093327734992
18.0,0.051979,0.013221194015248853
19.0,0.051979,0.013221194015248853
15.0,0.062403,0.016452509162731666
19.0,0.051979,0.012908486097750516
18.0,0.051979,0.013221194015248853
16.0,0.051979,0.012908486097750516
18.0,0.062403,0.015827093327734992
17.0,0.062403,0.01613980124523333
23.0,0.051979,0.012908486097750516
20.0,0.051979,0.012908486097750516
22.0,0.051979,0.013221194015248853
21.0,0.051979,0.01353390193274719
19.0,0.041555,0.00998987886776604
18.0,0.051979,0.012908486097750516
17.0,0.041555,0.010302586785264377
17.0,0.041555,0.00998987886776604
17.0,0.051979,0.013221194015248853
16.0,0.041555,0.00998987886776604
14.0,0.041555,0.00998987886776604
18.0,0.041555,0.010302586785264377
16.0,0.041555,0.010615294702762713
17.0,0.051979,0.013221194015248853
17.0,0.051979,0.012908486097750516
16.0,0.062403,0.015827093327734992
16.0,0.051979,0.013221194015248853
17.0,0.051979,0.013221194015248853
13.0,0.062403,0.016452509162731666
22.0,0.051979,0.012908486097750516
20.0,0.051979,0.013221194015248853
19.0,0.051979,0.012908486097750516
20.0,0.062403,0.015827093327734992
19.0,0.062403,0.01613980124523333
19.0,0.051979,0.012908486097750516
18.0,0.062403,0.015827093327734992
16.0,0.051979,0.012908486097750516
18.0,0.051979,0.013221194015248853
17.0,0.062403,0.01613980124523333
17.0,0.062403,0.015827093327734992
14.0,0.062403,0.015827093327734992
20.0,0.062403,0.01613980124523333
21.0,0.051979,0.013221194015248853
19.0,0.062403,0.01613980124523333
20.0,0.051979,0.01353390193274719
19.0,0.062403,0.016452509162731666
22.0,0.051979,0.012908486097750516
19.0,0.051979,0.012908486097750516
21.0,0.051979,0.012908486097750516
20.0,0.062403,0.015827093327734992
18.0,0.051979,0.012908486097750516
20.0,0.051979,0.013221194015248853
19.0,0.062403,0.01613980124523333
15.0,0.062403,0.015827093327734992
12.0,0.062403,0.015827093327734992
23.0,0.083111,0.01997975773553208
22.0,0.083111,0.020292465653030417
20.0,0.083111,0.01997975773553208
22.0,0.093535,0.022898364965516557
21.0,0.093535,0.023211072883014893
22.0,0.093535,0.022898364965516557
19.0,0.093535,0.022898364965516557
24.0,0.093535,0.023211072883014893
22.0,0.083111,0.01997975773553208
20.0,0.083111,0.020292465653030417
19.0,0.083111,0.01997975773553208
19.0,0.093535,0.022898364965516557
19.0,0.093535,0.023211072883014893
24.0,0.093535,0.022898364965516557
21.0,0.093535,0.022898364965516557
22.0,0.124747,0.036876399232391666
20.0,0.124747,0.036876399232391666
21.0,0.135171,0.03979500646237614
22.0,0.135171,0.03979500646237614
20.0,0.135171,0.03979500646237614
18.0,0.135171,0.03979500646237614
21.0,0.083111,0.01997975773553208
19.0,0.093535,0.022898364965516557
20.0,0.083111,0.020292465653030417
20.0,0.083111,0.01997975773553208
20.0,0.093535,0.023211072883014893
18.0,0.083111,0.01997975773553208
17.0,0.083111,0.01997975773553208
20.0,0.083111,0.020292465653030417
18.0,0.083111,0.020605173570528754
19.0,0.093535,0.023211072883014893
20.0,0.093535,0.022898364965516557
17.0,0.103959,0.025816972195501033
19.0,0.093535,0.023211072883014893
20.0,0.093535,0.023211072883014893
16.0,0.103959,0.026442388030497706
19.0,0.093535,0.022898364965516557
17.0,0.103959,0.025816972195501033
16.0,0.093535,0.022898364965516557
18.0,0.093535,0.023211072883014893
17.0,0.103959,0.02612968011299937
21.0,0.093535,0.023211072883014893
19.0,0.093535,0.02352378080051323
21.0,0.093535,0.022898364965516557
18.0,0.093535,0.022898364965516557
20.0,0.124747,0.030009899228581313
19.0,0.124747,0.03032260714607965
17.0,0.124747,0.030009899228581313
18.0,0.135171,0.03292850645856579
18.0,0.135171,0.03324121437606413
18.0,0.135171,0.03292850645856579
15.0,0.135171,0.03292850645856579
20.0,0.135171,0.03324121437606413
22.0,0.083111,0.01997975773553208
19.0,0.083111,0.01997975773553208
19.0,0.083111,0.01997975773553208
16.0,0.083111,0.01997975773553208
19.0,0.083111,0.01997975773553208
17.0,0.093535,0.022898364965516557
17.0,0.083111,0.020292465653030417
16.0,0.083111,0.01997975773553208
16.0,0.093535,0.023211072883014893
16.0,0.083111,0.01997975773553208
13.0,0.083111,0.01997975773553208
17.0,0.083111,0.020292465653030417
15.0,0.083111,0.020605173570528754
16.0,0.093535,0.023211072883014893
17.0,0.093535,0.022898364965516557
15.0,0.103959,0.025816972195501033
16.0,0.093535,0.023211072883014893
16.0,0.093535,0.023211072883014893
12.0,0.103959,0.026442388030497706
15.0,0.135171,0.03292850645856579
12.0,0.135171,0.03292850645856579
18.0,0.135171,0.04042042229737281
15.0,0.135171,0.04042042229737281
20.0,0.083111,0.04904163398303707
18.0,0.093535,0.05196024121302155
19.0,0.083111,0.049354341900535406
19.0,0.083111,0.04904163398303707
19.0,0.093535,0.052272949130519886
19.0,0.083111,0.04904163398303707
17.0,0.083111,0.04904163398303707
17.0,0.083111,0.049354341900535406
16.0,0.083111,0.04966704981803374
18.0,0.093535,0.052272949130519886
18.0,0.093535,0.05196024121302155
16.0,0.103959,0.05487884844300603
19.0,0.093535,0.052272949130519886
18.0,0.093535,0.052272949130519886
15.0,0.103959,0.0555042642780027
19.0,0.093535,0.05196024121302155
18.0,0.093535,0.05196024121302155
16.0,0.093535,0.052272949130519886
17.0,0.103959,0.05487884844300603
17.0,0.103959,0.055191556360504365
22.0,0.093535,0.052272949130519886
19.0,0.093535,0.05258565704801822
22.0,0.093535,0.05196024121302155
20.0,0.093535,0.05196024121302155
19.0,0.083111,0.049354341900535406
17.0,0.093535,0.052272949130519886
16.0,0.083111,0.04966704981803374
17.0,0.083111,0.049354341900535406
16.0,0.093535,0.05258565704801822
17.0,0.083111,0.049354341900535406
15.0,0.083111,0.049354341900535406
16.0,0.083111,0.04966704981803374
13.0,0.083111,0.04997975773553208
16.0,0.093535,0.05258565704801822
17.0,0.093535,0.052272949130519886
14.0,0.103959,0.055191556360504365
16.0,0.093535,0.05258565704801822
16.0,0.093535,0.05258565704801822
12.0,0.103959,0.05581697219550104
21.0,0.093535,0.052272949130519886
19.0,0.093535,0.052272949130519886
18.0,0.093535,0.05258565704801822
18.0,0.103959,0.055191556360504365
18.0,0.103959,0.0555042642780027
19.0,0.093535,0.05196024121302155
17.0,0.103959,0.05487884844300603
18.0,0.093535,0.05196024121302155
16.0,0.093535,0.052272949130519886
17.0,0.103959,0.055191556360504365
16.0,0.103959,0.05487884844300603
14.0,0.103959,0.055191556360504365
19.0,0.103959,0.05487884844300603
22.0,0.093535,0.052272949130519886
19.0,0.093535,0.05258565704801822
21.0,0.093535,0.052272949130519886
18.0,0.103959,0.055191556360504365
19.0,0.093535,0.052272949130519886
18.0,0.093535,0.05258565704801822
18.0,0.103959,0.0555042642780027
14.0,0.103959,0.0555042642780027
11.0,0.103959,0.05581697219550104
22.0,0.093535,0.05196024121302155
19.0,0.103959,0.05487884844300603
20.0,0.093535,0.05196024121302155
18.0,0.103959,0.05487884844300603
20.0,0.083192,0.026886520364625622
19.0,0.093616,0.029805127594610098
19.0,0.083192,0.02719922828212396
19.0,0.083192,0.026886520364625622
19.0,0.093616,0.030117835512108435
19.0,0.083192,0.026886520364625622
17.0,0.083192,0.026886520364625622
19.0,0.083192,0.02719922828212396
17.0,0.083192,0.027511936199622295
19.0,0.093616,0.030117835512108435
17.0,0.093616,0.029805127594610098
16.0,0.10404,0.03272373482459458
18.0,0.093616,0.030117835512108435
18.0,0.093616,0.030117835512108435
15.0,0.10404,0.03334915065959125
19.0,0.093616,0.029805127594610098
18.0,0.093616,0.029805127594610098
18.0,0.093616,0.030117835512108435
16.0,0.10404,0.03272373482459458
17.0,0.10404,0.033036442742092914
21.0,0.093616,0.030117835512108435
20.0,0.093616,0.03043054342960677
22.0,0.093616,0.029805127594610098
20.0,0.093616,0.029805127594610098
19.0,0.093616,0.029805127594610098
17.0,0.10404,0.03272373482459458
17.0,0.093616,0.030117835512108435
18.0,0.093616,0.029805127594610098
17.0,0.10404,0.033036442742092914
17.0,0.093616,0.029805127594610098
16.0,0.093616,0.029805127594610098
18.0,0.093616,0.030117835512108435
16.0,0.093616,0.03043054342960677
17.0,0.10404,0.033036442742092914
16.0,0.10404,0.03272373482459458
14.0,0.114464,0.03564234205457905
16.0,0.10404,0.033036442742092914
17.0,0.10404,0.033036442742092914
13.0,0.114464,0.03626775788957572
19.0,0.093616,0.029805127594610098
18.0,0.093616,0.030117835512108435
18.0,0.093616,0.029805127594610098
16.0,0.10404,0.03272373482459458
17.0,0.10404,0.033036442742092914
17.0,0.10404,0.03272373482459458
14.0,0.114464,0.03564234205457905
19.0,0.10404,0.033036442742092914
20.0,0.10404,0.03272373482459458
15.0,0.124888,0.03856094928456352
12.0,0.135312,0.041479556514548
23.0,0.093616,0.029805127594610098
20.0,0.10404,0.03272373482459458
21.0,0.093616,0.029805127594610098
17.0,0.10404,0.03272373482459458
22.0,0.093616,0.030117835512108435
20.0,0.10404,0.033036442742092914
21.0,0.093616,0.03043054342960677
17.0,0.10404,0.03334915065959125
14.0,0.135312,0.042104972349544675
23.0,0.124747,0.036876399232391666
22.0,0.124747,0.03718910714989
22.0,0.124747,0.036876399232391666
20.0,0.135171,0.03979500646237614
21.0,0.135171,0.040107714379874475
22.0,0.135171,0.03979500646237614
19.0,0.145595,0.04271361369236061
24.0,0.135171,0.040107714379874475
25.0,0.135171,0.03979500646237614
21.0,0.135171,0.03979500646237614
19.0,0.135171,0.040107714379874475
19.0,0.135171,0.03979500646237614
18.0,0.145595,0.04271361369236061
18.0,0.145595,0.04302632160985895
22.0,0.166383,0.053773040729251244
19.0,0.176807,0.056691647959235716
19.0,0.176807,0.056691647959235716
16.0,0.187231,0.059610255189220196
21.0,0.124747,0.036876399232391666
19.0,0.135171,0.03979500646237614
20.0,0.124747,0.03718910714989
19.0,0.124747,0.036876399232391666
19.0,0.135171,0.040107714379874475
20.0,0.124747,0.036876399232391666
17.0,0.124747,0.036876399232391666
19.0,0.124747,0.03718910714989
18.0,0.124747,0.03750181506738834
19.0,0.135171,0.040107714379874475
18.0,0.135171,0.03979500646237614
16.0,0.145595,0.04271361369236061
19.0,0.135171,0.040107714379874475
18.0,0.135171,0.040107714379874475
15.0,0.145595,0.043339029527357284
19.0,0.135171,0.03979500646237614
17.0,0.135171,0.03979500646237614
17.0,0.135171,0.040107714379874475
16.0,0.145595,0.04271361369236061
16.0,0.145595,0.04302632160985895
21.0,0.135171,0.040107714379874475
19.0,0.135171,0.04042042229737281
21.0,0.135171,0.03979500646237614
18.0,0.135171,0.03979500646237614
19.0,0.166383,0.053773040729251244
16.0,0.176807,0.056691647959235716
17.0,0.166383,0.05408574864674958
17.0,0.166383,0.053773040729251244
16.0,0.176807,0.05700435587673405
17.0,0.166383,0.053773040729251244
14.0,0.166383,0.053773040729251244
17.0,0.166383,0.05408574864674958
14.0,0.166383,0.05439845656424792
16.0,0.176807,0.05700435587673405
16.0,0.176807,0.056691647959235716
13.0,0.187231,0.059610255189220196
16.0,0.176807,0.05700435587673405
16.0,0.176807,0.05700435587673405
11.0,0.187231,0.06023567102421687
19.0,0.166383,0.0469065407254409
18.0,0.166383,0.047219248642939235
18.0,0.166383,0.0469065407254409
16.0,0.176807,0.04982514795542537
17.0,0.176807,0.05013785587292371
17.0,0.176807,0.04982514795542538
14.0,0.187231,0.05274375518540985
19.0,0.176807,0.050137855872923714
19.0,0.176807,0.04982514795542538
15.0,0.249895,0.0785776251856637
12.0,0.260319,0.08149623241564818
22.0,0.124747,0.036876399232391666
21.0,0.135171,0.03979500646237614
20.0,0.124747,0.036876399232391666
22.0,0.135171,0.03979500646237614
20.0,0.135171,0.03979500646237614
18.0,0.135171,0.03979500646237614
17.0,0.176807,0.05731706379423239
14.0,0.187231,0.06023567102421687
10.0,0.260319,0.08212164825064486
18.0,0.093616,0.03043054342960677
16.0,0.10404,0.03334915065959125
16.0,0.093616,0.030743251347105108
16.0,0.093616,0.03043054342960677
16.0,0.10404,0.03366185857708959
15.0,0.093616,0.03043054342960677
13.0,0.093616,0.03043054342960677
17.0,0.093616,0.030743251347105108
14.0,0.093616,0.031055959264603444
16.0,0.10404,0.03366185857708959
15.0,0.10404,0.03334915065959125
13.0,0.114464,0.03626775788957572
15.0,0.10404,0.03366185857708959
16.0,0.10404,0.03366185857708959
12.0,0.114464,0.036893173724572396
20.0,0.135171,0.04042042229737281
18.0,0.135171,0.04073313021487115
18.0,0.135171,0.04042042229737281
17.0,0.145595,0.043339029527357284
17.0,0.145595,0.04365173744485562
17.0,0.176807,0.05731706379423239
14.0,0.187231,0.06023567102421687
18.0,0.135171,0.04042042229737281
15.0,0.135171,0.04042042229737281
11.0,0.187231,0.06086108685921354
17.0,0.166383,0.08314762489425458
14.0,0.176807,0.08606623212423904
14.0,0.166383,0.08346033281175291
14.0,0.166383,0.08314762489425458
13.0,0.176807,0.08637894004173738
14.0,0.166383,0.08314762489425458
11.0,0.166383,0.08314762489425458
14.0,0.166383,0.08346033281175291
11.0,0.166383,0.08377304072925125
13.0,0.176807,0.08637894004173738
14.0,0.176807,0.08606623212423904
11.0,0.187231,0.08898483935422352
13.0,0.176807,0.08637894004173738
13.0,0.176807,0.08637894004173738
8.0,0.187231,0.0896102551892202
14.0,0.249895,0.10795220935066703
11.0,0.260319,0.11087081658065151
17.0,0.083192,0.020020020360815273
16.0,0.093616,0.02293862759079975
17.0,0.083192,0.02033272827831361
19.0,0.093616,0.023251335508298086
17.0,0.083192,0.02033272827831361
14.0,0.083192,0.020645436195811946
19.0,0.093616,0.023251335508298086
16.0,0.093616,0.022938627590799752
14.0,0.10404,0.02585723482078423
19.0,0.093616,0.02325133550829809
19.0,0.093616,0.02325133550829809
13.0,0.10404,0.026482650655780902
16.0,0.093616,0.02293862759079975
15.0,0.093616,0.023251335508298086
15.0,0.10404,0.02585723482078423
17.0,0.10404,0.026169942738282565
17.0,0.083192,0.020020020360815273
16.0,0.093616,0.02293862759079975
15.0,0.083192,0.02033272827831361
18.0,0.093616,0.023251335508298086
17.0,0.093616,0.023251335508298086
15.0,0.093616,0.023564043425796422
20.0,0.093616,0.022938627590799752
18.0,0.10404,0.02585723482078423
16.0,0.093616,0.02293862759079975
14.0,0.10404,0.025857234820784225
15.0,0.093616,0.023251335508298086
16.0,0.093616,0.02293862759079975
15.0,0.10404,0.02616994273828256
15.0,0.10404,0.02585723482078423
13.0,0.114464,0.028775842050768705
17.0,0.10404,0.026169942738282565
19.0,0.10404,0.02585723482078423
16.0,0.093616,0.02293862759079975
15.0,0.10404,0.025857234820784225
16.0,0.093616,0.023251335508298086
17.0,0.10404,0.02616994273828256
16.0,0.093616,0.023251335508298086
13.0,0.093616,0.023564043425796422
17.0,0.10404,0.02616994273828256
15.0,0.10404,0.02585723482078423
11.0,0.114464,0.028775842050768705
17.0,0.10404,0.026169942738282565
17.0,0.10404,0.026169942738282565
10.0,0.114464,0.029401257885765378
13.0,0.124888,0.03169444928075318
10.0,0.135312,0.03461305651073766
21.0,0.093616,0.02293862759079975
19.0,0.10404,0.025857234820784225
19.0,0.093616,0.023251335508298086
17.0,0.10404,0.02616994273828256
17.0,0.083192,0.020020020360815273
16.0,0.093616,0.02293862759079975
15.0,0.083192,0.02033272827831361
15.0,0.083192,0.020020020360815273
16.0,0.093616,0.023251335508298086
16.0,0.093616,0.02293862759079975
14.0,0.093616,0.02293862759079975
18.0,0.093616,0.023251335508298086
17.0,0.093616,0.023251335508298086
15.0,0.10404,0.02616994273828256
15.0,0.093616,0.023564043425796422
16.0,0.093616,0.023251335508298086
13.0,0.10404,0.0264826506557809
21.0,0.093616,0.02293862759079975
19.0,0.10404,0.025857234820784225
19.0,0.093616,0.023251335508298086
17.0,0.10404,0.02616994273828256
20.0,0.093616,0.022938627590799752
18.0,0.10404,0.02585723482078423
19.0,0.10404,0.02585723482078423
14.0,0.10404,0.02585723482078423
11.0,0.114464,0.028775842050768705
10.0,0.135312,0.03523847234573433
20.0,0.124747,0.030009899228581313
19.0,0.135171,0.03292850645856579
20.0,0.124747,0.03032260714607965
21.0,0.135171,0.03324121437606413
20.0,0.124747,0.03032260714607965
17.0,0.124747,0.030635315063577986
22.0,0.135171,0.03324121437606413
19.0,0.135171,0.03292850645856579
16.0,0.145595,0.03584711368855027
21.0,0.135171,0.03324121437606413
22.0,0.135171,0.03324121437606413
15.0,0.145595,0.036472529523546945
18.0,0.135171,0.03292850645856579
17.0,0.135171,0.03324121437606413
17.0,0.145595,0.03584711368855027
18.0,0.145595,0.03615982160604861
19.0,0.124747,0.030009899228581313
18.0,0.135171,0.03292850645856579
17.0,0.124747,0.03032260714607965
19.0,0.135171,0.03324121437606413
19.0,0.135171,0.03324121437606413
17.0,0.135171,0.033553922293562466
22.0,0.135171,0.03292850645856579
18.0,0.145595,0.03584711368855027
19.0,0.166383,0.0469065407254409
16.0,0.176807,0.04982514795542537
18.0,0.166383,0.047219248642939235
18.0,0.166383,0.0469065407254409
17.0,0.176807,0.05013785587292371
17.0,0.176807,0.04982514795542538
14.0,0.187231,0.05274375518540985
19.0,0.176807,0.050137855872923714
19.0,0.176807,0.04982514795542538
20.0,0.124747,0.030009899228581313
19.0,0.135171,0.03292850645856579
20.0,0.124747,0.03032260714607965
22.0,0.135171,0.03324121437606413
20.0,0.124747,0.03032260714607965
17.0,0.124747,0.030635315063577986
21.0,0.135171,0.03324121437606413
19.0,0.135171,0.03292850645856579
16.0,0.145595,0.03584711368855027
22.0,0.135171,0.03324121437606413
21.0,0.135171,0.03324121437606413
15.0,0.145595,0.036472529523546945
18.0,0.135171,0.03292850645856579
17.0,0.135171,0.03324121437606413
17.0,0.145595,0.03584711368855027
18.0,0.145595,0.03615982160604861
19.0,0.124747,0.030009899228581313
18.0,0.135171,0.03292850645856579
17.0,0.124747,0.03032260714607965
19.0,0.135171,0.03324121437606413
19.0,0.135171,0.03324121437606413
17.0,0.135171,0.033553922293562466
22.0,0.135171,0.03292850645856579
18.0,0.145595,0.03584711368855027
19.0,0.166383,0.0469065407254409
16.0,0.176807,0.04982514795542537
18.0,0.166383,0.047219248642939235
18.0,0.166383,0.0469065407254409
17.0,0.176807,0.05013785587292371
17.0,0.176807,0.04982514795542538
14.0,0.187231,0.05274375518540985
19.0,0.176807,0.050137855872923714
19.0,0.176807,0.04982514795542538
16.0,0.166383,0.040040040721630546
15.0,0.176807,0.042958647951615025
16.0,0.166383,0.04035274863912888
17.0,0.176807,0.04327135586911336
16.0,0.166383,0.04035274863912888
13.0,0.166383,0.04066545655662722
17.0,0.176807,0.04327135586911336
15.0,0.176807,0.042958647951615025
10.0,0.187231,0.045877255181599505
17.0,0.176807,0.04327135586911336
17.0,0.176807,0.04327135586911336
9.0,0.187231,0.04650267101659618
13.0,0.249895,0.07171112518185335
9.0,0.260319,0.07462973241183785
20.0,0.124747,0.030009899228581313
18.0,0.135171,0.03292850645856579
18.0,0.124747,0.03032260714607965
17.0,0.124747,0.030009899228581313
18.0,0.135171,0.03324121437606413
18.0,0.135171,0.03292850645856579
15.0,0.135171,0.03292850645856579
19.0,0.135171,0.03324121437606413
20.0,0.124747,0.030009899228581313
18.0,0.135171,0.03292850645856579
18.0,0.124747,0.03032260714607965
17.0,0.124747,0.030009899228581313
18.0,0.135171,0.03324121437606413
18.0,0.135171,0.03292850645856579
15.0,0.135171,0.03292850645856579
19.0,0.135171,0.03324121437606413
14.0,0.176807,0.042958647951615025
10.0,0.187231,0.045877255181599505
14.0,0.093616,0.02293862759079975
13.0,0.10404,0.025857234820784225
13.0,0.093616,0.02293862759079975
16.0,0.10404,0.025857234820784225
13.0,0.093616,0.02293862759079975
11.0,0.093616,0.02293862759079975
16.0,0.10404,0.025857234820784225
13.0,0.10404,0.02585723482078423
10.0,0.114464,0.028775842050768705
15.0,0.10404,0.02585723482078423
15.0,0.10404,0.02585723482078423
8.0,0.114464,0.028775842050768705
17.0,0.135171,0.03292850645856579
16.0,0.135171,0.03292850645856579
15.0,0.145595,0.03584711368855027
16.0,0.145595,0.03584711368855027
17.0,0.135171,0.03292850645856579
16.0,0.135171,0.03292850645856579
15.0,0.145595,0.03584711368855027
16.0,0.145595,0.03584711368855027
14.0,0.176807,0.042958647951615025
10.0,0.187231,0.045877255181599505
15.0,0.135171,0.03292850645856579
12.0,0.135171,0.03292850645856579
15.0,0.135171,0.03292850645856579
12.0,0.135171,0.03292850645856579
7.0,0.187231,0.045877255181599505
14.0,0.166383,0.06941462488663387
13.0,0.176807,0.07233323211661835
13.0,0.166383,0.06972733280413221
15.0,0.176807,0.07264594003411669
13.0,0.166383,0.06972733280413221
10.0,0.166383,0.07004004072163054
15.0,0.176807,0.07264594003411669
13.0,0.176807,0.07233323211661835
8.0,0.187231,0.07525183934660283
15.0,0.176807,0.07264594003411669
15.0,0.176807,0.07264594003411669
7.0,0.187231,0.0758772551815995
14.0,0.166704,0.051691104821038086
17.0,0.208259,0.06168098368880413
17.0,0.208259,0.06168098368880413
13.0,0.177128,0.054609712051022566
13.0,0.249895,0.07171112518185335
13.0,0.177128,0.054609712051022566
15.0,0.218683,0.0645995909187886
15.0,0.249895,0.0785776251856637
13.0,0.177128,0.054609712051022566
15.0,0.218683,0.0645995909187886
15.0,0.218683,0.0645995909187886
10.0,0.187552,0.05752831928100704
9.0,0.260319,0.07462973241183785
13.0,0.177128,0.054609712051022566
11.0,0.187552,0.05752831928100704
15.0,0.218683,0.0645995909187886
12.0,0.260319,0.08149623241564818
15.0,0.249895,0.0785776251856637
12.0,0.260319,0.08149623241564818
8.0,0.2084,0.06336553374097599
5.0,0.333407,0.10338220964207617
15.0,0.166704,0.08044027315104474
14.0,0.177128,0.08335888038102922
14.0,0.177128,0.08335888038102922
14.0,0.177128,0.08335888038102922
11.0,0.187552,0.0862774876110137
14.0,0.177128,0.08335888038102922
11.0,0.187552,0.0862774876110137
8.0,0.2084,0.09211470207098264
13.0,0.177128,0.05523512788601924
11.0,0.187552,0.05815373511600371
16.0,0.218683,0.06522500675378527
10.0,0.260319,0.08212164825064486
14.0,0.249895,0.10795220935066703
11.0,0.260319,0.11087081658065151
13.0,0.177128,0.05523512788601924
11.0,0.187552,0.05815373511600371
16.0,0.218683,0.06522500675378527
10.0,0.260319,0.08212164825064486
14.0,0.249895,0.10795220935066703
11.0,0.260319,0.11087081658065151
7.0,0.2084,0.06461636541096934
3.0,0.333407,0.13338220964207617
