complexity,cost,feature_based_cost
16.0,0.0,0.0
15.0,0.00841,0.0042046250875963555
16.0,0.00841,0.0042046250875963555
16.0,0.019994,0.009996259640147444
16.0,0.00841,0.0042046250875963555
13.0,0.01682,0.008409250175192711
16.0,0.019994,0.009996259640147444
15.0,0.00841,0.0042046250875963555
14.0,0.01682,0.008409250175192711
16.0,0.019994,0.009996259640147444
16.0,0.019994,0.009996259640147444
12.0,0.03364,0.016818500350385422
15.0,0.007663,0.003831230667920995
14.0,0.016073,0.00803585575551735
14.0,0.016073,0.00803585575551735
15.0,0.027657,0.013827490308068438
16.0,0.018822,0.009410538829069757
15.0,0.027232,0.013615163916666112
16.0,0.007663,0.003831230667920995
14.0,0.016073,0.008035855755517352
15.0,0.016073,0.008035855755517352
15.0,0.027657,0.013827490308068438
16.0,0.018822,0.009410538829069757
14.0,0.027232,0.013615163916666112
16.0,0.018822,0.009410538829069757
15.0,0.027232,0.013615163916666114
16.0,0.03217,0.016083727926381804
15.0,0.047119,0.023557361025562374
15.0,0.007008,0.00350385423966363
12.0,0.015418,0.0077084793272599855
14.0,0.015418,0.0077084793272599855
14.0,0.027002,0.013500113879811074
14.0,0.015418,0.0077084793272599855
12.0,0.023828,0.011913104414856341
14.0,0.027002,0.013500113879811074
14.0,0.015418,0.0077084793272599855
11.0,0.023828,0.011913104414856341
15.0,0.027002,0.013500113879811074
15.0,0.027002,0.013500113879811074
11.0,0.040648,0.020322354590049052
16.0,0.01771,0.00885457044386806
15.0,0.02612,0.013059195531464413
15.0,0.02612,0.013059195531464413
16.0,0.037704,0.018850830084015505
15.0,0.007663,0.003831230667920995
14.0,0.015326,0.00766246133584199
14.0,0.016073,0.008035855755517352
14.0,0.015326,0.00766246133584199
15.0,0.026485,0.01324176949699075
14.0,0.016073,0.00803585575551735
13.0,0.023736,0.011867086423438344
15.0,0.027657,0.013827490308068438
15.0,0.026485,0.013241769496990751
15.0,0.039833,0.019914958594302798
16.0,0.018822,0.009410538829069757
15.0,0.026485,0.013241769496990751
15.0,0.027232,0.013615163916666112
16.0,0.037645,0.018821077658139514
16.0,0.01183,0.00885457044386806
15.0,0.02024,0.013059195531464413
15.0,0.02024,0.013059195531464415
16.0,0.031824,0.018850830084015502
11.0,0.030744,0.015370940663101976
10.0,0.039154,0.019575565750698333
16.0,0.01771,0.00885457044386806
14.0,0.02612,0.013059195531464413
15.0,0.02612,0.013059195531464415
14.0,0.037704,0.018850830084015502
14.0,0.045453,0.02272506371960703
16.0,0.007663,0.003831230667920995
14.0,0.015326,0.00766246133584199
15.0,0.016073,0.008035855755517352
13.0,0.015326,0.00766246133584199
14.0,0.026485,0.01324176949699075
14.0,0.016073,0.008035855755517352
12.0,0.023736,0.011867086423438346
15.0,0.026485,0.013241769496990751
15.0,0.027657,0.013827490308068438
16.0,0.01771,0.00885457044386806
14.0,0.02612,0.013059195531464413
15.0,0.02612,0.013059195531464413
14.0,0.037704,0.018850830084015502
16.0,0.018822,0.009410538829069757
15.0,0.026485,0.013241769496990751
14.0,0.027232,0.01361516391666611
14.0,0.026485,0.01324176949699075
12.0,0.037645,0.018821077658139514
14.0,0.045453,0.02272506371960703
16.0,0.018822,0.009410538829069757
15.0,0.026485,0.013241769496990751
15.0,0.027232,0.013615163916666114
16.0,0.037645,0.018821077658139514
12.0,0.030744,0.015370940663101974
11.0,0.039154,0.01957556575069833
16.0,0.03217,0.016083727926381804
15.0,0.039833,0.019914958594302798
15.0,0.047119,0.023557361025562384
11.0,0.061473,0.03073418207299585
16.0,0.007663,0.003831230667920995
14.0,0.014671,0.007335084907584624
13.0,0.015326,0.00766246133584199
14.0,0.025373,0.012685801111789054
15.0,0.015326,0.00766246133584199
12.0,0.022989,0.011493692003762985
15.0,0.025373,0.012685801111789054
14.0,0.016073,0.008035855755517352
13.0,0.023081,0.011539709995180981
14.0,0.026485,0.013241769496990751
15.0,0.026485,0.013241769496990751
11.0,0.038407,0.01920217133102297
14.0,0.015326,0.00766246133584199
12.0,0.022989,0.011493692003762985
13.0,0.023736,0.011867086423438346
13.0,0.034148,0.017073000164911745
15.0,0.019493,0.012685801111789052
14.0,0.027903,0.01689042619938541
15.0,0.016073,0.008035855755517352
14.0,0.023081,0.011539709995180981
13.0,0.023736,0.011867086423438346
13.0,0.033783,0.01689042619938541
15.0,0.026485,0.01324176949699075
12.0,0.034148,0.017073000164911745
15.0,0.027657,0.013827490308068438
14.0,0.034665,0.01733134454773207
15.0,0.039833,0.0199149585943028
16.0,0.007008,0.00350385423966363
14.0,0.015418,0.0077084793272599855
13.0,0.015418,0.0077084793272599855
14.0,0.027002,0.013500113879811074
15.0,0.015418,0.0077084793272599855
12.0,0.023828,0.011913104414856341
15.0,0.027002,0.013500113879811074
15.0,0.015418,0.0077084793272599855
13.0,0.023828,0.011913104414856341
14.0,0.027002,0.013500113879811074
15.0,0.027002,0.013500113879811074
11.0,0.040648,0.020322354590049052
14.0,0.014671,0.007335084907584625
12.0,0.023081,0.011539709995180981
13.0,0.023081,0.01153970999518098
13.0,0.034665,0.017331344547732067
15.0,0.02583,0.012914393068733385
14.0,0.03424,0.01711901815632974
15.0,0.014671,0.007335084907584625
14.0,0.023081,0.011539709995180981
13.0,0.023081,0.011539709995180981
13.0,0.034665,0.017331344547732067
15.0,0.02583,0.012914393068733385
12.0,0.03424,0.01711901815632974
15.0,0.02583,0.012914393068733387
14.0,0.03424,0.017119018156329744
15.0,0.039178,0.019587582166045434
13.0,0.054127,0.027061215265226007
16.0,0.01771,0.00885457044386806
15.0,0.025373,0.012685801111789054
15.0,0.02612,0.013059195531464413
15.0,0.025373,0.012685801111789054
15.0,0.036533,0.018265109272937816
15.0,0.02612,0.013059195531464413
14.0,0.033783,0.016890426199385408
15.0,0.037704,0.018850830084015505
15.0,0.036533,0.018265109272937813
15.0,0.04988,0.024938298370249867
16.0,0.018822,0.009410538829069757
14.0,0.02583,0.012914393068733385
14.0,0.026485,0.013241769496990751
11.0,0.036533,0.018265109272937813
15.0,0.026485,0.013241769496990751
12.0,0.034148,0.017073000164911745
13.0,0.036533,0.018265109272937813
15.0,0.027232,0.013615163916666112
12.0,0.03424,0.01711901815632974
14.0,0.037645,0.018821077658139514
15.0,0.037645,0.018821077658139514
10.0,0.049566,0.02478147949217173
16.0,0.016661,0.00833021636678954
14.0,0.025071,0.012534841454385895
14.0,0.025071,0.012534841454385895
11.0,0.036655,0.01832647600693698
15.0,0.025071,0.012534841454385895
12.0,0.033481,0.016739466541982252
13.0,0.036655,0.01832647600693698
15.0,0.025071,0.012534841454385895
12.0,0.033481,0.016739466541982252
14.0,0.036655,0.01832647600693698
15.0,0.036655,0.018326476006936984
10.0,0.050301,0.02514871671717496
14.0,0.043824,0.021910823800437747
12.0,0.052234,0.026115448888034104
15.0,0.007663,0.003831230667920995
14.0,0.015326,0.00766246133584199
14.0,0.016073,0.008035855755517352
15.0,0.026485,0.013241769496990751
14.0,0.014671,0.007335084907584625
11.0,0.023081,0.011539709995180981
15.0,0.025373,0.012685801111789054
14.0,0.015326,0.00766246133584199
13.0,0.022989,0.011493692003762985
15.0,0.026485,0.013241769496990751
15.0,0.019493,0.012685801111789054
10.0,0.038407,0.01920217133102297
14.0,0.016073,0.008035855755517352
13.0,0.023736,0.011867086423438346
13.0,0.023081,0.011539709995180981
14.0,0.033783,0.016890426199385408
15.0,0.027657,0.013827490308068438
13.0,0.034665,0.017331344547732067
14.0,0.015326,0.00766246133584199
13.0,0.022989,0.011493692003762985
13.0,0.023736,0.011867086423438346
14.0,0.034148,0.01707300016491175
15.0,0.025373,0.012685801111789054
13.0,0.033783,0.016890426199385408
15.0,0.026485,0.01324176949699075
14.0,0.034148,0.017073000164911745
13.0,0.053116,0.02655629438752802
16.0,0.018822,0.009410538829069757
15.0,0.026485,0.013241769496990751
14.0,0.027232,0.013615163916666112
15.0,0.026485,0.013241769496990751
14.0,0.037645,0.018821077658139514
15.0,0.02583,0.012914393068733385
13.0,0.03424,0.01711901815632974
16.0,0.030653,0.018265109272937816
15.0,0.036533,0.018265109272937813
16.0,0.01771,0.00885457044386806
15.0,0.025373,0.012685801111789054
15.0,0.02612,0.013059195531464415
14.0,0.025373,0.012685801111789054
14.0,0.036533,0.018265109272937816
15.0,0.02612,0.013059195531464413
13.0,0.033783,0.016890426199385408
16.0,0.036533,0.018265109272937813
15.0,0.037704,0.018850830084015502
12.0,0.030744,0.015370940663101976
11.0,0.038407,0.01920217133102297
11.0,0.039154,0.019575565750698333
11.0,0.038407,0.01920217133102297
11.0,0.049566,0.024781479492171736
16.0,0.03217,0.016083727926381804
14.0,0.039178,0.019587582166045434
15.0,0.039833,0.019914958594302798
13.0,0.04988,0.024938298370249863
16.0,0.029364,0.014681138560166992
14.0,0.037774,0.01888576364776335
15.0,0.037774,0.01888576364776335
13.0,0.049358,0.024677398200314435
10.0,0.059644,0.02982016801069997
16.0,0.018822,0.009410538829069757
15.0,0.026485,0.013241769496990751
15.0,0.027232,0.013615163916666114
14.0,0.037645,0.018821077658139514
15.0,0.02583,0.012914393068733387
12.0,0.03424,0.017119018156329744
15.0,0.036533,0.018265109272937816
15.0,0.026485,0.013241769496990751
14.0,0.034148,0.017073000164911745
15.0,0.037645,0.018821077658139514
16.0,0.030653,0.018265109272937813
11.0,0.049566,0.024781479492171733
15.0,0.047119,0.023557361025562384
13.0,0.054127,0.027061215265226007
12.0,0.061473,0.03073418207299585
11.0,0.076573,0.038284045233009635
16.0,0.007663,0.003831230667920995
15.0,0.015326,0.00766246133584199
15.0,0.016073,0.008035855755517352
15.0,0.015326,0.00766246133584199
15.0,0.026485,0.01324176949699075
13.0,0.015326,0.00766246133584199
12.0,0.022989,0.011493692003762985
15.0,0.014671,0.007335084907584625
13.0,0.023081,0.011539709995180981
14.0,0.025373,0.012685801111789054
14.0,0.015326,0.00766246133584199
13.0,0.022989,0.011493692003762985
14.0,0.026485,0.013241769496990751
15.0,0.025373,0.012685801111789052
11.0,0.038407,0.01920217133102297
14.0,0.014671,0.007335084907584625
14.0,0.023081,0.011539709995180981
12.0,0.022334,0.01116631557550562
13.0,0.022334,0.01116631557550562
13.0,0.033493,0.01674562373665438
15.0,0.025373,0.012685801111789054
14.0,0.033036,0.016517031779710048
15.0,0.025373,0.012685801111789054
12.0,0.033036,0.016517031779710048
15.0,0.024324,0.012161447034710534
13.0,0.032734,0.01636607212230689
15.0,0.037027,0.018512369228087987
13.0,0.015326,0.00766246133584199
12.0,0.022989,0.011493692003762985
13.0,0.023736,0.011867086423438346
12.0,0.022989,0.011493692003762985
12.0,0.034148,0.01707300016491175
12.0,0.022989,0.011493692003762985
9.0,0.030652,0.015324922671683979
13.0,0.022334,0.01116631557550562
11.0,0.030744,0.015370940663101976
12.0,0.033036,0.016517031779710048
12.0,0.022989,0.011493692003762985
11.0,0.030652,0.015324922671683979
12.0,0.034148,0.017073000164911745
12.0,0.033036,0.016517031779710048
8.0,0.04607,0.023033401998943964
14.0,0.025373,0.012685801111789054
13.0,0.033783,0.016890426199385408
12.0,0.033036,0.016517031779710048
13.0,0.033036,0.016517031779710048
12.0,0.044196,0.022096339940858814
15.0,0.016073,0.008035855755517352
13.0,0.023736,0.011867086423438346
12.0,0.023736,0.011867086423438346
14.0,0.023081,0.011539709995180981
13.0,0.033783,0.016890426199385408
13.0,0.023081,0.011539709995180981
10.0,0.030744,0.015370940663101976
14.0,0.033783,0.016890426199385408
14.0,0.032734,0.01636607212230689
15.0,0.027657,0.013827490308068438
14.0,0.034665,0.017331344547732067
13.0,0.034665,0.017331344547732067
12.0,0.044318,0.022157706674857974
15.0,0.026485,0.013241769496990751
12.0,0.034148,0.017073000164911745
15.0,0.039833,0.019914958594302798
14.0,0.026485,0.013241769496990751
13.0,0.034148,0.017073000164911745
12.0,0.034148,0.017073000164911745
13.0,0.033493,0.01674562373665438
12.0,0.044196,0.02209633994085881
11.0,0.038407,0.01920217133102297
8.0,0.04607,0.023033401998943964
15.0,0.026485,0.01324176949699075
14.0,0.034148,0.017073000164911745
14.0,0.033493,0.016745623736654378
14.0,0.044196,0.02209633994085881
16.0,0.018822,0.009410538829069757
14.0,0.02583,0.012914393068733385
15.0,0.026485,0.013241769496990751
13.0,0.036533,0.018265109272937813
14.0,0.026485,0.013241769496990751
12.0,0.034148,0.017073000164911745
11.0,0.036533,0.018265109272937813
15.0,0.027232,0.013615163916666112
12.0,0.03424,0.01711901815632974
15.0,0.037645,0.018821077658139514
14.0,0.037645,0.018821077658139514
10.0,0.049566,0.02478147949217173
15.0,0.02583,0.012914393068733385
13.0,0.033493,0.01674562373665438
14.0,0.03424,0.01711901815632974
12.0,0.044653,0.022324931897803137
14.0,0.035484,0.017740755195859294
11.0,0.043894,0.02194538028345565
15.0,0.026485,0.013241769496990751
13.0,0.033493,0.01674562373665438
13.0,0.034148,0.017073000164911745
10.0,0.044196,0.022096339940858807
15.0,0.036533,0.018265109272937813
12.0,0.044196,0.022096339940858807
13.0,0.048186,0.024091677389236746
16.0,0.037645,0.018821077658139514
13.0,0.044653,0.022324931897803144
16.0,0.007008,0.00350385423966363
14.0,0.014671,0.007335084907584624
15.0,0.015418,0.0077084793272599855
15.0,0.014671,0.007335084907584624
15.0,0.02583,0.012914393068733385
15.0,0.014671,0.007335084907584624
13.0,0.022334,0.01116631557550562
13.0,0.014016,0.00700770847932726
12.0,0.022426,0.011212333566923617
14.0,0.024718,0.01235842468353169
14.0,0.014671,0.007335084907584625
13.0,0.022334,0.01116631557550562
15.0,0.02583,0.012914393068733385
14.0,0.024718,0.012358424683531688
11.0,0.037752,0.018874794902765606
14.0,0.015418,0.0077084793272599855
14.0,0.023081,0.011539709995180981
12.0,0.022426,0.011212333566923617
13.0,0.023081,0.011539709995180981
13.0,0.033128,0.016563049771128043
15.0,0.02583,0.012914393068733385
14.0,0.033493,0.016745623736654384
15.0,0.027002,0.013500113879811074
12.0,0.03401,0.017003968119474702
15.0,0.02583,0.012914393068733385
13.0,0.033493,0.01674562373665438
15.0,0.039178,0.019587582166045434
13.0,0.015418,0.0077084793272599855
12.0,0.023081,0.01153970999518098
12.0,0.023828,0.011913104414856341
13.0,0.023081,0.011539709995180981
12.0,0.03424,0.01711901815632974
13.0,0.023081,0.011539709995180981
11.0,0.030744,0.015370940663101976
12.0,0.022426,0.011212333566923615
9.0,0.030836,0.015416958654519971
12.0,0.033128,0.016563049771128043
12.0,0.023081,0.011539709995180981
11.0,0.030744,0.015370940663101976
12.0,0.03424,0.01711901815632974
12.0,0.033128,0.016563049771128047
8.0,0.046162,0.023079419990361963
14.0,0.027002,0.013500113879811074
13.0,0.034665,0.017331344547732067
12.0,0.03401,0.017003968119474702
13.0,0.034665,0.017331344547732067
12.0,0.044712,0.022354684323679132
15.0,0.015418,0.0077084793272599855
13.0,0.023081,0.01153970999518098
14.0,0.023081,0.011539709995180981
12.0,0.022426,0.011212333566923615
13.0,0.033128,0.016563049771128043
13.0,0.023828,0.011913104414856341
11.0,0.030836,0.015416958654519971
14.0,0.03424,0.01711901815632974
14.0,0.03424,0.01711901815632974
15.0,0.027002,0.013500113879811074
12.0,0.03401,0.017003968119474702
15.0,0.02583,0.012914393068733387
14.0,0.03424,0.017119018156329744
13.0,0.033493,0.01674562373665438
12.0,0.044653,0.022324931897803144
15.0,0.039178,0.019587582166045434
14.0,0.027002,0.013500113879811074
13.0,0.034665,0.01733134454773207
13.0,0.034665,0.01733134454773207
12.0,0.03401,0.017003968119474702
12.0,0.044712,0.022354684323679135
11.0,0.040648,0.020322354590049052
8.0,0.047656,0.023826208829712682
13.0,0.054127,0.027061215265226004
15.0,0.02583,0.012914393068733385
14.0,0.033493,0.01674562373665438
14.0,0.03424,0.01711901815632974
13.0,0.044653,0.022324931897803144
13.0,0.054127,0.027061215265226014
9.0,0.068481,0.03423803631265948
16.0,0.016661,0.00833021636678954
14.0,0.025071,0.012534841454385895
15.0,0.025071,0.012534841454385895
13.0,0.036655,0.01832647600693698
14.0,0.025071,0.012534841454385895
12.0,0.033481,0.016739466541982252
11.0,0.036655,0.01832647600693698
15.0,0.025071,0.012534841454385895
12.0,0.033481,0.016739466541982252
15.0,0.036655,0.01832647600693698
14.0,0.036655,0.018326476006936984
10.0,0.050301,0.02514871671717496
15.0,0.024324,0.012161447034710534
13.0,0.032734,0.01636607212230689
14.0,0.032734,0.01636607212230689
12.0,0.044318,0.022157706674857974
14.0,0.035484,0.017740755195859294
11.0,0.043894,0.021945380283455655
15.0,0.024324,0.012161447034710534
13.0,0.032734,0.01636607212230689
13.0,0.032734,0.01636607212230689
10.0,0.044318,0.022157706674857974
15.0,0.035484,0.017740755195859294
12.0,0.043894,0.02194538028345565
13.0,0.048831,0.02441394429317134
16.0,0.035484,0.017740755195859294
13.0,0.043894,0.02194538028345565
11.0,0.06378,0.03188757739235192
16.0,0.01771,0.00885457044386806
15.0,0.025373,0.012685801111789054
15.0,0.02612,0.013059195531464417
15.0,0.025373,0.012685801111789054
15.0,0.036533,0.018265109272937813
14.0,0.025373,0.012685801111789054
12.0,0.033036,0.016517031779710048
14.0,0.024718,0.01235842468353169
12.0,0.033128,0.016563049771128047
12.0,0.03542,0.017709140887736115
15.0,0.025373,0.012685801111789054
14.0,0.033036,0.016517031779710048
14.0,0.036533,0.018265109272937813
14.0,0.03542,0.01770914088773612
11.0,0.048454,0.024225511106970035
15.0,0.02612,0.013059195531464413
14.0,0.033783,0.016890426199385408
13.0,0.033783,0.016890426199385408
13.0,0.033128,0.016563049771128043
11.0,0.04383,0.021913765975332473
15.0,0.037704,0.018850830084015502
12.0,0.044712,0.022354684323679132
15.0,0.036533,0.018265109272937816
12.0,0.044196,0.02209633994085881
15.0,0.04988,0.02493829837024986
16.0,0.036533,0.018265109272937816
15.0,0.044196,0.02209633994085881
14.0,0.043824,0.021910823800437747
13.0,0.051487,0.02574205446835874
12.0,0.052234,0.026115448888034104
13.0,0.062647,0.0313213626295075
15.0,0.007008,0.00350385423966363
14.0,0.015418,0.0077084793272599855
15.0,0.015418,0.0077084793272599855
15.0,0.027002,0.013500113879811074
15.0,0.015418,0.0077084793272599855
12.0,0.023828,0.011913104414856341
15.0,0.027002,0.013500113879811074
12.0,0.015418,0.0077084793272599855
11.0,0.023828,0.011913104414856341
14.0,0.027002,0.013500113879811074
14.0,0.027002,0.013500113879811074
11.0,0.040648,0.020322354590049052
14.0,0.014671,0.007335084907584624
13.0,0.023081,0.01153970999518098
11.0,0.023081,0.01153970999518098
13.0,0.034665,0.01733134454773207
15.0,0.02583,0.012914393068733385
12.0,0.03424,0.01711901815632974
15.0,0.014671,0.007335084907584624
13.0,0.023081,0.011539709995180981
14.0,0.023081,0.011539709995180981
14.0,0.034665,0.017331344547732067
15.0,0.02583,0.012914393068733385
13.0,0.03424,0.01711901815632974
14.0,0.02583,0.012914393068733387
12.0,0.03424,0.017119018156329744
14.0,0.039178,0.019587582166045434
13.0,0.054127,0.027061215265226004
14.0,0.014016,0.00700770847932726
11.0,0.022426,0.011212333566923617
13.0,0.022426,0.011212333566923617
12.0,0.03401,0.017003968119474702
13.0,0.022426,0.011212333566923615
11.0,0.030836,0.015416958654519971
12.0,0.03401,0.017003968119474702
11.0,0.022426,0.011212333566923615
8.0,0.030836,0.015416958654519971
12.0,0.03401,0.017003968119474702
12.0,0.03401,0.017003968119474702
8.0,0.047656,0.023826208829712682
15.0,0.024718,0.01235842468353169
14.0,0.033128,0.016563049771128043
12.0,0.033128,0.016563049771128043
13.0,0.044712,0.022354684323679135
14.0,0.014671,0.007335084907584624
13.0,0.022334,0.011166315575505618
13.0,0.023081,0.011539709995180981
13.0,0.022334,0.011166315575505618
14.0,0.033493,0.016745623736654378
11.0,0.023081,0.01153970999518098
10.0,0.030744,0.015370940663101974
13.0,0.034665,0.017331344547732067
13.0,0.033493,0.01674562373665438
13.0,0.046841,0.023418812833966428
15.0,0.02583,0.012914393068733385
14.0,0.033493,0.01674562373665438
12.0,0.03424,0.01711901815632974
13.0,0.044653,0.022324931897803144
15.0,0.018838,0.012358424683531688
14.0,0.027248,0.016563049771128043
12.0,0.027248,0.016563049771128047
13.0,0.038832,0.022354684323679132
10.0,0.037752,0.018874794902765606
7.0,0.046162,0.023079419990361963
15.0,0.024718,0.012358424683531688
12.0,0.033128,0.016563049771128043
14.0,0.033128,0.016563049771128047
11.0,0.044712,0.022354684323679132
12.0,0.052461,0.026228917959270657
15.0,0.014671,0.007335084907584624
13.0,0.022334,0.011166315575505618
14.0,0.023081,0.011539709995180981
12.0,0.022334,0.011166315575505618
13.0,0.033493,0.016745623736654378
13.0,0.023081,0.011539709995180981
10.0,0.030744,0.015370940663101976
14.0,0.033493,0.016745623736654378
14.0,0.034665,0.017331344547732067
15.0,0.024718,0.012358424683531688
12.0,0.033128,0.016563049771128043
14.0,0.033128,0.016563049771128043
11.0,0.044712,0.022354684323679132
15.0,0.02583,0.012914393068733385
14.0,0.033493,0.01674562373665438
13.0,0.03424,0.01711901815632974
13.0,0.033493,0.01674562373665438
11.0,0.044653,0.022324931897803144
12.0,0.052461,0.026228917959270657
14.0,0.02583,0.012914393068733387
13.0,0.033493,0.01674562373665438
12.0,0.03424,0.017119018156329744
13.0,0.044653,0.022324931897803144
11.0,0.037752,0.018874794902765606
7.0,0.046162,0.02307941999036196
14.0,0.039178,0.019587582166045434
13.0,0.046841,0.023418812833966428
13.0,0.054127,0.027061215265226014
8.0,0.068481,0.03423803631265948
16.0,0.01771,0.00885457044386806
15.0,0.024718,0.01235842468353169
14.0,0.025373,0.012685801111789054
14.0,0.03542,0.01770914088773612
15.0,0.025373,0.012685801111789054
12.0,0.033036,0.016517031779710048
15.0,0.03542,0.01770914088773612
14.0,0.02612,0.013059195531464417
12.0,0.033128,0.016563049771128047
11.0,0.036533,0.018265109272937816
13.0,0.036533,0.018265109272937816
10.0,0.048454,0.024225511106970035
15.0,0.025373,0.012685801111789054
13.0,0.033036,0.016517031779710048
13.0,0.033783,0.01689042619938541
10.0,0.044196,0.02209633994085881
16.0,0.02954,0.017709140887736115
13.0,0.03795,0.021913765975332473
15.0,0.02612,0.013059195531464417
14.0,0.033128,0.016563049771128047
13.0,0.033783,0.01689042619938541
12.0,0.04383,0.021913765975332473
15.0,0.036533,0.018265109272937813
12.0,0.044196,0.02209633994085881
14.0,0.037704,0.018850830084015505
11.0,0.044712,0.022354684323679132
13.0,0.04988,0.02493829837024986
16.0,0.016661,0.00833021636678954
15.0,0.025071,0.012534841454385895
14.0,0.025071,0.012534841454385895
14.0,0.036655,0.018326476006936984
15.0,0.025071,0.012534841454385895
12.0,0.033481,0.016739466541982252
15.0,0.036655,0.01832647600693698
14.0,0.025071,0.012534841454385895
12.0,0.033481,0.016739466541982252
11.0,0.036655,0.01832647600693698
13.0,0.036655,0.018326476006936984
10.0,0.050301,0.02514871671717496
15.0,0.024324,0.012161447034710534
13.0,0.032734,0.01636607212230689
13.0,0.032734,0.01636607212230689
10.0,0.044318,0.022157706674857974
16.0,0.035484,0.017740755195859294
13.0,0.043894,0.021945380283455655
15.0,0.024324,0.012161447034710534
14.0,0.032734,0.01636607212230689
13.0,0.032734,0.01636607212230689
12.0,0.044318,0.02215770667485798
15.0,0.035484,0.017740755195859294
12.0,0.043894,0.021945380283455652
14.0,0.035484,0.017740755195859294
11.0,0.043894,0.021945380283455652
13.0,0.048831,0.02441394429317134
11.0,0.06378,0.03188757739235192
16.0,0.029364,0.01468113856016699
15.0,0.037027,0.018512369228087983
15.0,0.037774,0.018885763647763346
15.0,0.037027,0.018512369228087987
15.0,0.048186,0.024091677389236746
14.0,0.037774,0.018885763647763346
13.0,0.045437,0.02271699431568434
13.0,0.049358,0.024677398200314435
13.0,0.048186,0.024091677389236746
12.0,0.061534,0.030764866486548793
16.0,0.01771,0.00885457044386806
15.0,0.024718,0.01235842468353169
15.0,0.025373,0.012685801111789054
15.0,0.03542,0.01770914088773612
14.0,0.025373,0.012685801111789054
12.0,0.033036,0.016517031779710048
14.0,0.03542,0.01770914088773612
14.0,0.02612,0.013059195531464417
12.0,0.033128,0.016563049771128047
13.0,0.036533,0.018265109272937816
11.0,0.036533,0.018265109272937816
10.0,0.048454,0.024225511106970035
15.0,0.025373,0.012685801111789054
13.0,0.033036,0.016517031779710048
13.0,0.033783,0.01689042619938541
10.0,0.044196,0.02209633994085881
16.0,0.03542,0.017709140887736115
13.0,0.04383,0.021913765975332473
15.0,0.02612,0.013059195531464417
14.0,0.033128,0.016563049771128047
13.0,0.033783,0.01689042619938541
12.0,0.04383,0.021913765975332473
15.0,0.036533,0.018265109272937813
12.0,0.044196,0.022096339940858807
14.0,0.037704,0.018850830084015502
11.0,0.044712,0.022354684323679132
13.0,0.04988,0.02493829837024986
12.0,0.030744,0.015370940663101976
11.0,0.037752,0.01887479490276561
11.0,0.038407,0.019202171331022973
10.0,0.048454,0.02422551110697004
11.0,0.038407,0.019202171331022973
8.0,0.04607,0.023033401998943968
10.0,0.048454,0.02422551110697004
11.0,0.039154,0.019575565750698333
7.0,0.046162,0.023079419990361963
10.0,0.049566,0.024781479492171736
10.0,0.049566,0.024781479492171736
5.0,0.061488,0.03074188132620395
16.0,0.016661,0.00833021636678954
15.0,0.025071,0.012534841454385895
15.0,0.025071,0.012534841454385895
15.0,0.036655,0.018326476006936984
14.0,0.025071,0.012534841454385895
12.0,0.033481,0.016739466541982252
14.0,0.036655,0.01832647600693698
14.0,0.025071,0.012534841454385895
12.0,0.033481,0.016739466541982252
13.0,0.036655,0.01832647600693698
11.0,0.036655,0.01832647600693698
10.0,0.050301,0.02514871671717496
15.0,0.024324,0.012161447034710534
13.0,0.032734,0.01636607212230689
13.0,0.032734,0.01636607212230689
10.0,0.044318,0.022157706674857974
16.0,0.035484,0.017740755195859298
13.0,0.043894,0.021945380283455655
15.0,0.024324,0.012161447034710534
14.0,0.032734,0.01636607212230689
13.0,0.032734,0.01636607212230689
12.0,0.044318,0.022157706674857974
15.0,0.035484,0.017740755195859298
12.0,0.043894,0.02194538028345565
14.0,0.035484,0.017740755195859294
11.0,0.043894,0.021945380283455652
13.0,0.048831,0.02441394429317134
11.0,0.06378,0.031887577392351915
12.0,0.028032,0.01401541695865452
11.0,0.036442,0.018220042046250877
11.0,0.036442,0.018220042046250877
10.0,0.048026,0.024011676598801962
11.0,0.036442,0.018220042046250877
8.0,0.044852,0.022424667133847234
10.0,0.048026,0.024011676598801962
11.0,0.036442,0.018220042046250877
8.0,0.044852,0.022424667133847234
10.0,0.048026,0.024011676598801962
10.0,0.048026,0.024011676598801962
5.0,0.061672,0.030833917309039942
15.0,0.042233,0.021115310360754806
13.0,0.050643,0.02531993544835116
13.0,0.050643,0.02531993544835116
11.0,0.062227,0.03111157000090225
16.0,0.029364,0.01468113856016699
15.0,0.037027,0.018512369228087987
15.0,0.037774,0.018885763647763346
15.0,0.037027,0.018512369228087983
15.0,0.048186,0.024091677389236746
14.0,0.037774,0.018885763647763346
13.0,0.045437,0.02271699431568434
13.0,0.049358,0.024677398200314435
13.0,0.048186,0.024091677389236746
12.0,0.061534,0.030764866486548793
15.0,0.042233,0.021115310360754803
13.0,0.050643,0.02531993544835116
13.0,0.050643,0.02531993544835116
11.0,0.062227,0.03111157000090225
11.0,0.057846,0.02892147445465973
8.0,0.066256,0.03312609954225608
16.0,0.01771,0.00885457044386806
15.0,0.025373,0.012685801111789054
15.0,0.02612,0.013059195531464417
15.0,0.036533,0.018265109272937813
15.0,0.024718,0.01235842468353169
12.0,0.033128,0.016563049771128047
14.0,0.03542,0.01770914088773612
15.0,0.025373,0.012685801111789054
14.0,0.033036,0.016517031779710048
16.0,0.036533,0.018265109272937816
15.0,0.02954,0.01770914088773612
11.0,0.048454,0.024225511106970035
15.0,0.02612,0.013059195531464417
14.0,0.033783,0.01689042619938541
14.0,0.033128,0.016563049771128047
13.0,0.04383,0.021913765975332473
16.0,0.037704,0.018850830084015502
13.0,0.044712,0.022354684323679132
15.0,0.025373,0.012685801111789054
14.0,0.033036,0.016517031779710048
14.0,0.033783,0.01689042619938541
14.0,0.044196,0.022096339940858814
16.0,0.03542,0.01770914088773612
13.0,0.04383,0.021913765975332473
16.0,0.036533,0.018265109272937813
15.0,0.044196,0.022096339940858807
13.0,0.063164,0.03157963416347509
15.0,0.042233,0.021115310360754806
13.0,0.050643,0.025319935448351163
13.0,0.050643,0.02531993544835116
11.0,0.062227,0.03111157000090225
12.0,0.057846,0.028921474454659736
9.0,0.066256,0.03312609954225609
11.0,0.074604,0.03729970518574919
15.0,0.007663,0.003831230667920995
14.0,0.015326,0.00766246133584199
14.0,0.016073,0.008035855755517352
14.0,0.015326,0.00766246133584199
15.0,0.026485,0.013241769496990751
14.0,0.015326,0.00766246133584199
12.0,0.022989,0.011493692003762985
14.0,0.014671,0.007335084907584625
12.0,0.023081,0.011539709995180981
15.0,0.025373,0.012685801111789054
13.0,0.015326,0.00766246133584199
12.0,0.022989,0.011493692003762985
14.0,0.026485,0.013241769496990751
14.0,0.025373,0.012685801111789054
11.0,0.038407,0.01920217133102297
14.0,0.016073,0.008035855755517352
13.0,0.023736,0.011867086423438346
13.0,0.023081,0.011539709995180981
12.0,0.023736,0.011867086423438346
13.0,0.033783,0.016890426199385408
15.0,0.026485,0.013241769496990751
14.0,0.034148,0.01707300016491175
15.0,0.027657,0.013827490308068438
13.0,0.034665,0.01733134454773207
15.0,0.026485,0.013241769496990751
13.0,0.034148,0.017073000164911745
14.0,0.039833,0.019914958594302798
14.0,0.014671,0.007335084907584625
13.0,0.023081,0.011539709995180981
13.0,0.022334,0.01116631557550562
12.0,0.022334,0.01116631557550562
13.0,0.033493,0.01674562373665438
11.0,0.023081,0.011539709995180981
10.0,0.030744,0.015370940663101976
13.0,0.034665,0.01733134454773207
13.0,0.033493,0.01674562373665438
12.0,0.046841,0.023418812833966428
15.0,0.025373,0.012685801111789054
14.0,0.033036,0.016517031779710048
14.0,0.015326,0.00766246133584199
13.0,0.022989,0.011493692003762985
13.0,0.023736,0.011867086423438346
13.0,0.022989,0.011493692003762985
14.0,0.034148,0.01707300016491175
13.0,0.022989,0.011493692003762985
11.0,0.030652,0.015324922671683979
13.0,0.022334,0.01116631557550562
11.0,0.030744,0.015370940663101976
14.0,0.033036,0.016517031779710048
12.0,0.022989,0.011493692003762985
11.0,0.030652,0.015324922671683979
12.0,0.034148,0.017073000164911745
12.0,0.033036,0.016517031779710048
10.0,0.04607,0.023033401998943964
15.0,0.026485,0.013241769496990751
14.0,0.034148,0.017073000164911745
14.0,0.033493,0.01674562373665438
14.0,0.034148,0.017073000164911745
14.0,0.044196,0.022096339940858807
15.0,0.019493,0.012685801111789054
14.0,0.027903,0.016890426199385408
14.0,0.027156,0.01651703177971005
14.0,0.027156,0.016517031779710048
14.0,0.038316,0.022096339940858814
10.0,0.038407,0.01920217133102297
9.0,0.04607,0.023033401998943968
15.0,0.025373,0.012685801111789054
13.0,0.033783,0.016890426199385408
13.0,0.033036,0.016517031779710048
10.0,0.044196,0.022096339940858814
13.0,0.053116,0.02655629438752802
15.0,0.024324,0.012161447034710534
13.0,0.032734,0.01636607212230689
13.0,0.032734,0.01636607212230689
10.0,0.044318,0.02215770667485798
13.0,0.051487,0.02574205446835874
14.0,0.037027,0.018512369228087987
12.0,0.045437,0.022716994315684344
9.0,0.067307,0.03365139867862097
16.0,0.018822,0.009410538829069757
15.0,0.026485,0.013241769496990751
14.0,0.027232,0.01361516391666611
15.0,0.026485,0.013241769496990751
14.0,0.037645,0.018821077658139514
14.0,0.026485,0.013241769496990751
12.0,0.034148,0.017073000164911745
15.0,0.02583,0.012914393068733385
12.0,0.03424,0.01711901815632974
14.0,0.036533,0.018265109272937816
14.0,0.026485,0.013241769496990751
12.0,0.034148,0.017073000164911745
11.0,0.037645,0.018821077658139514
14.0,0.036533,0.018265109272937816
10.0,0.049566,0.02478147949217173
15.0,0.02583,0.012914393068733385
13.0,0.03424,0.01711901815632974
13.0,0.033493,0.01674562373665438
13.0,0.033493,0.01674562373665438
10.0,0.044653,0.022324931897803144
16.0,0.036533,0.018265109272937816
14.0,0.044196,0.02209633994085881
15.0,0.036533,0.018265109272937813
12.0,0.044196,0.022096339940858807
15.0,0.035484,0.017740755195859294
12.0,0.043894,0.021945380283455652
14.0,0.048186,0.02409167738923675
16.0,0.03217,0.016083727926381804
15.0,0.039833,0.019914958594302798
15.0,0.039178,0.019587582166045434
14.0,0.039833,0.019914958594302798
14.0,0.04988,0.024938298370249863
14.0,0.039178,0.019587582166045434
12.0,0.046841,0.023418812833966428
13.0,0.04988,0.024938298370249863
13.0,0.048831,0.02441394429317134
10.0,0.061534,0.030764866486548793
16.0,0.01771,0.00885457044386806
15.0,0.025373,0.012685801111789054
15.0,0.02612,0.013059195531464413
14.0,0.025373,0.012685801111789054
14.0,0.036533,0.018265109272937813
15.0,0.025373,0.012685801111789054
12.0,0.033036,0.016517031779710048
14.0,0.024718,0.01235842468353169
12.0,0.033128,0.016563049771128043
14.0,0.03542,0.01770914088773612
14.0,0.025373,0.012685801111789054
12.0,0.033036,0.016517031779710048
14.0,0.036533,0.018265109272937813
11.0,0.03542,0.01770914088773612
10.0,0.048454,0.024225511106970035
15.0,0.02612,0.013059195531464417
13.0,0.033783,0.01689042619938541
13.0,0.033128,0.016563049771128047
13.0,0.033783,0.01689042619938541
10.0,0.04383,0.021913765975332473
16.0,0.036533,0.018265109272937813
14.0,0.044196,0.022096339940858814
15.0,0.037704,0.018850830084015502
12.0,0.044712,0.022354684323679132
15.0,0.036533,0.018265109272937813
12.0,0.044196,0.022096339940858807
14.0,0.04988,0.024938298370249863
16.0,0.029364,0.014681138560166992
15.0,0.037774,0.01888576364776335
15.0,0.037027,0.018512369228087987
14.0,0.037027,0.018512369228087987
14.0,0.048186,0.024091677389236746
14.0,0.037774,0.01888576364776335
12.0,0.045437,0.022716994315684344
13.0,0.049358,0.024677398200314435
13.0,0.048186,0.024091677389236746
10.0,0.061534,0.030764866486548796
12.0,0.030744,0.015370940663101976
11.0,0.038407,0.01920217133102297
11.0,0.039154,0.019575565750698333
11.0,0.038407,0.01920217133102297
11.0,0.049566,0.024781479492171736
11.0,0.038407,0.01920217133102297
8.0,0.04607,0.023033401998943964
11.0,0.037752,0.018874794902765606
8.0,0.046162,0.023079419990361963
11.0,0.048454,0.02422551110697004
11.0,0.038407,0.01920217133102297
10.0,0.04607,0.023033401998943964
10.0,0.049566,0.024781479492171736
10.0,0.048454,0.024225511106970035
7.0,0.061488,0.03074188132620395
10.0,0.059644,0.02982016801069997
9.0,0.067307,0.033651398678620964
16.0,0.018822,0.009410538829069757
15.0,0.026485,0.013241769496990751
15.0,0.027232,0.013615163916666114
15.0,0.037645,0.018821077658139514
15.0,0.02583,0.012914393068733387
12.0,0.03424,0.017119018156329744
16.0,0.036533,0.018265109272937816
15.0,0.026485,0.013241769496990751
14.0,0.034148,0.017073000164911745
14.0,0.037645,0.018821077658139514
15.0,0.030653,0.018265109272937813
11.0,0.049566,0.024781479492171733
15.0,0.026485,0.013241769496990751
14.0,0.033493,0.01674562373665438
14.0,0.034148,0.017073000164911745
14.0,0.038316,0.022096339940858807
15.0,0.02583,0.012914393068733385
14.0,0.03424,0.01711901815632974
14.0,0.033493,0.016745623736654378
13.0,0.044653,0.022324931897803137
16.0,0.036533,0.018265109272937816
15.0,0.044196,0.02209633994085881
16.0,0.037645,0.018821077658139514
13.0,0.044653,0.022324931897803144
16.0,0.035484,0.017740755195859294
13.0,0.043894,0.021945380283455652
13.0,0.062647,0.0313213626295075
15.0,0.047119,0.023557361025562384
13.0,0.054127,0.027061215265226007
13.0,0.054127,0.027061215265226007
11.0,0.06378,0.03188757739235192
12.0,0.061473,0.03073418207299585
9.0,0.068481,0.03423803631265948
11.0,0.076573,0.038284045233009635
16.0,0.01771,0.00885457044386806
15.0,0.025373,0.012685801111789054
15.0,0.02612,0.013059195531464417
16.0,0.036533,0.018265109272937813
15.0,0.024718,0.01235842468353169
12.0,0.033128,0.016563049771128047
15.0,0.03542,0.01770914088773612
15.0,0.025373,0.012685801111789054
14.0,0.033036,0.016517031779710048
15.0,0.036533,0.018265109272937816
14.0,0.02954,0.01770914088773612
11.0,0.048454,0.024225511106970035
15.0,0.02612,0.013059195531464417
14.0,0.033128,0.016563049771128047
14.0,0.033783,0.01689042619938541
13.0,0.03795,0.021913765975332473
15.0,0.025373,0.012685801111789054
14.0,0.033783,0.01689042619938541
14.0,0.033036,0.016517031779710048
14.0,0.044196,0.022096339940858814
16.0,0.036533,0.018265109272937813
15.0,0.044196,0.022096339940858814
16.0,0.037704,0.018850830084015502
13.0,0.044712,0.022354684323679132
16.0,0.03542,0.01770914088773612
13.0,0.04383,0.021913765975332473
13.0,0.063164,0.03157963416347509
15.0,0.042233,0.021115310360754803
13.0,0.050643,0.02531993544835116
13.0,0.050643,0.02531993544835116
11.0,0.062227,0.03111157000090224
12.0,0.057846,0.028921474454659736
9.0,0.066256,0.033126099542256086
11.0,0.074604,0.03729970518574919
11.0,0.030744,0.015370940663101976
10.0,0.038407,0.01920217133102297
10.0,0.039154,0.019575565750698333
11.0,0.049566,0.024781479492171736
10.0,0.037752,0.018874794902765606
7.0,0.046162,0.023079419990361963
11.0,0.048454,0.02422551110697003
10.0,0.038407,0.01920217133102297
9.0,0.04607,0.023033401998943964
11.0,0.049566,0.024781479492171736
11.0,0.042574,0.024225511106970035
6.0,0.061488,0.03074188132620395
14.0,0.045453,0.022725063719607034
12.0,0.052461,0.026228917959270664
12.0,0.053116,0.026556294387528028
12.0,0.057283,0.0315796341634751
14.0,0.043824,0.02191082380043775
12.0,0.052234,0.026115448888034107
12.0,0.051487,0.025742054468358744
12.0,0.062647,0.03132136262950751
10.0,0.059644,0.02982016801069997
9.0,0.067307,0.033651398678620964
14.0,0.045453,0.022725063719607034
12.0,0.053116,0.026556294387528028
12.0,0.052461,0.026228917959270664
12.0,0.063164,0.03157963416347509
10.0,0.061473,0.03073418207299585
7.0,0.068481,0.03423803631265948
11.0,0.076573,0.038284045233009635
14.0,0.043824,0.02191082380043775
12.0,0.051487,0.025742054468358744
12.0,0.052234,0.026115448888034107
12.0,0.062647,0.03132136262950751
10.0,0.057846,0.028921474454659736
7.0,0.066256,0.033126099542256086
11.0,0.074604,0.03729970518574919
10.0,0.059644,0.02982016801069997
9.0,0.067307,0.033651398678620964
11.0,0.076573,0.038284045233009635
11.0,0.074604,0.03729970518574919
4.0,0.092324,0.046158839980723926
16.0,0.070461,0.041244331854473945
13.0,0.077469,0.04474818609413757
15.0,0.077469,0.04474818609413757
14.0,0.087122,0.049574548221263476
15.0,0.077469,0.04474818609413757
12.0,0.084477,0.04825204033380119
14.0,0.087122,0.049574548221263476
15.0,0.077469,0.04474818609413757
12.0,0.084477,0.04825204033380119
15.0,0.087122,0.049574548221263476
15.0,0.087122,0.049574548221263476
11.0,0.098493,0.055259748813128465
16.0,0.078124,0.04507556252239493
14.0,0.085132,0.04857941676205857
15.0,0.085132,0.04857941676205857
14.0,0.094785,0.05340577888918448
15.0,0.088171,0.050098902298342005
13.0,0.095179,0.05360275653800563
15.0,0.078124,0.04507556252239493
12.0,0.085132,0.048579416762058555
14.0,0.085132,0.04857941676205857
13.0,0.094785,0.05340577888918448
15.0,0.088171,0.050098902298342005
13.0,0.095179,0.05360275653800563
14.0,0.099825,0.055925470414640924
16.0,0.088171,0.05009890229834199
13.0,0.095179,0.05360275653800563
13.0,0.112694,0.062359642215228744
16.0,0.078124,0.04507556252239493
13.0,0.085787,0.048906793190315934
14.0,0.085132,0.048579416762058555
14.0,0.085787,0.048906793190315934
14.0,0.095834,0.05393013296626299
15.0,0.085132,0.048579416762058555
12.0,0.092795,0.05241064742997956
14.0,0.094785,0.05340577888918448
15.0,0.095834,0.05393013296626299
15.0,0.088171,0.050098902298342005
14.0,0.095834,0.05393013296626299
13.0,0.095179,0.05360275653800563
13.0,0.105881,0.058953472742210064
15.0,0.078871,0.045448956942070295
12.0,0.085879,0.04895281118173392
14.0,0.085879,0.04895281118173392
12.0,0.095532,0.05377917330885984
14.0,0.085879,0.04895281118173392
11.0,0.092887,0.052456665421397555
12.0,0.095532,0.05377917330885984
12.0,0.085879,0.04895281118173392
9.0,0.092887,0.052456665421397555
13.0,0.095532,0.05377917330885984
13.0,0.095532,0.053779173308859826
8.0,0.106903,0.059464373900724815
16.0,0.089283,0.0506548706835437
14.0,0.096291,0.05415872492320732
14.0,0.096291,0.05415872492320732
11.0,0.105944,0.05898508705033323
16.0,0.089283,0.0506548706835437
14.0,0.096291,0.05415872492320732
14.0,0.096291,0.05415872492320732
11.0,0.105944,0.05898508705033323
12.0,0.101205,0.05661527251757592
9.0,0.108213,0.060119126757239544
16.0,0.089283,0.0506548706835437
13.0,0.096291,0.05415872492320732
15.0,0.096291,0.05415872492320732
13.0,0.105944,0.05898508705033323
15.0,0.078124,0.04507556252239493
14.0,0.085787,0.048906793190315934
14.0,0.085132,0.048579416762058555
13.0,0.085787,0.048906793190315934
14.0,0.095834,0.05393013296626299
12.0,0.085132,0.048579416762058555
11.0,0.092795,0.05241064742997956
14.0,0.095834,0.05393013296626299
13.0,0.094785,0.05340577888918448
12.0,0.107488,0.059756701082561925
15.0,0.088171,0.05009890229834199
14.0,0.095834,0.05393013296626299
13.0,0.095179,0.05360275653800563
14.0,0.095834,0.05393013296626299
10.0,0.105881,0.058953472742210064
14.0,0.099825,0.055925470414640924
12.0,0.107488,0.059756701082561925
16.0,0.089283,0.0506548706835437
13.0,0.096291,0.05415872492320732
15.0,0.096291,0.05415872492320732
13.0,0.105944,0.05898508705033323
16.0,0.088171,0.05009890229834199
13.0,0.095179,0.05360275653800563
15.0,0.095834,0.05393013296626299
13.0,0.105881,0.058953472742210064
13.0,0.112694,0.062359642215228744
11.0,0.101205,0.05661527251757591
8.0,0.108213,0.060119126757239544
13.0,0.114285,0.06315515565491168
13.0,0.114285,0.06315515565491168
7.0,0.128307,0.07016580630913367
12.0,0.131169,0.0765373885253945
11.0,0.138832,0.08036861919331549
11.0,0.139579,0.08074201361299085
12.0,0.149992,0.08594792735446426
11.0,0.138177,0.08004124276505813
8.0,0.146587,0.08424586785265448
12.0,0.14888,0.08539195896926256
11.0,0.138832,0.08036861919331549
10.0,0.146495,0.08419984986123649
12.0,0.149992,0.08594792735446426
12.0,0.14888,0.08539195896926256
7.0,0.161913,0.09190832918849648
15.0,0.105765,0.06186699642868698
13.0,0.112773,0.0653708506683506
13.0,0.112773,0.0653708506683506
12.0,0.122426,0.07019721279547653
14.0,0.112773,0.06537085066835062
11.0,0.119781,0.06887470490801424
13.0,0.122426,0.07019721279547653
14.0,0.112773,0.06537085066835062
11.0,0.119781,0.06887470490801424
13.0,0.122426,0.07019721279547653
14.0,0.122426,0.07019721279547653
9.0,0.133797,0.0758824133873415
15.0,0.113428,0.06569822709660798
12.0,0.120436,0.0692020813362716
14.0,0.120436,0.0692020813362716
12.0,0.130089,0.07402844346339751
14.0,0.123475,0.07072156687255504
12.0,0.130483,0.07422542111221866
14.0,0.113428,0.06569822709660798
12.0,0.120436,0.0692020813362716
12.0,0.120436,0.0692020813362716
11.0,0.130089,0.07402844346339751
15.0,0.123475,0.07072156687255504
12.0,0.130483,0.07422542111221866
14.0,0.135129,0.07654813498885397
16.0,0.123475,0.07072156687255504
13.0,0.130483,0.07422542111221868
10.0,0.147998,0.08298230678944178
15.0,0.100798,0.05889066703388529
13.0,0.107806,0.062394521273548914
13.0,0.108461,0.06272189770180629
12.0,0.118508,0.06774523747775335
14.0,0.108461,0.06272189770180629
11.0,0.116124,0.0665531283697273
13.0,0.118508,0.06774523747775335
14.0,0.109208,0.06309529212148166
11.0,0.116216,0.06659914636114528
13.0,0.119621,0.06830120586295506
14.0,0.119621,0.06830120586295504
9.0,0.131542,0.07426160769698728
15.0,0.107806,0.06239452127354893
12.0,0.115469,0.06622575194146993
14.0,0.116216,0.06659914636114528
12.0,0.126629,0.07180506010261868
14.0,0.117459,0.06722088340067484
12.0,0.125869,0.0714255084882712
14.0,0.108461,0.06272189770180629
12.0,0.115469,0.06622575194146992
12.0,0.116124,0.0665531283697273
11.0,0.126171,0.07157646814567435
15.0,0.118508,0.06774523747775335
12.0,0.126171,0.07157646814567435
14.0,0.130162,0.07357180559405228
16.0,0.119621,0.06830120586295504
13.0,0.126629,0.07180506010261867
15.0,0.131169,0.07653738852539449
14.0,0.138832,0.08036861919331549
14.0,0.139579,0.08074201361299085
14.0,0.138832,0.08036861919331549
14.0,0.149992,0.08594792735446426
14.0,0.138832,0.08036861919331549
11.0,0.146495,0.08419984986123648
14.0,0.138177,0.08004124276505813
11.0,0.146587,0.08424586785265449
14.0,0.14888,0.08539195896926256
14.0,0.138832,0.08036861919331549
13.0,0.146495,0.08419984986123648
14.0,0.149992,0.08594792735446426
13.0,0.14888,0.08539195896926256
10.0,0.161913,0.09190832918849648
15.0,0.105765,0.06186699642868698
13.0,0.112773,0.0653708506683506
14.0,0.112773,0.0653708506683506
13.0,0.122426,0.07019721279547653
13.0,0.112773,0.06537085066835062
11.0,0.119781,0.06887470490801424
12.0,0.122426,0.07019721279547653
14.0,0.112773,0.0653708506683506
11.0,0.119781,0.06887470490801424
14.0,0.122426,0.07019721279547653
13.0,0.122426,0.07019721279547653
9.0,0.133797,0.0758824133873415
15.0,0.113428,0.06569822709660798
12.0,0.120436,0.0692020813362716
14.0,0.120436,0.0692020813362716
12.0,0.130089,0.07402844346339751
14.0,0.123475,0.07072156687255504
12.0,0.130483,0.07422542111221866
14.0,0.113428,0.06569822709660798
12.0,0.120436,0.0692020813362716
12.0,0.120436,0.0692020813362716
11.0,0.130089,0.07402844346339751
15.0,0.123475,0.07072156687255504
12.0,0.130483,0.07422542111221866
14.0,0.135129,0.07654813498885396
16.0,0.123475,0.07072156687255504
13.0,0.130483,0.07422542111221866
10.0,0.147998,0.08298230678944178
15.0,0.105765,0.06186699642868698
14.0,0.112773,0.0653708506683506
13.0,0.112773,0.0653708506683506
13.0,0.122426,0.07019721279547653
14.0,0.112773,0.0653708506683506
11.0,0.119781,0.06887470490801423
14.0,0.122426,0.07019721279547653
13.0,0.112773,0.0653708506683506
11.0,0.119781,0.06887470490801423
12.0,0.122426,0.07019721279547653
13.0,0.122426,0.07019721279547653
9.0,0.133797,0.0758824133873415
14.0,0.113428,0.06569822709660797
12.0,0.120436,0.0692020813362716
12.0,0.120436,0.0692020813362716
11.0,0.130089,0.07402844346339751
16.0,0.117595,0.07072156687255503
13.0,0.124603,0.07422542111221866
15.0,0.113428,0.06569822709660798
14.0,0.120436,0.0692020813362716
12.0,0.120436,0.0692020813362716
12.0,0.130089,0.07402844346339751
15.0,0.123475,0.07072156687255504
12.0,0.130483,0.07422542111221866
14.0,0.123475,0.07072156687255504
12.0,0.130483,0.07422542111221866
14.0,0.135129,0.07654813498885397
10.0,0.147998,0.08298230678944177
15.0,0.105765,0.06186699642868698
14.0,0.112773,0.0653708506683506
14.0,0.112773,0.0653708506683506
14.0,0.122426,0.07019721279547653
13.0,0.112773,0.0653708506683506
11.0,0.119781,0.06887470490801423
13.0,0.122426,0.07019721279547653
13.0,0.112773,0.0653708506683506
11.0,0.119781,0.06887470490801423
13.0,0.122426,0.07019721279547653
12.0,0.122426,0.07019721279547653
9.0,0.133797,0.0758824133873415
14.0,0.113428,0.06569822709660798
12.0,0.120436,0.0692020813362716
12.0,0.120436,0.0692020813362716
11.0,0.130089,0.07402844346339753
16.0,0.123475,0.07072156687255504
13.0,0.130483,0.07422542111221868
15.0,0.113428,0.06569822709660798
14.0,0.120436,0.0692020813362716
12.0,0.120436,0.0692020813362716
12.0,0.130089,0.07402844346339753
15.0,0.123475,0.07072156687255506
12.0,0.130483,0.07422542111221868
14.0,0.123475,0.07072156687255504
12.0,0.130483,0.07422542111221866
14.0,0.135129,0.07654813498885396
10.0,0.147998,0.08298230678944178
13.0,0.141118,0.08249024830553595
11.0,0.148126,0.08599410254519957
12.0,0.148126,0.08599410254519957
11.0,0.157779,0.09082046467232549
12.0,0.148126,0.08599410254519957
9.0,0.155134,0.08949795678486319
11.0,0.157779,0.09082046467232549
11.0,0.148126,0.08599410254519957
8.0,0.155134,0.08949795678486319
11.0,0.157779,0.09082046467232549
11.0,0.157779,0.09082046467232548
6.0,0.16915,0.09650566526419047
15.0,0.171536,0.10013768984712196
13.0,0.178544,0.10364154408678558
13.0,0.178544,0.10364154408678558
11.0,0.188198,0.1084679062139115
13.0,0.131169,0.0765373885253945
12.0,0.139579,0.08074201361299087
12.0,0.138832,0.08036861919331549
11.0,0.149992,0.08594792735446426
12.0,0.138832,0.08036861919331549
9.0,0.146495,0.08419984986123648
11.0,0.149992,0.08594792735446426
12.0,0.138177,0.08004124276505813
8.0,0.146587,0.08424586785265449
11.0,0.14888,0.08539195896926256
11.0,0.14888,0.08539195896926256
6.0,0.161913,0.09190832918849648
15.0,0.171536,0.10013768984712196
13.0,0.178544,0.10364154408678558
13.0,0.178544,0.10364154408678558
11.0,0.188198,0.1084679062139115
11.0,0.201988,0.11778576985501116
8.0,0.208996,0.12128962409467478
15.0,0.171536,0.10013768984712196
13.0,0.178544,0.10364154408678558
13.0,0.178544,0.10364154408678558
11.0,0.188198,0.1084679062139115
12.0,0.201988,0.11778576985501116
9.0,0.208996,0.12128962409467478
10.0,0.232473,0.13543458866736832
15.0,0.100798,0.05889066703388529
13.0,0.107806,0.062394521273548914
14.0,0.108461,0.06272189770180629
13.0,0.118508,0.06774523747775335
13.0,0.108461,0.06272189770180629
11.0,0.116124,0.0665531283697273
12.0,0.118508,0.06774523747775335
14.0,0.109208,0.06309529212148166
11.0,0.116216,0.06659914636114528
14.0,0.119621,0.06830120586295506
13.0,0.119621,0.06830120586295504
9.0,0.131542,0.07426160769698728
15.0,0.107806,0.06239452127354893
12.0,0.115469,0.06622575194146992
14.0,0.116216,0.06659914636114528
12.0,0.126629,0.07180506010261868
14.0,0.117459,0.06722088340067484
12.0,0.125869,0.0714255084882712
14.0,0.108461,0.06272189770180629
12.0,0.115469,0.06622575194146992
12.0,0.116124,0.06655312836972728
11.0,0.126171,0.07157646814567435
15.0,0.118508,0.06774523747775336
12.0,0.126171,0.07157646814567435
14.0,0.130162,0.07357180559405228
16.0,0.119621,0.06830120586295504
13.0,0.126629,0.07180506010261867
15.0,0.095833,0.05591435310099424
14.0,0.102841,0.059418207340657864
13.0,0.103495,0.05974558376891523
13.0,0.113543,0.06476892354486229
14.0,0.103495,0.05974558376891523
11.0,0.111158,0.06357681443683623
14.0,0.113543,0.06476892354486229
13.0,0.104243,0.06011897818859059
11.0,0.111251,0.06362283242825421
12.0,0.114655,0.06532489193006398
13.0,0.114655,0.06532489193006398
9.0,0.126576,0.07128529376409622
14.0,0.103495,0.05974558376891523
12.0,0.111158,0.06357681443683623
12.0,0.111905,0.06395020885651158
11.0,0.122318,0.06915612259798498
16.0,0.107663,0.06476892354486229
13.0,0.116073,0.06897354863245864
15.0,0.104243,0.06011897818859058
14.0,0.111251,0.06362283242825421
12.0,0.111905,0.06395020885651158
12.0,0.121953,0.06897354863245864
15.0,0.114655,0.06532489193006398
12.0,0.122318,0.06915612259798498
14.0,0.115827,0.06591061274114167
12.0,0.122835,0.0694144669808053
14.0,0.128002,0.07199808102737604
15.0,0.095833,0.05591435310099424
14.0,0.102841,0.059418207340657864
14.0,0.103495,0.059745583768915235
14.0,0.113543,0.06476892354486229
13.0,0.103495,0.05974558376891523
11.0,0.111158,0.06357681443683623
13.0,0.113543,0.06476892354486229
13.0,0.104243,0.06011897818859059
11.0,0.111251,0.06362283242825421
13.0,0.114655,0.06532489193006398
12.0,0.114655,0.06532489193006398
9.0,0.126576,0.07128529376409622
14.0,0.103495,0.059745583768915235
12.0,0.111158,0.06357681443683623
12.0,0.111905,0.06395020885651159
11.0,0.122318,0.06915612259798498
16.0,0.113543,0.06476892354486229
13.0,0.121953,0.06897354863245865
15.0,0.104243,0.060118978188590584
14.0,0.111251,0.06362283242825421
12.0,0.111905,0.06395020885651158
12.0,0.121953,0.06897354863245865
15.0,0.114655,0.06532489193006398
12.0,0.122318,0.06915612259798497
14.0,0.115827,0.06591061274114167
12.0,0.122835,0.06941446698080529
14.0,0.128002,0.07199808102737605
13.0,0.131169,0.07653738852539442
12.0,0.138177,0.08004124276505804
12.0,0.138832,0.08036861919331542
11.0,0.14888,0.08539195896926248
12.0,0.138832,0.08036861919331541
9.0,0.146495,0.08419984986123641
11.0,0.14888,0.08539195896926248
12.0,0.139579,0.08074201361299077
8.0,0.146587,0.08424586785265441
11.0,0.149992,0.08594792735446417
11.0,0.149992,0.08594792735446417
6.0,0.161913,0.0919083291884964
13.0,0.121226,0.07058460771637685
12.0,0.129636,0.0747892328039732
12.0,0.129636,0.0747892328039732
11.0,0.14122,0.08058086735652428
12.0,0.129636,0.0747892328039732
9.0,0.138046,0.07899385789156957
11.0,0.14122,0.08058086735652428
12.0,0.129636,0.0747892328039732
9.0,0.138046,0.07899385789156957
11.0,0.14122,0.08058086735652428
11.0,0.14122,0.08058086735652428
6.0,0.154866,0.08740310806676226
15.0,0.131169,0.07653738852539449
14.0,0.138832,0.08036861919331549
14.0,0.139579,0.08074201361299085
14.0,0.138832,0.08036861919331549
14.0,0.149992,0.08594792735446424
14.0,0.138832,0.08036861919331549
11.0,0.146495,0.08419984986123649
14.0,0.138177,0.08004124276505813
11.0,0.146587,0.08424586785265449
14.0,0.14888,0.08539195896926258
14.0,0.138832,0.08036861919331549
13.0,0.146495,0.08419984986123649
14.0,0.149992,0.08594792735446426
13.0,0.14888,0.08539195896926256
10.0,0.161913,0.09190832918849648
15.0,0.171536,0.10013768984712196
13.0,0.178544,0.10364154408678558
13.0,0.178544,0.10364154408678558
11.0,0.188198,0.1084679062139115
12.0,0.201988,0.11778576985501113
9.0,0.208996,0.12128962409467478
10.0,0.232473,0.13543458866736832
12.0,0.131169,0.0765373885253944
11.0,0.138832,0.08036861919331541
11.0,0.139579,0.08074201361299077
12.0,0.149992,0.08594792735446416
11.0,0.138177,0.08004124276505803
8.0,0.146587,0.0842458678526544
12.0,0.14888,0.08539195896926248
11.0,0.138832,0.08036861919331541
10.0,0.146495,0.08419984986123641
12.0,0.149992,0.08594792735446416
12.0,0.142999,0.08539195896926248
7.0,0.161913,0.0919083291884964
12.0,0.201988,0.11778576985501105
9.0,0.208996,0.1212896240946747
11.0,0.232473,0.13543458866736832
11.0,0.232473,0.13543458866736832
5.0,0.262991,0.15308424396192966
16.0,0.059469,0.0347504087386407
13.0,0.067879,0.03895503382623706
15.0,0.067879,0.03895503382623705
14.0,0.079464,0.04474666837878815
15.0,0.067879,0.03895503382623706
12.0,0.076289,0.043159658913833415
14.0,0.079464,0.04474666837878815
15.0,0.067879,0.03895503382623706
12.0,0.076289,0.043159658913833415
15.0,0.079464,0.04474666837878815
15.0,0.079464,0.04474666837878815
11.0,0.093109,0.05156890908902613
16.0,0.067132,0.038581639406561695
14.0,0.075542,0.04278626449415806
15.0,0.075542,0.04278626449415805
14.0,0.087127,0.048577899046709144
15.0,0.078292,0.04416094756771046
13.0,0.086702,0.04836557265530682
15.0,0.067132,0.038581639406561695
12.0,0.075542,0.04278626449415805
14.0,0.075542,0.04278626449415806
13.0,0.087127,0.048577899046709144
15.0,0.078292,0.04416094756771046
13.0,0.086702,0.04836557265530681
14.0,0.091639,0.050834136665022504
16.0,0.078292,0.04416094756771046
13.0,0.086702,0.04836557265530681
13.0,0.106588,0.058307769764203085
16.0,0.067132,0.038581639406561695
14.0,0.075542,0.04278626449415805
13.0,0.074795,0.04241287007448269
15.0,0.074795,0.04241287007448269
14.0,0.085955,0.047992178235631455
15.0,0.075542,0.04278626449415805
12.0,0.083205,0.046617495162079046
14.0,0.087127,0.048577899046709144
16.0,0.085955,0.04799217823563145
15.0,0.078292,0.04416094756771046
14.0,0.085955,0.047992178235631455
13.0,0.086702,0.04836557265530682
14.0,0.097114,0.053571486396780214
15.0,0.066477,0.03825426297830433
12.0,0.074887,0.04245888806590069
14.0,0.074887,0.04245888806590068
12.0,0.086472,0.04825052261845178
14.0,0.074887,0.04245888806590069
11.0,0.083297,0.04666351315349704
12.0,0.086472,0.04825052261845178
12.0,0.074887,0.04245888806590069
9.0,0.083297,0.04666351315349704
13.0,0.086472,0.04825052261845178
13.0,0.086472,0.04825052261845178
8.0,0.100117,0.05507276332868976
16.0,0.07718,0.04360497918250876
14.0,0.08559,0.04780960427010511
14.0,0.08559,0.04780960427010512
11.0,0.097174,0.0536012388226562
16.0,0.07718,0.04360497918250877
14.0,0.08559,0.04780960427010511
14.0,0.08559,0.04780960427010512
11.0,0.097174,0.0536012388226562
12.0,0.090213,0.05012134940174267
9.0,0.098623,0.05432597448933903
16.0,0.07718,0.04360497918250876
13.0,0.08559,0.04780960427010511
15.0,0.08559,0.04780960427010512
13.0,0.097174,0.05360123882265621
15.0,0.067132,0.038581639406561695
14.0,0.075542,0.04278626449415805
15.0,0.074795,0.04241287007448269
13.0,0.074795,0.04241287007448269
14.0,0.085955,0.047992178235631455
12.0,0.075542,0.04278626449415805
11.0,0.083205,0.04661749516207904
13.0,0.087127,0.048577899046709144
14.0,0.085955,0.047992178235631455
13.0,0.099302,0.0546653673329435
15.0,0.078292,0.04416094756771046
13.0,0.086702,0.04836557265530681
14.0,0.085955,0.047992178235631455
14.0,0.085955,0.047992178235631455
11.0,0.097114,0.053571486396780214
14.0,0.091639,0.050834136665022504
13.0,0.099302,0.0546653673329435
16.0,0.078292,0.04416094756771046
13.0,0.086702,0.04836557265530681
16.0,0.085955,0.047992178235631455
14.0,0.097114,0.053571486396780214
13.0,0.106588,0.058307769764203085
16.0,0.07718,0.04360497918250876
13.0,0.08559,0.04780960427010511
15.0,0.08559,0.04780960427010512
13.0,0.097174,0.05360123882265621
11.0,0.090213,0.050121349401742676
8.0,0.098623,0.05432597448933903
13.0,0.104923,0.05747547245824774
13.0,0.104923,0.05747547245824774
8.0,0.120942,0.06548459081163656
13.0,0.12993,0.07599474059311463
12.0,0.137593,0.07982597126103563
12.0,0.13834,0.080199365680711
13.0,0.148753,0.0854052794221844
12.0,0.136938,0.07949859483277827
9.0,0.145348,0.08370321992037462
13.0,0.14764,0.08484931103698269
12.0,0.137593,0.07982597126103563
11.0,0.145256,0.08365720192895662
13.0,0.148753,0.0854052794221844
13.0,0.14764,0.08484931103698269
8.0,0.160674,0.09136568125621661
13.0,0.165234,0.09661740516732767
11.0,0.172242,0.1001212594069913
12.0,0.172897,0.10044863583524867
13.0,0.182945,0.10547197561119574
14.0,0.160267,0.09364107577252599
12.0,0.168677,0.09784570086012236
13.0,0.16793,0.09747230644044699
14.0,0.17909,0.10305161460159575
13.0,0.165234,0.09661740516732767
12.0,0.172897,0.10044863583524867
11.0,0.172242,0.1001212594069913
13.0,0.182945,0.10547197561119573
14.0,0.165234,0.09661740516732768
14.0,0.172897,0.10044863583524868
12.0,0.172242,0.1001212594069913
13.0,0.182945,0.10547197561119574
14.0,0.165234,0.09661740516732768
14.0,0.172897,0.10044863583524868
12.0,0.172242,0.1001212594069913
13.0,0.182945,0.10547197561119574
11.0,0.200587,0.11724065704417663
8.0,0.207595,0.12074451128384027
13.0,0.231006,0.13488809858576267
14.0,0.160267,0.09364107577252599
13.0,0.16793,0.09747230644044699
12.0,0.168677,0.09784570086012236
14.0,0.17909,0.10305161460159575
15.0,0.155302,0.09066476183963493
14.0,0.163712,0.09486938692723129
13.0,0.163712,0.09486938692723129
13.0,0.175296,0.10066102147978237
15.0,0.155302,0.09066476183963493
14.0,0.163712,0.09486938692723129
13.0,0.163712,0.09486938692723129
13.0,0.175296,0.10066102147978237
12.0,0.190639,0.11128779726403512
9.0,0.199049,0.11549242235163149
13.0,0.231006,0.13488809858576267
12.0,0.190639,0.11128779726403511
9.0,0.199049,0.11549242235163147
9.0,0.261458,0.15253617859365176
12.0,0.128824,0.07534653787278324
11.0,0.136487,0.07917776854070424
11.0,0.137234,0.0795511629603796
12.0,0.147646,0.084757076701853
11.0,0.135832,0.07885039211244688
8.0,0.144242,0.08305501720004323
12.0,0.146534,0.08420110831665131
11.0,0.136487,0.07917776854070424
10.0,0.14415,0.08300899920862524
12.0,0.147646,0.084757076701853
12.0,0.146534,0.08420110831665131
7.0,0.159568,0.09071747853588523
8.0,0.259993,0.15188392639817763
16.0,0.967165,0.4835817989011828
15.0,0.975575,0.48778642398877914
16.0,0.975575,0.4877864239887792
16.0,0.987159,0.4935780585413302
16.0,0.975575,0.4877864239887792
13.0,0.983985,0.4919910490763755
16.0,0.987159,0.4935780585413302
15.0,0.975575,0.48778642398877914
14.0,0.983985,0.4919910490763755
16.0,0.987159,0.4935780585413303
16.0,0.987159,0.4935780585413303
12.0,1.000805,0.5004002992515683
15.0,0.974827,0.4874130295691038
14.0,0.983237,0.4916176546567002
14.0,0.983237,0.49161765465670015
15.0,0.994822,0.4974092892092513
16.0,0.985987,0.49299233773025253
15.0,0.994397,0.49719696281784886
15.0,0.974827,0.4874130295691038
14.0,0.983237,0.49161765465670015
15.0,0.983237,0.4916176546567002
15.0,0.994822,0.4974092892092512
16.0,0.985987,0.4929923377302526
14.0,0.994397,0.49719696281784886
16.0,0.985987,0.49299233773025253
15.0,0.994397,0.49719696281784886
16.0,0.999334,0.4996655268275646
14.0,1.014283,0.5071391599267453
15.0,0.974173,0.4870856531408464
12.0,0.982583,0.49129027822844273
14.0,0.982583,0.4912902782284428
14.0,0.994167,0.4970819127809938
14.0,0.982583,0.4912902782284428
12.0,0.990993,0.49549490331603907
14.0,0.994167,0.4970819127809938
14.0,0.982583,0.49129027822844273
11.0,0.990993,0.49549490331603907
15.0,0.994167,0.4970819127809939
15.0,0.994167,0.4970819127809939
11.0,1.007813,0.5039041534912319
16.0,0.984875,0.4924363693450508
15.0,0.993285,0.4966409944326472
15.0,0.993285,0.49664099443264714
16.0,1.004869,0.5024326289851984
15.0,0.974827,0.4874130295691038
13.0,0.98249,0.49124426023702483
14.0,0.983237,0.4916176546567002
14.0,0.98249,0.49124426023702483
14.0,0.99365,0.4968235683981736
14.0,0.983237,0.49161765465670015
12.0,0.9909,0.49544888532462117
15.0,0.994822,0.4974092892092513
15.0,0.99365,0.49682356839817354
14.0,1.006997,0.5034967574954856
16.0,0.985987,0.49299233773025253
15.0,0.99365,0.49682356839817354
15.0,0.994397,0.49719696281784886
16.0,1.004809,0.5024028765593223
16.0,0.978995,0.4924363693450508
15.0,0.987405,0.4966409944326472
15.0,0.987405,0.49664099443264714
16.0,0.998989,0.5024326289851984
11.0,0.997908,0.49895273956428476
10.0,1.006318,0.5031573646518811
16.0,0.984875,0.49243636934505086
14.0,0.993285,0.4966409944326472
15.0,0.993285,0.49664099443264714
14.0,1.004869,0.5024326289851982
14.0,1.012618,0.5063068626207898
15.0,0.974827,0.4874130295691038
14.0,0.98249,0.49124426023702483
15.0,0.983237,0.4916176546567002
13.0,0.98249,0.49124426023702483
14.0,0.99365,0.4968235683981736
14.0,0.983237,0.49161765465670015
12.0,0.9909,0.49544888532462117
15.0,0.99365,0.49682356839817354
15.0,0.994822,0.4974092892092512
16.0,0.984875,0.49243636934505086
14.0,0.993285,0.4966409944326472
15.0,0.993285,0.49664099443264714
14.0,1.004869,0.5024326289851982
16.0,0.985987,0.4929923377302526
14.0,0.99365,0.4968235683981736
14.0,0.994397,0.49719696281784886
14.0,0.99365,0.4968235683981736
11.0,1.004809,0.5024028765593223
14.0,1.012618,0.5063068626207898
16.0,0.985987,0.49299233773025253
15.0,0.99365,0.49682356839817354
15.0,0.994397,0.49719696281784886
16.0,1.004809,0.5024028765593223
12.0,0.997908,0.49895273956428476
11.0,1.006318,0.5031573646518812
16.0,0.999334,0.4996655268275646
14.0,1.006997,0.5034967574954856
14.0,1.014283,0.5071391599267453
10.0,1.028637,0.5143159809741787
15.0,0.974827,0.4874130295691038
14.0,0.981835,0.4909168838087674
13.0,0.98249,0.49124426023702483
14.0,0.992538,0.4962676000129719
15.0,0.98249,0.49124426023702483
12.0,0.990153,0.49507549090494585
15.0,0.992538,0.4962676000129719
15.0,0.983237,0.49161765465670015
13.0,0.990245,0.49512150889636375
14.0,0.99365,0.49682356839817354
15.0,0.99365,0.49682356839817354
11.0,1.005571,0.5027839702322058
14.0,0.98249,0.49124426023702483
12.0,0.990153,0.49507549090494585
13.0,0.9909,0.49544888532462117
13.0,1.001313,0.5006547990660946
15.0,0.986658,0.4962676000129718
14.0,0.995068,0.5004722251005681
15.0,0.983237,0.4916176546567002
14.0,0.990245,0.4951215088963638
13.0,0.9909,0.4954488853246212
13.0,1.000948,0.5004722251005681
15.0,0.99365,0.4968235683981736
12.0,1.001313,0.5006547990660946
15.0,0.994822,0.4974092892092513
14.0,1.00183,0.5009131434489149
15.0,1.006997,0.5034967574954856
16.0,0.974173,0.48708565314084645
14.0,0.982583,0.4912902782284428
13.0,0.982583,0.49129027822844273
14.0,0.994167,0.49708191278099384
15.0,0.982583,0.49129027822844273
12.0,0.990993,0.4954949033160391
15.0,0.994167,0.49708191278099384
15.0,0.982583,0.4912902782284428
13.0,0.990993,0.4954949033160391
14.0,0.994167,0.49708191278099384
15.0,0.994167,0.49708191278099384
11.0,1.007813,0.5039041534912319
14.0,0.981835,0.49091688380876747
12.0,0.990245,0.49512150889636375
13.0,0.990245,0.4951215088963638
13.0,1.00183,0.5009131434489149
15.0,0.992995,0.4964961919699162
14.0,1.001405,0.5007008170575126
15.0,0.981835,0.49091688380876747
14.0,0.990245,0.4951215088963638
13.0,0.990245,0.49512150889636375
13.0,1.00183,0.5009131434489149
15.0,0.992995,0.49649619196991623
12.0,1.001405,0.5007008170575126
15.0,0.992995,0.4964961919699162
14.0,1.001405,0.5007008170575126
15.0,1.006342,0.5031693810672283
12.0,1.021291,0.5106430141664089
16.0,0.984875,0.4924363693450508
14.0,0.992538,0.4962676000129718
15.0,0.993285,0.4966409944326472
15.0,0.992538,0.4962676000129718
14.0,1.003697,0.5018469081741206
15.0,0.993285,0.49664099443264725
13.0,1.000948,0.5004722251005683
15.0,1.004869,0.5024326289851984
15.0,1.003697,0.5018469081741207
14.0,1.017045,0.5085200972714328
16.0,0.985987,0.49299233773025253
14.0,0.992995,0.4964961919699161
14.0,0.99365,0.49682356839817354
11.0,1.003697,0.5018469081741206
15.0,0.99365,0.49682356839817354
12.0,1.001313,0.5006547990660946
13.0,1.003697,0.5018469081741206
15.0,0.994397,0.49719696281784886
12.0,1.001405,0.5007008170575125
14.0,1.004809,0.5024028765593224
15.0,1.004809,0.5024028765593224
10.0,1.016731,0.5083632783933546
16.0,0.983826,0.49191201526797246
14.0,0.992236,0.4961166403555688
14.0,0.992236,0.49611664035556874
11.0,1.00382,0.5019082749081198
15.0,0.992236,0.49611664035556874
12.0,1.000646,0.5003212654431651
13.0,1.00382,0.5019082749081198
15.0,0.992236,0.4961166403555688
12.0,1.000646,0.5003212654431651
14.0,1.00382,0.5019082749081198
15.0,1.00382,0.5019082749081198
10.0,1.017466,0.5087305156183578
14.0,1.010989,0.5054926227016207
12.0,1.019399,0.509697247789217
15.0,0.974827,0.4874130295691038
14.0,0.98249,0.49124426023702483
14.0,0.983237,0.49161765465670015
15.0,0.99365,0.49682356839817354
14.0,0.981835,0.4909168838087674
11.0,0.990245,0.49512150889636375
15.0,0.992538,0.4962676000129718
14.0,0.98249,0.49124426023702483
12.0,0.990153,0.49507549090494585
15.0,0.99365,0.49682356839817354
15.0,0.986658,0.4962676000129718
10.0,1.005571,0.5027839702322058
14.0,0.983237,0.4916176546567002
13.0,0.9909,0.4954488853246212
13.0,0.990245,0.4951215088963638
14.0,1.000948,0.5004722251005682
15.0,0.994822,0.4974092892092512
13.0,1.00183,0.5009131434489148
14.0,0.98249,0.49124426023702483
13.0,0.990153,0.49507549090494585
13.0,0.9909,0.49544888532462117
14.0,1.001313,0.5006547990660946
15.0,0.992538,0.4962676000129719
13.0,1.000948,0.5004722251005682
15.0,0.99365,0.4968235683981736
12.0,1.001313,0.5006547990660946
12.0,1.020281,0.5101380932887108
16.0,0.985987,0.4929923377302526
15.0,0.99365,0.4968235683981736
14.0,0.994397,0.497196962817849
15.0,0.99365,0.4968235683981736
14.0,1.004809,0.5024028765593224
15.0,0.992995,0.4964961919699162
13.0,1.001405,0.5007008170575126
16.0,0.997817,0.5018469081741206
15.0,1.003697,0.5018469081741207
16.0,0.984875,0.49243636934505086
15.0,0.992538,0.4962676000129719
15.0,0.993285,0.49664099443264725
14.0,0.992538,0.4962676000129719
14.0,1.003697,0.5018469081741207
15.0,0.993285,0.4966409944326472
13.0,1.000948,0.5004722251005682
16.0,1.003697,0.5018469081741206
15.0,1.004869,0.5024326289851982
12.0,0.997908,0.49895273956428476
11.0,1.005571,0.5027839702322058
11.0,1.006318,0.5031573646518811
11.0,1.005571,0.5027839702322058
10.0,1.016731,0.5083632783933546
16.0,0.999334,0.4996655268275646
14.0,1.006342,0.5031693810672282
15.0,1.006997,0.5034967574954856
13.0,1.017045,0.5085200972714328
16.0,0.996528,0.49826293746134975
14.0,1.004938,0.5024675625489462
15.0,1.004938,0.5024675625489462
13.0,1.016523,0.5082591971014971
10.0,1.026809,0.5134019669118829
16.0,0.985987,0.49299233773025264
15.0,0.99365,0.49682356839817365
15.0,0.994397,0.497196962817849
14.0,1.004809,0.5024028765593224
15.0,0.992995,0.49649619196991623
12.0,1.001405,0.5007008170575126
15.0,1.003697,0.5018469081741207
15.0,0.99365,0.49682356839817365
13.0,1.001313,0.5006547990660947
15.0,1.004809,0.5024028765593224
16.0,0.997817,0.5018469081741207
11.0,1.016731,0.5083632783933546
14.0,1.014283,0.5071391599267453
12.0,1.021291,0.5106430141664089
11.0,1.028637,0.5143159809741786
10.0,1.043738,0.5218658441341923
16.0,0.974827,0.4874130295691038
14.0,0.98249,0.49124426023702483
15.0,0.983237,0.4916176546567002
15.0,0.98249,0.49124426023702483
15.0,0.99365,0.4968235683981736
13.0,0.98249,0.49124426023702483
12.0,0.990153,0.49507549090494585
15.0,0.981835,0.49091688380876747
13.0,0.990245,0.49512150889636375
14.0,0.992538,0.4962676000129718
14.0,0.98249,0.49124426023702483
13.0,0.990153,0.49507549090494585
14.0,0.99365,0.4968235683981736
15.0,0.992538,0.4962676000129719
11.0,1.005571,0.5027839702322058
14.0,0.981835,0.4909168838087674
14.0,0.990245,0.4951215088963638
12.0,0.989498,0.4947481144766884
13.0,0.989498,0.4947481144766884
13.0,1.000658,0.5003274226378372
15.0,0.992538,0.4962676000129718
14.0,1.000201,0.5000988306808929
15.0,0.992538,0.4962676000129719
12.0,1.000201,0.5000988306808929
15.0,0.991489,0.4957432459358935
13.0,0.999899,0.49994787102348975
15.0,1.004191,0.5020941681292708
13.0,0.98249,0.49124426023702483
12.0,0.990153,0.49507549090494585
13.0,0.9909,0.4954488853246212
12.0,0.990153,0.49507549090494585
12.0,1.001313,0.5006547990660947
12.0,0.990153,0.49507549090494585
9.0,0.997816,0.49890672157286686
13.0,0.989498,0.4947481144766885
11.0,0.997908,0.49895273956428476
12.0,1.000201,0.5000988306808929
12.0,0.990153,0.49507549090494585
11.0,0.997816,0.49890672157286686
12.0,1.001313,0.5006547990660947
12.0,1.000201,0.5000988306808929
8.0,1.013234,0.5066152009001268
14.0,0.992538,0.4962676000129719
13.0,1.000948,0.5004722251005682
12.0,1.000201,0.5000988306808929
13.0,1.000201,0.5000988306808929
12.0,1.01136,0.5056781388420416
15.0,0.983237,0.49161765465670015
13.0,0.9909,0.49544888532462117
12.0,0.9909,0.49544888532462117
14.0,0.990245,0.4951215088963638
13.0,1.000948,0.5004722251005683
13.0,0.990245,0.49512150889636375
10.0,0.997908,0.49895273956428476
14.0,1.000948,0.5004722251005682
14.0,0.999899,0.4999478710234898
15.0,0.994822,0.4974092892092513
14.0,1.00183,0.5009131434489149
13.0,1.00183,0.5009131434489149
12.0,1.011483,0.5057395055760409
15.0,0.99365,0.49682356839817354
12.0,1.001313,0.5006547990660946
15.0,1.006997,0.5034967574954856
14.0,0.99365,0.49682356839817354
13.0,1.001313,0.5006547990660946
12.0,1.001313,0.5006547990660946
13.0,1.000658,0.5003274226378372
12.0,1.01136,0.5056781388420417
11.0,1.005571,0.5027839702322058
8.0,1.013234,0.5066152009001268
15.0,0.99365,0.49682356839817354
14.0,1.001313,0.5006547990660946
14.0,1.000658,0.5003274226378371
13.0,1.01136,0.5056781388420416
16.0,0.985987,0.49299233773025253
14.0,0.992995,0.4964961919699161
15.0,0.99365,0.49682356839817354
13.0,1.003697,0.5018469081741206
14.0,0.99365,0.49682356839817354
12.0,1.001313,0.5006547990660946
11.0,1.003697,0.5018469081741206
15.0,0.994397,0.49719696281784886
12.0,1.001405,0.5007008170575125
15.0,1.004809,0.5024028765593224
14.0,1.004809,0.5024028765593224
10.0,1.016731,0.5083632783933546
15.0,0.992995,0.4964961919699162
13.0,1.000658,0.5003274226378372
14.0,1.001405,0.5007008170575126
12.0,1.011817,0.5059067307989861
14.0,1.002648,0.5013225540970422
11.0,1.011058,0.5055271791846385
15.0,0.99365,0.49682356839817354
13.0,1.000658,0.5003274226378371
13.0,1.001313,0.5006547990660946
10.0,1.01136,0.5056781388420417
15.0,1.003697,0.5018469081741206
12.0,1.01136,0.5056781388420417
13.0,1.015351,0.5076734762904196
16.0,1.004809,0.5024028765593224
13.0,1.011817,0.5059067307989861
16.0,0.974173,0.48708565314084645
14.0,0.981835,0.49091688380876747
15.0,0.982583,0.49129027822844273
15.0,0.981835,0.49091688380876747
15.0,0.992995,0.49649619196991623
15.0,0.981835,0.49091688380876747
13.0,0.989498,0.4947481144766885
13.0,0.981181,0.4905895073805101
12.0,0.989591,0.4947941324681064
14.0,0.991883,0.49594022358471446
14.0,0.981835,0.49091688380876747
13.0,0.989498,0.4947481144766885
15.0,0.992995,0.49649619196991623
14.0,0.991883,0.4959402235847145
11.0,1.004916,0.5024565938039484
14.0,0.982583,0.4912902782284428
14.0,0.990245,0.4951215088963638
12.0,0.989591,0.49479413246810644
13.0,0.990245,0.4951215088963638
13.0,1.000293,0.5001448486723109
15.0,0.992995,0.4964961919699162
14.0,1.000658,0.5003274226378372
15.0,0.994167,0.49708191278099384
12.0,1.001175,0.5005857670206575
15.0,0.992995,0.4964961919699162
13.0,1.000658,0.5003274226378372
15.0,1.006342,0.5031693810672283
13.0,0.982583,0.49129027822844273
12.0,0.990245,0.49512150889636375
12.0,0.990993,0.4954949033160391
13.0,0.990245,0.49512150889636375
12.0,1.001405,0.5007008170575126
13.0,0.990245,0.49512150889636375
11.0,0.997908,0.49895273956428476
12.0,0.989591,0.4947941324681064
9.0,0.998001,0.4989987575557028
12.0,1.000293,0.5001448486723109
12.0,0.990245,0.49512150889636375
11.0,0.997908,0.49895273956428476
12.0,1.001405,0.5007008170575126
12.0,1.000293,0.5001448486723108
8.0,1.013326,0.5066612188915448
14.0,0.994167,0.49708191278099384
13.0,1.00183,0.5009131434489149
12.0,1.001175,0.5005857670206575
13.0,1.00183,0.5009131434489149
12.0,1.011877,0.505936483224862
15.0,0.982583,0.4912902782284428
13.0,0.990245,0.4951215088963638
14.0,0.990245,0.4951215088963638
12.0,0.989591,0.49479413246810644
13.0,1.000293,0.5001448486723108
13.0,0.990993,0.4954949033160391
11.0,0.998001,0.4989987575557028
14.0,1.001405,0.5007008170575126
14.0,1.001405,0.5007008170575126
15.0,0.994167,0.49708191278099384
12.0,1.001175,0.5005857670206575
15.0,0.992995,0.4964961919699162
14.0,1.001405,0.5007008170575126
13.0,1.000658,0.5003274226378371
12.0,1.011817,0.505906730798986
15.0,1.006342,0.5031693810672283
14.0,0.994167,0.49708191278099384
13.0,1.00183,0.5009131434489148
13.0,1.00183,0.5009131434489148
12.0,1.001175,0.5005857670206575
12.0,1.011877,0.505936483224862
11.0,1.007813,0.5039041534912319
8.0,1.014821,0.5074080077308956
12.0,1.021291,0.5106430141664088
15.0,0.992995,0.4964961919699162
14.0,1.000658,0.5003274226378371
14.0,1.001405,0.5007008170575126
12.0,1.011817,0.505906730798986
12.0,1.021291,0.510643014166409
8.0,1.035645,0.5178198352138423
16.0,0.983826,0.49191201526797246
14.0,0.992236,0.4961166403555688
15.0,0.992236,0.49611664035556874
13.0,1.00382,0.5019082749081198
14.0,0.992236,0.49611664035556874
12.0,1.000646,0.5003212654431651
11.0,1.00382,0.5019082749081198
15.0,0.992236,0.4961166403555688
12.0,1.000646,0.5003212654431651
15.0,1.00382,0.5019082749081198
14.0,1.00382,0.5019082749081198
10.0,1.017466,0.5087305156183578
15.0,0.991489,0.4957432459358935
13.0,0.999899,0.49994787102348975
14.0,0.999899,0.4999478710234898
12.0,1.011483,0.5057395055760409
14.0,1.002648,0.5013225540970422
11.0,1.011058,0.5055271791846385
15.0,0.991489,0.49574324593589336
13.0,0.999899,0.4999478710234897
13.0,0.999899,0.49994787102348975
10.0,1.011483,0.5057395055760409
15.0,1.002648,0.5013225540970422
12.0,1.011058,0.5055271791846385
13.0,1.015996,0.5079957431943543
16.0,1.002648,0.5013225540970422
13.0,1.011058,0.5055271791846385
10.0,1.030944,0.5154693762935347
16.0,0.984875,0.4924363693450508
14.0,0.992538,0.4962676000129718
15.0,0.993285,0.4966409944326472
15.0,0.992538,0.4962676000129718
14.0,1.003697,0.5018469081741206
14.0,0.992538,0.4962676000129718
12.0,1.000201,0.5000988306808928
14.0,0.991883,0.49594022358471446
12.0,1.000293,0.5001448486723109
11.0,1.002585,0.5012909397889189
15.0,0.992538,0.4962676000129718
12.0,1.000201,0.5000988306808928
14.0,1.003697,0.5018469081741206
14.0,1.002585,0.5012909397889189
10.0,1.015619,0.5078073100081529
15.0,0.993285,0.49664099443264725
13.0,1.000948,0.5004722251005682
13.0,1.000948,0.5004722251005682
13.0,1.000293,0.5001448486723108
10.0,1.010995,0.5054955648765154
15.0,1.004869,0.5024326289851984
12.0,1.011877,0.505936483224862
15.0,1.003697,0.5018469081741207
12.0,1.01136,0.5056781388420417
14.0,1.017045,0.5085200972714328
16.0,1.003697,0.5018469081741207
13.0,1.01136,0.5056781388420417
14.0,1.010989,0.5054926227016207
12.0,1.018652,0.5093238533695417
12.0,1.019399,0.509697247789217
11.0,1.029811,0.5149031615306905
15.0,0.974173,0.4870856531408465
14.0,0.982583,0.49129027822844284
15.0,0.982583,0.4912902782284428
15.0,0.994167,0.4970819127809939
15.0,0.982583,0.4912902782284428
12.0,0.990993,0.4954949033160392
15.0,0.994167,0.4970819127809939
12.0,0.982583,0.49129027822844284
11.0,0.990993,0.4954949033160392
14.0,0.994167,0.4970819127809939
14.0,0.994167,0.4970819127809939
11.0,1.007813,0.5039041534912319
14.0,0.981835,0.4909168838087675
13.0,0.990245,0.4951215088963638
11.0,0.990245,0.49512150889636386
13.0,1.00183,0.5009131434489149
15.0,0.992995,0.49649619196991623
12.0,1.001405,0.5007008170575126
15.0,0.981835,0.4909168838087674
13.0,0.990245,0.49512150889636375
14.0,0.990245,0.4951215088963638
14.0,1.00183,0.5009131434489149
15.0,0.992995,0.4964961919699162
13.0,1.001405,0.5007008170575126
14.0,0.992995,0.49649619196991623
12.0,1.001405,0.5007008170575126
14.0,1.006342,0.5031693810672283
12.0,1.021291,0.5106430141664089
14.0,0.981181,0.4905895073805101
11.0,0.989591,0.49479413246810644
13.0,0.989591,0.4947941324681064
12.0,1.001175,0.5005857670206575
13.0,0.989591,0.4947941324681064
11.0,0.998001,0.4989987575557028
12.0,1.001175,0.5005857670206575
11.0,0.989591,0.49479413246810644
8.0,0.998001,0.4989987575557028
12.0,1.001175,0.5005857670206575
12.0,1.001175,0.5005857670206575
8.0,1.014821,0.5074080077308956
15.0,0.991883,0.4959402235847145
14.0,1.000293,0.5001448486723108
12.0,1.000293,0.5001448486723109
13.0,1.011877,0.505936483224862
14.0,0.981835,0.4909168838087675
12.0,0.989498,0.49474811447668854
13.0,0.990245,0.4951215088963638
13.0,0.989498,0.4947481144766884
13.0,1.000658,0.5003274226378372
11.0,0.990245,0.49512150889636386
10.0,0.997908,0.4989527395642849
13.0,1.00183,0.5009131434489149
13.0,1.000658,0.5003274226378372
12.0,1.014005,0.5070006117351493
15.0,0.992995,0.49649619196991623
14.0,1.000658,0.5003274226378371
12.0,1.001405,0.5007008170575126
13.0,1.011817,0.5059067307989861
15.0,0.986003,0.4959402235847145
14.0,0.994413,0.5001448486723108
12.0,0.994413,0.5001448486723109
13.0,1.005997,0.505936483224862
10.0,1.004916,0.5024565938039485
7.0,1.013326,0.5066612188915448
15.0,0.991883,0.49594022358471446
12.0,1.000293,0.5001448486723108
14.0,1.000293,0.5001448486723109
11.0,1.011877,0.5059364832248618
12.0,1.019626,0.5098107168604534
15.0,0.981835,0.4909168838087674
13.0,0.989498,0.4947481144766884
14.0,0.990245,0.4951215088963638
12.0,0.989498,0.4947481144766884
13.0,1.000658,0.5003274226378372
13.0,0.990245,0.49512150889636375
10.0,0.997908,0.49895273956428476
14.0,1.000658,0.5003274226378371
14.0,1.00183,0.5009131434489149
15.0,0.991883,0.49594022358471446
12.0,1.000293,0.5001448486723108
14.0,1.000293,0.5001448486723109
11.0,1.011877,0.5059364832248618
15.0,0.992995,0.4964961919699162
13.0,1.000658,0.5003274226378371
13.0,1.001405,0.5007008170575126
13.0,1.000658,0.5003274226378371
10.0,1.011817,0.5059067307989861
12.0,1.019626,0.5098107168604534
14.0,0.992995,0.49649619196991623
13.0,1.000658,0.5003274226378372
12.0,1.001405,0.5007008170575126
13.0,1.011817,0.5059067307989861
11.0,1.004916,0.5024565938039484
7.0,1.013326,0.5066612188915448
14.0,1.006342,0.5031693810672283
12.0,1.014005,0.5070006117351493
12.0,1.021291,0.5106430141664089
7.0,1.035645,0.5178198352138423
16.0,0.984875,0.4924363693450509
15.0,0.991883,0.4959402235847145
14.0,0.992538,0.49626760001297193
14.0,1.002585,0.5012909397889189
15.0,0.992538,0.49626760001297193
12.0,1.000201,0.5000988306808929
15.0,1.002585,0.5012909397889189
14.0,0.993285,0.49664099443264725
12.0,1.000293,0.5001448486723109
11.0,1.003697,0.5018469081741207
13.0,1.003697,0.5018469081741207
10.0,1.015619,0.507807310008153
15.0,0.992538,0.49626760001297193
13.0,1.000201,0.500098830680893
13.0,1.000948,0.5004722251005683
10.0,1.01136,0.5056781388420417
16.0,0.996705,0.5012909397889189
13.0,1.005115,0.5054955648765154
15.0,0.993285,0.4966409944326472
14.0,1.000293,0.5001448486723108
13.0,1.000948,0.5004722251005682
12.0,1.010995,0.5054955648765154
15.0,1.003697,0.5018469081741206
12.0,1.01136,0.5056781388420417
14.0,1.004869,0.5024326289851984
11.0,1.011877,0.5059364832248621
13.0,1.017045,0.5085200972714328
16.0,0.983826,0.4919120152679724
15.0,0.992236,0.49611664035556874
14.0,0.992236,0.4961166403555687
14.0,1.00382,0.5019082749081198
15.0,0.992236,0.4961166403555687
12.0,1.000646,0.5003212654431651
15.0,1.00382,0.5019082749081198
14.0,0.992236,0.49611664035556874
12.0,1.000646,0.5003212654431651
11.0,1.00382,0.5019082749081198
13.0,1.00382,0.5019082749081197
10.0,1.017466,0.5087305156183577
15.0,0.991489,0.4957432459358934
13.0,0.999899,0.4999478710234897
13.0,0.999899,0.49994787102348975
10.0,1.011483,0.5057395055760407
16.0,1.002648,0.5013225540970422
13.0,1.011058,0.5055271791846385
15.0,0.991489,0.4957432459358934
14.0,0.999899,0.49994787102348975
13.0,0.999899,0.4999478710234897
12.0,1.011483,0.5057395055760407
15.0,1.002648,0.5013225540970421
12.0,1.011058,0.5055271791846385
14.0,1.002648,0.5013225540970421
11.0,1.011058,0.5055271791846385
13.0,1.015996,0.5079957431943541
10.0,1.030944,0.5154693762935347
16.0,0.996528,0.49826293746134986
14.0,1.004191,0.5020941681292709
15.0,1.004938,0.5024675625489461
15.0,1.004191,0.5020941681292708
14.0,1.015351,0.5076734762904196
14.0,1.004938,0.5024675625489462
12.0,1.012601,0.5062987932168672
13.0,1.016523,0.5082591971014973
13.0,1.015351,0.5076734762904196
10.0,1.028698,0.5143466653877317
16.0,0.984875,0.4924363693450509
15.0,0.991883,0.4959402235847145
15.0,0.992538,0.49626760001297193
15.0,1.002585,0.5012909397889189
14.0,0.992538,0.49626760001297193
12.0,1.000201,0.5000988306808928
14.0,1.002585,0.5012909397889189
14.0,0.993285,0.49664099443264725
12.0,1.000293,0.5001448486723109
13.0,1.003697,0.5018469081741207
11.0,1.003697,0.5018469081741207
10.0,1.015619,0.507807310008153
15.0,0.992538,0.49626760001297193
13.0,1.000201,0.5000988306808929
13.0,1.000948,0.5004722251005682
10.0,1.01136,0.5056781388420417
16.0,1.002585,0.5012909397889189
13.0,1.010995,0.5054955648765154
15.0,0.993285,0.4966409944326472
14.0,1.000293,0.5001448486723108
13.0,1.000948,0.5004722251005682
12.0,1.010995,0.5054955648765154
15.0,1.003697,0.5018469081741206
12.0,1.01136,0.5056781388420417
14.0,1.004869,0.5024326289851984
11.0,1.011877,0.505936483224862
13.0,1.017045,0.5085200972714328
12.0,0.997908,0.49895273956428476
11.0,1.004916,0.5024565938039484
11.0,1.005571,0.5027839702322058
10.0,1.015619,0.5078073100081527
11.0,1.005571,0.5027839702322058
8.0,1.013234,0.5066152009001267
10.0,1.015619,0.5078073100081527
11.0,1.006318,0.5031573646518812
7.0,1.013326,0.5066612188915448
10.0,1.016731,0.5083632783933545
10.0,1.016731,0.5083632783933545
5.0,1.028652,0.5143236802273867
16.0,0.983826,0.4919120152679724
15.0,0.992236,0.49611664035556874
15.0,0.992236,0.4961166403555687
15.0,1.00382,0.5019082749081198
14.0,0.992236,0.4961166403555687
12.0,1.000646,0.5003212654431651
14.0,1.00382,0.5019082749081198
14.0,0.992236,0.49611664035556874
12.0,1.000646,0.5003212654431651
13.0,1.00382,0.5019082749081198
11.0,1.00382,0.5019082749081198
10.0,1.017466,0.5087305156183577
15.0,0.991489,0.4957432459358934
13.0,0.999899,0.4999478710234897
13.0,0.999899,0.49994787102348975
10.0,1.011483,0.5057395055760409
16.0,1.002648,0.5013225540970422
13.0,1.011058,0.5055271791846385
15.0,0.991489,0.4957432459358934
14.0,0.999899,0.49994787102348975
13.0,0.999899,0.4999478710234897
12.0,1.011483,0.5057395055760409
15.0,1.002648,0.5013225540970422
12.0,1.011058,0.5055271791846385
14.0,1.002648,0.5013225540970422
11.0,1.011058,0.5055271791846385
13.0,1.015996,0.5079957431943541
10.0,1.030944,0.5154693762935347
12.0,0.995197,0.4975972158598374
11.0,1.003607,0.5018018409474337
11.0,1.003607,0.5018018409474337
10.0,1.015191,0.5075934754999848
11.0,1.003607,0.5018018409474336
8.0,1.012017,0.5060064660350301
10.0,1.015191,0.5075934754999848
11.0,1.003607,0.5018018409474337
8.0,1.012017,0.5060064660350301
10.0,1.015191,0.5075934754999847
10.0,1.015191,0.5075934754999847
4.0,1.028837,0.5144157162102226
14.0,1.009397,0.5046971092619377
12.0,1.017807,0.508901734349534
12.0,1.017807,0.508901734349534
10.0,1.029392,0.5146933689020851
16.0,0.996528,0.49826293746134986
14.0,1.004191,0.5020941681292709
15.0,1.004938,0.5024675625489462
15.0,1.004191,0.5020941681292708
14.0,1.015351,0.5076734762904196
14.0,1.004938,0.5024675625489462
12.0,1.012601,0.5062987932168672
13.0,1.016523,0.5082591971014973
13.0,1.015351,0.5076734762904196
10.0,1.028698,0.5143466653877317
14.0,1.009397,0.5046971092619377
12.0,1.017807,0.508901734349534
12.0,1.017807,0.508901734349534
10.0,1.029392,0.5146933689020851
10.0,1.025011,0.5125032733558426
7.0,1.033421,0.5167078984434389
16.0,0.984875,0.49243636934505086
15.0,0.992538,0.4962676000129719
15.0,0.993285,0.4966409944326472
15.0,1.003697,0.5018469081741206
15.0,0.991883,0.49594022358471446
12.0,1.000293,0.5001448486723108
14.0,1.002585,0.5012909397889189
15.0,0.992538,0.4962676000129719
13.0,1.000201,0.5000988306808929
16.0,1.003697,0.5018469081741206
15.0,0.996705,0.5012909397889189
11.0,1.015619,0.5078073100081528
15.0,0.993285,0.49664099443264725
14.0,1.000948,0.5004722251005682
14.0,1.000293,0.5001448486723109
12.0,1.010995,0.5054955648765154
16.0,1.004869,0.5024326289851982
13.0,1.011877,0.505936483224862
15.0,0.992538,0.4962676000129719
14.0,1.000201,0.5000988306808929
14.0,1.000948,0.5004722251005682
13.0,1.01136,0.5056781388420417
16.0,1.002585,0.5012909397889189
13.0,1.010995,0.5054955648765154
16.0,1.003697,0.5018469081741207
13.0,1.01136,0.5056781388420417
11.0,1.030328,0.5151614330646579
14.0,1.009397,0.5046971092619377
12.0,1.017807,0.5089017343495341
12.0,1.017807,0.5089017343495341
10.0,1.029392,0.5146933689020851
11.0,1.025011,0.5125032733558426
8.0,1.033421,0.516707898443439
10.0,1.041769,0.5208815040869319
15.0,0.974827,0.4874130295691038
14.0,0.98249,0.49124426023702483
14.0,0.983237,0.4916176546567002
14.0,0.98249,0.49124426023702483
15.0,0.99365,0.4968235683981736
14.0,0.98249,0.49124426023702483
12.0,0.990153,0.49507549090494585
14.0,0.981835,0.49091688380876747
12.0,0.990245,0.49512150889636375
15.0,0.992538,0.4962676000129718
13.0,0.98249,0.49124426023702483
12.0,0.990153,0.49507549090494585
14.0,0.99365,0.4968235683981736
14.0,0.992538,0.4962676000129719
11.0,1.005571,0.5027839702322058
14.0,0.983237,0.49161765465670015
13.0,0.9909,0.49544888532462117
13.0,0.990245,0.4951215088963638
12.0,0.9909,0.49544888532462117
13.0,1.000948,0.5004722251005682
15.0,0.99365,0.49682356839817354
13.0,1.001313,0.5006547990660946
15.0,0.994822,0.4974092892092512
13.0,1.00183,0.5009131434489149
15.0,0.99365,0.49682356839817354
13.0,1.001313,0.5006547990660946
14.0,1.006997,0.5034967574954856
14.0,0.981835,0.4909168838087674
13.0,0.990245,0.4951215088963638
13.0,0.989498,0.4947481144766884
12.0,0.989498,0.4947481144766884
13.0,1.000658,0.5003274226378372
11.0,0.990245,0.49512150889636375
10.0,0.997908,0.49895273956428476
13.0,1.00183,0.5009131434489148
13.0,1.000658,0.5003274226378371
12.0,1.014005,0.5070006117351493
15.0,0.992538,0.4962676000129718
13.0,1.000201,0.5000988306808929
14.0,0.98249,0.49124426023702483
12.0,0.990153,0.49507549090494585
13.0,0.9909,0.4954488853246212
13.0,0.990153,0.49507549090494585
12.0,1.001313,0.5006547990660947
13.0,0.990153,0.49507549090494585
11.0,0.997816,0.49890672157286686
13.0,0.989498,0.4947481144766885
11.0,0.997908,0.49895273956428476
12.0,1.000201,0.5000988306808929
12.0,0.990153,0.49507549090494585
9.0,0.997816,0.49890672157286686
12.0,1.001313,0.5006547990660947
12.0,1.000201,0.5000988306808929
8.0,1.013234,0.5066152009001268
15.0,0.99365,0.49682356839817354
14.0,1.001313,0.5006547990660946
14.0,1.000658,0.5003274226378372
13.0,1.001313,0.5006547990660946
13.0,1.01136,0.5056781388420417
15.0,0.986658,0.4962676000129718
14.0,0.995068,0.5004722251005682
14.0,0.994321,0.5000988306808928
13.0,0.994321,0.5000988306808929
13.0,1.00548,0.5056781388420417
10.0,1.005571,0.5027839702322058
8.0,1.013234,0.5066152009001268
15.0,0.992538,0.4962676000129719
13.0,1.000948,0.5004722251005682
13.0,1.000201,0.5000988306808929
10.0,1.01136,0.5056781388420417
12.0,1.020281,0.5101380932887108
15.0,0.991489,0.49574324593589336
13.0,0.999899,0.4999478710234897
13.0,0.999899,0.49994787102348975
10.0,1.011483,0.5057395055760409
12.0,1.018652,0.5093238533695417
14.0,1.004191,0.5020941681292708
12.0,1.012601,0.5062987932168672
7.0,1.034472,0.5172331975798037
16.0,0.985987,0.4929923377302526
15.0,0.99365,0.4968235683981736
14.0,0.994397,0.497196962817849
15.0,0.99365,0.4968235683981736
14.0,1.004809,0.5024028765593224
14.0,0.99365,0.4968235683981736
12.0,1.001313,0.5006547990660946
15.0,0.992995,0.49649619196991623
12.0,1.001405,0.5007008170575126
14.0,1.003697,0.5018469081741206
14.0,0.99365,0.4968235683981736
12.0,1.001313,0.5006547990660946
11.0,1.004809,0.5024028765593224
14.0,1.003697,0.5018469081741207
10.0,1.016731,0.5083632783933546
15.0,0.992995,0.4964961919699162
13.0,1.001405,0.5007008170575126
13.0,1.000658,0.5003274226378371
13.0,1.000658,0.5003274226378372
10.0,1.011817,0.5059067307989861
16.0,1.003697,0.5018469081741206
13.0,1.01136,0.5056781388420417
15.0,1.003697,0.5018469081741207
12.0,1.01136,0.5056781388420416
15.0,1.002648,0.5013225540970421
12.0,1.011058,0.5055271791846385
14.0,1.015351,0.5076734762904196
16.0,0.999334,0.4996655268275646
15.0,1.006997,0.5034967574954856
15.0,1.006342,0.5031693810672283
14.0,1.006997,0.5034967574954856
14.0,1.017045,0.5085200972714328
14.0,1.006342,0.5031693810672282
12.0,1.014005,0.5070006117351493
13.0,1.017045,0.5085200972714328
13.0,1.015996,0.5079957431943541
10.0,1.028698,0.5143466653877317
16.0,0.984875,0.49243636934505086
15.0,0.992538,0.4962676000129719
15.0,0.993285,0.49664099443264725
14.0,0.992538,0.4962676000129719
14.0,1.003697,0.5018469081741207
15.0,0.992538,0.4962676000129719
12.0,1.000201,0.5000988306808929
14.0,0.991883,0.4959402235847145
12.0,1.000293,0.5001448486723108
14.0,1.002585,0.5012909397889189
14.0,0.992538,0.4962676000129719
12.0,1.000201,0.5000988306808929
14.0,1.003697,0.5018469081741207
11.0,1.002585,0.5012909397889189
10.0,1.015619,0.5078073100081528
15.0,0.993285,0.4966409944326472
13.0,1.000948,0.5004722251005682
13.0,1.000293,0.5001448486723109
13.0,1.000948,0.5004722251005682
10.0,1.010995,0.5054955648765154
16.0,1.003697,0.5018469081741206
13.0,1.01136,0.5056781388420417
15.0,1.004869,0.5024326289851982
12.0,1.011877,0.505936483224862
15.0,1.003697,0.5018469081741206
12.0,1.01136,0.5056781388420417
14.0,1.017045,0.5085200972714328
16.0,0.996528,0.49826293746134975
15.0,1.004938,0.5024675625489462
15.0,1.004191,0.5020941681292708
14.0,1.004191,0.5020941681292708
14.0,1.015351,0.5076734762904196
14.0,1.004938,0.5024675625489462
12.0,1.012601,0.5062987932168672
13.0,1.016523,0.5082591971014971
13.0,1.015351,0.5076734762904196
10.0,1.028698,0.5143466653877317
12.0,0.997908,0.49895273956428476
11.0,1.005571,0.5027839702322058
11.0,1.006318,0.5031573646518812
11.0,1.005571,0.5027839702322058
10.0,1.016731,0.5083632783933546
11.0,1.005571,0.5027839702322058
8.0,1.013234,0.5066152009001268
11.0,1.004916,0.5024565938039485
8.0,1.013326,0.5066612188915449
10.0,1.015619,0.5078073100081529
11.0,1.005571,0.5027839702322058
8.0,1.013234,0.5066152009001268
10.0,1.016731,0.5083632783933546
10.0,1.015619,0.5078073100081528
5.0,1.028652,0.5143236802273867
10.0,1.026809,0.5134019669118829
7.0,1.034472,0.5172331975798037
16.0,0.985987,0.49299233773025264
15.0,0.99365,0.49682356839817365
15.0,0.994397,0.497196962817849
15.0,1.004809,0.5024028765593224
15.0,0.992995,0.49649619196991623
12.0,1.001405,0.5007008170575126
16.0,1.003697,0.5018469081741207
15.0,0.99365,0.49682356839817365
13.0,1.001313,0.5006547990660947
14.0,1.004809,0.5024028765593224
15.0,0.997817,0.5018469081741207
11.0,1.016731,0.5083632783933546
15.0,0.99365,0.49682356839817354
14.0,1.000658,0.5003274226378371
14.0,1.001313,0.5006547990660946
13.0,1.00548,0.5056781388420416
15.0,0.992995,0.4964961919699162
14.0,1.001405,0.5007008170575126
14.0,1.000658,0.5003274226378372
12.0,1.011817,0.5059067307989861
16.0,1.003697,0.5018469081741207
13.0,1.01136,0.5056781388420417
16.0,1.004809,0.5024028765593224
13.0,1.011817,0.5059067307989861
16.0,1.002648,0.5013225540970422
13.0,1.011058,0.5055271791846385
11.0,1.029811,0.5149031615306905
14.0,1.014283,0.5071391599267453
12.0,1.021291,0.5106430141664089
12.0,1.021291,0.510643014166409
10.0,1.030944,0.5154693762935347
11.0,1.028637,0.5143159809741786
8.0,1.035645,0.5178198352138423
10.0,1.043738,0.5218658441341923
16.0,0.984875,0.49243636934505086
15.0,0.992538,0.4962676000129719
15.0,0.993285,0.4966409944326472
16.0,1.003697,0.5018469081741206
15.0,0.991883,0.49594022358471446
12.0,1.000293,0.5001448486723108
15.0,1.002585,0.5012909397889189
15.0,0.992538,0.4962676000129719
13.0,1.000201,0.5000988306808929
15.0,1.003697,0.5018469081741206
14.0,0.996705,0.5012909397889189
11.0,1.015619,0.5078073100081528
15.0,0.993285,0.49664099443264725
14.0,1.000293,0.5001448486723109
14.0,1.000948,0.5004722251005683
12.0,1.005115,0.5054955648765154
15.0,0.992538,0.4962676000129719
14.0,1.000948,0.5004722251005682
14.0,1.000201,0.5000988306808929
13.0,1.01136,0.5056781388420417
16.0,1.003697,0.5018469081741207
13.0,1.01136,0.5056781388420417
16.0,1.004869,0.5024326289851982
13.0,1.011877,0.505936483224862
16.0,1.002585,0.5012909397889189
13.0,1.010995,0.5054955648765154
11.0,1.030328,0.5151614330646579
14.0,1.009397,0.5046971092619377
12.0,1.017807,0.5089017343495341
12.0,1.017807,0.5089017343495341
10.0,1.029392,0.5146933689020851
11.0,1.025011,0.5125032733558426
8.0,1.033421,0.516707898443439
10.0,1.041769,0.5208815040869319
11.0,0.997908,0.49895273956428476
10.0,1.005571,0.5027839702322058
10.0,1.006318,0.5031573646518812
11.0,1.016731,0.5083632783933546
10.0,1.004916,0.5024565938039485
7.0,1.013326,0.5066612188915449
11.0,1.015619,0.5078073100081528
10.0,1.005571,0.5027839702322058
8.0,1.013234,0.5066152009001268
11.0,1.016731,0.5083632783933546
11.0,1.009739,0.5078073100081528
5.0,1.028652,0.5143236802273867
14.0,1.012618,0.5063068626207898
12.0,1.019626,0.5098107168604535
12.0,1.020281,0.5101380932887108
11.0,1.024448,0.5151614330646579
14.0,1.010989,0.5054926227016207
12.0,1.019399,0.5096972477892171
12.0,1.018652,0.5093238533695417
11.0,1.029811,0.5149031615306905
10.0,1.026809,0.5134019669118828
7.0,1.034472,0.5172331975798038
14.0,1.012618,0.5063068626207898
12.0,1.020281,0.5101380932887108
12.0,1.019626,0.5098107168604535
11.0,1.030328,0.5151614330646579
10.0,1.028637,0.5143159809741786
7.0,1.035645,0.5178198352138423
10.0,1.043738,0.5218658441341925
14.0,1.010989,0.5054926227016207
12.0,1.018652,0.5093238533695417
12.0,1.019399,0.5096972477892171
11.0,1.029811,0.5149031615306905
10.0,1.025011,0.5125032733558426
7.0,1.033421,0.516707898443439
10.0,1.041769,0.5208815040869319
10.0,1.026809,0.5134019669118828
7.0,1.034472,0.5172331975798038
10.0,1.043738,0.5218658441341925
10.0,1.041769,0.5208815040869319
2.0,1.059488,0.5297406388819067
15.0,1.039756,0.5254141329150513
14.0,1.047419,0.5292453635829724
15.0,1.048166,0.5296187580026477
15.0,1.047419,0.5292453635829724
16.0,1.058579,0.5348246717441211
15.0,1.047419,0.5292453635829724
14.0,1.055082,0.5330765942508933
15.0,1.046764,0.5289179871547149
14.0,1.055174,0.5331226122423113
16.0,1.057466,0.5342687033589194
14.0,1.047419,0.5292453635829724
13.0,1.055082,0.5330765942508933
16.0,1.058579,0.5348246717441211
16.0,1.057466,0.5342687033589194
13.0,1.0705,0.5407850735781533
14.0,1.048166,0.5296187580026477
13.0,1.055829,0.5334499886705686
14.0,1.055829,0.5334499886705687
14.0,1.055174,0.5331226122423114
15.0,1.065876,0.5384733284465157
16.0,1.059751,0.5354103925551987
15.0,1.066759,0.5389142467948624
16.0,1.058579,0.5348246717441211
15.0,1.066242,0.5386559024120421
16.0,1.071926,0.5414978608414331
15.0,1.058579,0.5348246717441211
14.0,1.066242,0.5386559024120421
14.0,1.047419,0.5292453635829724
13.0,1.055082,0.5330765942508933
14.0,1.055829,0.5334499886705687
14.0,1.055082,0.5330765942508933
14.0,1.066242,0.5386559024120421
14.0,1.055082,0.5330765942508934
13.0,1.062745,0.5369078249188143
14.0,1.054427,0.532749217822636
13.0,1.062837,0.5369538429102324
14.0,1.065129,0.5380999340268404
13.0,1.055082,0.5330765942508933
11.0,1.062745,0.5369078249188143
14.0,1.066242,0.5386559024120421
14.0,1.065129,0.5380999340268403
10.0,1.078163,0.5446163042460743
15.0,1.058579,0.5348246717441211
14.0,1.066242,0.5386559024120421
15.0,1.066242,0.5386559024120421
15.0,1.065587,0.5383285259837848
14.0,1.076289,0.5436792421879891
14.0,1.046764,0.5289179871547149
13.0,1.054427,0.532749217822636
14.0,1.055174,0.5331226122423114
14.0,1.054427,0.532749217822636
15.0,1.065587,0.5383285259837848
11.0,1.055174,0.5331226122423113
10.0,1.062837,0.5369538429102323
13.0,1.066759,0.5389142467948624
13.0,1.065587,0.5383285259837847
13.0,1.078934,0.5450017150810967
16.0,1.057466,0.5342687033589194
15.0,1.065129,0.5380999340268404
13.0,1.065876,0.5384733284465159
11.0,1.076289,0.5436792421879892
16.0,1.056417,0.5337443492818408
15.0,1.064827,0.5379489743694372
13.0,1.064827,0.5379489743694372
11.0,1.076412,0.5437406089219883
16.0,1.06912,0.5400952714752183
13.0,1.07753,0.5442998965628147
15.0,1.057466,0.5342687033589194
14.0,1.065129,0.5380999340268404
15.0,1.065876,0.5384733284465159
15.0,1.065129,0.5380999340268404
14.0,1.076289,0.5436792421879891
15.0,1.057466,0.5342687033589194
14.0,1.065129,0.5380999340268404
10.0,1.0705,0.5407850735781533
8.0,1.078163,0.5446163042460743
12.0,1.08521,0.5481391966346584
12.0,1.083581,0.5473249567154891
8.0,1.099401,0.5552343009257512
15.0,1.039756,0.5254141329150513
14.0,1.047419,0.5292453635829724
15.0,1.048166,0.5296187580026477
15.0,1.047419,0.5292453635829724
16.0,1.058579,0.5348246717441211
15.0,1.047419,0.5292453635829724
14.0,1.055082,0.5330765942508934
15.0,1.046764,0.5289179871547149
14.0,1.055174,0.5331226122423114
16.0,1.057466,0.5342687033589194
14.0,1.047419,0.5292453635829724
13.0,1.055082,0.5330765942508934
16.0,1.058579,0.5348246717441211
16.0,1.057466,0.5342687033589194
13.0,1.0705,0.5407850735781533
14.0,1.048166,0.5296187580026477
13.0,1.055829,0.5334499886705687
14.0,1.055829,0.5334499886705687
14.0,1.055174,0.5331226122423114
15.0,1.065876,0.5384733284465157
16.0,1.059751,0.5354103925551987
15.0,1.066759,0.5389142467948624
16.0,1.058579,0.5348246717441211
15.0,1.066242,0.5386559024120421
16.0,1.071926,0.5414978608414331
15.0,1.058579,0.5348246717441211
14.0,1.066242,0.5386559024120421
14.0,1.046764,0.5289179871547149
13.0,1.054427,0.532749217822636
14.0,1.055174,0.5331226122423114
14.0,1.054427,0.532749217822636
15.0,1.065587,0.5383285259837848
11.0,1.055174,0.5331226122423113
10.0,1.062837,0.5369538429102323
13.0,1.066759,0.5389142467948624
13.0,1.065587,0.5383285259837847
13.0,1.078934,0.5450017150810967
16.0,1.057466,0.5342687033589194
15.0,1.065129,0.5380999340268404
13.0,1.065876,0.5384733284465159
11.0,1.076289,0.5436792421879892
16.0,1.056417,0.5337443492818408
15.0,1.064827,0.5379489743694372
13.0,1.064827,0.5379489743694372
11.0,1.076412,0.5437406089219883
16.0,1.06912,0.5400952714752183
13.0,1.07753,0.5442998965628147
15.0,1.057466,0.5342687033589194
14.0,1.065129,0.5380999340268404
14.0,1.047419,0.5292453635829724
13.0,1.055082,0.5330765942508934
14.0,1.055829,0.5334499886705687
14.0,1.055082,0.5330765942508933
14.0,1.066242,0.5386559024120421
14.0,1.055082,0.5330765942508934
13.0,1.062745,0.5369078249188143
14.0,1.054427,0.532749217822636
13.0,1.062837,0.5369538429102324
14.0,1.065129,0.5380999340268404
13.0,1.055082,0.5330765942508933
11.0,1.062745,0.5369078249188143
14.0,1.066242,0.5386559024120421
14.0,1.065129,0.5380999340268403
10.0,1.078163,0.5446163042460743
15.0,1.058579,0.5348246717441211
14.0,1.066242,0.5386559024120421
15.0,1.066242,0.5386559024120421
15.0,1.065587,0.5383285259837848
14.0,1.076289,0.5436792421879891
15.0,1.057466,0.5342687033589194
14.0,1.065129,0.5380999340268404
15.0,1.065876,0.5384733284465159
15.0,1.065129,0.5380999340268404
14.0,1.076289,0.5436792421879891
10.0,1.0705,0.5407850735781533
8.0,1.078163,0.5446163042460743
12.0,1.08521,0.5481391966346584
12.0,1.083581,0.5473249567154891
8.0,1.099401,0.5552343009257512
11.0,1.112436,0.5672468122656238
10.0,1.120099,0.5710780429335448
10.0,1.120846,0.5714514373532201
11.0,1.131258,0.5766573510946936
10.0,1.119444,0.5707506665052875
7.0,1.127854,0.5749552915928838
11.0,1.130146,0.5761013827094918
10.0,1.120099,0.5710780429335448
9.0,1.127762,0.5749092736014658
11.0,1.131258,0.5766573510946936
11.0,1.130146,0.5761013827094918
6.0,1.14318,0.5826177529287258
15.0,0.09412,0.05504814982617637
13.0,0.10253,0.05925277491377272
13.0,0.101782,0.05887938049409736
12.0,0.112942,0.06445868865524612
14.0,0.101782,0.05887938049409736
11.0,0.109445,0.06271061116201836
13.0,0.112942,0.06445868865524612
14.0,0.101128,0.05855200406584
11.0,0.109538,0.06275662915343636
13.0,0.11183,0.06390272027004443
14.0,0.11183,0.06390272027004443
9.0,0.124863,0.07041909048927834
14.0,0.16458,0.0962924816806503
12.0,0.171588,0.09979633592031394
11.0,0.194918,0.11393881686006166
12.0,0.194918,0.11393881686006166
12.0,0.189952,0.1109625029271706
13.0,0.189952,0.1109625029271706
10.0,0.225289,0.13158553835157077
15.0,0.10253,0.05925277491377272
12.0,0.110192,0.06308400558169372
14.0,0.109538,0.06275662915343636
12.0,0.12024,0.06810734535764079
12.0,0.198362,0.11516712801476696
14.0,0.114114,0.06504440946632381
12.0,0.121122,0.06854826370598745
13.0,0.199885,0.11691514625486334
12.0,0.206893,0.12041900049452697
14.0,0.101782,0.05887938049409736
12.0,0.110192,0.06308400558169372
12.0,0.109445,0.06271061116201836
11.0,0.120605,0.06828991932316712
13.0,0.172243,0.1001237123485713
10.0,0.202581,0.11777004752798266
15.0,0.112942,0.06445868865524612
12.0,0.120605,0.06828991932316712
14.0,0.126289,0.07113187775255818
16.0,0.11183,0.06390272027004443
13.0,0.12024,0.06810734535764079
13.0,0.18229,0.10514705212451836
15.0,0.089261,0.05212597141547193
13.0,0.097671,0.056330596503068285
13.0,0.097671,0.056330596503068285
12.0,0.109256,0.06212223105561938
14.0,0.097671,0.05633059650306829
11.0,0.106081,0.060535221590664635
13.0,0.109256,0.06212223105561938
14.0,0.097671,0.05633059650306828
11.0,0.106081,0.060535221590664635
13.0,0.109256,0.06212223105561938
14.0,0.109256,0.062122231055619384
9.0,0.122901,0.06894447176585736
15.0,0.096924,0.05595720208339293
12.0,0.105334,0.06016182717098927
14.0,0.105334,0.06016182717098928
12.0,0.116918,0.06595346172354036
14.0,0.108084,0.061536510244541695
12.0,0.116494,0.06574113533213805
14.0,0.096924,0.05595720208339293
12.0,0.105334,0.06016182717098927
12.0,0.105334,0.06016182717098927
11.0,0.116918,0.06595346172354037
15.0,0.108084,0.06153651024454168
12.0,0.116494,0.06574113533213805
14.0,0.121431,0.06820969934185374
16.0,0.108084,0.06153651024454168
13.0,0.116494,0.06574113533213805
10.0,0.13638,0.07568333244103431
13.0,0.159722,0.09337030326994586
11.0,0.168132,0.09757492835754221
12.0,0.167385,0.09720153393786686
13.0,0.178544,0.10278084209901561
11.0,0.195026,0.1139929678441589
9.0,0.202689,0.11782419851207988
12.0,0.195026,0.1139929678441589
12.0,0.195026,0.11399296784415888
11.0,0.202689,0.11782419851207988
13.0,0.195026,0.11399296784415888
10.0,0.230379,0.13461621972100785
13.0,0.190059,0.1110166384493572
12.0,0.198469,0.11522126353695357
11.0,0.260798,0.15226366126259389
15.0,0.128824,0.07534653787278324
14.0,0.136487,0.07917776854070424
14.0,0.137234,0.0795511629603796
14.0,0.136487,0.07917776854070424
14.0,0.147646,0.084757076701853
14.0,0.136487,0.07917776854070424
11.0,0.14415,0.08300899920862524
14.0,0.135832,0.07885039211244689
11.0,0.144242,0.08305501720004323
14.0,0.146534,0.08420110831665131
14.0,0.136487,0.07917776854070425
13.0,0.14415,0.08300899920862524
13.0,0.147646,0.084757076701853
14.0,0.146534,0.08420110831665131
10.0,0.159568,0.09071747853588523
10.0,0.259993,0.15188392639817772
15.0,1.112436,0.5672468122656235
14.0,1.120099,0.5710780429335445
14.0,1.120846,0.5714514373532199
14.0,1.120099,0.5710780429335446
13.0,1.131258,0.5766573510946934
14.0,1.120099,0.5710780429335445
11.0,1.127762,0.5749092736014656
14.0,1.119444,0.5707506665052872
11.0,1.127854,0.5749552915928836
13.0,1.130146,0.5761013827094916
14.0,1.120099,0.5710780429335446
11.0,1.127762,0.5749092736014656
13.0,1.131258,0.5766573510946933
13.0,1.130146,0.5761013827094915
8.0,1.14318,0.5826177529287254
9.0,1.185203,0.6090801724203668
6.0,1.192866,0.612911403088288
15.0,0.09412,0.05504814982617637
13.0,0.10253,0.05925277491377272
14.0,0.101782,0.05887938049409736
13.0,0.112942,0.06445868865524612
13.0,0.101782,0.05887938049409736
11.0,0.109445,0.06271061116201836
12.0,0.112942,0.06445868865524612
14.0,0.101128,0.05855200406584
11.0,0.109538,0.06275662915343636
14.0,0.11183,0.06390272027004443
13.0,0.11183,0.06390272027004443
9.0,0.124863,0.07041909048927834
14.0,0.16458,0.0962924816806503
12.0,0.171588,0.09979633592031394
12.0,0.194918,0.11393881686006166
11.0,0.194918,0.11393881686006166
13.0,0.189952,0.1109625029271706
12.0,0.189952,0.1109625029271706
10.0,0.225289,0.13158553835157077
15.0,0.10253,0.05925277491377272
12.0,0.110192,0.06308400558169372
14.0,0.109538,0.06275662915343636
12.0,0.12024,0.06810734535764078
12.0,0.198362,0.11516712801476696
14.0,0.114114,0.06504440946632381
12.0,0.121122,0.06854826370598745
13.0,0.199885,0.11691514625486334
12.0,0.206893,0.12041900049452697
14.0,0.101782,0.05887938049409736
12.0,0.110192,0.06308400558169372
12.0,0.109445,0.06271061116201836
11.0,0.120605,0.06828991932316712
13.0,0.172243,0.1001237123485713
10.0,0.202581,0.11777004752798266
15.0,0.112942,0.06445868865524612
12.0,0.120605,0.06828991932316712
14.0,0.126289,0.07113187775255818
16.0,0.11183,0.06390272027004443
13.0,0.12024,0.06810734535764078
13.0,0.18229,0.10514705212451836
15.0,0.098979,0.05797034622683171
14.0,0.107389,0.06217497131442807
13.0,0.106642,0.06180157689475271
13.0,0.117802,0.06738088505590148
14.0,0.106642,0.06180157689475271
11.0,0.114305,0.0656328075626737
14.0,0.117802,0.06738088505590148
13.0,0.105987,0.06147420046649535
11.0,0.114397,0.0656788255540917
12.0,0.116689,0.06682491667069979
13.0,0.116689,0.06682491667069977
9.0,0.129723,0.07334128688993369
14.0,0.106642,0.06180157689475271
12.0,0.114305,0.0656328075626737
12.0,0.11365,0.06530543113441634
11.0,0.124352,0.07065614733862077
16.0,0.117802,0.06738088505590148
13.0,0.12481,0.0708847392955651
15.0,0.105987,0.06147420046649535
14.0,0.114397,0.0656788255540917
12.0,0.11365,0.06530543113441634
12.0,0.12481,0.0708847392955651
15.0,0.116689,0.06682491667069977
12.0,0.124352,0.07065614733862077
14.0,0.11564,0.06630056259362126
12.0,0.12405,0.07050518768121761
14.0,0.128343,0.0726514847869987
15.0,0.16944,0.09921467808130566
14.0,0.176448,0.10271853232096928
13.0,0.176448,0.10271853232096928
13.0,0.186101,0.1075448944480952
12.0,0.199777,0.11686101326071702
12.0,0.206785,0.12036486750038065
13.0,0.199777,0.11686101326071702
11.0,0.194812,0.11388469932782595
10.0,0.202475,0.11771592999574695
12.0,0.194812,0.11388469932782595
10.0,0.230149,0.1345077347522261
13.0,0.138563,0.08119121627179553
12.0,0.145571,0.08469507051145916
12.0,0.145571,0.08469507051145916
11.0,0.155224,0.08952143263858509
12.0,0.145571,0.08469507051145916
9.0,0.152579,0.08819892475112279
11.0,0.155224,0.08952143263858509
12.0,0.145571,0.08469507051145916
9.0,0.152579,0.08819892475112279
11.0,0.155224,0.08952143263858509
11.0,0.155224,0.08952143263858507
6.0,0.166595,0.09520663323045007
7.0,0.259789,0.15177582398817238
15.0,0.098979,0.05797034622683171
14.0,0.107389,0.06217497131442806
14.0,0.106642,0.06180157689475271
14.0,0.117802,0.06738088505590148
13.0,0.106642,0.06180157689475271
11.0,0.114305,0.0656328075626737
13.0,0.117802,0.06738088505590148
13.0,0.105987,0.06147420046649535
11.0,0.114397,0.06567882555409171
13.0,0.116689,0.06682491667069979
12.0,0.116689,0.06682491667069979
9.0,0.129723,0.0733412868899337
14.0,0.106642,0.061801576894752706
12.0,0.114305,0.06563280756267371
12.0,0.11365,0.06530543113441635
11.0,0.124352,0.07065614733862079
16.0,0.117802,0.06738088505590147
13.0,0.12481,0.0708847392955651
15.0,0.105987,0.06147420046649535
14.0,0.114397,0.06567882555409171
12.0,0.11365,0.06530543113441634
12.0,0.12481,0.0708847392955651
15.0,0.116689,0.06682491667069979
12.0,0.124352,0.07065614733862079
14.0,0.11564,0.06630056259362126
12.0,0.12405,0.07050518768121762
14.0,0.128343,0.0726514847869987
15.0,0.16944,0.09921467808130564
14.0,0.176448,0.10271853232096928
13.0,0.176448,0.10271853232096928
13.0,0.186101,0.1075448944480952
13.0,0.199777,0.11686101326071702
12.0,0.199777,0.11686101326071702
12.0,0.206785,0.12036486750038064
12.0,0.194812,0.11388469932782595
11.0,0.194812,0.11388469932782595
10.0,0.202475,0.11771592999574695
10.0,0.230149,0.1345077347522261
13.0,0.128824,0.07534653787278325
12.0,0.137234,0.07955116296037962
12.0,0.136487,0.07917776854070425
11.0,0.147646,0.084757076701853
12.0,0.136487,0.07917776854070425
9.0,0.14415,0.08300899920862524
11.0,0.147646,0.084757076701853
12.0,0.135832,0.07885039211244689
8.0,0.144242,0.08305501720004325
11.0,0.146534,0.08420110831665131
11.0,0.146534,0.08420110831665131
6.0,0.159568,0.09071747853588524
12.0,0.199285,0.11659086972725718
9.0,0.206293,0.12009472396692082
10.0,0.229622,0.13423720490666857
10.0,0.229622,0.13423720490666857
10.0,0.224656,0.13126089097377747
10.0,0.224656,0.13126089097377747
6.0,0.259993,0.15188392639817763
13.0,1.123652,0.573847398302147
12.0,1.13066,0.5773512525418107
12.0,1.13066,0.5773512525418107
11.0,1.140313,0.5821776146689366
12.0,1.13066,0.5773512525418107
9.0,1.137668,0.5808551067814745
11.0,1.140313,0.5821776146689366
12.0,1.13066,0.5773512525418107
9.0,1.137668,0.5808551067814745
11.0,1.140313,0.5821776146689365
11.0,1.140313,0.5821776146689365
5.0,1.151684,0.5878628152608014
13.0,1.112436,0.5672468122656235
12.0,1.120846,0.5714514373532199
12.0,1.120099,0.5710780429335445
11.0,1.131258,0.5766573510946933
12.0,1.120099,0.5710780429335445
9.0,1.127762,0.5749092736014655
11.0,1.131258,0.5766573510946933
12.0,1.119444,0.5707506665052872
8.0,1.127854,0.5749552915928836
11.0,1.130146,0.5761013827094915
11.0,1.130146,0.5761013827094915
6.0,1.14318,0.5826177529287254
12.0,1.190818,0.6123805406608197
9.0,1.197826,0.6158843949004833
13.0,1.190818,0.6123805406608197
10.0,1.197826,0.6158843949004834
15.0,0.089261,0.05212597141547193
13.0,0.097671,0.056330596503068285
14.0,0.097671,0.056330596503068285
13.0,0.109256,0.06212223105561938
13.0,0.097671,0.05633059650306829
11.0,0.106081,0.060535221590664635
12.0,0.109256,0.06212223105561938
14.0,0.097671,0.05633059650306828
11.0,0.106081,0.060535221590664635
14.0,0.109256,0.06212223105561938
13.0,0.109256,0.062122231055619384
9.0,0.122901,0.06894447176585736
15.0,0.096924,0.05595720208339293
12.0,0.105334,0.06016182717098928
14.0,0.105334,0.06016182717098928
12.0,0.116918,0.06595346172354037
14.0,0.108084,0.061536510244541695
12.0,0.116494,0.06574113533213805
14.0,0.096924,0.05595720208339293
12.0,0.105334,0.06016182717098927
12.0,0.105334,0.06016182717098928
11.0,0.116918,0.06595346172354037
15.0,0.108084,0.06153651024454168
12.0,0.116494,0.06574113533213805
14.0,0.121431,0.06820969934185374
16.0,0.108084,0.06153651024454168
13.0,0.116494,0.06574113533213805
10.0,0.13638,0.0756833324410343
13.0,0.159722,0.09337030326994586
12.0,0.167385,0.09720153393786686
11.0,0.168132,0.09757492835754221
13.0,0.178544,0.10278084209901561
12.0,0.195026,0.1139929678441589
13.0,0.190059,0.1110166384493572
12.0,0.198469,0.11522126353695357
11.0,0.195026,0.1139929678441589
9.0,0.202689,0.11782419851207988
13.0,0.195026,0.11399296784415888
12.0,0.195026,0.11399296784415888
11.0,0.202689,0.11782419851207988
10.0,0.230379,0.13461621972100785
11.0,0.260798,0.15226366126259389
15.0,0.089261,0.05212597141547186
14.0,0.097671,0.0563305965030682
13.0,0.097671,0.0563305965030682
13.0,0.109256,0.06212223105561931
14.0,0.097671,0.05633059650306821
11.0,0.106081,0.060535221590664566
14.0,0.109256,0.062122231055619294
13.0,0.097671,0.05633059650306821
11.0,0.106081,0.060535221590664566
12.0,0.109256,0.062122231055619294
13.0,0.109256,0.0621222310556193
9.0,0.122901,0.06894447176585727
14.0,0.096924,0.055957202083392846
12.0,0.105334,0.0601618271709892
12.0,0.105334,0.06016182717098921
11.0,0.116918,0.06595346172354029
16.0,0.108084,0.06153651024454161
13.0,0.116494,0.06574113533213798
15.0,0.096924,0.055957202083392846
14.0,0.105334,0.0601618271709892
12.0,0.105334,0.0601618271709892
12.0,0.116918,0.06595346172354029
15.0,0.108084,0.06153651024454161
12.0,0.116494,0.06574113533213798
14.0,0.108084,0.06153651024454161
12.0,0.116494,0.06574113533213798
14.0,0.121431,0.06820969934185366
10.0,0.13638,0.07568333244103423
14.0,0.159722,0.09337030326994579
14.0,0.167385,0.09720153393786678
12.0,0.168132,0.09757492835754214
13.0,0.178544,0.10278084209901554
12.0,0.195026,0.11399296784415881
11.0,0.202689,0.11782419851207981
13.0,0.195026,0.11399296784415881
11.0,0.195026,0.11399296784415881
9.0,0.202689,0.11782419851207981
12.0,0.195026,0.11399296784415881
10.0,0.230379,0.1346162197210078
11.0,0.260798,0.15226366126259383
13.0,0.128824,0.07534653787278317
12.0,0.135832,0.07885039211244681
12.0,0.136487,0.07917776854070417
11.0,0.146534,0.08420110831665123
12.0,0.136487,0.07917776854070417
9.0,0.14415,0.08300899920862517
11.0,0.146534,0.08420110831665123
12.0,0.137234,0.07955116296037953
8.0,0.144242,0.08305501720004316
11.0,0.147646,0.08475707670185292
11.0,0.147646,0.08475707670185292
6.0,0.159568,0.09071747853588515
7.0,0.259993,0.15188392639817766
15.0,0.089261,0.05212597141547186
14.0,0.097671,0.05633059650306821
14.0,0.097671,0.0563305965030682
14.0,0.109256,0.0621222310556193
13.0,0.097671,0.0563305965030682
11.0,0.106081,0.06053522159066456
13.0,0.109256,0.0621222310556193
13.0,0.097671,0.05633059650306821
11.0,0.106081,0.06053522159066456
13.0,0.109256,0.062122231055619294
12.0,0.109256,0.062122231055619294
9.0,0.122901,0.06894447176585726
14.0,0.096924,0.05595720208339285
12.0,0.105334,0.060161827170989196
12.0,0.105334,0.0601618271709892
11.0,0.116918,0.06595346172354029
16.0,0.108084,0.06153651024454162
13.0,0.116494,0.06574113533213796
15.0,0.096924,0.05595720208339285
14.0,0.105334,0.0601618271709892
12.0,0.105334,0.060161827170989196
12.0,0.116918,0.06595346172354029
15.0,0.108084,0.06153651024454162
12.0,0.116494,0.06574113533213796
14.0,0.108084,0.06153651024454162
12.0,0.116494,0.06574113533213798
14.0,0.121431,0.06820969934185367
10.0,0.13638,0.07568333244103422
14.0,0.159722,0.09337030326994579
14.0,0.167385,0.09720153393786679
12.0,0.168132,0.09757492835754214
13.0,0.178544,0.10278084209901554
13.0,0.195026,0.11399296784415881
12.0,0.195026,0.11399296784415881
11.0,0.202689,0.11782419851207981
12.0,0.195026,0.11399296784415881
11.0,0.195026,0.11399296784415881
9.0,0.202689,0.11782419851207981
10.0,0.230379,0.1346162197210078
11.0,0.260798,0.15226366126259383
13.0,0.119091,0.0695019566657955
11.0,0.127501,0.07370658175339186
12.0,0.127501,0.07370658175339186
11.0,0.139085,0.07949821630594293
12.0,0.127501,0.07370658175339186
9.0,0.135911,0.07791120684098822
11.0,0.139085,0.07949821630594293
11.0,0.127501,0.07370658175339186
8.0,0.135911,0.07791120684098822
11.0,0.139085,0.07949821630594295
11.0,0.139085,0.07949821630594295
6.0,0.152731,0.08632045701618092
11.0,0.189552,0.11074628852026944
8.0,0.197962,0.11495091360786579
10.0,0.224856,0.1313689530944825
10.0,0.224856,0.1313689530944825
10.0,0.224856,0.13136895309448246
10.0,0.224856,0.13136895309448246
4.0,0.260209,0.15199220497133142
15.0,0.153831,0.08980090272930574
13.0,0.162241,0.0940055278169021
13.0,0.162241,0.0940055278169021
11.0,0.173826,0.09979716236945319
11.0,0.259596,0.15166789915799272
15.0,0.153831,0.08980090272930574
13.0,0.162241,0.0940055278169021
13.0,0.162241,0.0940055278169021
11.0,0.173826,0.09979716236945319
11.0,0.259596,0.15166789915799272
12.0,0.188625,0.11010086987895609
9.0,0.197035,0.11430549496655246
13.0,1.112436,0.5672468122656239
12.0,1.119444,0.5707506665052876
12.0,1.120099,0.5710780429335449
11.0,1.130146,0.576101382709492
12.0,1.120099,0.5710780429335449
9.0,1.127762,0.5749092736014659
11.0,1.130146,0.576101382709492
12.0,1.120846,0.5714514373532202
8.0,1.127854,0.5749552915928839
11.0,1.131258,0.5766573510946936
11.0,1.131258,0.5766573510946936
6.0,1.14318,0.582617752928726
13.0,1.101223,0.5606462487627895
12.0,1.109633,0.5648508738503859
12.0,1.109633,0.5648508738503859
11.0,1.121217,0.5706425084029368
12.0,1.109633,0.5648508738503859
9.0,1.118043,0.5690554989379822
11.0,1.121217,0.5706425084029368
12.0,1.109633,0.5648508738503858
9.0,1.118043,0.5690554989379822
11.0,1.121217,0.5706425084029368
11.0,1.121217,0.5706425084029368
5.0,1.134863,0.5774647491131748
13.0,1.179588,0.6057798124995637
10.0,1.187998,0.60998443758716
15.0,0.153831,0.08980090272930576
13.0,0.162241,0.09400552781690212
13.0,0.162241,0.0940055278169021
11.0,0.173826,0.09979716236945319
13.0,0.224292,0.1310452345837797
11.0,0.259596,0.15166789915799272
12.0,0.188625,0.11010086987895612
9.0,0.197035,0.11430549496655246
11.0,0.223472,0.13040207204081475
13.0,1.179588,0.6057798124995634
10.0,1.187998,0.6099844375871597
15.0,0.128824,0.07534653787278324
14.0,0.136487,0.07917776854070424
14.0,0.137234,0.07955116296037962
14.0,0.136487,0.07917776854070425
14.0,0.147646,0.084757076701853
14.0,0.136487,0.07917776854070424
11.0,0.14415,0.08300899920862524
14.0,0.135832,0.07885039211244688
11.0,0.144242,0.08305501720004324
14.0,0.146534,0.08420110831665133
14.0,0.136487,0.07917776854070424
13.0,0.14415,0.08300899920862524
13.0,0.147646,0.084757076701853
14.0,0.146534,0.08420110831665131
10.0,0.159568,0.09071747853588523
10.0,0.259993,0.15188392639817772
19.0,1.039756,0.5254141329150511
18.0,1.047419,0.5292453635829721
18.0,1.048166,0.5296187580026476
18.0,1.047419,0.5292453635829721
19.0,1.058579,0.5348246717441208
18.0,1.047419,0.5292453635829721
16.0,1.055082,0.533076594250893
18.0,1.046764,0.5289179871547148
16.0,1.055174,0.5331226122423112
19.0,1.057466,0.5342687033589192
18.0,1.047419,0.529245363582972
17.0,1.055082,0.533076594250893
18.0,1.058579,0.534824671744121
18.0,1.057466,0.5342687033589192
15.0,1.0705,0.5407850735781531
18.0,1.048166,0.5296187580026476
17.0,1.055829,0.5334499886705686
17.0,1.055174,0.5331226122423113
17.0,1.055829,0.5334499886705685
17.0,1.065876,0.5384733284465156
19.0,1.058579,0.534824671744121
18.0,1.066242,0.5386559024120419
19.0,1.059751,0.5354103925551985
17.0,1.066759,0.5389142467948621
19.0,1.058579,0.534824671744121
17.0,1.066242,0.538655902412042
18.0,1.071926,0.541497860841433
18.0,1.046764,0.5289179871547148
17.0,1.055174,0.5331226122423113
17.0,1.054427,0.5327492178226358
17.0,1.054427,0.5327492178226357
17.0,1.065587,0.5383285259837847
15.0,1.055174,0.5331226122423113
14.0,1.062837,0.5369538429102322
17.0,1.066759,0.5389142467948622
17.0,1.065587,0.5383285259837847
15.0,1.078934,0.5450017150810967
19.0,1.057466,0.5342687033589192
18.0,1.065129,0.5380999340268401
18.0,1.047419,0.5292453635829721
17.0,1.055082,0.5330765942508932
17.0,1.055829,0.5334499886705686
17.0,1.055082,0.5330765942508932
17.0,1.066242,0.5386559024120419
17.0,1.055082,0.5330765942508932
15.0,1.062745,0.5369078249188141
17.0,1.054427,0.5327492178226358
15.0,1.062837,0.5369538429102322
17.0,1.065129,0.5380999340268402
17.0,1.055082,0.533076594250893
14.0,1.062745,0.5369078249188141
16.0,1.066242,0.538655902412042
16.0,1.065129,0.5380999340268402
12.0,1.078163,0.5446163042460741
19.0,1.058579,0.534824671744121
18.0,1.066242,0.538655902412042
18.0,1.065587,0.5383285259837847
17.0,1.066242,0.5386559024120419
16.0,1.076289,0.543679242187989
19.0,1.051586,0.5342687033589192
18.0,1.059996,0.5384733284465156
18.0,1.059249,0.5380999340268402
17.0,1.059249,0.5380999340268401
16.0,1.070409,0.543679242187989
14.0,1.0705,0.5407850735781531
12.0,1.078163,0.544616304246074
19.0,1.057466,0.5342687033589192
17.0,1.065876,0.5384733284465156
17.0,1.065129,0.5380999340268402
13.0,1.076289,0.5436792421879889
16.0,1.08521,0.5481391966346582
19.0,1.056417,0.5337443492818406
17.0,1.064827,0.537948974369437
17.0,1.064827,0.537948974369437
13.0,1.076412,0.543740608921988
16.0,1.083581,0.5473249567154891
18.0,1.06912,0.5400952714752181
15.0,1.07753,0.5442998965628145
10.0,1.099401,0.555234300925751
15.0,1.112436,0.5672468122656235
14.0,1.120099,0.5710780429335445
14.0,1.120846,0.5714514373532199
14.0,1.120099,0.5710780429335446
13.0,1.131258,0.5766573510946934
14.0,1.120099,0.5710780429335445
11.0,1.127762,0.5749092736014656
14.0,1.119444,0.5707506665052872
11.0,1.127854,0.5749552915928836
13.0,1.130146,0.5761013827094916
14.0,1.120099,0.5710780429335446
11.0,1.127762,0.5749092736014656
13.0,1.131258,0.5766573510946933
13.0,1.130146,0.5761013827094915
8.0,1.14318,0.5826177529287254
9.0,1.185203,0.6090801724203668
6.0,1.192866,0.612911403088288
13.0,1.190818,0.6123805406608197
10.0,1.197826,0.6158843949004834
15.0,0.153831,0.08980090272930576
13.0,0.162241,0.09400552781690212
13.0,0.162241,0.0940055278169021
11.0,0.173826,0.09979716236945319
13.0,0.224292,0.1310452345837797
11.0,0.259596,0.15166789915799272
12.0,0.188625,0.11010086987895612
9.0,0.197035,0.11430549496655247
11.0,0.223472,0.13040207204081483
13.0,1.179588,0.6057798124995636
10.0,1.187998,0.60998443758716
12.0,0.128824,0.07534653787278317
11.0,0.136487,0.07917776854070417
11.0,0.137234,0.07955116296037953
12.0,0.147646,0.08475707670185292
11.0,0.135832,0.0788503921124468
8.0,0.144242,0.08305501720004316
12.0,0.146534,0.08420110831665124
11.0,0.136487,0.07917776854070417
10.0,0.14415,0.08300899920862517
12.0,0.147646,0.08475707670185292
12.0,0.140654,0.08420110831665124
7.0,0.159568,0.09071747853588516
12.0,0.199285,0.1165908697272571
9.0,0.206293,0.12009472396692072
8.0,0.259993,0.15188392639817766
11.0,0.188625,0.11010086987895612
8.0,0.197035,0.11430549496655247
8.0,0.259086,0.15134520173343005
10.0,0.223472,0.13040207204081483
10.0,0.223472,0.13040207204081483
5.0,0.258371,0.15070471560533583
12.0,1.112436,0.5672468122656233
11.0,1.120099,0.5710780429335444
11.0,1.120846,0.5714514373532198
12.0,1.131258,0.5766573510946932
11.0,1.119444,0.570750666505287
8.0,1.127854,0.5749552915928835
12.0,1.130146,0.5761013827094914
11.0,1.120099,0.5710780429335444
9.0,1.127762,0.5749092736014654
12.0,1.131258,0.5766573510946932
12.0,1.124266,0.5761013827094914
6.0,1.14318,0.5826177529287253
9.0,1.185203,0.609080172420367
6.0,1.192866,0.6129114030882881
13.0,1.190818,0.6123805406608197
10.0,1.197826,0.6158843949004834
12.0,1.179588,0.6057798124995637
9.0,1.187998,0.6099844375871601
9.0,1.185203,0.609080172420367
6.0,1.192866,0.6129114030882881
2.0,1.258056,0.6509145384210053
