complexity,cost,feature_cost
18.0,0.0,0.0
17.0,0.01522,0.0
17.0,0.0,0.007609860664523043
20.0,0.01522,0.012061343788982002
17.0,0.0,0.007609860664523043
16.0,0.0,0.015219721329046086
20.0,0.01522,0.012061343788982002
17.0,0.01522,0.0
16.0,0.03044,0.0
20.0,0.01522,0.00890296624891792
20.0,0.01522,0.00890296624891792
15.0,0.03044,0.015219721329046086
17.0,0.01522,0.0
17.0,0.01522,0.007609860664523043
16.0,0.03044,0.0
19.0,0.03044,0.00890296624891792
17.0,0.0,0.007609860664523043
16.0,0.01522,0.007609860664523043
17.0,0.0,0.015219721329046086
20.0,0.01522,0.019671204453505044
18.0,0.01522,0.012061343788982002
17.0,0.01522,0.019671204453505044
20.0,0.01522,0.00890296624891792
19.0,0.03044,0.00890296624891792
17.0,0.01522,0.0
15.0,0.03044,0.0
17.0,0.01522,0.007609860664523043
16.0,0.01522,0.007609860664523043
16.0,0.03044,0.012061343788982002
16.0,0.03044,0.0
14.0,0.04566,0.0
19.0,0.03044,0.00890296624891792
19.0,0.03044,0.00890296624891792
17.0,0.01522,0.0
16.0,0.03044,0.0
16.0,0.01522,0.007609860664523043
19.0,0.03044,0.012061343788982002
16.0,0.01522,0.007609860664523043
15.0,0.01522,0.015219721329046086
19.0,0.03044,0.012061343788982002
16.0,0.03044,0.0
15.0,0.04566,0.0
19.0,0.03044,0.00890296624891792
19.0,0.03044,0.00890296624891792
14.0,0.04566,0.015219721329046086
14.0,0.06088,0.0
13.0,0.0761,0.0
19.0,0.01522,0.012061343788982002
18.0,0.03044,0.012061343788982002
19.0,0.01522,0.019671204453505044
20.0,0.03044,0.024122687577964003
17.0,0.0,0.007609860664523043
16.0,0.01522,0.007609860664523043
17.0,0.0,0.015219721329046086
15.0,0.0,0.015219721329046086
16.0,0.01522,0.019671204453505044
16.0,0.01522,0.007609860664523043
14.0,0.01522,0.015219721329046086
20.0,0.01522,0.019671204453505044
18.0,0.01522,0.012061343788982002
16.0,0.03044,0.012061343788982002
17.0,0.01522,0.019671204453505044
16.0,0.01522,0.019671204453505044
15.0,0.03044,0.024122687577964003
19.0,0.01522,0.012061343788982002
18.0,0.03044,0.012061343788982002
19.0,0.01522,0.019671204453505044
20.0,0.03044,0.024122687577964003
20.0,0.01522,0.00890296624891792
19.0,0.03044,0.00890296624891792
19.0,0.03044,0.00890296624891792
14.0,0.03044,0.015219721329046086
13.0,0.04566,0.015219721329046086
14.0,0.0761,0.024122687577964003
17.0,0.0,0.007609860664523043
16.0,0.01522,0.007609860664523043
16.0,0.0,0.015219721329046086
18.0,0.01522,0.019671204453505044
16.0,0.0,0.015219721329046086
14.0,0.0,0.022829581993569128
18.0,0.01522,0.019671204453505044
16.0,0.01522,0.007609860664523043
15.0,0.03044,0.007609860664523043
19.0,0.01522,0.016512826913440963
19.0,0.01522,0.016512826913440963
13.0,0.03044,0.022829581993569128
17.0,0.01522,0.007609860664523043
15.0,0.01522,0.015219721329046086
16.0,0.03044,0.007609860664523043
18.0,0.03044,0.016512826913440963
17.0,0.0,0.015219721329046086
16.0,0.01522,0.015219721329046086
16.0,0.0,0.022829581993569128
18.0,0.01522,0.027281065118028087
17.0,0.01522,0.019671204453505044
15.0,0.01522,0.027281065118028087
20.0,0.01522,0.016512826913440963
19.0,0.03044,0.016512826913440963
20.0,0.01522,0.012061343788982002
19.0,0.03044,0.012061343788982002
19.0,0.01522,0.019671204453505044
17.0,0.03044,0.024122687577964003
19.0,0.01522,0.019671204453505044
17.0,0.01522,0.027281065118028087
19.0,0.03044,0.024122687577964003
19.0,0.03044,0.012061343788982002
17.0,0.04566,0.012061343788982002
20.0,0.03044,0.020964310037899923
21.0,0.03044,0.020964310037899923
15.0,0.04566,0.027281065118028087
17.0,0.0,0.007609860664523043
16.0,0.01522,0.007609860664523043
16.0,0.0,0.015219721329046086
19.0,0.01522,0.019671204453505044
16.0,0.0,0.015219721329046086
15.0,0.0,0.022829581993569128
19.0,0.01522,0.019671204453505044
16.0,0.01522,0.007609860664523043
15.0,0.03044,0.007609860664523043
19.0,0.01522,0.016512826913440963
19.0,0.01522,0.016512826913440963
14.0,0.03044,0.022829581993569128
16.0,0.01522,0.007609860664523043
15.0,0.01522,0.015219721329046086
15.0,0.03044,0.007609860664523043
18.0,0.03044,0.016512826913440963
16.0,0.0,0.015219721329046086
15.0,0.01522,0.015219721329046086
15.0,0.0,0.022829581993569128
18.0,0.01522,0.027281065118028087
16.0,0.01522,0.019671204453505044
15.0,0.01522,0.027281065118028087
19.0,0.01522,0.016512826913440963
18.0,0.03044,0.016512826913440963
18.0,0.01522,0.012061343788982002
16.0,0.03044,0.012061343788982002
17.0,0.01522,0.019671204453505044
16.0,0.01522,0.019671204453505044
17.0,0.03044,0.024122687577964003
17.0,0.03044,0.012061343788982002
15.0,0.04566,0.012061343788982002
20.0,0.03044,0.020964310037899923
19.0,0.03044,0.020964310037899923
19.0,0.01522,0.012061343788982002
18.0,0.03044,0.012061343788982002
18.0,0.01522,0.019671204453505044
17.0,0.03044,0.024122687577964003
18.0,0.01522,0.019671204453505044
17.0,0.01522,0.027281065118028087
19.0,0.03044,0.024122687577964003
18.0,0.03044,0.012061343788982002
16.0,0.04566,0.012061343788982002
19.0,0.03044,0.020964310037899923
20.0,0.03044,0.020964310037899923
15.0,0.04566,0.027281065118028087
17.0,0.01522,0.0
16.0,0.03044,0.0
17.0,0.01522,0.007609860664523043
17.0,0.01522,0.007609860664523043
17.0,0.03044,0.012061343788982002
16.0,0.03044,0.0
16.0,0.03044,0.007609860664523043
19.0,0.03044,0.012061343788982002
16.0,0.03044,0.0
14.0,0.04566,0.0
16.0,0.03044,0.007609860664523043
15.0,0.03044,0.007609860664523043
15.0,0.04566,0.012061343788982002
16.0,0.03044,0.0
15.0,0.04566,0.0
16.0,0.03044,0.007609860664523043
18.0,0.04566,0.012061343788982002
13.0,0.0761,0.0
19.0,0.03044,0.012061343788982002
18.0,0.04566,0.012061343788982002
18.0,0.01522,0.00890296624891792
17.0,0.03044,0.00890296624891792
17.0,0.01522,0.016512826913440963
17.0,0.01522,0.016512826913440963
18.0,0.03044,0.020964310037899923
17.0,0.03044,0.00890296624891792
16.0,0.03044,0.016512826913440963
19.0,0.03044,0.020964310037899923
18.0,0.01522,0.00890296624891792
16.0,0.03044,0.00890296624891792
17.0,0.01522,0.016512826913440963
16.0,0.01522,0.016512826913440963
17.0,0.03044,0.020964310037899923
17.0,0.03044,0.00890296624891792
15.0,0.03044,0.016512826913440963
20.0,0.03044,0.020964310037899923
15.0,0.03044,0.015219721329046086
13.0,0.04566,0.015219721329046086
14.0,0.03044,0.022829581993569128
13.0,0.03044,0.022829581993569128
14.0,0.04566,0.027281065118028087
15.0,0.0761,0.024122687577964003
17.0,0.0,0.007609860664523043
17.0,0.01522,0.007609860664523043
17.0,0.0,0.015219721329046086
16.0,0.0,0.015219721329046086
17.0,0.01522,0.019671204453505044
15.0,0.0,0.015219721329046086
14.0,0.0,0.022829581993569128
16.0,0.0,0.015219721329046086
15.0,0.0,0.022829581993569128
16.0,0.01522,0.019671204453505044
16.0,0.01522,0.007609860664523043
15.0,0.03044,0.007609860664523043
16.0,0.01522,0.016512826913440963
16.0,0.01522,0.016512826913440963
13.0,0.03044,0.022829581993569128
16.0,0.01522,0.007609860664523043
16.0,0.01522,0.015219721329046086
14.0,0.01522,0.015219721329046086
15.0,0.03044,0.007609860664523043
15.0,0.03044,0.016512826913440963
18.0,0.01522,0.019671204453505044
16.0,0.01522,0.027281065118028087
18.0,0.01522,0.019671204453505044
17.0,0.01522,0.027281065118028087
16.0,0.0,0.015219721329046086
15.0,0.01522,0.015219721329046086
16.0,0.0,0.022829581993569128
14.0,0.0,0.022829581993569128
15.0,0.01522,0.027281065118028087
14.0,0.0,0.022829581993569128
12.0,0.0,0.03043944265809217
14.0,0.0,0.022829581993569128
14.0,0.0,0.03043944265809217
14.0,0.01522,0.027281065118028087
15.0,0.01522,0.015219721329046086
14.0,0.03044,0.015219721329046086
15.0,0.01522,0.024122687577964007
14.0,0.01522,0.024122687577964007
11.0,0.03044,0.03043944265809217
18.0,0.01522,0.019671204453505044
18.0,0.01522,0.027281065118028087
16.0,0.01522,0.027281065118028087
17.0,0.03044,0.019671204453505044
17.0,0.03044,0.028574170702422966
16.0,0.01522,0.007609860664523043
16.0,0.03044,0.007609860664523043
14.0,0.01522,0.015219721329046086
15.0,0.01522,0.015219721329046086
15.0,0.03044,0.019671204453505044
15.0,0.03044,0.007609860664523043
13.0,0.03044,0.015219721329046086
17.0,0.03044,0.019671204453505044
20.0,0.01522,0.016512826913440963
19.0,0.03044,0.016512826913440963
18.0,0.01522,0.024122687577964003
18.0,0.03044,0.028574170702422963
19.0,0.01522,0.016512826913440963
17.0,0.01522,0.024122687577964003
19.0,0.01522,0.016512826913440963
18.0,0.03044,0.016512826913440963
17.0,0.01522,0.024122687577964003
17.0,0.01522,0.024122687577964003
17.0,0.03044,0.028574170702422963
13.0,0.03044,0.022829581993569128
11.0,0.03044,0.03043944265809217
20.0,0.01522,0.012061343788982002
19.0,0.03044,0.012061343788982002
19.0,0.01522,0.019671204453505044
19.0,0.03044,0.024122687577964003
19.0,0.01522,0.019671204453505044
17.0,0.01522,0.027281065118028087
17.0,0.03044,0.024122687577964003
19.0,0.03044,0.012061343788982002
17.0,0.04566,0.012061343788982002
21.0,0.03044,0.020964310037899923
20.0,0.03044,0.020964310037899923
15.0,0.04566,0.027281065118028087
19.0,0.01522,0.019671204453505044
17.0,0.01522,0.027281065118028087
18.0,0.03044,0.019671204453505044
18.0,0.03044,0.028574170702422963
19.0,0.03044,0.024122687577964003
17.0,0.04566,0.024122687577964003
19.0,0.03044,0.012061343788982002
18.0,0.04566,0.012061343788982002
18.0,0.03044,0.019671204453505044
16.0,0.04566,0.024122687577964003
19.0,0.03044,0.020964310037899923
17.0,0.03044,0.028574170702422966
17.0,0.0,0.007609860664523043
16.0,0.01522,0.007609860664523043
16.0,0.0,0.015219721329046086
16.0,0.0,0.015219721329046086
16.0,0.01522,0.019671204453505044
16.0,0.0,0.015219721329046086
14.0,0.0,0.022829581993569128
14.0,0.0,0.015219721329046086
13.0,0.0,0.022829581993569128
15.0,0.01522,0.019671204453505044
16.0,0.01522,0.007609860664523043
14.0,0.03044,0.007609860664523043
16.0,0.01522,0.016512826913440963
15.0,0.01522,0.016512826913440963
12.0,0.03044,0.022829581993569128
16.0,0.01522,0.007609860664523043
15.0,0.01522,0.015219721329046086
13.0,0.01522,0.015219721329046086
15.0,0.03044,0.007609860664523043
14.0,0.03044,0.016512826913440963
19.0,0.01522,0.019671204453505044
16.0,0.01522,0.027281065118028087
19.0,0.01522,0.019671204453505044
17.0,0.01522,0.027281065118028087
16.0,0.0,0.015219721329046086
15.0,0.01522,0.015219721329046086
15.0,0.0,0.022829581993569128
15.0,0.0,0.022829581993569128
15.0,0.01522,0.027281065118028087
15.0,0.0,0.022829581993569128
14.0,0.0,0.03043944265809217
13.0,0.0,0.022829581993569128
12.0,0.0,0.03043944265809217
14.0,0.01522,0.027281065118028087
15.0,0.01522,0.015219721329046086
14.0,0.03044,0.015219721329046086
15.0,0.01522,0.024122687577964007
14.0,0.01522,0.024122687577964007
11.0,0.03044,0.03043944265809217
19.0,0.01522,0.019671204453505044
18.0,0.01522,0.027281065118028087
16.0,0.01522,0.027281065118028087
18.0,0.03044,0.019671204453505044
17.0,0.03044,0.028574170702422966
16.0,0.01522,0.007609860664523043
15.0,0.03044,0.007609860664523043
15.0,0.01522,0.015219721329046086
13.0,0.01522,0.015219721329046086
14.0,0.03044,0.019671204453505044
15.0,0.03044,0.007609860664523043
12.0,0.03044,0.015219721329046086
18.0,0.03044,0.019671204453505044
19.0,0.01522,0.016512826913440963
16.0,0.01522,0.024122687577964003
19.0,0.01522,0.016512826913440963
18.0,0.03044,0.016512826913440963
18.0,0.01522,0.024122687577964003
16.0,0.01522,0.024122687577964003
17.0,0.03044,0.028574170702422963
14.0,0.03044,0.022829581993569128
11.0,0.03044,0.03043944265809217
19.0,0.01522,0.016512826913440963
18.0,0.03044,0.016512826913440963
17.0,0.01522,0.024122687577964003
18.0,0.03044,0.028574170702422963
18.0,0.01522,0.012061343788982002
16.0,0.03044,0.012061343788982002
17.0,0.01522,0.019671204453505044
16.0,0.01522,0.019671204453505044
17.0,0.03044,0.024122687577964003
16.0,0.01522,0.019671204453505044
14.0,0.01522,0.027281065118028087
15.0,0.01522,0.019671204453505044
14.0,0.01522,0.027281065118028087
13.0,0.03044,0.024122687577964003
16.0,0.03044,0.012061343788982002
14.0,0.04566,0.012061343788982002
17.0,0.03044,0.020964310037899923
15.0,0.03044,0.020964310037899923
12.0,0.04566,0.027281065118028087
17.0,0.03044,0.012061343788982002
15.0,0.04566,0.012061343788982002
15.0,0.03044,0.019671204453505044
14.0,0.03044,0.019671204453505044
12.0,0.04566,0.024122687577964003
20.0,0.03044,0.020964310037899923
17.0,0.03044,0.028574170702422963
19.0,0.03044,0.020964310037899923
17.0,0.03044,0.028574170702422963
19.0,0.01522,0.012061343788982002
18.0,0.03044,0.012061343788982002
18.0,0.01522,0.019671204453505044
19.0,0.03044,0.024122687577964003
18.0,0.01522,0.019671204453505044
17.0,0.01522,0.027281065118028087
17.0,0.03044,0.024122687577964003
18.0,0.03044,0.012061343788982002
16.0,0.04566,0.012061343788982002
20.0,0.03044,0.020964310037899923
19.0,0.03044,0.020964310037899923
15.0,0.04566,0.027281065118028087
18.0,0.01522,0.019671204453505044
17.0,0.01522,0.027281065118028087
17.0,0.03044,0.019671204453505044
18.0,0.03044,0.028574170702422963
19.0,0.03044,0.024122687577964003
17.0,0.04566,0.024122687577964003
18.0,0.03044,0.012061343788982002
17.0,0.04566,0.012061343788982002
17.0,0.03044,0.019671204453505044
16.0,0.04566,0.024122687577964003
18.0,0.03044,0.020964310037899923
17.0,0.03044,0.028574170702422966
17.0,0.01522,0.0
16.0,0.03044,0.0
17.0,0.01522,0.007609860664523043
17.0,0.01522,0.007609860664523043
17.0,0.03044,0.012061343788982002
16.0,0.01522,0.007609860664523043
15.0,0.01522,0.015219721329046086
16.0,0.01522,0.007609860664523043
15.0,0.01522,0.015219721329046086
16.0,0.03044,0.012061343788982002
15.0,0.03044,0.0
14.0,0.04566,0.0
16.0,0.03044,0.00890296624891792
16.0,0.03044,0.00890296624891792
13.0,0.04566,0.015219721329046086
16.0,0.03044,0.0
16.0,0.03044,0.007609860664523043
15.0,0.03044,0.007609860664523043
14.0,0.04566,0.0
15.0,0.04566,0.00890296624891792
19.0,0.03044,0.012061343788982002
18.0,0.03044,0.019671204453505044
19.0,0.03044,0.012061343788982002
18.0,0.03044,0.019671204453505044
16.0,0.03044,0.0
14.0,0.04566,0.0
16.0,0.03044,0.007609860664523043
15.0,0.03044,0.007609860664523043
15.0,0.04566,0.012061343788982002
15.0,0.03044,0.007609860664523043
14.0,0.03044,0.015219721329046086
14.0,0.03044,0.007609860664523043
14.0,0.03044,0.015219721329046086
14.0,0.04566,0.012061343788982002
14.0,0.04566,0.0
12.0,0.06088,0.0
15.0,0.04566,0.00890296624891792
14.0,0.04566,0.00890296624891792
11.0,0.06088,0.015219721329046086
16.0,0.03044,0.0
16.0,0.03044,0.007609860664523043
15.0,0.03044,0.007609860664523043
14.0,0.04566,0.0
15.0,0.04566,0.00890296624891792
15.0,0.04566,0.0
13.0,0.06088,0.0
18.0,0.04566,0.012061343788982002
18.0,0.04566,0.012061343788982002
13.0,0.0761,0.0
11.0,0.09132,0.0
19.0,0.03044,0.012061343788982002
18.0,0.04566,0.012061343788982002
17.0,0.03044,0.019671204453505044
16.0,0.04566,0.024122687577964003
18.0,0.03044,0.012061343788982002
17.0,0.04566,0.012061343788982002
17.0,0.03044,0.019671204453505044
16.0,0.04566,0.024122687577964003
13.0,0.09132,0.024122687577964003
18.0,0.01522,0.00890296624891792
17.0,0.03044,0.00890296624891792
17.0,0.01522,0.016512826913440963
17.0,0.01522,0.016512826913440963
18.0,0.03044,0.02096431003789992
16.0,0.01522,0.016512826913440963
15.0,0.01522,0.024122687577964007
16.0,0.01522,0.016512826913440963
15.0,0.01522,0.024122687577964007
17.0,0.03044,0.020964310037899923
16.0,0.03044,0.00890296624891792
15.0,0.04566,0.00890296624891792
15.0,0.03044,0.01780593249783584
17.0,0.03044,0.01780593249783584
14.0,0.04566,0.024122687577964007
17.0,0.03044,0.00890296624891792
16.0,0.03044,0.016512826913440963
15.0,0.03044,0.016512826913440963
15.0,0.04566,0.00890296624891792
14.0,0.04566,0.01780593249783584
19.0,0.03044,0.02096431003789992
17.0,0.03044,0.028574170702422963
18.0,0.03044,0.020964310037899923
17.0,0.03044,0.028574170702422966
18.0,0.01522,0.00890296624891792
16.0,0.03044,0.00890296624891792
17.0,0.01522,0.016512826913440963
16.0,0.01522,0.016512826913440963
17.0,0.03044,0.02096431003789992
16.0,0.01522,0.016512826913440963
14.0,0.01522,0.024122687577964007
15.0,0.01522,0.016512826913440963
14.0,0.01522,0.024122687577964007
15.0,0.03044,0.020964310037899923
16.0,0.03044,0.00890296624891792
14.0,0.04566,0.00890296624891792
17.0,0.03044,0.01780593249783584
13.0,0.03044,0.01780593249783584
12.0,0.04566,0.024122687577964007
17.0,0.03044,0.00890296624891792
15.0,0.03044,0.016512826913440963
14.0,0.03044,0.016512826913440963
15.0,0.04566,0.00890296624891792
12.0,0.04566,0.01780593249783584
20.0,0.03044,0.02096431003789992
17.0,0.03044,0.028574170702422963
19.0,0.03044,0.020964310037899923
17.0,0.03044,0.028574170702422966
15.0,0.03044,0.015219721329046086
13.0,0.04566,0.015219721329046086
14.0,0.03044,0.022829581993569128
13.0,0.03044,0.022829581993569128
14.0,0.04566,0.027281065118028087
13.0,0.03044,0.022829581993569128
11.0,0.03044,0.03043944265809217
12.0,0.03044,0.022829581993569128
11.0,0.03044,0.03043944265809217
12.0,0.04566,0.027281065118028087
13.0,0.04566,0.015219721329046086
11.0,0.06088,0.015219721329046086
14.0,0.04566,0.024122687577964007
12.0,0.04566,0.024122687577964007
9.0,0.06088,0.03043944265809217
15.0,0.0761,0.024122687577964003
13.0,0.09132,0.024122687577964003
17.0,0.01522,0.0
16.0,0.03044,0.0
16.0,0.01522,0.007609860664523043
19.0,0.03044,0.012061343788982002
16.0,0.01522,0.007609860664523043
15.0,0.01522,0.015219721329046086
19.0,0.03044,0.012061343788982002
16.0,0.03044,0.0
15.0,0.04566,0.0
19.0,0.03044,0.00890296624891792
19.0,0.03044,0.00890296624891792
14.0,0.04566,0.015219721329046086
16.0,0.03044,0.0
16.0,0.03044,0.007609860664523043
15.0,0.04566,0.0
18.0,0.04566,0.00890296624891792
16.0,0.01522,0.007609860664523043
15.0,0.03044,0.007609860664523043
16.0,0.01522,0.015219721329046086
19.0,0.03044,0.019671204453505044
17.0,0.03044,0.012061343788982002
16.0,0.03044,0.019671204453505044
19.0,0.03044,0.00890296624891792
17.0,0.04566,0.00890296624891792
16.0,0.03044,0.0
14.0,0.04566,0.0
16.0,0.03044,0.007609860664523043
15.0,0.03044,0.007609860664523043
15.0,0.04566,0.012061343788982002
15.0,0.04566,0.0
13.0,0.06088,0.0
18.0,0.04566,0.00890296624891792
18.0,0.04566,0.00890296624891792
15.0,0.03044,0.0
14.0,0.04566,0.0
15.0,0.03044,0.007609860664523043
16.0,0.04566,0.012061343788982002
15.0,0.03044,0.007609860664523043
14.0,0.03044,0.015219721329046086
16.0,0.04566,0.012061343788982002
14.0,0.04566,0.0
11.0,0.06088,0.0
16.0,0.04566,0.00890296624891792
16.0,0.04566,0.00890296624891792
10.0,0.06088,0.015219721329046086
13.0,0.0761,0.0
10.0,0.09132,0.0
18.0,0.03044,0.012061343788982002
16.0,0.04566,0.012061343788982002
18.0,0.03044,0.019671204453505044
18.0,0.04566,0.024122687577964003
16.0,0.01522,0.007609860664523043
15.0,0.03044,0.007609860664523043
16.0,0.01522,0.015219721329046086
14.0,0.01522,0.015219721329046086
15.0,0.03044,0.019671204453505044
15.0,0.03044,0.007609860664523043
13.0,0.03044,0.015219721329046086
19.0,0.03044,0.019671204453505044
17.0,0.03044,0.012061343788982002
15.0,0.04566,0.012061343788982002
16.0,0.03044,0.019671204453505044
15.0,0.03044,0.019671204453505044
14.0,0.04566,0.024122687577964003
18.0,0.03044,0.012061343788982002
16.0,0.04566,0.012061343788982002
18.0,0.03044,0.019671204453505044
18.0,0.04566,0.024122687577964003
19.0,0.03044,0.00890296624891792
17.0,0.04566,0.00890296624891792
18.0,0.04566,0.00890296624891792
13.0,0.04566,0.015219721329046086
10.0,0.06088,0.015219721329046086
11.0,0.09132,0.024122687577964003
19.0,0.01522,0.00890296624891792
18.0,0.03044,0.00890296624891792
18.0,0.01522,0.016512826913440963
18.0,0.03044,0.02096431003789992
18.0,0.01522,0.016512826913440963
16.0,0.01522,0.024122687577964007
19.0,0.03044,0.02096431003789992
18.0,0.03044,0.00890296624891792
16.0,0.04566,0.00890296624891792
17.0,0.03044,0.01780593249783584
19.0,0.03044,0.01780593249783584
14.0,0.04566,0.024122687577964007
19.0,0.03044,0.00890296624891792
17.0,0.03044,0.016512826913440963
18.0,0.04566,0.00890296624891792
16.0,0.04566,0.01780593249783584
19.0,0.01522,0.016512826913440963
18.0,0.03044,0.016512826913440963
18.0,0.01522,0.024122687577964007
18.0,0.03044,0.028574170702422963
19.0,0.03044,0.02096431003789992
17.0,0.03044,0.028574170702422963
20.0,0.03044,0.01780593249783584
18.0,0.04566,0.01780593249783584
19.0,0.01522,0.00890296624891792
18.0,0.03044,0.00890296624891792
18.0,0.01522,0.016512826913440963
19.0,0.03044,0.02096431003789992
18.0,0.01522,0.016512826913440963
16.0,0.01522,0.024122687577964007
18.0,0.03044,0.02096431003789992
18.0,0.03044,0.00890296624891792
16.0,0.04566,0.00890296624891792
19.0,0.03044,0.01780593249783584
17.0,0.03044,0.01780593249783584
14.0,0.04566,0.024122687577964007
19.0,0.03044,0.00890296624891792
17.0,0.03044,0.016512826913440963
18.0,0.04566,0.00890296624891792
16.0,0.04566,0.01780593249783584
19.0,0.01522,0.016512826913440963
18.0,0.03044,0.016512826913440963
18.0,0.01522,0.024122687577964007
18.0,0.03044,0.028574170702422963
19.0,0.03044,0.02096431003789992
17.0,0.03044,0.028574170702422963
20.0,0.03044,0.01780593249783584
18.0,0.04566,0.01780593249783584
14.0,0.03044,0.015219721329046086
13.0,0.04566,0.015219721329046086
13.0,0.03044,0.022829581993569128
14.0,0.04566,0.027281065118028087
13.0,0.03044,0.022829581993569128
11.0,0.03044,0.03043944265809217
14.0,0.04566,0.027281065118028087
13.0,0.04566,0.015219721329046086
10.0,0.06088,0.015219721329046086
15.0,0.04566,0.024122687577964003
15.0,0.04566,0.024122687577964003
8.0,0.06088,0.03043944265809217
19.0,0.01522,0.00890296624891792
18.0,0.03044,0.00890296624891792
18.0,0.01522,0.016512826913440963
19.0,0.03044,0.02096431003789992
18.0,0.01522,0.016512826913440963
17.0,0.01522,0.024122687577964007
20.0,0.03044,0.02096431003789992
18.0,0.03044,0.00890296624891792
16.0,0.04566,0.00890296624891792
17.0,0.03044,0.01780593249783584
19.0,0.03044,0.01780593249783584
15.0,0.04566,0.024122687577964007
18.0,0.03044,0.00890296624891792
17.0,0.03044,0.016512826913440963
17.0,0.04566,0.00890296624891792
16.0,0.04566,0.01780593249783584
18.0,0.01522,0.016512826913440963
17.0,0.03044,0.016512826913440963
17.0,0.01522,0.024122687577964007
18.0,0.03044,0.028574170702422963
18.0,0.03044,0.02096431003789992
17.0,0.03044,0.028574170702422963
19.0,0.03044,0.01780593249783584
17.0,0.04566,0.01780593249783584
19.0,0.01522,0.00890296624891792
18.0,0.03044,0.00890296624891792
18.0,0.01522,0.016512826913440963
20.0,0.03044,0.02096431003789992
18.0,0.01522,0.016512826913440963
17.0,0.01522,0.024122687577964007
19.0,0.03044,0.02096431003789992
18.0,0.03044,0.00890296624891792
16.0,0.04566,0.00890296624891792
19.0,0.03044,0.01780593249783584
17.0,0.03044,0.01780593249783584
15.0,0.04566,0.024122687577964007
18.0,0.03044,0.00890296624891792
17.0,0.03044,0.016512826913440963
17.0,0.04566,0.00890296624891792
16.0,0.04566,0.01780593249783584
18.0,0.01522,0.016512826913440963
17.0,0.03044,0.016512826913440963
17.0,0.01522,0.024122687577964007
18.0,0.03044,0.028574170702422963
18.0,0.03044,0.02096431003789992
17.0,0.03044,0.028574170702422963
19.0,0.03044,0.01780593249783584
17.0,0.04566,0.01780593249783584
13.0,0.03044,0.015219721329046086
12.0,0.04566,0.015219721329046086
12.0,0.03044,0.022829581993569128
14.0,0.04566,0.027281065118028087
12.0,0.03044,0.022829581993569128
11.0,0.03044,0.03043944265809217
14.0,0.04566,0.027281065118028087
12.0,0.04566,0.015219721329046086
9.0,0.06088,0.015219721329046086
14.0,0.04566,0.024122687577964003
14.0,0.04566,0.024122687577964003
8.0,0.06088,0.03043944265809217
12.0,0.0761,0.024122687577964003
9.0,0.09132,0.024122687577964003
14.0,0.06088,0.0
13.0,0.0761,0.0
13.0,0.0761,0.0
13.0,0.0761,0.0
11.0,0.09132,0.0
13.0,0.0761,0.0
10.0,0.09132,0.0
8.0,0.12176,0.0
14.0,0.0761,0.01780593249783584
11.0,0.09132,0.01780593249783584
15.0,0.0761,0.01780593249783584
13.0,0.09132,0.01780593249783584
15.0,0.0761,0.01780593249783584
13.0,0.09132,0.01780593249783584
12.0,0.0761,0.01780593249783584
9.0,0.09132,0.01780593249783584
6.0,0.12176,0.03043944265809217
21.0,0.056326,0.0
20.0,0.071546,0.0
20.0,0.056326,0.007609860664523043
23.0,0.071546,0.012061343788982002
20.0,0.056326,0.007609860664523043
18.0,0.056326,0.015219721329046086
23.0,0.071546,0.012061343788982002
20.0,0.071546,0.0
19.0,0.086766,0.0
24.0,0.071546,0.00890296624891792
24.0,0.071546,0.00890296624891792
17.0,0.086766,0.015219721329046086
20.0,0.056326,0.007609860664523043
19.0,0.056326,0.015219721329046086
19.0,0.071546,0.007609860664523043
23.0,0.071546,0.016512826913440963
23.0,0.071546,0.012061343788982002
21.0,0.086766,0.012061343788982002
20.0,0.071546,0.0
19.0,0.086766,0.0
20.0,0.071546,0.007609860664523043
23.0,0.086766,0.012061343788982002
21.0,0.071546,0.00890296624891792
19.0,0.071546,0.016512826913440963
20.0,0.056326,0.007609860664523043
19.0,0.056326,0.015219721329046086
17.0,0.056326,0.015219721329046086
19.0,0.071546,0.007609860664523043
18.0,0.071546,0.016512826913440963
19.0,0.071546,0.007609860664523043
16.0,0.071546,0.015219721329046086
23.0,0.071546,0.016512826913440963
23.0,0.071546,0.012061343788982002
22.0,0.086766,0.012061343788982002
21.0,0.086766,0.012061343788982002
20.0,0.071546,0.0
20.0,0.071546,0.007609860664523043
19.0,0.071546,0.007609860664523043
18.0,0.086766,0.0
19.0,0.086766,0.00890296624891792
19.0,0.086766,0.0
17.0,0.101986,0.0
23.0,0.086766,0.012061343788982002
21.0,0.086766,0.012061343788982002
21.0,0.071546,0.00890296624891792
19.0,0.071546,0.016512826913440963
18.0,0.071546,0.016512826913440963
19.0,0.086766,0.00890296624891792
16.0,0.086766,0.01780593249783584
20.0,0.071546,0.0
18.0,0.086766,0.0
19.0,0.071546,0.007609860664523043
21.0,0.086766,0.012061343788982002
19.0,0.071546,0.007609860664523043
17.0,0.071546,0.015219721329046086
22.0,0.086766,0.012061343788982002
19.0,0.086766,0.0
16.0,0.101986,0.0
22.0,0.086766,0.00890296624891792
23.0,0.086766,0.00890296624891792
15.0,0.101986,0.015219721329046086
23.0,0.071546,0.00890296624891792
22.0,0.071546,0.016512826913440963
21.0,0.086766,0.00890296624891792
22.0,0.086766,0.01780593249783584
23.0,0.071546,0.00890296624891792
22.0,0.071546,0.016512826913440963
22.0,0.086766,0.00890296624891792
22.0,0.086766,0.01780593249783584
16.0,0.086766,0.015219721329046086
14.0,0.101986,0.015219721329046086
17.0,0.117206,0.0
15.0,0.132426,0.0
14.0,0.132426,0.01780593249783584
19.0,0.071546,0.0
18.0,0.071546,0.007609860664523043
18.0,0.071546,0.007609860664523043
18.0,0.086766,0.0
18.0,0.086766,0.00890296624891792
18.0,0.086766,0.0
17.0,0.086766,0.007609860664523043
22.0,0.086766,0.00890296624891792
18.0,0.086766,0.0
17.0,0.086766,0.007609860664523043
16.0,0.086766,0.007609860664523043
16.0,0.101986,0.0
16.0,0.101986,0.00890296624891792
18.0,0.086766,0.0
17.0,0.086766,0.007609860664523043
17.0,0.101986,0.0
20.0,0.101986,0.00890296624891792
20.0,0.086766,0.00890296624891792
18.0,0.101986,0.00890296624891792
15.0,0.132426,0.0
20.0,0.056326,0.007609860664523043
19.0,0.071546,0.007609860664523043
19.0,0.056326,0.015219721329046086
22.0,0.071546,0.019671204453505044
19.0,0.056326,0.015219721329046086
16.0,0.056326,0.022829581993569128
22.0,0.071546,0.019671204453505044
19.0,0.071546,0.007609860664523043
17.0,0.086766,0.007609860664523043
22.0,0.071546,0.016512826913440963
22.0,0.071546,0.016512826913440963
15.0,0.086766,0.022829581993569128
20.0,0.056326,0.015219721329046086
18.0,0.056326,0.022829581993569128
19.0,0.071546,0.015219721329046086
21.0,0.071546,0.024122687577964007
23.0,0.071546,0.019671204453505044
21.0,0.086766,0.019671204453505044
19.0,0.071546,0.007609860664523043
18.0,0.086766,0.007609860664523043
18.0,0.071546,0.015219721329046086
20.0,0.086766,0.019671204453505044
20.0,0.071546,0.016512826913440963
17.0,0.071546,0.024122687577964007
20.0,0.071546,0.012061343788982002
19.0,0.071546,0.019671204453505044
19.0,0.071546,0.019671204453505044
19.0,0.086766,0.012061343788982002
19.0,0.086766,0.020964310037899923
19.0,0.086766,0.012061343788982002
18.0,0.086766,0.019671204453505044
21.0,0.086766,0.02096431003789992
23.0,0.071546,0.00890296624891792
22.0,0.086766,0.00890296624891792
23.0,0.071546,0.016512826913440963
23.0,0.086766,0.020964310037899923
23.0,0.071546,0.016512826913440963
20.0,0.071546,0.024122687577964003
23.0,0.086766,0.020964310037899923
22.0,0.086766,0.00890296624891792
17.0,0.101986,0.00890296624891792
22.0,0.086766,0.01780593249783584
21.0,0.086766,0.01780593249783584
16.0,0.101986,0.024122687577964003
20.0,0.056326,0.007609860664523043
19.0,0.071546,0.007609860664523043
19.0,0.056326,0.015219721329046086
22.0,0.071546,0.019671204453505044
19.0,0.056326,0.015219721329046086
17.0,0.056326,0.022829581993569128
22.0,0.071546,0.019671204453505044
19.0,0.071546,0.007609860664523043
18.0,0.086766,0.007609860664523043
23.0,0.071546,0.016512826913440963
23.0,0.071546,0.016512826913440963
16.0,0.086766,0.022829581993569128
19.0,0.056326,0.015219721329046086
17.0,0.056326,0.022829581993569128
18.0,0.071546,0.015219721329046086
21.0,0.071546,0.024122687577964003
21.0,0.071546,0.019671204453505044
19.0,0.086766,0.019671204453505044
18.0,0.071546,0.007609860664523043
17.0,0.086766,0.007609860664523043
18.0,0.071546,0.015219721329046086
21.0,0.086766,0.019671204453505044
19.0,0.071546,0.016512826913440963
17.0,0.071546,0.024122687577964007
20.0,0.071546,0.012061343788982002
19.0,0.071546,0.019671204453505044
18.0,0.071546,0.019671204453505044
18.0,0.086766,0.012061343788982002
18.0,0.086766,0.020964310037899923
19.0,0.086766,0.012061343788982002
17.0,0.086766,0.019671204453505044
23.0,0.086766,0.020964310037899923
20.0,0.071546,0.00890296624891792
20.0,0.071546,0.016512826913440963
19.0,0.071546,0.016512826913440963
18.0,0.086766,0.00890296624891792
19.0,0.086766,0.01780593249783584
19.0,0.086766,0.00890296624891792
17.0,0.101986,0.00890296624891792
23.0,0.086766,0.02096431003789992
21.0,0.086766,0.020964310037899923
17.0,0.086766,0.015219721329046086
16.0,0.086766,0.022829581993569128
15.0,0.086766,0.022829581993569128
15.0,0.101986,0.015219721329046086
15.0,0.101986,0.024122687577964007
23.0,0.071546,0.00890296624891792
22.0,0.086766,0.00890296624891792
22.0,0.071546,0.016512826913440963
22.0,0.086766,0.02096431003789992
22.0,0.071546,0.016512826913440963
20.0,0.071546,0.024122687577964007
22.0,0.086766,0.02096431003789992
22.0,0.086766,0.00890296624891792
19.0,0.101986,0.00890296624891792
22.0,0.086766,0.01780593249783584
21.0,0.086766,0.01780593249783584
17.0,0.101986,0.024122687577964007
18.0,0.132426,0.01780593249783584
21.0,0.056326,0.0
20.0,0.071546,0.0
20.0,0.056326,0.007609860664523043
23.0,0.071546,0.012061343788982002
20.0,0.056326,0.007609860664523043
18.0,0.056326,0.015219721329046086
23.0,0.071546,0.012061343788982002
20.0,0.071546,0.0
19.0,0.086766,0.0
24.0,0.071546,0.00890296624891792
24.0,0.071546,0.00890296624891792
17.0,0.086766,0.015219721329046086
20.0,0.056326,0.007609860664523043
19.0,0.056326,0.015219721329046086
19.0,0.071546,0.007609860664523043
23.0,0.071546,0.016512826913440963
23.0,0.071546,0.012061343788982002
22.0,0.086766,0.012061343788982002
20.0,0.071546,0.0
19.0,0.086766,0.0
20.0,0.071546,0.007609860664523043
23.0,0.086766,0.012061343788982002
21.0,0.071546,0.00890296624891792
19.0,0.071546,0.016512826913440963
20.0,0.056326,0.007609860664523043
19.0,0.056326,0.015219721329046086
17.0,0.056326,0.015219721329046086
19.0,0.071546,0.007609860664523043
18.0,0.071546,0.016512826913440963
19.0,0.071546,0.007609860664523043
16.0,0.071546,0.015219721329046086
23.0,0.071546,0.016512826913440963
23.0,0.071546,0.012061343788982002
21.0,0.086766,0.012061343788982002
21.0,0.086766,0.012061343788982002
20.0,0.071546,0.0
20.0,0.071546,0.007609860664523043
19.0,0.071546,0.007609860664523043
18.0,0.086766,0.0
19.0,0.086766,0.00890296624891792
19.0,0.086766,0.0
17.0,0.101986,0.0
23.0,0.086766,0.012061343788982002
21.0,0.086766,0.012061343788982002
21.0,0.071546,0.00890296624891792
19.0,0.071546,0.016512826913440963
18.0,0.071546,0.016512826913440963
19.0,0.086766,0.00890296624891792
16.0,0.086766,0.01780593249783584
20.0,0.071546,0.0
18.0,0.086766,0.0
19.0,0.071546,0.007609860664523043
22.0,0.086766,0.012061343788982002
19.0,0.071546,0.007609860664523043
17.0,0.071546,0.015219721329046086
21.0,0.086766,0.012061343788982002
19.0,0.086766,0.0
16.0,0.101986,0.0
23.0,0.086766,0.00890296624891792
22.0,0.086766,0.00890296624891792
15.0,0.101986,0.015219721329046086
23.0,0.071546,0.00890296624891792
22.0,0.071546,0.016512826913440963
22.0,0.086766,0.00890296624891792
22.0,0.086766,0.01780593249783584
23.0,0.071546,0.00890296624891792
22.0,0.071546,0.016512826913440963
21.0,0.086766,0.00890296624891792
22.0,0.086766,0.01780593249783584
16.0,0.086766,0.015219721329046086
14.0,0.101986,0.015219721329046086
17.0,0.117206,0.0
15.0,0.132426,0.0
14.0,0.132426,0.01780593249783584
19.0,0.071546,0.0
18.0,0.071546,0.007609860664523043
18.0,0.071546,0.007609860664523043
18.0,0.086766,0.0
18.0,0.086766,0.00890296624891792
18.0,0.086766,0.0
17.0,0.086766,0.007609860664523043
22.0,0.086766,0.00890296624891792
18.0,0.086766,0.0
17.0,0.086766,0.007609860664523043
16.0,0.086766,0.007609860664523043
16.0,0.101986,0.0
16.0,0.101986,0.00890296624891792
18.0,0.086766,0.0
17.0,0.086766,0.007609860664523043
17.0,0.101986,0.0
20.0,0.101986,0.00890296624891792
20.0,0.086766,0.00890296624891792
18.0,0.101986,0.00890296624891792
15.0,0.132426,0.0
20.0,0.056326,0.007609860664523043
19.0,0.071546,0.007609860664523043
19.0,0.056326,0.015219721329046086
22.0,0.071546,0.019671204453505044
19.0,0.056326,0.015219721329046086
16.0,0.056326,0.022829581993569128
22.0,0.071546,0.019671204453505044
19.0,0.071546,0.007609860664523043
17.0,0.086766,0.007609860664523043
22.0,0.071546,0.016512826913440963
22.0,0.071546,0.016512826913440963
15.0,0.086766,0.022829581993569128
20.0,0.056326,0.015219721329046086
18.0,0.056326,0.022829581993569128
19.0,0.071546,0.015219721329046086
21.0,0.071546,0.024122687577964007
23.0,0.071546,0.019671204453505044
21.0,0.086766,0.019671204453505044
19.0,0.071546,0.007609860664523043
18.0,0.086766,0.007609860664523043
18.0,0.071546,0.015219721329046086
20.0,0.086766,0.019671204453505044
20.0,0.071546,0.016512826913440963
17.0,0.071546,0.024122687577964007
20.0,0.071546,0.012061343788982002
19.0,0.071546,0.019671204453505044
19.0,0.071546,0.019671204453505044
19.0,0.086766,0.012061343788982002
19.0,0.086766,0.02096431003789992
19.0,0.086766,0.012061343788982002
18.0,0.086766,0.019671204453505044
21.0,0.086766,0.02096431003789992
23.0,0.071546,0.00890296624891792
22.0,0.086766,0.00890296624891792
23.0,0.071546,0.016512826913440963
23.0,0.086766,0.020964310037899923
23.0,0.071546,0.016512826913440963
20.0,0.071546,0.024122687577964003
23.0,0.086766,0.020964310037899923
22.0,0.086766,0.00890296624891792
17.0,0.101986,0.00890296624891792
21.0,0.086766,0.01780593249783584
22.0,0.086766,0.01780593249783584
16.0,0.101986,0.024122687577964003
20.0,0.056326,0.007609860664523043
19.0,0.071546,0.007609860664523043
19.0,0.056326,0.015219721329046086
22.0,0.071546,0.019671204453505044
19.0,0.056326,0.015219721329046086
17.0,0.056326,0.022829581993569128
22.0,0.071546,0.019671204453505044
19.0,0.071546,0.007609860664523043
18.0,0.086766,0.007609860664523043
23.0,0.071546,0.016512826913440963
23.0,0.071546,0.016512826913440963
16.0,0.086766,0.022829581993569128
19.0,0.056326,0.015219721329046086
17.0,0.056326,0.022829581993569128
18.0,0.071546,0.015219721329046086
21.0,0.071546,0.024122687577964003
21.0,0.071546,0.019671204453505044
19.0,0.086766,0.019671204453505044
18.0,0.071546,0.007609860664523043
17.0,0.086766,0.007609860664523043
18.0,0.071546,0.015219721329046086
21.0,0.086766,0.019671204453505044
19.0,0.071546,0.016512826913440963
17.0,0.071546,0.024122687577964007
20.0,0.071546,0.012061343788982002
19.0,0.071546,0.019671204453505044
18.0,0.071546,0.019671204453505044
18.0,0.086766,0.012061343788982002
18.0,0.086766,0.020964310037899923
19.0,0.086766,0.012061343788982002
17.0,0.086766,0.019671204453505044
23.0,0.086766,0.020964310037899923
20.0,0.071546,0.00890296624891792
20.0,0.071546,0.016512826913440963
19.0,0.071546,0.016512826913440963
18.0,0.086766,0.00890296624891792
19.0,0.086766,0.01780593249783584
19.0,0.086766,0.00890296624891792
17.0,0.101986,0.00890296624891792
23.0,0.086766,0.020964310037899923
21.0,0.086766,0.020964310037899923
17.0,0.086766,0.015219721329046086
16.0,0.086766,0.022829581993569128
15.0,0.086766,0.022829581993569128
15.0,0.101986,0.015219721329046086
15.0,0.101986,0.024122687577964007
23.0,0.071546,0.00890296624891792
22.0,0.086766,0.00890296624891792
22.0,0.071546,0.016512826913440963
22.0,0.086766,0.02096431003789992
22.0,0.071546,0.016512826913440963
20.0,0.071546,0.024122687577964007
22.0,0.086766,0.02096431003789992
22.0,0.086766,0.00890296624891792
19.0,0.101986,0.00890296624891792
21.0,0.086766,0.01780593249783584
22.0,0.086766,0.01780593249783584
17.0,0.101986,0.024122687577964007
18.0,0.132426,0.01780593249783584
17.0,0.112827,0.0
16.0,0.128047,0.0
17.0,0.112827,0.007609860664523043
20.0,0.128047,0.012061343788982002
17.0,0.112827,0.007609860664523043
15.0,0.112827,0.015219721329046086
20.0,0.128047,0.012061343788982002
16.0,0.128047,0.0
15.0,0.143267,0.0
21.0,0.128047,0.00890296624891792
21.0,0.128047,0.00890296624891792
14.0,0.143267,0.015219721329046086
17.0,0.112827,0.007609860664523043
15.0,0.112827,0.015219721329046086
16.0,0.128047,0.007609860664523043
19.0,0.128047,0.016512826913440963
19.0,0.128047,0.012061343788982002
17.0,0.143267,0.012061343788982002
16.0,0.128047,0.0
15.0,0.143267,0.0
16.0,0.128047,0.007609860664523043
19.0,0.143267,0.012061343788982002
17.0,0.128047,0.00890296624891792
16.0,0.128047,0.016512826913440963
17.0,0.112827,0.007609860664523043
15.0,0.112827,0.015219721329046086
14.0,0.112827,0.015219721329046086
15.0,0.128047,0.007609860664523043
15.0,0.128047,0.016512826913440963
16.0,0.128047,0.007609860664523043
13.0,0.128047,0.015219721329046086
19.0,0.128047,0.016512826913440963
19.0,0.128047,0.012061343788982002
17.0,0.143267,0.012061343788982002
17.0,0.143267,0.012061343788982002
16.0,0.128047,0.0
16.0,0.128047,0.007609860664523043
15.0,0.128047,0.007609860664523043
14.0,0.143267,0.0
15.0,0.143267,0.00890296624891792
15.0,0.143267,0.0
13.0,0.158487,0.0
19.0,0.143267,0.012061343788982002
17.0,0.143267,0.012061343788982002
17.0,0.128047,0.00890296624891792
16.0,0.128047,0.016512826913440963
15.0,0.128047,0.016512826913440963
15.0,0.143267,0.00890296624891792
13.0,0.143267,0.01780593249783584
16.0,0.128047,0.0
14.0,0.143267,0.0
16.0,0.128047,0.007609860664523043
18.0,0.143267,0.012061343788982002
16.0,0.128047,0.007609860664523043
14.0,0.128047,0.015219721329046086
18.0,0.143267,0.012061343788982002
15.0,0.143267,0.0
11.0,0.158487,0.0
19.0,0.143267,0.00890296624891792
19.0,0.143267,0.00890296624891792
11.0,0.158487,0.015219721329046086
19.0,0.128047,0.00890296624891792
18.0,0.128047,0.016512826913440963
17.0,0.143267,0.00890296624891792
17.0,0.143267,0.01780593249783584
19.0,0.128047,0.00890296624891792
18.0,0.128047,0.016512826913440963
17.0,0.143267,0.00890296624891792
17.0,0.143267,0.01780593249783584
13.0,0.143267,0.015219721329046086
10.0,0.158487,0.015219721329046086
13.0,0.173707,0.0
10.0,0.188927,0.0
10.0,0.188927,0.01780593249783584
20.0,0.112827,0.0
17.0,0.128047,0.0
19.0,0.112827,0.007609860664523043
19.0,0.112827,0.007609860664523043
18.0,0.128047,0.012061343788982002
19.0,0.112827,0.007609860664523043
17.0,0.112827,0.015219721329046086
19.0,0.112827,0.007609860664523043
17.0,0.112827,0.015219721329046086
18.0,0.128047,0.012061343788982002
19.0,0.128047,0.0
16.0,0.143267,0.0
19.0,0.128047,0.00890296624891792
19.0,0.128047,0.00890296624891792
15.0,0.143267,0.015219721329046086
19.0,0.128047,0.0
16.0,0.143267,0.0
18.0,0.128047,0.007609860664523043
18.0,0.128047,0.007609860664523043
17.0,0.143267,0.012061343788982002
22.0,0.128047,0.00890296624891792
21.0,0.128047,0.016512826913440963
23.0,0.128047,0.00890296624891792
21.0,0.128047,0.016512826913440963
19.0,0.128047,0.0
16.0,0.143267,0.0
18.0,0.128047,0.007609860664523043
18.0,0.128047,0.007609860664523043
17.0,0.143267,0.012061343788982002
17.0,0.128047,0.007609860664523043
16.0,0.128047,0.015219721329046086
17.0,0.128047,0.007609860664523043
16.0,0.128047,0.015219721329046086
16.0,0.143267,0.012061343788982002
17.0,0.143267,0.0
14.0,0.158487,0.0
17.0,0.143267,0.00890296624891792
17.0,0.143267,0.00890296624891792
13.0,0.158487,0.015219721329046086
19.0,0.128047,0.0
16.0,0.143267,0.0
18.0,0.128047,0.007609860664523043
18.0,0.128047,0.007609860664523043
17.0,0.143267,0.012061343788982002
17.0,0.143267,0.0
14.0,0.158487,0.0
20.0,0.143267,0.00890296624891792
20.0,0.143267,0.00890296624891792
22.0,0.128047,0.00890296624891792
20.0,0.128047,0.016512826913440963
20.0,0.143267,0.00890296624891792
17.0,0.143267,0.01780593249783584
21.0,0.128047,0.00890296624891792
20.0,0.128047,0.016512826913440963
19.0,0.143267,0.00890296624891792
17.0,0.143267,0.01780593249783584
15.0,0.173707,0.0
12.0,0.188927,0.0
14.0,0.188927,0.01780593249783584
20.0,0.112827,0.0
17.0,0.128047,0.0
19.0,0.112827,0.007609860664523043
19.0,0.112827,0.007609860664523043
18.0,0.128047,0.012061343788982002
19.0,0.112827,0.007609860664523043
17.0,0.112827,0.015219721329046086
19.0,0.112827,0.007609860664523043
17.0,0.112827,0.015219721329046086
18.0,0.128047,0.012061343788982002
19.0,0.128047,0.0
16.0,0.143267,0.0
19.0,0.128047,0.00890296624891792
19.0,0.128047,0.00890296624891792
15.0,0.143267,0.015219721329046086
19.0,0.128047,0.0
16.0,0.143267,0.0
18.0,0.128047,0.007609860664523043
18.0,0.128047,0.007609860664523043
17.0,0.143267,0.012061343788982002
22.0,0.128047,0.00890296624891792
21.0,0.128047,0.016512826913440963
23.0,0.128047,0.00890296624891792
21.0,0.128047,0.016512826913440963
19.0,0.128047,0.0
16.0,0.143267,0.0
18.0,0.128047,0.007609860664523043
18.0,0.128047,0.007609860664523043
17.0,0.143267,0.012061343788982002
17.0,0.128047,0.007609860664523043
16.0,0.128047,0.015219721329046086
17.0,0.128047,0.007609860664523043
16.0,0.128047,0.015219721329046086
16.0,0.143267,0.012061343788982002
17.0,0.143267,0.0
14.0,0.158487,0.0
17.0,0.143267,0.00890296624891792
17.0,0.143267,0.00890296624891792
13.0,0.158487,0.015219721329046086
19.0,0.128047,0.0
16.0,0.143267,0.0
18.0,0.128047,0.007609860664523043
18.0,0.128047,0.007609860664523043
17.0,0.143267,0.012061343788982002
17.0,0.143267,0.0
14.0,0.158487,0.0
20.0,0.143267,0.00890296624891792
20.0,0.143267,0.00890296624891792
22.0,0.128047,0.00890296624891792
20.0,0.128047,0.016512826913440963
20.0,0.143267,0.00890296624891792
17.0,0.143267,0.01780593249783584
21.0,0.128047,0.00890296624891792
20.0,0.128047,0.016512826913440963
19.0,0.143267,0.00890296624891792
17.0,0.143267,0.01780593249783584
15.0,0.173707,0.0
12.0,0.188927,0.0
14.0,0.188927,0.01780593249783584
14.0,0.226344,0.0
13.0,0.241564,0.0
13.0,0.241564,0.0
13.0,0.241564,0.0
11.0,0.256784,0.0
13.0,0.241564,0.0
10.0,0.256784,0.0
8.0,0.287224,0.0
20.0,0.056326,0.04560830851446922
19.0,0.071546,0.04560830851446922
19.0,0.056326,0.05321816917899226
19.0,0.056326,0.05321816917899226
19.0,0.071546,0.05766965230345122
17.0,0.056326,0.05321816917899226
16.0,0.056326,0.060828029843515305
19.0,0.056326,0.05321816917899226
17.0,0.056326,0.060828029843515305
18.0,0.071546,0.05766965230345122
19.0,0.071546,0.04560830851446922
17.0,0.086766,0.04560830851446922
18.0,0.071546,0.054511274763387144
19.0,0.071546,0.054511274763387144
15.0,0.086766,0.060828029843515305
19.0,0.071546,0.04560830851446922
18.0,0.071546,0.05321816917899226
16.0,0.071546,0.05321816917899226
18.0,0.086766,0.04560830851446922
17.0,0.086766,0.054511274763387144
22.0,0.071546,0.05766965230345122
19.0,0.071546,0.06527951296797427
21.0,0.071546,0.05766965230345122
20.0,0.071546,0.06527951296797425
19.0,0.056326,0.05321816917899226
17.0,0.071546,0.05321816917899226
18.0,0.056326,0.060828029843515305
17.0,0.056326,0.060828029843515305
17.0,0.071546,0.06527951296797425
16.0,0.056326,0.060828029843515305
14.0,0.056326,0.06843789050803835
17.0,0.056326,0.060828029843515305
16.0,0.056326,0.06843789050803835
16.0,0.071546,0.06527951296797425
18.0,0.071546,0.05321816917899226
16.0,0.086766,0.05321816917899226
17.0,0.071546,0.06212113542791019
17.0,0.071546,0.06212113542791019
13.0,0.086766,0.06843789050803835
21.0,0.071546,0.05766965230345122
20.0,0.071546,0.06527951296797427
18.0,0.071546,0.06527951296797427
20.0,0.086766,0.05766965230345122
19.0,0.086766,0.06657261855236915
19.0,0.071546,0.04560830851446922
18.0,0.086766,0.04560830851446922
16.0,0.071546,0.05321816917899226
18.0,0.071546,0.05321816917899226
17.0,0.086766,0.05766965230345122
17.0,0.086766,0.04560830851446922
14.0,0.086766,0.05321816917899226
19.0,0.086766,0.05766965230345122
22.0,0.071546,0.054511274763387144
20.0,0.086766,0.054511274763387144
21.0,0.071546,0.06212113542791019
19.0,0.086766,0.06657261855236914
22.0,0.071546,0.054511274763387144
20.0,0.086766,0.054511274763387144
19.0,0.071546,0.06212113542791019
20.0,0.071546,0.06212113542791019
19.0,0.086766,0.06657261855236914
23.0,0.071546,0.054511274763387144
20.0,0.071546,0.06212113542791019
15.0,0.086766,0.060828029843515305
12.0,0.086766,0.06843789050803835
18.0,0.128047,0.07667565090731944
15.0,0.143267,0.07667565090731944
17.0,0.128047,0.08428551157184248
16.0,0.128047,0.08428551157184248
16.0,0.143267,0.08873699469630145
15.0,0.128047,0.08428551157184248
13.0,0.128047,0.09189537223636553
16.0,0.128047,0.08428551157184248
14.0,0.128047,0.09189537223636553
15.0,0.143267,0.08873699469630145
16.0,0.143267,0.07667565090731944
13.0,0.158487,0.07667565090731944
16.0,0.143267,0.08557861715623735
16.0,0.143267,0.08557861715623735
12.0,0.158487,0.09189537223636553
13.0,0.241564,0.07733405182700068
11.0,0.256784,0.07733405182700068
20.0,0.056326,0.04560830851446922
19.0,0.071546,0.04560830851446922
19.0,0.056326,0.05321816917899226
19.0,0.056326,0.05321816917899226
19.0,0.071546,0.05766965230345122
17.0,0.056326,0.05321816917899226
16.0,0.056326,0.060828029843515305
19.0,0.056326,0.05321816917899226
17.0,0.056326,0.060828029843515305
18.0,0.071546,0.05766965230345122
19.0,0.071546,0.04560830851446922
17.0,0.086766,0.04560830851446922
18.0,0.071546,0.054511274763387144
19.0,0.071546,0.054511274763387144
15.0,0.086766,0.060828029843515305
19.0,0.071546,0.04560830851446922
18.0,0.071546,0.05321816917899226
16.0,0.071546,0.05321816917899226
18.0,0.086766,0.04560830851446922
17.0,0.086766,0.054511274763387144
22.0,0.071546,0.05766965230345122
19.0,0.071546,0.06527951296797427
21.0,0.071546,0.05766965230345122
20.0,0.071546,0.06527951296797425
19.0,0.056326,0.05321816917899226
17.0,0.071546,0.05321816917899226
18.0,0.056326,0.060828029843515305
17.0,0.056326,0.060828029843515305
17.0,0.071546,0.06527951296797427
16.0,0.056326,0.060828029843515305
14.0,0.056326,0.06843789050803835
17.0,0.056326,0.060828029843515305
16.0,0.056326,0.06843789050803835
16.0,0.071546,0.06527951296797425
18.0,0.071546,0.05321816917899226
16.0,0.086766,0.05321816917899226
17.0,0.071546,0.06212113542791019
17.0,0.071546,0.06212113542791019
13.0,0.086766,0.06843789050803835
21.0,0.071546,0.05766965230345122
20.0,0.071546,0.06527951296797425
18.0,0.071546,0.06527951296797427
20.0,0.086766,0.05766965230345122
19.0,0.086766,0.06657261855236914
19.0,0.071546,0.04560830851446922
18.0,0.086766,0.04560830851446922
16.0,0.071546,0.05321816917899226
18.0,0.071546,0.05321816917899226
17.0,0.086766,0.05766965230345122
17.0,0.086766,0.04560830851446922
14.0,0.086766,0.05321816917899226
19.0,0.086766,0.05766965230345122
22.0,0.071546,0.054511274763387144
20.0,0.086766,0.054511274763387144
21.0,0.071546,0.06212113542791019
19.0,0.086766,0.06657261855236914
23.0,0.071546,0.054511274763387144
20.0,0.071546,0.06212113542791019
22.0,0.071546,0.054511274763387144
20.0,0.086766,0.054511274763387144
19.0,0.071546,0.06212113542791019
20.0,0.071546,0.06212113542791019
19.0,0.086766,0.06657261855236914
15.0,0.086766,0.060828029843515305
12.0,0.086766,0.06843789050803835
18.0,0.128047,0.07667565090731944
15.0,0.143267,0.07667565090731944
17.0,0.128047,0.08428551157184248
16.0,0.128047,0.08428551157184248
16.0,0.143267,0.08873699469630145
15.0,0.128047,0.08428551157184248
13.0,0.128047,0.09189537223636553
16.0,0.128047,0.08428551157184248
14.0,0.128047,0.09189537223636553
15.0,0.143267,0.08873699469630145
16.0,0.143267,0.07667565090731944
13.0,0.158487,0.07667565090731944
16.0,0.143267,0.08557861715623737
16.0,0.143267,0.08557861715623737
12.0,0.158487,0.09189537223636553
13.0,0.241564,0.07733405182700068
11.0,0.256784,0.07733405182700068
14.0,0.128047,0.07667565090731944
13.0,0.143267,0.07667565090731944
13.0,0.128047,0.08428551157184248
15.0,0.143267,0.08873699469630145
13.0,0.128047,0.08428551157184248
11.0,0.128047,0.09189537223636553
15.0,0.143267,0.08873699469630145
13.0,0.143267,0.07667565090731944
10.0,0.158487,0.07667565090731944
16.0,0.143267,0.08557861715623737
16.0,0.143267,0.08557861715623737
8.0,0.158487,0.09189537223636553
18.0,0.06088,0.1229118591565467
17.0,0.0761,0.1229118591565467
17.0,0.0761,0.1229118591565467
17.0,0.0761,0.1229118591565467
14.0,0.09132,0.1229118591565467
17.0,0.0761,0.1229118591565467
14.0,0.09132,0.1229118591565467
11.0,0.12176,0.1229118591565467
7.0,0.287224,0.12550712485433002
18.0,0.0,0.4695605573419079
17.0,0.01522,0.4695605573419079
17.0,0.0,0.4771704180064309
19.0,0.01522,0.4816219011308899
17.0,0.0,0.4771704180064309
14.0,0.0,0.4847802786709539
19.0,0.01522,0.4816219011308899
17.0,0.01522,0.4695605573419079
16.0,0.03044,0.4695605573419079
19.0,0.01522,0.47846352359082583
19.0,0.01522,0.47846352359082583
13.0,0.03044,0.4847802786709539
18.0,0.01522,0.4695605573419079
16.0,0.01522,0.4771704180064309
17.0,0.03044,0.4695605573419079
18.0,0.03044,0.47846352359082583
18.0,0.0,0.4771704180064309
17.0,0.01522,0.4771704180064309
16.0,0.0,0.4847802786709539
18.0,0.01522,0.4892317617954129
18.0,0.01522,0.4816219011308899
15.0,0.01522,0.4892317617954129
20.0,0.01522,0.47846352359082583
19.0,0.03044,0.47846352359082583
18.0,0.01522,0.4695605573419079
15.0,0.03044,0.4695605573419079
16.0,0.01522,0.4771704180064309
17.0,0.01522,0.4771704180064309
16.0,0.03044,0.4816219011308899
17.0,0.03044,0.4695605573419079
14.0,0.04566,0.4695605573419079
18.0,0.03044,0.47846352359082583
19.0,0.03044,0.47846352359082583
17.0,0.01522,0.4695605573419079
16.0,0.03044,0.4695605573419079
16.0,0.01522,0.4771704180064309
18.0,0.03044,0.4816219011308899
16.0,0.01522,0.4771704180064309
13.0,0.01522,0.4847802786709539
18.0,0.03044,0.4816219011308899
16.0,0.03044,0.4695605573419079
15.0,0.04566,0.4695605573419079
18.0,0.03044,0.47846352359082583
18.0,0.03044,0.47846352359082583
12.0,0.04566,0.4847802786709539
14.0,0.06088,0.4695605573419079
13.0,0.0761,0.4695605573419079
20.0,0.01522,0.4816219011308899
19.0,0.03044,0.4816219011308899
18.0,0.01522,0.4892317617954129
18.0,0.03044,0.49368324491987187
18.0,0.0,0.4771704180064309
17.0,0.01522,0.4771704180064309
16.0,0.0,0.4847802786709539
15.0,0.0,0.4847802786709539
16.0,0.01522,0.4892317617954129
17.0,0.01522,0.4771704180064309
14.0,0.01522,0.4847802786709539
18.0,0.01522,0.4892317617954129
18.0,0.01522,0.4816219011308899
16.0,0.03044,0.4816219011308899
15.0,0.01522,0.4892317617954129
16.0,0.01522,0.4892317617954129
13.0,0.03044,0.49368324491987187
20.0,0.01522,0.4816219011308899
19.0,0.03044,0.4816219011308899
18.0,0.01522,0.4892317617954129
18.0,0.03044,0.49368324491987187
20.0,0.01522,0.47846352359082583
19.0,0.03044,0.47846352359082583
19.0,0.03044,0.47846352359082583
14.0,0.03044,0.4847802786709539
13.0,0.04566,0.4847802786709539
12.0,0.0761,0.49368324491987187
18.0,0.0,0.4771704180064309
17.0,0.01522,0.4771704180064309
17.0,0.0,0.4847802786709539
19.0,0.01522,0.4892317617954129
17.0,0.0,0.4847802786709539
14.0,0.0,0.49239013933547693
19.0,0.01522,0.4892317617954129
17.0,0.01522,0.4771704180064309
16.0,0.03044,0.4771704180064309
19.0,0.01522,0.48607338425534885
19.0,0.01522,0.48607338425534885
13.0,0.03044,0.49239013933547693
16.0,0.01522,0.4771704180064309
15.0,0.01522,0.4847802786709539
15.0,0.03044,0.4771704180064309
17.0,0.03044,0.48607338425534885
16.0,0.0,0.4847802786709539
15.0,0.01522,0.4847802786709539
14.0,0.0,0.49239013933547693
16.0,0.01522,0.4968416224599359
17.0,0.01522,0.4892317617954129
14.0,0.01522,0.4968416224599359
18.0,0.01522,0.48607338425534885
17.0,0.03044,0.48607338425534885
20.0,0.01522,0.4816219011308899
19.0,0.03044,0.4816219011308899
19.0,0.01522,0.4892317617954129
17.0,0.03044,0.49368324491987187
19.0,0.01522,0.4892317617954129
16.0,0.01522,0.4968416224599359
19.0,0.03044,0.49368324491987187
19.0,0.03044,0.4816219011308899
17.0,0.04566,0.4816219011308899
19.0,0.03044,0.4905248673798078
20.0,0.03044,0.4905248673798078
14.0,0.04566,0.4968416224599359
17.0,0.0,0.4771704180064309
16.0,0.01522,0.4771704180064309
16.0,0.0,0.4847802786709539
18.0,0.01522,0.4892317617954129
16.0,0.0,0.4847802786709539
13.0,0.0,0.49239013933547693
18.0,0.01522,0.4892317617954129
16.0,0.01522,0.4771704180064309
15.0,0.03044,0.4771704180064309
18.0,0.01522,0.48607338425534885
18.0,0.01522,0.48607338425534885
12.0,0.03044,0.49239013933547693
16.0,0.01522,0.4771704180064309
14.0,0.01522,0.4847802786709539
15.0,0.03044,0.4771704180064309
16.0,0.03044,0.48607338425534885
16.0,0.0,0.4847802786709539
15.0,0.01522,0.4847802786709539
14.0,0.0,0.49239013933547693
16.0,0.01522,0.4968416224599359
16.0,0.01522,0.4892317617954129
13.0,0.01522,0.4968416224599359
18.0,0.01522,0.48607338425534885
17.0,0.03044,0.48607338425534885
18.0,0.01522,0.4816219011308899
16.0,0.03044,0.4816219011308899
16.0,0.01522,0.4892317617954129
17.0,0.01522,0.4892317617954129
16.0,0.03044,0.49368324491987187
17.0,0.03044,0.4816219011308899
15.0,0.04566,0.4816219011308899
18.0,0.03044,0.4905248673798078
19.0,0.03044,0.4905248673798078
19.0,0.01522,0.4816219011308899
18.0,0.03044,0.4816219011308899
18.0,0.01522,0.4892317617954129
16.0,0.03044,0.49368324491987187
18.0,0.01522,0.4892317617954129
15.0,0.01522,0.4968416224599359
18.0,0.03044,0.49368324491987187
18.0,0.03044,0.4816219011308899
16.0,0.04566,0.4816219011308899
18.0,0.03044,0.4905248673798078
19.0,0.03044,0.4905248673798078
13.0,0.04566,0.4968416224599359
18.0,0.01522,0.4695605573419079
17.0,0.03044,0.4695605573419079
16.0,0.01522,0.4771704180064309
16.0,0.01522,0.4771704180064309
17.0,0.03044,0.4816219011308899
17.0,0.03044,0.4695605573419079
15.0,0.03044,0.4771704180064309
18.0,0.03044,0.4816219011308899
17.0,0.03044,0.4695605573419079
14.0,0.04566,0.4695605573419079
14.0,0.03044,0.4771704180064309
15.0,0.03044,0.4771704180064309
14.0,0.04566,0.4816219011308899
17.0,0.03044,0.4695605573419079
16.0,0.04566,0.4695605573419079
15.0,0.03044,0.4771704180064309
17.0,0.04566,0.4816219011308899
13.0,0.0761,0.4695605573419079
18.0,0.03044,0.4816219011308899
17.0,0.04566,0.4816219011308899
18.0,0.01522,0.47846352359082583
17.0,0.03044,0.47846352359082583
15.0,0.01522,0.48607338425534885
17.0,0.01522,0.48607338425534885
16.0,0.03044,0.4905248673798078
17.0,0.03044,0.47846352359082583
14.0,0.03044,0.48607338425534885
19.0,0.03044,0.4905248673798078
18.0,0.01522,0.47846352359082583
17.0,0.03044,0.47846352359082583
16.0,0.01522,0.48607338425534885
16.0,0.01522,0.48607338425534885
16.0,0.03044,0.4905248673798078
17.0,0.03044,0.47846352359082583
15.0,0.03044,0.48607338425534885
18.0,0.03044,0.4905248673798078
15.0,0.03044,0.4847802786709539
13.0,0.04566,0.4847802786709539
12.0,0.03044,0.49239013933547693
13.0,0.03044,0.49239013933547693
12.0,0.04566,0.4968416224599359
14.0,0.0761,0.49368324491987187
18.0,0.0,0.4771704180064309
16.0,0.01522,0.4771704180064309
16.0,0.0,0.4847802786709539
17.0,0.0,0.4847802786709539
17.0,0.01522,0.4892317617954129
15.0,0.0,0.48478027867095397
14.0,0.0,0.492390139335477
16.0,0.0,0.48478027867095397
14.0,0.0,0.492390139335477
16.0,0.01522,0.48923176179541294
17.0,0.01522,0.4771704180064309
15.0,0.03044,0.4771704180064309
16.0,0.01522,0.48607338425534885
17.0,0.01522,0.48607338425534885
13.0,0.03044,0.492390139335477
17.0,0.01522,0.4771704180064309
15.0,0.01522,0.4847802786709539
14.0,0.01522,0.48478027867095397
16.0,0.03044,0.4771704180064309
15.0,0.03044,0.48607338425534885
19.0,0.01522,0.4892317617954129
16.0,0.01522,0.49684162245993596
18.0,0.01522,0.48923176179541294
16.0,0.01522,0.49684162245993596
17.0,0.0,0.4847802786709539
15.0,0.01522,0.4847802786709539
14.0,0.0,0.49239013933547693
14.0,0.0,0.49239013933547693
14.0,0.01522,0.4968416224599359
14.0,0.0,0.492390139335477
11.0,0.0,0.5
15.0,0.0,0.492390139335477
12.0,0.0,0.5
14.0,0.01522,0.49684162245993596
15.0,0.01522,0.4847802786709539
13.0,0.03044,0.4847802786709539
14.0,0.01522,0.49368324491987187
14.0,0.01522,0.49368324491987187
10.0,0.03044,0.5
19.0,0.01522,0.4892317617954129
16.0,0.01522,0.4968416224599359
16.0,0.01522,0.49684162245993596
17.0,0.03044,0.4892317617954129
16.0,0.03044,0.49813472804433084
17.0,0.01522,0.4771704180064309
15.0,0.03044,0.4771704180064309
14.0,0.01522,0.48478027867095397
15.0,0.01522,0.48478027867095397
15.0,0.03044,0.48923176179541294
16.0,0.03044,0.4771704180064309
13.0,0.03044,0.48478027867095397
17.0,0.03044,0.48923176179541294
18.0,0.01522,0.48607338425534885
17.0,0.03044,0.48607338425534885
16.0,0.01522,0.4936832449198719
16.0,0.03044,0.4981347280443309
19.0,0.01522,0.48607338425534885
16.0,0.01522,0.4936832449198719
19.0,0.01522,0.48607338425534885
17.0,0.03044,0.48607338425534885
16.0,0.01522,0.4936832449198719
17.0,0.01522,0.4936832449198719
16.0,0.03044,0.4981347280443309
13.0,0.03044,0.49239013933547693
10.0,0.03044,0.5
20.0,0.01522,0.4816219011308899
19.0,0.03044,0.4816219011308899
19.0,0.01522,0.4892317617954129
19.0,0.03044,0.49368324491987187
19.0,0.01522,0.4892317617954129
16.0,0.01522,0.4968416224599359
17.0,0.03044,0.49368324491987187
19.0,0.03044,0.4816219011308899
17.0,0.04566,0.4816219011308899
20.0,0.03044,0.4905248673798078
19.0,0.03044,0.4905248673798078
14.0,0.04566,0.4968416224599359
18.0,0.01522,0.48923176179541294
17.0,0.01522,0.49684162245993596
17.0,0.03044,0.48923176179541294
17.0,0.03044,0.4981347280443309
18.0,0.03044,0.49368324491987187
16.0,0.04566,0.49368324491987187
19.0,0.03044,0.4816219011308899
18.0,0.04566,0.4816219011308899
17.0,0.03044,0.4892317617954129
15.0,0.04566,0.49368324491987187
19.0,0.03044,0.4905248673798078
16.0,0.03044,0.49813472804433084
17.0,0.0,0.4771704180064309
16.0,0.01522,0.4771704180064309
16.0,0.0,0.4847802786709539
16.0,0.0,0.4847802786709539
16.0,0.01522,0.4892317617954129
16.0,0.0,0.48478027867095397
15.0,0.0,0.492390139335477
14.0,0.0,0.48478027867095397
13.0,0.0,0.492390139335477
15.0,0.01522,0.48923176179541294
16.0,0.01522,0.4771704180064309
15.0,0.03044,0.4771704180064309
16.0,0.01522,0.48607338425534885
15.0,0.01522,0.48607338425534885
12.0,0.03044,0.492390139335477
16.0,0.01522,0.4771704180064309
15.0,0.01522,0.4847802786709539
13.0,0.01522,0.48478027867095397
15.0,0.03044,0.4771704180064309
14.0,0.03044,0.48607338425534885
18.0,0.01522,0.4892317617954129
15.0,0.01522,0.49684162245993596
18.0,0.01522,0.48923176179541294
17.0,0.01522,0.49684162245993596
16.0,0.0,0.4847802786709539
14.0,0.01522,0.4847802786709539
13.0,0.0,0.49239013933547693
14.0,0.0,0.49239013933547693
13.0,0.01522,0.4968416224599359
14.0,0.0,0.492390139335477
12.0,0.0,0.5
13.0,0.0,0.492390139335477
10.0,0.0,0.5
13.0,0.01522,0.49684162245993596
14.0,0.01522,0.4847802786709539
12.0,0.03044,0.4847802786709539
13.0,0.01522,0.49368324491987187
13.0,0.01522,0.49368324491987187
9.0,0.03044,0.5
18.0,0.01522,0.4892317617954129
16.0,0.01522,0.4968416224599359
15.0,0.01522,0.49684162245993596
16.0,0.03044,0.4892317617954129
15.0,0.03044,0.49813472804433084
16.0,0.01522,0.4771704180064309
15.0,0.03044,0.4771704180064309
15.0,0.01522,0.48478027867095397
13.0,0.01522,0.48478027867095397
14.0,0.03044,0.48923176179541294
15.0,0.03044,0.4771704180064309
12.0,0.03044,0.48478027867095397
17.0,0.03044,0.48923176179541294
18.0,0.01522,0.48607338425534885
15.0,0.01522,0.4936832449198719
18.0,0.01522,0.48607338425534885
16.0,0.03044,0.48607338425534885
16.0,0.01522,0.4936832449198719
15.0,0.01522,0.4936832449198719
15.0,0.03044,0.4981347280443309
12.0,0.03044,0.49239013933547693
9.0,0.03044,0.5
18.0,0.01522,0.48607338425534885
17.0,0.03044,0.48607338425534885
17.0,0.01522,0.4936832449198719
17.0,0.03044,0.4981347280443309
18.0,0.01522,0.4816219011308899
16.0,0.03044,0.4816219011308899
16.0,0.01522,0.4892317617954129
17.0,0.01522,0.4892317617954129
16.0,0.03044,0.49368324491987187
16.0,0.01522,0.48923176179541294
14.0,0.01522,0.49684162245993596
15.0,0.01522,0.48923176179541294
13.0,0.01522,0.49684162245993596
12.0,0.03044,0.49368324491987187
17.0,0.03044,0.4816219011308899
14.0,0.04566,0.4816219011308899
16.0,0.03044,0.4905248673798078
15.0,0.03044,0.4905248673798078
11.0,0.04566,0.49684162245993596
17.0,0.03044,0.4816219011308899
15.0,0.04566,0.4816219011308899
15.0,0.03044,0.48923176179541294
14.0,0.03044,0.48923176179541294
11.0,0.04566,0.49368324491987187
18.0,0.03044,0.4905248673798078
15.0,0.03044,0.4981347280443309
19.0,0.03044,0.4905248673798078
16.0,0.03044,0.4981347280443309
19.0,0.01522,0.4816219011308899
18.0,0.03044,0.4816219011308899
18.0,0.01522,0.4892317617954129
18.0,0.03044,0.49368324491987187
18.0,0.01522,0.4892317617954129
15.0,0.01522,0.4968416224599359
16.0,0.03044,0.49368324491987187
18.0,0.03044,0.4816219011308899
16.0,0.04566,0.4816219011308899
19.0,0.03044,0.4905248673798078
18.0,0.03044,0.4905248673798078
13.0,0.04566,0.4968416224599359
18.0,0.01522,0.48923176179541294
16.0,0.01522,0.49684162245993596
17.0,0.03044,0.48923176179541294
16.0,0.03044,0.4981347280443309
18.0,0.03044,0.49368324491987187
16.0,0.04566,0.49368324491987187
18.0,0.03044,0.4816219011308899
17.0,0.04566,0.4816219011308899
16.0,0.03044,0.4892317617954129
14.0,0.04566,0.49368324491987187
18.0,0.03044,0.4905248673798078
15.0,0.03044,0.49813472804433084
18.0,0.01522,0.4695605573419079
17.0,0.03044,0.4695605573419079
16.0,0.01522,0.4771704180064309
16.0,0.01522,0.4771704180064309
17.0,0.03044,0.4816219011308899
17.0,0.01522,0.4771704180064309
15.0,0.01522,0.4847802786709539
16.0,0.01522,0.4771704180064309
14.0,0.01522,0.4847802786709539
17.0,0.03044,0.4816219011308899
15.0,0.03044,0.4695605573419079
14.0,0.04566,0.4695605573419079
16.0,0.03044,0.47846352359082583
16.0,0.03044,0.47846352359082583
13.0,0.04566,0.4847802786709539
17.0,0.03044,0.4695605573419079
15.0,0.03044,0.4771704180064309
15.0,0.03044,0.4771704180064309
14.0,0.04566,0.4695605573419079
15.0,0.04566,0.47846352359082583
18.0,0.03044,0.4816219011308899
16.0,0.03044,0.4892317617954129
19.0,0.03044,0.4816219011308899
17.0,0.03044,0.4892317617954129
17.0,0.03044,0.4695605573419079
14.0,0.04566,0.4695605573419079
14.0,0.03044,0.4771704180064309
15.0,0.03044,0.4771704180064309
14.0,0.04566,0.4816219011308899
15.0,0.03044,0.4771704180064309
13.0,0.03044,0.4847802786709539
15.0,0.03044,0.4771704180064309
12.0,0.03044,0.4847802786709539
14.0,0.04566,0.4816219011308899
14.0,0.04566,0.4695605573419079
11.0,0.06088,0.4695605573419079
14.0,0.04566,0.47846352359082583
14.0,0.04566,0.47846352359082583
10.0,0.06088,0.4847802786709539
17.0,0.03044,0.4695605573419079
15.0,0.03044,0.4771704180064309
16.0,0.03044,0.4771704180064309
14.0,0.04566,0.4695605573419079
15.0,0.04566,0.47846352359082583
16.0,0.04566,0.4695605573419079
13.0,0.06088,0.4695605573419079
17.0,0.04566,0.4816219011308899
18.0,0.04566,0.4816219011308899
13.0,0.0761,0.4695605573419079
10.0,0.09132,0.4695605573419079
18.0,0.03044,0.4816219011308899
17.0,0.04566,0.4816219011308899
17.0,0.03044,0.4892317617954129
15.0,0.04566,0.49368324491987187
18.0,0.03044,0.4816219011308899
17.0,0.04566,0.4816219011308899
16.0,0.03044,0.4892317617954129
14.0,0.04566,0.49368324491987187
11.0,0.09132,0.49368324491987187
18.0,0.01522,0.47846352359082583
17.0,0.03044,0.47846352359082583
15.0,0.01522,0.48607338425534885
17.0,0.01522,0.48607338425534885
16.0,0.03044,0.4905248673798078
16.0,0.01522,0.48607338425534885
14.0,0.01522,0.49368324491987187
16.0,0.01522,0.48607338425534885
13.0,0.01522,0.49368324491987187
16.0,0.03044,0.4905248673798078
16.0,0.03044,0.47846352359082583
14.0,0.04566,0.47846352359082583
13.0,0.03044,0.48736648983974373
16.0,0.03044,0.48736648983974373
12.0,0.04566,0.49368324491987187
17.0,0.03044,0.47846352359082583
14.0,0.03044,0.48607338425534885
15.0,0.03044,0.48607338425534885
15.0,0.04566,0.47846352359082583
12.0,0.04566,0.48736648983974373
19.0,0.03044,0.4905248673798078
16.0,0.03044,0.49813472804433084
18.0,0.03044,0.4905248673798078
15.0,0.03044,0.49813472804433084
18.0,0.01522,0.47846352359082583
17.0,0.03044,0.47846352359082583
16.0,0.01522,0.48607338425534885
16.0,0.01522,0.48607338425534885
16.0,0.03044,0.4905248673798078
17.0,0.01522,0.48607338425534885
14.0,0.01522,0.49368324491987187
15.0,0.01522,0.48607338425534885
13.0,0.01522,0.49368324491987187
15.0,0.03044,0.4905248673798078
16.0,0.03044,0.47846352359082583
14.0,0.04566,0.47846352359082583
16.0,0.03044,0.48736648983974373
12.0,0.03044,0.48736648983974373
11.0,0.04566,0.49368324491987187
17.0,0.03044,0.47846352359082583
15.0,0.03044,0.48607338425534885
14.0,0.03044,0.48607338425534885
15.0,0.04566,0.47846352359082583
11.0,0.04566,0.48736648983974373
18.0,0.03044,0.4905248673798078
15.0,0.03044,0.49813472804433084
19.0,0.03044,0.4905248673798078
16.0,0.03044,0.49813472804433084
15.0,0.03044,0.4847802786709539
13.0,0.04566,0.4847802786709539
12.0,0.03044,0.49239013933547693
13.0,0.03044,0.49239013933547693
12.0,0.04566,0.4968416224599359
13.0,0.03044,0.492390139335477
10.0,0.03044,0.5
12.0,0.03044,0.492390139335477
9.0,0.03044,0.5
11.0,0.04566,0.49684162245993596
13.0,0.04566,0.4847802786709539
10.0,0.06088,0.4847802786709539
12.0,0.04566,0.49368324491987187
11.0,0.04566,0.49368324491987187
7.0,0.06088,0.5
14.0,0.0761,0.49368324491987187
11.0,0.09132,0.49368324491987187
17.0,0.01522,0.4695605573419079
16.0,0.03044,0.4695605573419079
16.0,0.01522,0.4771704180064309
18.0,0.03044,0.4816219011308899
16.0,0.01522,0.4771704180064309
13.0,0.01522,0.4847802786709539
18.0,0.03044,0.4816219011308899
16.0,0.03044,0.4695605573419079
15.0,0.04566,0.4695605573419079
18.0,0.03044,0.47846352359082583
18.0,0.03044,0.47846352359082583
12.0,0.04566,0.4847802786709539
17.0,0.03044,0.4695605573419079
15.0,0.03044,0.4771704180064309
16.0,0.04566,0.4695605573419079
17.0,0.04566,0.47846352359082583
17.0,0.01522,0.4771704180064309
16.0,0.03044,0.4771704180064309
15.0,0.01522,0.4847802786709539
17.0,0.03044,0.4892317617954129
17.0,0.03044,0.4816219011308899
14.0,0.03044,0.4892317617954129
19.0,0.03044,0.47846352359082583
17.0,0.04566,0.47846352359082583
17.0,0.03044,0.4695605573419079
14.0,0.04566,0.4695605573419079
15.0,0.03044,0.4771704180064309
16.0,0.03044,0.4771704180064309
15.0,0.04566,0.4816219011308899
16.0,0.04566,0.4695605573419079
13.0,0.06088,0.4695605573419079
17.0,0.04566,0.47846352359082583
18.0,0.04566,0.47846352359082583
16.0,0.03044,0.4695605573419079
15.0,0.04566,0.4695605573419079
15.0,0.03044,0.4771704180064309
16.0,0.04566,0.4816219011308899
15.0,0.03044,0.4771704180064309
12.0,0.03044,0.4847802786709539
16.0,0.04566,0.4816219011308899
15.0,0.04566,0.4695605573419079
10.0,0.06088,0.4695605573419079
16.0,0.04566,0.47846352359082583
16.0,0.04566,0.47846352359082583
9.0,0.06088,0.4847802786709539
13.0,0.0761,0.4695605573419079
10.0,0.09132,0.4695605573419079
19.0,0.03044,0.4816219011308899
17.0,0.04566,0.4816219011308899
17.0,0.03044,0.4892317617954129
16.0,0.04566,0.49368324491987187
17.0,0.01522,0.4771704180064309
16.0,0.03044,0.4771704180064309
15.0,0.01522,0.4847802786709539
14.0,0.01522,0.4847802786709539
15.0,0.03044,0.4892317617954129
16.0,0.03044,0.4771704180064309
13.0,0.03044,0.4847802786709539
17.0,0.03044,0.4892317617954129
17.0,0.03044,0.4816219011308899
15.0,0.04566,0.4816219011308899
14.0,0.03044,0.4892317617954129
15.0,0.03044,0.4892317617954129
12.0,0.04566,0.49368324491987187
19.0,0.03044,0.4816219011308899
17.0,0.04566,0.4816219011308899
17.0,0.03044,0.4892317617954129
16.0,0.04566,0.49368324491987187
19.0,0.03044,0.47846352359082583
17.0,0.04566,0.47846352359082583
18.0,0.04566,0.47846352359082583
13.0,0.04566,0.4847802786709539
10.0,0.06088,0.4847802786709539
9.0,0.09132,0.49368324491987187
20.0,0.01522,0.4784635235908258
19.0,0.03044,0.4784635235908258
19.0,0.01522,0.4860733842553488
19.0,0.03044,0.49052486737980777
19.0,0.01522,0.4860733842553488
16.0,0.01522,0.4936832449198718
20.0,0.03044,0.49052486737980777
19.0,0.03044,0.4784635235908258
17.0,0.04566,0.4784635235908258
17.0,0.03044,0.48736648983974373
19.0,0.03044,0.48736648983974373
14.0,0.04566,0.4936832449198718
18.0,0.03044,0.4784635235908258
17.0,0.03044,0.4860733842553488
17.0,0.04566,0.4784635235908258
15.0,0.04566,0.48736648983974373
18.0,0.01522,0.4860733842553488
17.0,0.03044,0.4860733842553488
16.0,0.01522,0.4936832449198718
16.0,0.03044,0.4981347280443308
19.0,0.03044,0.49052486737980777
16.0,0.03044,0.4981347280443308
18.0,0.03044,0.48736648983974373
16.0,0.04566,0.48736648983974373
20.0,0.01522,0.4784635235908258
19.0,0.03044,0.4784635235908258
19.0,0.01522,0.4860733842553488
20.0,0.03044,0.49052486737980777
19.0,0.01522,0.4860733842553488
16.0,0.01522,0.4936832449198718
19.0,0.03044,0.49052486737980777
19.0,0.03044,0.4784635235908258
17.0,0.04566,0.4784635235908258
19.0,0.03044,0.48736648983974373
17.0,0.03044,0.48736648983974373
14.0,0.04566,0.4936832449198718
18.0,0.03044,0.4784635235908258
17.0,0.03044,0.4860733842553488
17.0,0.04566,0.4784635235908258
15.0,0.04566,0.48736648983974373
18.0,0.01522,0.4860733842553488
17.0,0.03044,0.4860733842553488
16.0,0.01522,0.4936832449198718
16.0,0.03044,0.4981347280443308
19.0,0.03044,0.49052486737980777
16.0,0.03044,0.4981347280443308
18.0,0.03044,0.48736648983974373
16.0,0.04566,0.48736648983974373
14.0,0.03044,0.48478027867095397
13.0,0.04566,0.48478027867095397
13.0,0.03044,0.492390139335477
14.0,0.04566,0.49684162245993596
13.0,0.03044,0.492390139335477
10.0,0.03044,0.5
14.0,0.04566,0.49684162245993596
13.0,0.04566,0.48478027867095397
10.0,0.06088,0.48478027867095397
14.0,0.04566,0.4936832449198719
14.0,0.04566,0.4936832449198719
7.0,0.06088,0.5
19.0,0.01522,0.4784635235908258
18.0,0.03044,0.4784635235908258
18.0,0.01522,0.4860733842553488
18.0,0.03044,0.49052486737980777
18.0,0.01522,0.4860733842553488
15.0,0.01522,0.4936832449198718
19.0,0.03044,0.49052486737980777
18.0,0.03044,0.4784635235908258
16.0,0.04566,0.4784635235908258
16.0,0.03044,0.48736648983974373
18.0,0.03044,0.48736648983974373
13.0,0.04566,0.4936832449198718
18.0,0.03044,0.4784635235908258
16.0,0.03044,0.4860733842553488
17.0,0.04566,0.4784635235908258
14.0,0.04566,0.48736648983974373
18.0,0.01522,0.4860733842553488
17.0,0.03044,0.4860733842553488
16.0,0.01522,0.4936832449198718
16.0,0.03044,0.4981347280443308
18.0,0.03044,0.49052486737980777
15.0,0.03044,0.4981347280443308
18.0,0.03044,0.48736648983974373
16.0,0.04566,0.48736648983974373
19.0,0.01522,0.4784635235908258
18.0,0.03044,0.4784635235908258
18.0,0.01522,0.4860733842553488
19.0,0.03044,0.49052486737980777
18.0,0.01522,0.4860733842553488
15.0,0.01522,0.4936832449198718
18.0,0.03044,0.49052486737980777
18.0,0.03044,0.4784635235908258
16.0,0.04566,0.4784635235908258
18.0,0.03044,0.48736648983974373
16.0,0.03044,0.48736648983974373
13.0,0.04566,0.4936832449198718
18.0,0.03044,0.4784635235908258
16.0,0.03044,0.4860733842553488
17.0,0.04566,0.4784635235908258
14.0,0.04566,0.48736648983974373
18.0,0.01522,0.4860733842553488
17.0,0.03044,0.4860733842553488
16.0,0.01522,0.4936832449198718
16.0,0.03044,0.4981347280443308
18.0,0.03044,0.49052486737980777
15.0,0.03044,0.4981347280443308
18.0,0.03044,0.48736648983974373
16.0,0.04566,0.48736648983974373
13.0,0.03044,0.48478027867095397
12.0,0.04566,0.48478027867095397
12.0,0.03044,0.492390139335477
13.0,0.04566,0.49684162245993596
12.0,0.03044,0.492390139335477
9.0,0.03044,0.5
13.0,0.04566,0.49684162245993596
12.0,0.04566,0.48478027867095397
9.0,0.06088,0.48478027867095397
13.0,0.04566,0.4936832449198719
13.0,0.04566,0.4936832449198719
6.0,0.06088,0.5
11.0,0.0761,0.49368324491987187
8.0,0.09132,0.49368324491987187
14.0,0.06088,0.4695605573419079
13.0,0.0761,0.4695605573419079
13.0,0.0761,0.4695605573419079
13.0,0.0761,0.4695605573419079
10.0,0.09132,0.4695605573419079
13.0,0.0761,0.4695605573419079
10.0,0.09132,0.4695605573419079
7.0,0.12176,0.4695605573419079
12.0,0.0761,0.48736648983974373
9.0,0.09132,0.48736648983974373
14.0,0.0761,0.48736648983974373
11.0,0.09132,0.48736648983974373
14.0,0.0761,0.48736648983974373
11.0,0.09132,0.48736648983974373
11.0,0.0761,0.48736648983974373
8.0,0.09132,0.48736648983974373
4.0,0.12176,0.5
18.0,0.06088,0.04255010629895421
17.0,0.0761,0.04255010629895421
17.0,0.0761,0.04255010629895421
17.0,0.0761,0.04255010629895421
14.0,0.09132,0.04255010629895421
17.0,0.0761,0.04255010629895421
14.0,0.09132,0.04255010629895421
11.0,0.12176,0.04255010629895421
9.0,0.12176,0.1654619654555009
15.0,0.226344,0.49116963150186116
14.0,0.241564,0.49116963150186116
14.0,0.241564,0.49116963150186116
14.0,0.241564,0.49116963150186116
11.0,0.256784,0.49116963150186116
14.0,0.241564,0.49116963150186116
11.0,0.256784,0.49116963150186116
8.0,0.287224,0.49116963150186116
21.0,0.056326,0.0
20.0,0.071546,0.0
20.0,0.056326,0.007609860664523043
24.0,0.071546,0.012061343788982002
20.0,0.056326,0.007609860664523043
18.0,0.056326,0.015219721329046086
24.0,0.071546,0.012061343788982002
20.0,0.071546,0.0
19.0,0.086766,0.0
23.0,0.071546,0.00890296624891792
23.0,0.071546,0.00890296624891792
17.0,0.086766,0.015219721329046086
20.0,0.071546,0.0
20.0,0.071546,0.007609860664523043
19.0,0.086766,0.0
23.0,0.086766,0.00890296624891792
20.0,0.056326,0.007609860664523043
19.0,0.071546,0.007609860664523043
19.0,0.056326,0.015219721329046086
23.0,0.071546,0.019671204453505044
21.0,0.071546,0.012061343788982002
19.0,0.071546,0.019671204453505044
23.0,0.071546,0.00890296624891792
21.0,0.086766,0.00890296624891792
20.0,0.071546,0.0
18.0,0.086766,0.0
20.0,0.071546,0.007609860664523043
19.0,0.071546,0.007609860664523043
19.0,0.086766,0.012061343788982002
19.0,0.086766,0.0
17.0,0.101986,0.0
23.0,0.086766,0.00890296624891792
21.0,0.086766,0.00890296624891792
20.0,0.071546,0.0
19.0,0.086766,0.0
19.0,0.071546,0.007609860664523043
22.0,0.086766,0.012061343788982002
19.0,0.071546,0.007609860664523043
17.0,0.071546,0.015219721329046086
23.0,0.086766,0.012061343788982002
18.0,0.086766,0.0
16.0,0.101986,0.0
21.0,0.086766,0.00890296624891792
22.0,0.086766,0.00890296624891792
15.0,0.101986,0.015219721329046086
17.0,0.117206,0.0
15.0,0.132426,0.0
23.0,0.071546,0.012061343788982002
21.0,0.086766,0.012061343788982002
21.0,0.071546,0.019671204453505044
22.0,0.086766,0.024122687577964003
20.0,0.056326,0.007609860664523043
19.0,0.071546,0.007609860664523043
19.0,0.056326,0.015219721329046086
17.0,0.056326,0.015219721329046086
18.0,0.071546,0.019671204453505044
19.0,0.071546,0.007609860664523043
16.0,0.071546,0.015219721329046086
23.0,0.071546,0.019671204453505044
21.0,0.071546,0.012061343788982002
19.0,0.086766,0.012061343788982002
19.0,0.071546,0.019671204453505044
18.0,0.071546,0.019671204453505044
16.0,0.086766,0.024122687577964003
23.0,0.071546,0.012061343788982002
22.0,0.086766,0.012061343788982002
21.0,0.071546,0.019671204453505044
22.0,0.086766,0.024122687577964003
23.0,0.071546,0.00890296624891792
22.0,0.086766,0.00890296624891792
21.0,0.086766,0.00890296624891792
16.0,0.086766,0.015219721329046086
14.0,0.101986,0.015219721329046086
14.0,0.132426,0.024122687577964003
20.0,0.056326,0.007609860664523043
19.0,0.071546,0.007609860664523043
19.0,0.056326,0.015219721329046086
22.0,0.071546,0.019671204453505044
19.0,0.056326,0.015219721329046086
16.0,0.056326,0.022829581993569128
22.0,0.071546,0.019671204453505044
19.0,0.071546,0.007609860664523043
17.0,0.086766,0.007609860664523043
22.0,0.071546,0.016512826913440963
22.0,0.071546,0.016512826913440963
15.0,0.086766,0.022829581993569128
19.0,0.071546,0.007609860664523043
18.0,0.071546,0.015219721329046086
18.0,0.086766,0.007609860664523043
20.0,0.086766,0.016512826913440963
20.0,0.056326,0.015219721329046086
19.0,0.071546,0.015219721329046086
18.0,0.056326,0.022829581993569128
21.0,0.071546,0.027281065118028087
20.0,0.071546,0.019671204453505044
17.0,0.071546,0.027281065118028087
23.0,0.071546,0.016512826913440963
21.0,0.086766,0.016512826913440963
23.0,0.071546,0.012061343788982002
22.0,0.086766,0.012061343788982002
23.0,0.071546,0.019671204453505044
22.0,0.086766,0.024122687577964003
23.0,0.071546,0.019671204453505044
20.0,0.071546,0.027281065118028087
21.0,0.086766,0.024122687577964003
22.0,0.086766,0.012061343788982002
17.0,0.101986,0.012061343788982002
23.0,0.086766,0.02096431003789992
23.0,0.086766,0.02096431003789992
16.0,0.101986,0.027281065118028087
20.0,0.056326,0.007609860664523043
19.0,0.071546,0.007609860664523043
19.0,0.056326,0.015219721329046086
23.0,0.071546,0.019671204453505044
19.0,0.056326,0.015219721329046086
17.0,0.056326,0.022829581993569128
23.0,0.071546,0.019671204453505044
19.0,0.071546,0.007609860664523043
18.0,0.086766,0.007609860664523043
22.0,0.071546,0.016512826913440963
22.0,0.071546,0.016512826913440963
16.0,0.086766,0.022829581993569128
18.0,0.071546,0.007609860664523043
17.0,0.071546,0.015219721329046086
17.0,0.086766,0.007609860664523043
20.0,0.086766,0.016512826913440963
18.0,0.056326,0.015219721329046086
17.0,0.071546,0.015219721329046086
17.0,0.056326,0.022829581993569128
21.0,0.071546,0.027281065118028087
19.0,0.071546,0.019671204453505044
17.0,0.071546,0.027281065118028087
21.0,0.071546,0.016512826913440963
19.0,0.086766,0.016512826913440963
20.0,0.071546,0.012061343788982002
18.0,0.086766,0.012061343788982002
20.0,0.071546,0.019671204453505044
19.0,0.071546,0.019671204453505044
19.0,0.086766,0.024122687577964003
19.0,0.086766,0.012061343788982002
17.0,0.101986,0.012061343788982002
23.0,0.086766,0.02096431003789992
21.0,0.086766,0.02096431003789992
23.0,0.071546,0.012061343788982002
22.0,0.086766,0.012061343788982002
22.0,0.071546,0.019671204453505044
22.0,0.086766,0.024122687577964003
22.0,0.071546,0.019671204453505044
20.0,0.071546,0.027281065118028087
21.0,0.086766,0.024122687577964003
22.0,0.086766,0.012061343788982002
19.0,0.101986,0.012061343788982002
22.0,0.086766,0.02096431003789992
22.0,0.086766,0.02096431003789992
17.0,0.101986,0.027281065118028087
19.0,0.071546,0.0
18.0,0.086766,0.0
18.0,0.071546,0.007609860664523043
18.0,0.071546,0.007609860664523043
18.0,0.086766,0.012061343788982002
18.0,0.086766,0.0
17.0,0.086766,0.007609860664523043
22.0,0.086766,0.012061343788982002
18.0,0.086766,0.0
16.0,0.101986,0.0
17.0,0.086766,0.007609860664523043
16.0,0.086766,0.007609860664523043
16.0,0.101986,0.012061343788982002
18.0,0.086766,0.0
17.0,0.101986,0.0
17.0,0.086766,0.007609860664523043
20.0,0.101986,0.012061343788982002
15.0,0.132426,0.0
20.0,0.086766,0.012061343788982002
18.0,0.101986,0.012061343788982002
20.0,0.071546,0.00890296624891792
19.0,0.086766,0.00890296624891792
19.0,0.071546,0.016512826913440963
19.0,0.071546,0.016512826913440963
19.0,0.086766,0.020964310037899923
19.0,0.086766,0.00890296624891792
18.0,0.086766,0.016512826913440963
21.0,0.086766,0.020964310037899923
20.0,0.071546,0.00890296624891792
18.0,0.086766,0.00890296624891792
19.0,0.071546,0.016512826913440963
18.0,0.071546,0.016512826913440963
18.0,0.086766,0.020964310037899923
19.0,0.086766,0.00890296624891792
17.0,0.086766,0.016512826913440963
23.0,0.086766,0.020964310037899923
17.0,0.086766,0.015219721329046086
15.0,0.101986,0.015219721329046086
16.0,0.086766,0.022829581993569128
15.0,0.086766,0.022829581993569128
15.0,0.101986,0.027281065118028087
18.0,0.132426,0.024122687577964003
22.0,0.112652,0.0
20.0,0.127872,0.0
20.0,0.112652,0.007609860664523043
21.0,0.112652,0.007609860664523043
20.0,0.127872,0.012061343788982002
21.0,0.112652,0.007609860664523043
19.0,0.112652,0.015219721329046086
21.0,0.112652,0.007609860664523043
19.0,0.112652,0.015219721329046086
21.0,0.127872,0.012061343788982002
20.0,0.127872,0.0
18.0,0.143092,0.0
20.0,0.127872,0.00890296624891792
21.0,0.127872,0.00890296624891792
17.0,0.143092,0.015219721329046086
21.0,0.127872,0.0
19.0,0.127872,0.007609860664523043
20.0,0.127872,0.007609860664523043
19.0,0.143092,0.0
19.0,0.143092,0.00890296624891792
24.0,0.127872,0.012061343788982002
22.0,0.127872,0.019671204453505044
24.0,0.127872,0.012061343788982002
22.0,0.127872,0.019671204453505044
21.0,0.112652,0.007609860664523043
19.0,0.127872,0.007609860664523043
19.0,0.112652,0.015219721329046086
19.0,0.112652,0.015219721329046086
19.0,0.127872,0.019671204453505044
20.0,0.112652,0.015219721329046086
17.0,0.112652,0.022829581993569128
18.0,0.112652,0.015219721329046086
16.0,0.112652,0.022829581993569128
19.0,0.127872,0.019671204453505044
19.0,0.127872,0.007609860664523043
16.0,0.143092,0.007609860664523043
19.0,0.127872,0.016512826913440963
19.0,0.127872,0.016512826913440963
15.0,0.143092,0.022829581993569128
23.0,0.127872,0.012061343788982002
21.0,0.127872,0.019671204453505044
21.0,0.127872,0.019671204453505044
20.0,0.143092,0.012061343788982002
20.0,0.143092,0.020964310037899923
21.0,0.127872,0.0
19.0,0.143092,0.0
19.0,0.127872,0.007609860664523043
20.0,0.127872,0.007609860664523043
19.0,0.143092,0.012061343788982002
18.0,0.143092,0.0
16.0,0.143092,0.007609860664523043
21.0,0.143092,0.012061343788982002
24.0,0.127872,0.00890296624891792
21.0,0.143092,0.00890296624891792
22.0,0.127872,0.016512826913440963
20.0,0.143092,0.02096431003789992
23.0,0.127872,0.00890296624891792
20.0,0.143092,0.00890296624891792
21.0,0.127872,0.016512826913440963
21.0,0.127872,0.016512826913440963
20.0,0.143092,0.02096431003789992
24.0,0.127872,0.00890296624891792
22.0,0.127872,0.016512826913440963
16.0,0.143092,0.015219721329046086
14.0,0.143092,0.022829581993569128
24.0,0.112652,0.0
23.0,0.127872,0.0
23.0,0.112652,0.007609860664523043
26.0,0.127872,0.012061343788982002
23.0,0.112652,0.007609860664523043
20.0,0.112652,0.015219721329046086
26.0,0.127872,0.012061343788982002
23.0,0.127872,0.0
21.0,0.143092,0.0
26.0,0.127872,0.00890296624891792
26.0,0.127872,0.00890296624891792
19.0,0.143092,0.015219721329046086
22.0,0.127872,0.0
21.0,0.127872,0.007609860664523043
21.0,0.143092,0.0
23.0,0.143092,0.00890296624891792
23.0,0.112652,0.007609860664523043
22.0,0.127872,0.007609860664523043
22.0,0.112652,0.015219721329046086
24.0,0.127872,0.019671204453505044
23.0,0.127872,0.012061343788982002
21.0,0.127872,0.019671204453505044
26.0,0.127872,0.00890296624891792
24.0,0.143092,0.00890296624891792
23.0,0.112652,0.007609860664523043
20.0,0.127872,0.007609860664523043
21.0,0.112652,0.015219721329046086
21.0,0.112652,0.015219721329046086
21.0,0.127872,0.019671204453505044
22.0,0.127872,0.007609860664523043
19.0,0.143092,0.007609860664523043
24.0,0.127872,0.016512826913440963
24.0,0.127872,0.016512826913440963
26.0,0.127872,0.012061343788982002
24.0,0.127872,0.019671204453505044
24.0,0.143092,0.012061343788982002
23.0,0.143092,0.02096431003789992
22.0,0.127872,0.0
20.0,0.143092,0.0
20.0,0.127872,0.007609860664523043
21.0,0.127872,0.007609860664523043
20.0,0.143092,0.012061343788982002
21.0,0.143092,0.0
19.0,0.143092,0.007609860664523043
23.0,0.143092,0.012061343788982002
23.0,0.127872,0.00890296624891792
20.0,0.143092,0.00890296624891792
21.0,0.127872,0.016512826913440963
21.0,0.127872,0.016512826913440963
20.0,0.143092,0.020964310037899923
20.0,0.169154,0.0
19.0,0.184374,0.0
20.0,0.169154,0.007609860664523043
21.0,0.184374,0.012061343788982002
20.0,0.169154,0.007609860664523043
17.0,0.169154,0.015219721329046086
22.0,0.184374,0.012061343788982002
19.0,0.184374,0.0
16.0,0.199594,0.0
21.0,0.184374,0.00890296624891792
22.0,0.184374,0.00890296624891792
15.0,0.199594,0.015219721329046086
19.0,0.169154,0.007609860664523043
17.0,0.169154,0.015219721329046086
18.0,0.184374,0.007609860664523043
19.0,0.184374,0.016512826913440963
22.0,0.184374,0.012061343788982002
18.0,0.199594,0.012061343788982002
18.0,0.184374,0.0
17.0,0.199594,0.0
17.0,0.184374,0.007609860664523043
18.0,0.199594,0.012061343788982002
19.0,0.184374,0.00890296624891792
17.0,0.184374,0.016512826913440963
21.0,0.169154,0.0
18.0,0.184374,0.0
19.0,0.169154,0.007609860664523043
19.0,0.169154,0.007609860664523043
18.0,0.184374,0.012061343788982002
20.0,0.169154,0.007609860664523043
17.0,0.169154,0.015219721329046086
20.0,0.169154,0.007609860664523043
18.0,0.169154,0.015219721329046086
19.0,0.184374,0.012061343788982002
19.0,0.184374,0.0
16.0,0.199594,0.0
19.0,0.184374,0.00890296624891792
19.0,0.184374,0.00890296624891792
15.0,0.199594,0.015219721329046086
19.0,0.184374,0.0
16.0,0.199594,0.0
17.0,0.184374,0.007609860664523043
17.0,0.184374,0.007609860664523043
16.0,0.199594,0.012061343788982002
21.0,0.184374,0.00890296624891792
18.0,0.184374,0.016512826913440963
21.0,0.184374,0.00890296624891792
19.0,0.184374,0.016512826913440963
23.0,0.169154,0.0
20.0,0.184374,0.0
22.0,0.169154,0.007609860664523043
22.0,0.169154,0.007609860664523043
21.0,0.184374,0.012061343788982002
22.0,0.184374,0.0
19.0,0.199594,0.0
25.0,0.184374,0.00890296624891792
24.0,0.184374,0.00890296624891792
21.0,0.184374,0.0
18.0,0.199594,0.0
19.0,0.184374,0.007609860664523043
19.0,0.184374,0.007609860664523043
18.0,0.199594,0.012061343788982002
17.0,0.28267,0.0
15.0,0.29789,0.0
15.0,0.29789,0.0
21.0,0.112652,0.04560830851446922
20.0,0.127872,0.04560830851446922
20.0,0.112652,0.05321816917899226
20.0,0.112652,0.05321816917899226
20.0,0.127872,0.05766965230345122
18.0,0.112652,0.05321816917899226
17.0,0.112652,0.060828029843515305
20.0,0.112652,0.05321816917899226
18.0,0.112652,0.060828029843515305
19.0,0.127872,0.05766965230345122
19.0,0.127872,0.04560830851446922
17.0,0.143092,0.04560830851446922
19.0,0.127872,0.054511274763387144
20.0,0.127872,0.054511274763387144
16.0,0.143092,0.060828029843515305
19.0,0.127872,0.04560830851446922
18.0,0.127872,0.05321816917899226
16.0,0.127872,0.05321816917899226
17.0,0.143092,0.04560830851446922
17.0,0.143092,0.054511274763387144
21.0,0.127872,0.05766965230345122
18.0,0.127872,0.06527951296797427
21.0,0.127872,0.05766965230345122
19.0,0.127872,0.06527951296797425
23.0,0.112652,0.04560830851446922
22.0,0.127872,0.04560830851446922
20.0,0.112652,0.05321816917899226
22.0,0.112652,0.05321816917899226
21.0,0.127872,0.05766965230345122
22.0,0.127872,0.04560830851446922
19.0,0.127872,0.05321816917899226
24.0,0.127872,0.05766965230345122
22.0,0.112652,0.05321816917899226
19.0,0.127872,0.05321816917899226
19.0,0.112652,0.060828029843515305
20.0,0.112652,0.060828029843515305
19.0,0.127872,0.06527951296797425
24.0,0.127872,0.05766965230345122
21.0,0.127872,0.06527951296797427
20.0,0.184374,0.07667565090731944
17.0,0.199594,0.07667565090731944
18.0,0.184374,0.08428551157184248
18.0,0.184374,0.08428551157184248
17.0,0.199594,0.08873699469630145
16.0,0.29789,0.07733405182700068
17.0,0.184374,0.07667565090731944
15.0,0.199594,0.07667565090731944
16.0,0.184374,0.08428551157184248
16.0,0.199594,0.08873699469630145
20.0,0.112652,0.47717041800643073
18.0,0.127872,0.47717041800643073
17.0,0.112652,0.48478027867095375
19.0,0.112652,0.48478027867095375
18.0,0.127872,0.4892317617954127
19.0,0.112652,0.48478027867095375
17.0,0.112652,0.49239013933547676
19.0,0.112652,0.48478027867095375
16.0,0.112652,0.49239013933547676
19.0,0.127872,0.4892317617954127
18.0,0.127872,0.47717041800643073
16.0,0.143092,0.47717041800643073
18.0,0.127872,0.4860733842553487
19.0,0.127872,0.4860733842553487
15.0,0.143092,0.49239013933547676
19.0,0.127872,0.47717041800643073
16.0,0.127872,0.48478027867095375
18.0,0.127872,0.48478027867095375
17.0,0.143092,0.47717041800643073
17.0,0.143092,0.4860733842553487
22.0,0.127872,0.4892317617954127
20.0,0.127872,0.49684162245993574
22.0,0.127872,0.4892317617954127
19.0,0.127872,0.49684162245993574
19.0,0.112652,0.48478027867095375
17.0,0.127872,0.48478027867095375
16.0,0.112652,0.49239013933547676
17.0,0.112652,0.49239013933547676
16.0,0.127872,0.49684162245993574
17.0,0.112652,0.4923901393354768
15.0,0.112652,0.49999999999999983
16.0,0.112652,0.4923901393354768
13.0,0.112652,0.49999999999999983
16.0,0.127872,0.4968416224599358
17.0,0.127872,0.48478027867095375
14.0,0.143092,0.48478027867095375
16.0,0.127872,0.4936832449198717
16.0,0.127872,0.4936832449198717
12.0,0.143092,0.49999999999999983
21.0,0.127872,0.4892317617954127
18.0,0.127872,0.49684162245993574
19.0,0.127872,0.4968416224599358
18.0,0.143092,0.4892317617954127
18.0,0.143092,0.4981347280443307
19.0,0.127872,0.47717041800643073
17.0,0.143092,0.47717041800643073
16.0,0.127872,0.48478027867095375
18.0,0.127872,0.48478027867095375
17.0,0.143092,0.4892317617954127
16.0,0.143092,0.47717041800643073
14.0,0.143092,0.48478027867095375
19.0,0.143092,0.4892317617954127
22.0,0.127872,0.48607338425534863
19.0,0.143092,0.48607338425534863
20.0,0.127872,0.49368324491987164
18.0,0.143092,0.4981347280443306
21.0,0.127872,0.48607338425534863
18.0,0.143092,0.48607338425534863
18.0,0.127872,0.49368324491987164
19.0,0.127872,0.49368324491987164
18.0,0.143092,0.4981347280443306
22.0,0.127872,0.48607338425534863
19.0,0.127872,0.49368324491987164
14.0,0.143092,0.4923901393354768
11.0,0.143092,0.49999999999999983
20.0,0.056326,0.010892084399211016
19.0,0.071546,0.010892084399211016
19.0,0.056326,0.01850194506373406
17.0,0.056326,0.01850194506373406
18.0,0.071546,0.022953428188193018
19.0,0.056326,0.01850194506373406
16.0,0.056326,0.026111805728257102
19.0,0.056326,0.01850194506373406
17.0,0.056326,0.026111805728257102
19.0,0.071546,0.022953428188193018
19.0,0.071546,0.010892084399211016
17.0,0.086766,0.010892084399211016
19.0,0.071546,0.019795050648128937
18.0,0.071546,0.019795050648128937
15.0,0.086766,0.026111805728257102
19.0,0.071546,0.010892084399211016
16.0,0.071546,0.01850194506373406
18.0,0.071546,0.01850194506373406
18.0,0.086766,0.010892084399211016
17.0,0.086766,0.019795050648128937
22.0,0.071546,0.022953428188193018
21.0,0.071546,0.030563288852716062
23.0,0.071546,0.022953428188193018
20.0,0.071546,0.030563288852716062
19.0,0.056326,0.01850194506373406
18.0,0.071546,0.01850194506373406
18.0,0.056326,0.026111805728257102
16.0,0.056326,0.026111805728257102
17.0,0.071546,0.030563288852716062
17.0,0.056326,0.026111805728257102
14.0,0.056326,0.03372166639278014
17.0,0.056326,0.026111805728257102
16.0,0.056326,0.03372166639278014
17.0,0.071546,0.030563288852716062
17.0,0.071546,0.01850194506373406
16.0,0.086766,0.01850194506373406
17.0,0.071546,0.027404911312651978
16.0,0.071546,0.027404911312651978
13.0,0.086766,0.03372166639278014
22.0,0.071546,0.022953428188193018
19.0,0.071546,0.030563288852716062
20.0,0.071546,0.030563288852716062
20.0,0.086766,0.022953428188193018
19.0,0.086766,0.03185639443711094
19.0,0.071546,0.010892084399211016
18.0,0.086766,0.010892084399211016
18.0,0.071546,0.01850194506373406
16.0,0.071546,0.01850194506373406
17.0,0.086766,0.022953428188193018
17.0,0.086766,0.010892084399211016
14.0,0.086766,0.01850194506373406
20.0,0.086766,0.022953428188193018
21.0,0.071546,0.019795050648128937
20.0,0.086766,0.019795050648128937
20.0,0.071546,0.02740491131265198
18.0,0.071546,0.02740491131265198
19.0,0.086766,0.031856394437110934
22.0,0.071546,0.019795050648128937
19.0,0.071546,0.02740491131265198
15.0,0.086766,0.026111805728257102
12.0,0.086766,0.03372166639278014
22.0,0.071546,0.019795050648128937
20.0,0.086766,0.019795050648128937
20.0,0.071546,0.02740491131265198
19.0,0.086766,0.031856394437110934
21.0,0.112652,0.010892084399211016
19.0,0.127872,0.010892084399211016
20.0,0.112652,0.01850194506373406
18.0,0.112652,0.01850194506373406
19.0,0.127872,0.022953428188193018
20.0,0.112652,0.01850194506373406
17.0,0.112652,0.026111805728257102
20.0,0.112652,0.01850194506373406
18.0,0.112652,0.026111805728257102
20.0,0.127872,0.022953428188193018
20.0,0.127872,0.010892084399211016
17.0,0.143092,0.010892084399211016
20.0,0.127872,0.019795050648128937
19.0,0.127872,0.019795050648128937
16.0,0.143092,0.026111805728257102
19.0,0.127872,0.010892084399211016
17.0,0.143092,0.010892084399211016
18.0,0.127872,0.01850194506373406
16.0,0.127872,0.01850194506373406
17.0,0.143092,0.022953428188193018
21.0,0.127872,0.019795050648128937
18.0,0.127872,0.02740491131265198
21.0,0.127872,0.019795050648128937
19.0,0.127872,0.02740491131265198
23.0,0.112652,0.010892084399211016
20.0,0.112652,0.01850194506373406
22.0,0.112652,0.01850194506373406
22.0,0.127872,0.010892084399211016
21.0,0.127872,0.019795050648128937
22.0,0.127872,0.010892084399211016
19.0,0.127872,0.01850194506373406
25.0,0.127872,0.019795050648128937
22.0,0.112652,0.01850194506373406
19.0,0.112652,0.026111805728257102
20.0,0.112652,0.026111805728257102
20.0,0.127872,0.01850194506373406
19.0,0.127872,0.027404911312651978
24.0,0.127872,0.019795050648128937
21.0,0.127872,0.02740491131265198
20.0,0.169154,0.010892084399211016
17.0,0.169154,0.01850194506373406
18.0,0.169154,0.01850194506373406
18.0,0.184374,0.010892084399211016
18.0,0.184374,0.019795050648128937
18.0,0.184374,0.010892084399211016
15.0,0.184374,0.01850194506373406
19.0,0.184374,0.019795050648128937
22.0,0.169154,0.010892084399211016
20.0,0.169154,0.01850194506373406
21.0,0.184374,0.010892084399211016
22.0,0.184374,0.019795050648128937
20.0,0.184374,0.010892084399211016
18.0,0.184374,0.01850194506373406
19.0,0.112652,0.05650039291368023
17.0,0.127872,0.05650039291368023
17.0,0.112652,0.06411025357820327
16.0,0.112652,0.06411025357820327
16.0,0.127872,0.06856173670266223
16.0,0.112652,0.06411025357820327
13.0,0.112652,0.07172011424272631
17.0,0.112652,0.06411025357820327
15.0,0.112652,0.07172011424272631
16.0,0.127872,0.06856173670266223
17.0,0.127872,0.05650039291368023
15.0,0.143092,0.05650039291368023
16.0,0.127872,0.06540335916259815
16.0,0.127872,0.06540335916259815
12.0,0.143092,0.07172011424272631
22.0,0.112652,0.05650039291368023
19.0,0.112652,0.06411025357820327
19.0,0.112652,0.06411025357820327
16.0,0.112652,0.07172011424272631
18.0,0.184374,0.08756773530653046
15.0,0.184374,0.0951775959710535
15.0,0.184374,0.08756773530653045
12.0,0.184374,0.09517759597105349
21.0,0.056326,0.0
20.0,0.071546,0.0
20.0,0.056326,0.007609860664523043
24.0,0.071546,0.012061343788982002
20.0,0.056326,0.007609860664523043
18.0,0.056326,0.015219721329046086
24.0,0.071546,0.012061343788982002
20.0,0.071546,0.0
19.0,0.086766,0.0
23.0,0.071546,0.00890296624891792
23.0,0.071546,0.00890296624891792
17.0,0.086766,0.015219721329046086
20.0,0.071546,0.0
20.0,0.071546,0.007609860664523043
19.0,0.086766,0.0
23.0,0.086766,0.00890296624891792
20.0,0.056326,0.007609860664523043
19.0,0.071546,0.007609860664523043
19.0,0.056326,0.015219721329046086
23.0,0.071546,0.019671204453505044
21.0,0.071546,0.012061343788982002
19.0,0.071546,0.019671204453505044
23.0,0.071546,0.00890296624891792
22.0,0.086766,0.00890296624891792
20.0,0.071546,0.0
18.0,0.086766,0.0
20.0,0.071546,0.007609860664523043
19.0,0.071546,0.007609860664523043
19.0,0.086766,0.012061343788982002
19.0,0.086766,0.0
17.0,0.101986,0.0
23.0,0.086766,0.00890296624891792
21.0,0.086766,0.00890296624891792
20.0,0.071546,0.0
19.0,0.086766,0.0
19.0,0.071546,0.007609860664523043
23.0,0.086766,0.012061343788982002
19.0,0.071546,0.007609860664523043
17.0,0.071546,0.015219721329046086
22.0,0.086766,0.012061343788982002
18.0,0.086766,0.0
16.0,0.101986,0.0
22.0,0.086766,0.00890296624891792
21.0,0.086766,0.00890296624891792
15.0,0.101986,0.015219721329046086
17.0,0.117206,0.0
15.0,0.132426,0.0
23.0,0.071546,0.012061343788982002
22.0,0.086766,0.012061343788982002
21.0,0.071546,0.019671204453505044
22.0,0.086766,0.024122687577964003
20.0,0.056326,0.007609860664523043
19.0,0.071546,0.007609860664523043
19.0,0.056326,0.015219721329046086
17.0,0.056326,0.015219721329046086
18.0,0.071546,0.019671204453505044
19.0,0.071546,0.007609860664523043
16.0,0.071546,0.015219721329046086
23.0,0.071546,0.019671204453505044
21.0,0.071546,0.012061343788982002
19.0,0.086766,0.012061343788982002
19.0,0.071546,0.019671204453505044
18.0,0.071546,0.019671204453505044
16.0,0.086766,0.024122687577964003
23.0,0.071546,0.012061343788982002
21.0,0.086766,0.012061343788982002
21.0,0.071546,0.019671204453505044
22.0,0.086766,0.024122687577964003
23.0,0.071546,0.00890296624891792
21.0,0.086766,0.00890296624891792
21.0,0.086766,0.00890296624891792
16.0,0.086766,0.015219721329046086
14.0,0.101986,0.015219721329046086
14.0,0.132426,0.024122687577964003
20.0,0.056326,0.007609860664523043
19.0,0.071546,0.007609860664523043
19.0,0.056326,0.015219721329046086
22.0,0.071546,0.019671204453505044
19.0,0.056326,0.015219721329046086
16.0,0.056326,0.022829581993569128
22.0,0.071546,0.019671204453505044
19.0,0.071546,0.007609860664523043
17.0,0.086766,0.007609860664523043
22.0,0.071546,0.016512826913440963
22.0,0.071546,0.016512826913440963
15.0,0.086766,0.022829581993569128
19.0,0.071546,0.007609860664523043
18.0,0.071546,0.015219721329046086
18.0,0.086766,0.007609860664523043
20.0,0.086766,0.016512826913440963
20.0,0.056326,0.015219721329046086
19.0,0.071546,0.015219721329046086
18.0,0.056326,0.022829581993569128
21.0,0.071546,0.027281065118028087
20.0,0.071546,0.019671204453505044
17.0,0.071546,0.027281065118028087
23.0,0.071546,0.016512826913440963
21.0,0.086766,0.016512826913440963
23.0,0.071546,0.012061343788982002
22.0,0.086766,0.012061343788982002
23.0,0.071546,0.019671204453505044
21.0,0.086766,0.024122687577964003
23.0,0.071546,0.019671204453505044
20.0,0.071546,0.027281065118028087
22.0,0.086766,0.024122687577964003
22.0,0.086766,0.012061343788982002
17.0,0.101986,0.012061343788982002
23.0,0.086766,0.02096431003789992
23.0,0.086766,0.02096431003789992
16.0,0.101986,0.027281065118028087
20.0,0.056326,0.007609860664523043
19.0,0.071546,0.007609860664523043
19.0,0.056326,0.015219721329046086
23.0,0.071546,0.019671204453505044
19.0,0.056326,0.015219721329046086
17.0,0.056326,0.022829581993569128
23.0,0.071546,0.019671204453505044
19.0,0.071546,0.007609860664523043
18.0,0.086766,0.007609860664523043
22.0,0.071546,0.016512826913440963
22.0,0.071546,0.016512826913440963
16.0,0.086766,0.022829581993569128
18.0,0.071546,0.007609860664523043
17.0,0.071546,0.015219721329046086
17.0,0.086766,0.007609860664523043
20.0,0.086766,0.016512826913440963
18.0,0.056326,0.015219721329046086
17.0,0.071546,0.015219721329046086
17.0,0.056326,0.022829581993569128
21.0,0.071546,0.027281065118028087
19.0,0.071546,0.019671204453505044
17.0,0.071546,0.027281065118028087
21.0,0.071546,0.016512826913440963
19.0,0.086766,0.016512826913440963
20.0,0.071546,0.012061343788982002
18.0,0.086766,0.012061343788982002
20.0,0.071546,0.019671204453505044
19.0,0.071546,0.019671204453505044
19.0,0.086766,0.024122687577964003
19.0,0.086766,0.012061343788982002
17.0,0.101986,0.012061343788982002
23.0,0.086766,0.02096431003789992
21.0,0.086766,0.02096431003789992
23.0,0.071546,0.012061343788982002
22.0,0.086766,0.012061343788982002
22.0,0.071546,0.019671204453505044
21.0,0.086766,0.024122687577964003
22.0,0.071546,0.019671204453505044
20.0,0.071546,0.027281065118028087
22.0,0.086766,0.024122687577964003
22.0,0.086766,0.012061343788982002
19.0,0.101986,0.012061343788982002
22.0,0.086766,0.02096431003789992
22.0,0.086766,0.02096431003789992
17.0,0.101986,0.027281065118028087
19.0,0.071546,0.0
18.0,0.086766,0.0
18.0,0.071546,0.007609860664523043
18.0,0.071546,0.007609860664523043
18.0,0.086766,0.012061343788982002
18.0,0.086766,0.0
17.0,0.086766,0.007609860664523043
22.0,0.086766,0.012061343788982002
18.0,0.086766,0.0
16.0,0.101986,0.0
17.0,0.086766,0.007609860664523043
16.0,0.086766,0.007609860664523043
16.0,0.101986,0.012061343788982002
18.0,0.086766,0.0
17.0,0.101986,0.0
17.0,0.086766,0.007609860664523043
20.0,0.101986,0.012061343788982002
15.0,0.132426,0.0
20.0,0.086766,0.012061343788982002
18.0,0.101986,0.012061343788982002
20.0,0.071546,0.00890296624891792
19.0,0.086766,0.00890296624891792
19.0,0.071546,0.016512826913440963
19.0,0.071546,0.016512826913440963
19.0,0.086766,0.020964310037899923
19.0,0.086766,0.00890296624891792
18.0,0.086766,0.016512826913440963
21.0,0.086766,0.020964310037899923
20.0,0.071546,0.00890296624891792
18.0,0.086766,0.00890296624891792
19.0,0.071546,0.016512826913440963
18.0,0.071546,0.016512826913440963
18.0,0.086766,0.020964310037899923
19.0,0.086766,0.00890296624891792
17.0,0.086766,0.016512826913440963
23.0,0.086766,0.020964310037899923
17.0,0.086766,0.015219721329046086
15.0,0.101986,0.015219721329046086
16.0,0.086766,0.022829581993569128
15.0,0.086766,0.022829581993569128
15.0,0.101986,0.027281065118028087
18.0,0.132426,0.024122687577964003
24.0,0.112652,0.0
23.0,0.127872,0.0
23.0,0.112652,0.007609860664523043
26.0,0.127872,0.012061343788982002
23.0,0.112652,0.007609860664523043
20.0,0.112652,0.015219721329046086
26.0,0.127872,0.012061343788982002
23.0,0.127872,0.0
21.0,0.143092,0.0
26.0,0.127872,0.00890296624891792
26.0,0.127872,0.00890296624891792
19.0,0.143092,0.015219721329046086
22.0,0.127872,0.0
21.0,0.127872,0.007609860664523043
21.0,0.143092,0.0
23.0,0.143092,0.00890296624891792
23.0,0.112652,0.007609860664523043
22.0,0.127872,0.007609860664523043
22.0,0.112652,0.015219721329046086
24.0,0.127872,0.019671204453505044
23.0,0.127872,0.012061343788982002
21.0,0.127872,0.019671204453505044
26.0,0.127872,0.00890296624891792
24.0,0.143092,0.00890296624891792
23.0,0.112652,0.007609860664523043
20.0,0.127872,0.007609860664523043
21.0,0.112652,0.015219721329046086
21.0,0.112652,0.015219721329046086
21.0,0.127872,0.019671204453505044
22.0,0.127872,0.007609860664523043
19.0,0.143092,0.007609860664523043
24.0,0.127872,0.016512826913440963
24.0,0.127872,0.016512826913440963
26.0,0.127872,0.012061343788982002
24.0,0.127872,0.019671204453505044
24.0,0.143092,0.012061343788982002
23.0,0.143092,0.02096431003789992
22.0,0.127872,0.0
20.0,0.143092,0.0
20.0,0.127872,0.007609860664523043
21.0,0.127872,0.007609860664523043
20.0,0.143092,0.012061343788982002
21.0,0.143092,0.0
19.0,0.143092,0.007609860664523043
23.0,0.143092,0.012061343788982002
23.0,0.127872,0.00890296624891792
20.0,0.143092,0.00890296624891792
21.0,0.127872,0.016512826913440963
21.0,0.127872,0.016512826913440963
20.0,0.143092,0.020964310037899923
22.0,0.112652,0.0
20.0,0.127872,0.0
20.0,0.112652,0.007609860664523043
21.0,0.112652,0.007609860664523043
20.0,0.127872,0.012061343788982002
21.0,0.112652,0.007609860664523043
19.0,0.112652,0.015219721329046086
21.0,0.112652,0.007609860664523043
19.0,0.112652,0.015219721329046086
21.0,0.127872,0.012061343788982002
20.0,0.127872,0.0
18.0,0.143092,0.0
20.0,0.127872,0.00890296624891792
21.0,0.127872,0.00890296624891792
17.0,0.143092,0.015219721329046086
21.0,0.127872,0.0
19.0,0.127872,0.007609860664523043
20.0,0.127872,0.007609860664523043
19.0,0.143092,0.0
19.0,0.143092,0.00890296624891792
24.0,0.127872,0.012061343788982002
22.0,0.127872,0.019671204453505044
24.0,0.127872,0.012061343788982002
22.0,0.127872,0.019671204453505044
21.0,0.112652,0.007609860664523043
19.0,0.127872,0.007609860664523043
19.0,0.112652,0.015219721329046086
19.0,0.112652,0.015219721329046086
19.0,0.127872,0.019671204453505044
20.0,0.112652,0.015219721329046086
17.0,0.112652,0.022829581993569128
18.0,0.112652,0.015219721329046086
16.0,0.112652,0.022829581993569128
19.0,0.127872,0.019671204453505044
19.0,0.127872,0.007609860664523043
16.0,0.143092,0.007609860664523043
19.0,0.127872,0.016512826913440963
19.0,0.127872,0.016512826913440963
15.0,0.143092,0.022829581993569128
23.0,0.127872,0.012061343788982002
21.0,0.127872,0.019671204453505044
21.0,0.127872,0.019671204453505044
20.0,0.143092,0.012061343788982002
20.0,0.143092,0.020964310037899923
21.0,0.127872,0.0
19.0,0.143092,0.0
19.0,0.127872,0.007609860664523043
20.0,0.127872,0.007609860664523043
19.0,0.143092,0.012061343788982002
18.0,0.143092,0.0
16.0,0.143092,0.007609860664523043
21.0,0.143092,0.012061343788982002
24.0,0.127872,0.00890296624891792
21.0,0.143092,0.00890296624891792
22.0,0.127872,0.016512826913440963
20.0,0.143092,0.02096431003789992
24.0,0.127872,0.00890296624891792
22.0,0.127872,0.016512826913440963
23.0,0.127872,0.00890296624891792
20.0,0.143092,0.00890296624891792
21.0,0.127872,0.016512826913440963
21.0,0.127872,0.016512826913440963
20.0,0.143092,0.02096431003789992
16.0,0.143092,0.015219721329046086
14.0,0.143092,0.022829581993569128
20.0,0.169154,0.0
19.0,0.184374,0.0
20.0,0.169154,0.007609860664523043
22.0,0.184374,0.012061343788982002
20.0,0.169154,0.007609860664523043
17.0,0.169154,0.015219721329046086
21.0,0.184374,0.012061343788982002
19.0,0.184374,0.0
16.0,0.199594,0.0
22.0,0.184374,0.00890296624891792
21.0,0.184374,0.00890296624891792
15.0,0.199594,0.015219721329046086
19.0,0.169154,0.007609860664523043
17.0,0.169154,0.015219721329046086
18.0,0.184374,0.007609860664523043
19.0,0.184374,0.016512826913440963
22.0,0.184374,0.012061343788982002
18.0,0.199594,0.012061343788982002
18.0,0.184374,0.0
17.0,0.199594,0.0
17.0,0.184374,0.007609860664523043
18.0,0.199594,0.012061343788982002
19.0,0.184374,0.00890296624891792
17.0,0.184374,0.016512826913440963
23.0,0.169154,0.0
20.0,0.184374,0.0
22.0,0.169154,0.007609860664523043
22.0,0.169154,0.007609860664523043
21.0,0.184374,0.012061343788982002
22.0,0.184374,0.0
19.0,0.199594,0.0
25.0,0.184374,0.00890296624891792
24.0,0.184374,0.00890296624891792
21.0,0.184374,0.0
18.0,0.199594,0.0
19.0,0.184374,0.007609860664523043
19.0,0.184374,0.007609860664523043
18.0,0.199594,0.012061343788982002
21.0,0.169154,0.0
18.0,0.184374,0.0
19.0,0.169154,0.007609860664523043
19.0,0.169154,0.007609860664523043
18.0,0.184374,0.012061343788982002
20.0,0.169154,0.007609860664523043
17.0,0.169154,0.015219721329046086
20.0,0.169154,0.007609860664523043
18.0,0.169154,0.015219721329046086
19.0,0.184374,0.012061343788982002
19.0,0.184374,0.0
16.0,0.199594,0.0
19.0,0.184374,0.00890296624891792
19.0,0.184374,0.00890296624891792
15.0,0.199594,0.015219721329046086
19.0,0.184374,0.0
16.0,0.199594,0.0
17.0,0.184374,0.007609860664523043
17.0,0.184374,0.007609860664523043
16.0,0.199594,0.012061343788982002
21.0,0.184374,0.00890296624891792
18.0,0.184374,0.016512826913440963
21.0,0.184374,0.00890296624891792
19.0,0.184374,0.016512826913440963
17.0,0.28267,0.0
15.0,0.29789,0.0
15.0,0.29789,0.0
23.0,0.112652,0.04560830851446922
22.0,0.127872,0.04560830851446922
20.0,0.112652,0.05321816917899226
22.0,0.112652,0.05321816917899226
21.0,0.127872,0.05766965230345122
22.0,0.127872,0.04560830851446922
19.0,0.127872,0.05321816917899226
24.0,0.127872,0.05766965230345122
22.0,0.112652,0.05321816917899226
19.0,0.127872,0.05321816917899226
19.0,0.112652,0.060828029843515305
20.0,0.112652,0.060828029843515305
19.0,0.127872,0.06527951296797425
24.0,0.127872,0.05766965230345122
21.0,0.127872,0.06527951296797427
20.0,0.184374,0.07667565090731944
17.0,0.199594,0.07667565090731944
18.0,0.184374,0.08428551157184248
18.0,0.184374,0.08428551157184248
17.0,0.199594,0.08873699469630145
16.0,0.29789,0.07733405182700068
21.0,0.112652,0.04560830851446922
20.0,0.127872,0.04560830851446922
20.0,0.112652,0.05321816917899226
20.0,0.112652,0.05321816917899226
20.0,0.127872,0.05766965230345122
18.0,0.112652,0.05321816917899226
17.0,0.112652,0.060828029843515305
20.0,0.112652,0.05321816917899226
18.0,0.112652,0.060828029843515305
19.0,0.127872,0.05766965230345122
19.0,0.127872,0.04560830851446922
17.0,0.143092,0.04560830851446922
19.0,0.127872,0.054511274763387144
20.0,0.127872,0.054511274763387144
16.0,0.143092,0.060828029843515305
19.0,0.127872,0.04560830851446922
18.0,0.127872,0.05321816917899226
16.0,0.127872,0.05321816917899226
17.0,0.143092,0.04560830851446922
17.0,0.143092,0.054511274763387144
21.0,0.127872,0.05766965230345122
18.0,0.127872,0.06527951296797427
21.0,0.127872,0.05766965230345122
19.0,0.127872,0.06527951296797425
17.0,0.184374,0.07667565090731944
15.0,0.199594,0.07667565090731944
16.0,0.184374,0.08428551157184248
16.0,0.199594,0.08873699469630145
20.0,0.112652,0.47717041800643073
18.0,0.127872,0.47717041800643073
17.0,0.112652,0.48478027867095375
19.0,0.112652,0.48478027867095375
18.0,0.127872,0.4892317617954127
19.0,0.112652,0.48478027867095375
17.0,0.112652,0.49239013933547676
19.0,0.112652,0.48478027867095375
16.0,0.112652,0.49239013933547676
19.0,0.127872,0.4892317617954127
18.0,0.127872,0.47717041800643073
16.0,0.143092,0.47717041800643073
18.0,0.127872,0.4860733842553487
19.0,0.127872,0.4860733842553487
15.0,0.143092,0.49239013933547676
19.0,0.127872,0.47717041800643073
16.0,0.127872,0.48478027867095375
18.0,0.127872,0.48478027867095375
17.0,0.143092,0.47717041800643073
17.0,0.143092,0.4860733842553487
22.0,0.127872,0.4892317617954127
20.0,0.127872,0.49684162245993574
22.0,0.127872,0.4892317617954127
19.0,0.127872,0.49684162245993574
19.0,0.112652,0.48478027867095375
17.0,0.127872,0.48478027867095375
16.0,0.112652,0.49239013933547676
17.0,0.112652,0.49239013933547676
16.0,0.127872,0.49684162245993574
17.0,0.112652,0.4923901393354768
15.0,0.112652,0.49999999999999983
16.0,0.112652,0.4923901393354768
13.0,0.112652,0.49999999999999983
16.0,0.127872,0.4968416224599358
17.0,0.127872,0.48478027867095375
14.0,0.143092,0.48478027867095375
16.0,0.127872,0.4936832449198717
16.0,0.127872,0.4936832449198717
12.0,0.143092,0.49999999999999983
21.0,0.127872,0.4892317617954127
18.0,0.127872,0.49684162245993574
19.0,0.127872,0.4968416224599358
18.0,0.143092,0.4892317617954127
18.0,0.143092,0.4981347280443307
19.0,0.127872,0.47717041800643073
17.0,0.143092,0.47717041800643073
16.0,0.127872,0.48478027867095375
18.0,0.127872,0.48478027867095375
17.0,0.143092,0.4892317617954127
16.0,0.143092,0.47717041800643073
14.0,0.143092,0.48478027867095375
19.0,0.143092,0.4892317617954127
22.0,0.127872,0.48607338425534863
19.0,0.143092,0.48607338425534863
20.0,0.127872,0.49368324491987164
18.0,0.143092,0.4981347280443306
22.0,0.127872,0.48607338425534863
19.0,0.127872,0.49368324491987164
21.0,0.127872,0.48607338425534863
18.0,0.143092,0.48607338425534863
18.0,0.127872,0.49368324491987164
19.0,0.127872,0.49368324491987164
18.0,0.143092,0.4981347280443306
14.0,0.143092,0.4923901393354768
11.0,0.143092,0.49999999999999983
20.0,0.056326,0.010892084399211016
19.0,0.071546,0.010892084399211016
19.0,0.056326,0.01850194506373406
17.0,0.056326,0.01850194506373406
18.0,0.071546,0.022953428188193018
19.0,0.056326,0.01850194506373406
16.0,0.056326,0.026111805728257102
19.0,0.056326,0.01850194506373406
17.0,0.056326,0.026111805728257102
19.0,0.071546,0.022953428188193018
19.0,0.071546,0.010892084399211016
17.0,0.086766,0.010892084399211016
19.0,0.071546,0.019795050648128934
18.0,0.071546,0.019795050648128934
15.0,0.086766,0.026111805728257102
19.0,0.071546,0.010892084399211016
16.0,0.071546,0.01850194506373406
18.0,0.071546,0.01850194506373406
18.0,0.086766,0.010892084399211016
17.0,0.086766,0.019795050648128934
22.0,0.071546,0.022953428188193018
21.0,0.071546,0.03056328885271606
23.0,0.071546,0.022953428188193018
20.0,0.071546,0.030563288852716062
19.0,0.056326,0.01850194506373406
18.0,0.071546,0.01850194506373406
18.0,0.056326,0.026111805728257102
16.0,0.056326,0.026111805728257102
17.0,0.071546,0.03056328885271606
17.0,0.056326,0.026111805728257102
14.0,0.056326,0.033721666392780146
17.0,0.056326,0.026111805728257102
16.0,0.056326,0.033721666392780146
17.0,0.071546,0.030563288852716062
17.0,0.071546,0.01850194506373406
16.0,0.086766,0.01850194506373406
17.0,0.071546,0.027404911312651978
16.0,0.071546,0.027404911312651978
13.0,0.086766,0.033721666392780146
22.0,0.071546,0.022953428188193018
19.0,0.071546,0.030563288852716062
20.0,0.071546,0.030563288852716062
20.0,0.086766,0.022953428188193018
19.0,0.086766,0.03185639443711094
19.0,0.071546,0.010892084399211016
18.0,0.086766,0.010892084399211016
18.0,0.071546,0.01850194506373406
16.0,0.071546,0.01850194506373406
17.0,0.086766,0.022953428188193018
17.0,0.086766,0.010892084399211016
14.0,0.086766,0.01850194506373406
20.0,0.086766,0.022953428188193018
22.0,0.071546,0.019795050648128937
19.0,0.071546,0.02740491131265198
21.0,0.071546,0.019795050648128937
20.0,0.086766,0.019795050648128937
20.0,0.071546,0.02740491131265198
18.0,0.071546,0.02740491131265198
19.0,0.086766,0.03185639443711094
15.0,0.086766,0.026111805728257102
12.0,0.086766,0.033721666392780146
22.0,0.071546,0.019795050648128937
20.0,0.086766,0.019795050648128937
20.0,0.071546,0.02740491131265198
19.0,0.086766,0.03185639443711094
23.0,0.112652,0.010892084399211016
20.0,0.112652,0.01850194506373406
22.0,0.112652,0.01850194506373406
22.0,0.127872,0.010892084399211016
21.0,0.127872,0.019795050648128934
22.0,0.127872,0.010892084399211016
19.0,0.127872,0.01850194506373406
25.0,0.127872,0.019795050648128937
22.0,0.112652,0.01850194506373406
19.0,0.112652,0.026111805728257102
20.0,0.112652,0.026111805728257102
20.0,0.127872,0.01850194506373406
19.0,0.127872,0.027404911312651978
24.0,0.127872,0.019795050648128937
21.0,0.127872,0.02740491131265198
21.0,0.112652,0.010892084399211016
19.0,0.127872,0.010892084399211016
20.0,0.112652,0.01850194506373406
18.0,0.112652,0.01850194506373406
19.0,0.127872,0.022953428188193018
20.0,0.112652,0.01850194506373406
17.0,0.112652,0.026111805728257102
20.0,0.112652,0.01850194506373406
18.0,0.112652,0.026111805728257102
20.0,0.127872,0.022953428188193018
20.0,0.127872,0.010892084399211016
17.0,0.143092,0.010892084399211016
20.0,0.127872,0.019795050648128934
19.0,0.127872,0.019795050648128934
16.0,0.143092,0.026111805728257102
19.0,0.127872,0.010892084399211016
17.0,0.143092,0.010892084399211016
18.0,0.127872,0.01850194506373406
16.0,0.127872,0.01850194506373406
17.0,0.143092,0.022953428188193018
21.0,0.127872,0.019795050648128937
18.0,0.127872,0.02740491131265198
21.0,0.127872,0.019795050648128937
19.0,0.127872,0.02740491131265198
20.0,0.169154,0.010892084399211016
17.0,0.169154,0.01850194506373406
18.0,0.169154,0.01850194506373406
18.0,0.184374,0.010892084399211016
18.0,0.184374,0.019795050648128934
18.0,0.184374,0.010892084399211016
15.0,0.184374,0.01850194506373406
19.0,0.184374,0.019795050648128937
22.0,0.169154,0.010892084399211016
20.0,0.169154,0.01850194506373406
21.0,0.184374,0.010892084399211016
22.0,0.184374,0.019795050648128937
20.0,0.184374,0.010892084399211016
18.0,0.184374,0.01850194506373406
22.0,0.112652,0.05650039291368023
19.0,0.112652,0.06411025357820327
19.0,0.112652,0.06411025357820327
16.0,0.112652,0.07172011424272631
18.0,0.184374,0.08756773530653045
15.0,0.184374,0.09517759597105349
19.0,0.112652,0.05650039291368023
17.0,0.127872,0.05650039291368023
17.0,0.112652,0.06411025357820327
16.0,0.112652,0.06411025357820327
16.0,0.127872,0.06856173670266223
16.0,0.112652,0.06411025357820327
13.0,0.112652,0.07172011424272631
17.0,0.112652,0.06411025357820327
15.0,0.112652,0.07172011424272631
16.0,0.127872,0.06856173670266223
17.0,0.127872,0.05650039291368023
15.0,0.143092,0.05650039291368023
16.0,0.127872,0.06540335916259815
16.0,0.127872,0.06540335916259815
12.0,0.143092,0.07172011424272631
15.0,0.184374,0.08756773530653045
12.0,0.184374,0.09517759597105349
17.0,0.112827,0.0
16.0,0.128047,0.0
17.0,0.112827,0.007609860664523043
21.0,0.128047,0.012061343788982002
17.0,0.112827,0.007609860664523043
15.0,0.112827,0.015219721329046086
21.0,0.128047,0.012061343788982002
16.0,0.128047,0.0
15.0,0.143267,0.0
20.0,0.128047,0.00890296624891792
20.0,0.128047,0.00890296624891792
14.0,0.143267,0.015219721329046086
16.0,0.128047,0.0
16.0,0.128047,0.007609860664523043
15.0,0.143267,0.0
19.0,0.143267,0.00890296624891792
17.0,0.112827,0.007609860664523043
16.0,0.128047,0.007609860664523043
16.0,0.112827,0.015219721329046086
20.0,0.128047,0.019671204453505044
17.0,0.128047,0.012061343788982002
16.0,0.128047,0.019671204453505044
19.0,0.128047,0.00890296624891792
17.0,0.143267,0.00890296624891792
16.0,0.128047,0.0
14.0,0.143267,0.0
16.0,0.128047,0.007609860664523043
15.0,0.128047,0.007609860664523043
15.0,0.143267,0.012061343788982002
15.0,0.143267,0.0
13.0,0.158487,0.0
19.0,0.143267,0.00890296624891792
17.0,0.143267,0.00890296624891792
16.0,0.128047,0.0
15.0,0.143267,0.0
16.0,0.128047,0.007609860664523043
19.0,0.143267,0.012061343788982002
16.0,0.128047,0.007609860664523043
14.0,0.128047,0.015219721329046086
19.0,0.143267,0.012061343788982002
14.0,0.143267,0.0
11.0,0.158487,0.0
18.0,0.143267,0.00890296624891792
18.0,0.143267,0.00890296624891792
11.0,0.158487,0.015219721329046086
13.0,0.173707,0.0
10.0,0.188927,0.0
19.0,0.128047,0.012061343788982002
17.0,0.143267,0.012061343788982002
18.0,0.128047,0.019671204453505044
18.0,0.143267,0.024122687577964003
17.0,0.112827,0.007609860664523043
15.0,0.128047,0.007609860664523043
16.0,0.112827,0.015219721329046086
14.0,0.112827,0.015219721329046086
15.0,0.128047,0.019671204453505044
16.0,0.128047,0.007609860664523043
13.0,0.128047,0.015219721329046086
20.0,0.128047,0.019671204453505044
17.0,0.128047,0.012061343788982002
15.0,0.143267,0.012061343788982002
16.0,0.128047,0.019671204453505044
15.0,0.128047,0.019671204453505044
13.0,0.143267,0.024122687577964003
19.0,0.128047,0.012061343788982002
17.0,0.143267,0.012061343788982002
18.0,0.128047,0.019671204453505044
18.0,0.143267,0.024122687577964003
19.0,0.128047,0.00890296624891792
17.0,0.143267,0.00890296624891792
17.0,0.143267,0.00890296624891792
13.0,0.143267,0.015219721329046086
10.0,0.158487,0.015219721329046086
10.0,0.188927,0.024122687577964003
20.0,0.169154,0.0
19.0,0.184374,0.0
20.0,0.169154,0.007609860664523043
21.0,0.184374,0.012061343788982002
20.0,0.169154,0.007609860664523043
17.0,0.169154,0.015219721329046086
22.0,0.184374,0.012061343788982002
19.0,0.184374,0.0
16.0,0.199594,0.0
21.0,0.184374,0.00890296624891792
22.0,0.184374,0.00890296624891792
15.0,0.199594,0.015219721329046086
18.0,0.184374,0.0
17.0,0.184374,0.007609860664523043
17.0,0.199594,0.0
18.0,0.199594,0.00890296624891792
19.0,0.169154,0.007609860664523043
18.0,0.184374,0.007609860664523043
18.0,0.169154,0.015219721329046086
19.0,0.184374,0.019671204453505044
19.0,0.184374,0.012061343788982002
17.0,0.184374,0.019671204453505044
22.0,0.184374,0.00890296624891792
18.0,0.199594,0.00890296624891792
20.0,0.169154,0.0
19.0,0.184374,0.0
20.0,0.169154,0.007609860664523043
22.0,0.184374,0.012061343788982002
20.0,0.169154,0.007609860664523043
17.0,0.169154,0.015219721329046086
21.0,0.184374,0.012061343788982002
19.0,0.184374,0.0
16.0,0.199594,0.0
22.0,0.184374,0.00890296624891792
21.0,0.184374,0.00890296624891792
15.0,0.199594,0.015219721329046086
18.0,0.184374,0.0
17.0,0.184374,0.007609860664523043
17.0,0.199594,0.0
18.0,0.199594,0.00890296624891792
19.0,0.169154,0.007609860664523043
18.0,0.184374,0.007609860664523043
18.0,0.169154,0.015219721329046086
19.0,0.184374,0.019671204453505044
19.0,0.184374,0.012061343788982002
17.0,0.184374,0.019671204453505044
22.0,0.184374,0.00890296624891792
18.0,0.199594,0.00890296624891792
16.0,0.225655,0.0
15.0,0.240875,0.0
16.0,0.225655,0.007609860664523043
17.0,0.240875,0.012061343788982002
16.0,0.225655,0.007609860664523043
13.0,0.225655,0.015219721329046086
17.0,0.240875,0.012061343788982002
15.0,0.240875,0.0
10.0,0.256095,0.0
17.0,0.240875,0.00890296624891792
17.0,0.240875,0.00890296624891792
9.0,0.256095,0.015219721329046086
19.0,0.225655,0.0
16.0,0.240875,0.0
18.0,0.225655,0.007609860664523043
18.0,0.225655,0.007609860664523043
17.0,0.240875,0.012061343788982002
17.0,0.240875,0.0
14.0,0.256095,0.0
19.0,0.240875,0.00890296624891792
19.0,0.240875,0.00890296624891792
19.0,0.225655,0.0
16.0,0.240875,0.0
18.0,0.225655,0.007609860664523043
18.0,0.225655,0.007609860664523043
17.0,0.240875,0.012061343788982002
17.0,0.240875,0.0
14.0,0.256095,0.0
19.0,0.240875,0.00890296624891792
19.0,0.240875,0.00890296624891792
13.0,0.339172,0.0
9.0,0.354392,0.0
20.0,0.169154,0.04560830851446922
18.0,0.184374,0.04560830851446922
17.0,0.169154,0.05321816917899226
19.0,0.169154,0.05321816917899226
18.0,0.184374,0.05766965230345122
18.0,0.184374,0.04560830851446922
15.0,0.184374,0.05321816917899226
20.0,0.184374,0.05766965230345122
20.0,0.169154,0.04560830851446922
18.0,0.184374,0.04560830851446922
17.0,0.169154,0.05321816917899226
19.0,0.169154,0.05321816917899226
18.0,0.184374,0.05766965230345122
18.0,0.184374,0.04560830851446922
15.0,0.184374,0.05321816917899226
20.0,0.184374,0.05766965230345122
14.0,0.240875,0.07667565090731944
10.0,0.256095,0.07667565090731944
14.0,0.225655,0.48478027867095375
13.0,0.240875,0.48478027867095375
13.0,0.225655,0.49239013933547676
15.0,0.240875,0.49684162245993574
13.0,0.225655,0.49239013933547676
10.0,0.225655,0.49999999999999983
15.0,0.240875,0.49684162245993574
13.0,0.240875,0.48478027867095375
8.0,0.256095,0.48478027867095375
15.0,0.240875,0.49368324491987164
15.0,0.240875,0.49368324491987164
7.0,0.256095,0.49999999999999983
14.0,0.128047,0.02161978734642786
13.0,0.143267,0.02161978734642786
13.0,0.128047,0.029229648010950904
16.0,0.143267,0.03368113113540986
13.0,0.128047,0.029229648010950904
11.0,0.128047,0.03683950867547394
16.0,0.143267,0.03368113113540986
13.0,0.143267,0.02161978734642786
10.0,0.158487,0.02161978734642786
15.0,0.143267,0.03052275359534578
15.0,0.143267,0.03052275359534578
8.0,0.158487,0.03683950867547394
17.0,0.184374,0.02161978734642786
16.0,0.184374,0.029229648010950904
15.0,0.199594,0.02161978734642786
16.0,0.199594,0.03052275359534578
17.0,0.184374,0.02161978734642786
16.0,0.184374,0.029229648010950904
15.0,0.199594,0.02161978734642786
16.0,0.199594,0.03052275359534578
14.0,0.240875,0.02161978734642786
10.0,0.256095,0.02161978734642786
15.0,0.184374,0.06722809586089709
12.0,0.184374,0.07483795652542014
15.0,0.184374,0.06722809586089709
12.0,0.184374,0.07483795652542014
7.0,0.256095,0.09829543825374731
20.0,0.112827,0.0
19.0,0.128047,0.0
19.0,0.112827,0.007609860664523043
19.0,0.112827,0.007609860664523043
19.0,0.128047,0.012061343788982002
19.0,0.112827,0.007609860664523043
17.0,0.112827,0.015219721329046086
19.0,0.112827,0.007609860664523043
17.0,0.112827,0.015219721329046086
19.0,0.128047,0.012061343788982002
17.0,0.128047,0.0
16.0,0.143267,0.0
18.0,0.128047,0.00890296624891792
18.0,0.128047,0.00890296624891792
15.0,0.143267,0.015219721329046086
23.0,0.169154,0.0
22.0,0.169154,0.007609860664523043
22.0,0.169154,0.007609860664523043
20.0,0.184374,0.0
21.0,0.184374,0.00890296624891792
22.0,0.225655,0.0
19.0,0.240875,0.0
22.0,0.169154,0.04560830851446922
20.0,0.169154,0.05321816917899226
17.0,0.240875,0.07667565090731944
19.0,0.128047,0.0
18.0,0.128047,0.007609860664523043
18.0,0.128047,0.007609860664523043
16.0,0.143267,0.0
17.0,0.143267,0.00890296624891792
21.0,0.169154,0.0
19.0,0.184374,0.0
19.0,0.169154,0.007609860664523043
20.0,0.169154,0.007609860664523043
19.0,0.184374,0.012061343788982002
19.0,0.169154,0.007609860664523043
18.0,0.169154,0.015219721329046086
20.0,0.169154,0.007609860664523043
18.0,0.169154,0.015219721329046086
19.0,0.184374,0.012061343788982002
18.0,0.184374,0.0
16.0,0.199594,0.0
18.0,0.184374,0.00890296624891792
19.0,0.184374,0.00890296624891792
15.0,0.199594,0.015219721329046086
19.0,0.225655,0.0
18.0,0.225655,0.007609860664523043
18.0,0.225655,0.007609860664523043
16.0,0.240875,0.0
17.0,0.240875,0.00890296624891792
22.0,0.128047,0.012061343788982002
21.0,0.128047,0.019671204453505044
23.0,0.128047,0.012061343788982002
21.0,0.128047,0.019671204453505044
19.0,0.128047,0.0
17.0,0.143267,0.0
18.0,0.128047,0.007609860664523043
17.0,0.128047,0.007609860664523043
17.0,0.143267,0.012061343788982002
18.0,0.128047,0.007609860664523043
16.0,0.128047,0.015219721329046086
17.0,0.128047,0.007609860664523043
16.0,0.128047,0.015219721329046086
17.0,0.143267,0.012061343788982002
16.0,0.143267,0.0
14.0,0.158487,0.0
17.0,0.143267,0.00890296624891792
16.0,0.143267,0.00890296624891792
13.0,0.158487,0.015219721329046086
21.0,0.184374,0.0
19.0,0.184374,0.007609860664523043
19.0,0.184374,0.007609860664523043
18.0,0.199594,0.0
18.0,0.199594,0.00890296624891792
19.0,0.240875,0.0
16.0,0.256095,0.0
20.0,0.184374,0.04560830851446922
18.0,0.184374,0.05321816917899226
14.0,0.256095,0.07667565090731944
19.0,0.225655,0.0
16.0,0.240875,0.0
17.0,0.225655,0.007609860664523043
17.0,0.225655,0.007609860664523043
16.0,0.240875,0.012061343788982002
17.0,0.225655,0.007609860664523043
14.0,0.225655,0.015219721329046086
17.0,0.225655,0.007609860664523043
14.0,0.225655,0.015219721329046086
16.0,0.240875,0.012061343788982002
16.0,0.240875,0.0
13.0,0.256095,0.0
16.0,0.240875,0.00890296624891792
16.0,0.240875,0.00890296624891792
11.0,0.256095,0.015219721329046086
19.0,0.128047,0.0
17.0,0.143267,0.0
19.0,0.184374,0.0
22.0,0.184374,0.0
17.0,0.240875,0.0
18.0,0.128047,0.007609860664523043
17.0,0.184374,0.007609860664523043
20.0,0.143267,0.012061343788982002
21.0,0.184374,0.04560830851446922
18.0,0.128047,0.007609860664523043
17.0,0.184374,0.007609860664523043
20.0,0.143267,0.012061343788982002
16.0,0.143267,0.0
14.0,0.158487,0.0
16.0,0.199594,0.0
19.0,0.199594,0.0
14.0,0.256095,0.0
17.0,0.143267,0.00890296624891792
16.0,0.199594,0.00890296624891792
15.0,0.173707,0.0
12.0,0.188927,0.0
15.0,0.339172,0.0
12.0,0.354392,0.0
22.0,0.128047,0.012061343788982002
20.0,0.143267,0.012061343788982002
21.0,0.184374,0.012061343788982002
25.0,0.184374,0.012061343788982002
19.0,0.240875,0.012061343788982002
20.0,0.128047,0.019671204453505044
19.0,0.184374,0.019671204453505044
17.0,0.143267,0.024122687577964003
22.0,0.184374,0.05766965230345122
21.0,0.128047,0.012061343788982002
19.0,0.143267,0.012061343788982002
21.0,0.184374,0.012061343788982002
24.0,0.184374,0.012061343788982002
19.0,0.240875,0.012061343788982002
19.0,0.128047,0.019671204453505044
19.0,0.184374,0.019671204453505044
17.0,0.143267,0.024122687577964003
14.0,0.188927,0.024122687577964003
10.0,0.354392,0.07733405182700068
18.0,0.128047,0.02161978734642786
16.0,0.143267,0.02161978734642786
17.0,0.128047,0.029229648010950904
15.0,0.128047,0.029229648010950904
16.0,0.143267,0.03368113113540986
16.0,0.128047,0.029229648010950904
13.0,0.128047,0.03683950867547394
16.0,0.128047,0.029229648010950904
14.0,0.128047,0.03683950867547394
16.0,0.143267,0.03368113113540986
15.0,0.143267,0.02161978734642786
13.0,0.158487,0.02161978734642786
16.0,0.143267,0.03052275359534578
15.0,0.143267,0.03052275359534578
12.0,0.158487,0.03683950867547394
20.0,0.184374,0.02161978734642786
18.0,0.184374,0.029229648010950904
18.0,0.184374,0.029229648010950904
17.0,0.199594,0.02161978734642786
17.0,0.199594,0.03052275359534578
17.0,0.240875,0.02161978734642786
14.0,0.256095,0.02161978734642786
18.0,0.184374,0.06722809586089708
15.0,0.184374,0.07483795652542012
11.0,0.256095,0.09829543825374731
17.0,0.225655,0.4847802786709539
14.0,0.240875,0.4847802786709539
14.0,0.225655,0.49239013933547693
14.0,0.225655,0.49239013933547693
13.0,0.240875,0.4968416224599359
14.0,0.225655,0.492390139335477
11.0,0.225655,0.5
14.0,0.225655,0.492390139335477
11.0,0.225655,0.5
13.0,0.240875,0.49684162245993596
14.0,0.240875,0.4847802786709539
11.0,0.256095,0.4847802786709539
13.0,0.240875,0.49368324491987187
13.0,0.240875,0.49368324491987187
8.0,0.256095,0.5
14.0,0.339172,0.4956737088056246
11.0,0.354392,0.4956737088056246
20.0,0.112827,0.0
19.0,0.128047,0.0
19.0,0.112827,0.007609860664523043
19.0,0.112827,0.007609860664523043
19.0,0.128047,0.012061343788982002
19.0,0.112827,0.007609860664523043
17.0,0.112827,0.015219721329046086
19.0,0.112827,0.007609860664523043
17.0,0.112827,0.015219721329046086
19.0,0.128047,0.012061343788982002
17.0,0.128047,0.0
16.0,0.143267,0.0
18.0,0.128047,0.00890296624891792
18.0,0.128047,0.00890296624891792
15.0,0.143267,0.015219721329046086
23.0,0.169154,0.0
22.0,0.169154,0.007609860664523043
22.0,0.169154,0.007609860664523043
20.0,0.184374,0.0
21.0,0.184374,0.00890296624891792
22.0,0.225655,0.0
19.0,0.240875,0.0
22.0,0.169154,0.04560830851446922
20.0,0.169154,0.05321816917899226
17.0,0.240875,0.07667565090731944
19.0,0.128047,0.0
18.0,0.128047,0.007609860664523043
18.0,0.128047,0.007609860664523043
16.0,0.143267,0.0
17.0,0.143267,0.00890296624891792
21.0,0.169154,0.0
19.0,0.184374,0.0
19.0,0.169154,0.007609860664523043
20.0,0.169154,0.007609860664523043
19.0,0.184374,0.012061343788982002
19.0,0.169154,0.007609860664523043
18.0,0.169154,0.015219721329046086
20.0,0.169154,0.007609860664523043
18.0,0.169154,0.015219721329046086
19.0,0.184374,0.012061343788982002
18.0,0.184374,0.0
16.0,0.199594,0.0
18.0,0.184374,0.00890296624891792
19.0,0.184374,0.00890296624891792
15.0,0.199594,0.015219721329046086
19.0,0.225655,0.0
18.0,0.225655,0.007609860664523043
18.0,0.225655,0.007609860664523043
16.0,0.240875,0.0
17.0,0.240875,0.00890296624891792
22.0,0.128047,0.012061343788982002
21.0,0.128047,0.019671204453505044
23.0,0.128047,0.012061343788982002
21.0,0.128047,0.019671204453505044
19.0,0.128047,0.0
17.0,0.143267,0.0
18.0,0.128047,0.007609860664523043
17.0,0.128047,0.007609860664523043
17.0,0.143267,0.012061343788982002
18.0,0.128047,0.007609860664523043
16.0,0.128047,0.015219721329046086
17.0,0.128047,0.007609860664523043
16.0,0.128047,0.015219721329046086
17.0,0.143267,0.012061343788982002
16.0,0.143267,0.0
14.0,0.158487,0.0
17.0,0.143267,0.00890296624891792
16.0,0.143267,0.00890296624891792
13.0,0.158487,0.015219721329046086
21.0,0.184374,0.0
19.0,0.184374,0.007609860664523043
19.0,0.184374,0.007609860664523043
18.0,0.199594,0.0
18.0,0.199594,0.00890296624891792
19.0,0.240875,0.0
16.0,0.256095,0.0
20.0,0.184374,0.04560830851446922
18.0,0.184374,0.05321816917899226
14.0,0.256095,0.07667565090731944
19.0,0.225655,0.0
16.0,0.240875,0.0
17.0,0.225655,0.007609860664523043
17.0,0.225655,0.007609860664523043
16.0,0.240875,0.012061343788982002
17.0,0.225655,0.007609860664523043
14.0,0.225655,0.015219721329046086
17.0,0.225655,0.007609860664523043
14.0,0.225655,0.015219721329046086
16.0,0.240875,0.012061343788982002
16.0,0.240875,0.0
13.0,0.256095,0.0
16.0,0.240875,0.00890296624891792
16.0,0.240875,0.00890296624891792
11.0,0.256095,0.015219721329046086
19.0,0.128047,0.0
17.0,0.143267,0.0
22.0,0.184374,0.0
19.0,0.184374,0.0
17.0,0.240875,0.0
18.0,0.128047,0.007609860664523043
17.0,0.184374,0.007609860664523043
20.0,0.143267,0.012061343788982002
21.0,0.184374,0.04560830851446922
18.0,0.128047,0.007609860664523043
17.0,0.184374,0.007609860664523043
20.0,0.143267,0.012061343788982002
16.0,0.143267,0.0
14.0,0.158487,0.0
19.0,0.199594,0.0
16.0,0.199594,0.0
14.0,0.256095,0.0
17.0,0.143267,0.00890296624891792
16.0,0.199594,0.00890296624891792
15.0,0.173707,0.0
12.0,0.188927,0.0
15.0,0.339172,0.0
12.0,0.354392,0.0
22.0,0.128047,0.012061343788982002
20.0,0.143267,0.012061343788982002
25.0,0.184374,0.012061343788982002
21.0,0.184374,0.012061343788982002
19.0,0.240875,0.012061343788982002
20.0,0.128047,0.019671204453505044
19.0,0.184374,0.019671204453505044
17.0,0.143267,0.024122687577964003
22.0,0.184374,0.05766965230345122
21.0,0.128047,0.012061343788982002
19.0,0.143267,0.012061343788982002
24.0,0.184374,0.012061343788982002
21.0,0.184374,0.012061343788982002
19.0,0.240875,0.012061343788982002
19.0,0.128047,0.019671204453505044
19.0,0.184374,0.019671204453505044
17.0,0.143267,0.024122687577964003
14.0,0.188927,0.024122687577964003
10.0,0.354392,0.07733405182700068
18.0,0.128047,0.02161978734642786
16.0,0.143267,0.02161978734642786
17.0,0.128047,0.029229648010950904
15.0,0.128047,0.029229648010950904
16.0,0.143267,0.03368113113540986
16.0,0.128047,0.029229648010950904
13.0,0.128047,0.03683950867547395
16.0,0.128047,0.029229648010950904
14.0,0.128047,0.03683950867547395
16.0,0.143267,0.03368113113540986
15.0,0.143267,0.02161978734642786
13.0,0.158487,0.02161978734642786
16.0,0.143267,0.030522753595345776
15.0,0.143267,0.030522753595345776
12.0,0.158487,0.03683950867547395
20.0,0.184374,0.02161978734642786
18.0,0.184374,0.029229648010950904
18.0,0.184374,0.029229648010950904
17.0,0.199594,0.02161978734642786
17.0,0.199594,0.030522753595345776
17.0,0.240875,0.02161978734642786
14.0,0.256095,0.02161978734642786
18.0,0.184374,0.06722809586089708
15.0,0.184374,0.07483795652542012
11.0,0.256095,0.0982954382537473
17.0,0.225655,0.4847802786709539
14.0,0.240875,0.4847802786709539
14.0,0.225655,0.49239013933547693
14.0,0.225655,0.49239013933547693
13.0,0.240875,0.4968416224599359
14.0,0.225655,0.492390139335477
11.0,0.225655,0.5
14.0,0.225655,0.492390139335477
11.0,0.225655,0.5
13.0,0.240875,0.49684162245993596
14.0,0.240875,0.4847802786709539
11.0,0.256095,0.4847802786709539
13.0,0.240875,0.49368324491987187
13.0,0.240875,0.49368324491987187
8.0,0.256095,0.5
14.0,0.339172,0.4956737088056246
11.0,0.354392,0.4956737088056246
14.0,0.226344,0.0
13.0,0.241564,0.0
17.0,0.28267,0.0
17.0,0.28267,0.0
13.0,0.339172,0.0
13.0,0.241564,0.0
15.0,0.29789,0.0
15.0,0.339172,0.0
13.0,0.241564,0.0
15.0,0.29789,0.0
11.0,0.256784,0.0
12.0,0.354392,0.0
15.0,0.339172,0.0
12.0,0.354392,0.0
13.0,0.241564,0.0
10.0,0.256784,0.0
15.0,0.29789,0.0
15.0,0.29789,0.0
9.0,0.354392,0.0
8.0,0.287224,0.0
5.0,0.452689,0.0
15.0,0.226344,0.4777014574461452
14.0,0.241564,0.4777014574461452
14.0,0.241564,0.4777014574461452
14.0,0.241564,0.4777014574461452
11.0,0.256784,0.4777014574461452
14.0,0.241564,0.4777014574461452
11.0,0.256784,0.4777014574461452
8.0,0.287224,0.4777014574461452
13.0,0.241564,0.02162986119938726
15.0,0.29789,0.02162986119938726
11.0,0.256784,0.02162986119938726
10.0,0.354392,0.02162986119938726
14.0,0.339172,0.48893688781940137
11.0,0.354392,0.48893688781940137
13.0,0.241564,0.02162986119938726
15.0,0.29789,0.02162986119938726
11.0,0.256784,0.02162986119938726
10.0,0.354392,0.02162986119938726
14.0,0.339172,0.48893688781940137
11.0,0.354392,0.48893688781940137
7.0,0.287224,0.04262998056394094
3.0,0.452689,0.49999999999999983
