complexity,cost,feature_cost
14.0,0.0,0.0
12.0,0.24669,0.04111494083474529
13.0,0.21618,0.036030061892130864
13.0,0.24669,0.08222988166949058
13.0,0.563077,0.11054755011093823
13.0,0.24669,0.08222988166949058
11.0,0.493379,0.16445976333898116
13.0,0.28382,0.04730327144120248
11.0,0.5,0.08333333333333334
13.0,0.616814,0.11718631997550344
12.0,0.24669,0.04111494083474529
10.0,0.493379,0.08222988166949058
13.0,0.563077,0.11054755011093821
13.0,0.616814,0.11718631997550344
9.0,0.993379,0.16556321500282392
12.0,0.0,0.018015030946065432
12.0,0.24669,0.10024491261555601
11.0,0.28382,0.0653183023872679
11.0,0.24669,0.059129971780810725
12.0,0.616814,0.13520135092156887
14.0,0.0,0.0629075897210325
12.0,0.21618,0.09893765161316337
12.0,0.24669,0.14513747139052308
12.0,0.24669,0.10402253055577779
12.0,0.563077,0.1734551398319707
13.0,0.24669,0.08894776328668126
11.0,0.493379,0.13006270412142656
13.0,0.0,0.05404509283819629
12.0,0.24669,0.09516003367294158
12.0,0.24669,0.13627497450768689
13.0,0.28382,0.10134836427939878
13.0,0.616814,0.17123141281369975
13.0,0.21618,0.07818253210324866
12.0,0.5,0.12548580354445113
15.0,0.24669,0.14167909887084312
13.0,0.493379,0.22390898054033365
13.0,0.563077,0.16757472736699164
12.0,0.0,0.10402253055577779
11.0,0.24669,0.14513747139052308
12.0,0.21618,0.14005259244790866
11.0,0.24669,0.18625241222526837
12.0,0.563077,0.214570080666716
12.0,0.24669,0.14676397781345757
12.0,0.493379,0.22899385948294815
14.0,0.28382,0.15066340276167411
14.0,0.5,0.18669346465380499
12.0,0.616814,0.19375450008575998
13.0,0.24669,0.14167909887084312
12.0,0.493379,0.1827940397055884
13.0,0.563077,0.18427600105902264
12.0,0.616814,0.20537089483517657
11.0,0.993379,0.2449450920113384
14.0,0.0,0.06043723278320338
12.0,0.24669,0.14266711445269395
12.0,0.28382,0.10774050422440586
12.0,0.24669,0.10155217361794867
12.0,0.616814,0.1776235527587068
11.0,0.0,0.12334482250423587
9.0,0.24669,0.16445976333898116
12.0,0.0,0.11448232562139968
11.0,0.28382,0.16178559706260215
13.0,0.24669,0.20211633165404644
12.0,0.0,0.16445976333898116
10.0,0.24669,0.24668964500847174
14.0,0.28382,0.21110063554487749
13.0,0.24669,0.2021163316540465
11.0,0.616814,0.26580812761837996
12.0,0.0,0.02365163572060124
11.0,0.21618,0.05968169761273211
12.0,0.24669,0.10588151739009183
11.0,0.24669,0.06476657655534654
12.0,0.563077,0.13419918583153945
10.0,0.0,0.04166666666666667
9.0,0.24669,0.08278160750141196
11.0,0.0,0.07769672855879754
10.0,0.24669,0.1599266102282881
11.0,0.21618,0.10183416782384991
11.0,0.0,0.12767416627637904
10.0,0.21618,0.1637042281685099
11.0,0.24669,0.17041561353405882
12.0,0.24669,0.16533073459144437
11.0,0.563077,0.2079276367796239
13.0,0.24669,0.09016158635430059
11.0,0.493379,0.1312765271890459
11.0,0.24669,0.14420667919249688
12.0,0.24669,0.1941841169100784
12.0,0.493379,0.23184068522514373
11.0,0.0,0.10155217361794867
10.0,0.24669,0.14266711445269398
11.0,0.24669,0.18378205528743924
11.0,0.28382,0.14885544505915116
12.0,0.616814,0.21873849359345213
10.0,0.0,0.11956720456401411
10.0,0.28382,0.1668704760052166
12.0,0.0,0.16445976333898116
10.0,0.24669,0.24668964500847176
11.0,0.24669,0.19049993690462996
10.0,0.0,0.20557470417372647
9.0,0.24669,0.24668964500847176
11.0,0.24669,0.24831615143140623
13.0,0.28382,0.2522155763796228
10.0,0.616814,0.29530667370370867
14.0,0.21618,0.14213072901003554
14.0,0.5,0.18943400045123804
14.0,0.21618,0.20503831873106804
13.0,0.21618,0.2461532595658133
12.0,0.5,0.29279413177170965
12.0,0.24669,0.14566058103882373
12.0,0.493379,0.2278904627083143
11.0,0.24669,0.16367561198488917
11.0,0.24669,0.24968311159460152
9.0,0.493379,0.2924245588522813
11.0,0.563077,0.18796475821564823
10.0,0.563077,0.2919872887714261
13.0,0.0,0.07095490716180372
12.0,0.24669,0.11206984799654901
12.0,0.21618,0.10698496905393459
11.0,0.24669,0.1531847888312943
12.0,0.563077,0.18150245727274195
12.0,0.0,0.08896993810786914
10.0,0.24669,0.1711998197773597
13.0,0.0,0.13386249688283622
11.0,0.21618,0.16989255877496706
12.0,0.24669,0.15990267044848494
11.0,0.0,0.125
10.0,0.24669,0.1661149408347453
12.0,0.21618,0.14913743926505235
13.0,0.24669,0.21263400603264682
11.0,0.563077,0.23852963452879536
14.0,0.24669,0.1518489116452809
13.0,0.493379,0.2340787933147715
14.0,0.24669,0.2147565013663134
13.0,0.24669,0.20589400448347722
13.0,0.493379,0.293528010516124
13.0,0.28382,0.10264455135027739
12.0,0.5,0.13867461324240826
11.0,0.28382,0.12065958229634283
12.0,0.28382,0.1566896441884737
9.0,0.5,0.18082708345352605
13.0,0.616814,0.18420484941189366
11.0,0.616814,0.23824994225008997
12.0,0.24669,0.1518489116452809
11.0,0.493379,0.19296385248002618
11.0,0.24669,0.16986394259134635
13.0,0.24669,0.2147565013663134
12.0,0.493379,0.24079667493196216
12.0,0.563077,0.20853714267188325
11.0,0.563077,0.2714447323929158
13.0,0.616814,0.19858890326167147
11.0,0.616814,0.2166039342077369
11.0,0.993379,0.25328899689560946
12.0,0.24669,0.04111494083474529
10.0,0.493379,0.08222988166949058
11.0,0.46287,0.07714500272687616
11.0,0.493379,0.12334482250423587
11.0,0.809767,0.15166249094568351
11.0,0.493379,0.12334482250423587
9.0,0.740069,0.20557470417372645
12.0,0.53051,0.08841821227594776
9.0,0.74669,0.12444827416807863
11.0,0.863503,0.15830126081024873
10.0,0.493379,0.08222988166949058
8.0,0.740069,0.12334482250423587
11.0,0.809767,0.15166249094568351
11.0,0.863503,0.15830126081024873
7.0,1.240069,0.2066781558375692
13.0,0.24669,0.07941600135103327
11.0,0.493379,0.16164588302052385
12.0,0.53051,0.12671927279223574
11.0,0.493379,0.12053094218577856
11.0,0.863503,0.1966023213265367
13.0,0.24669,0.08252372830572596
11.0,0.46287,0.11855379019785683
12.0,0.493379,0.16475360997521654
11.0,0.493379,0.12363866914047125
11.0,0.809767,0.19307127841666416
9.0,0.493379,0.12389654833615726
7.0,0.740069,0.16501148917090255
12.0,0.24669,0.13214733693519518
11.0,0.493379,0.17326227776994046
12.0,0.493379,0.21437721860468573
12.0,0.53051,0.17945060837639765
12.0,0.863503,0.24933365691069861
11.0,0.46287,0.1670439568496289
10.0,0.74669,0.21434722829083136
12.0,0.493379,0.18665749721325559
10.0,0.740069,0.26888737888274616
9.0,0.809767,0.22288029097820594
13.0,0.24669,0.14421105359670625
12.0,0.493379,0.18532599443145154
13.0,0.46287,0.18024111548883712
12.0,0.493379,0.22644093526619682
12.0,0.809767,0.25475860370764447
12.0,0.493379,0.195613486920074
10.0,0.740069,0.2778433685895646
12.0,0.53051,0.18459864437065598
10.0,0.74669,0.22062870626278686
12.0,0.863503,0.2368291110751086
9.0,0.493379,0.2072298816694906
8.0,0.740069,0.2483448225042359
10.0,0.809767,0.25348228872737744
11.0,0.863503,0.2584751191174617
7.0,1.240069,0.30417190595776195
13.0,0.0,0.05404509283819629
12.0,0.24669,0.13627497450768689
12.0,0.28382,0.10134836427939878
12.0,0.24669,0.0951600336729416
13.0,0.616814,0.17123141281369975
12.0,0.0,0.1169526825592288
11.0,0.24669,0.1580676233939741
11.0,0.0,0.1080901856763926
12.0,0.28382,0.15539345711759509
13.0,0.24669,0.19572419170903937
11.0,0.0,0.1580676233939741
10.0,0.24669,0.24029750506346467
14.0,0.28382,0.20470849559987042
12.0,0.24669,0.19572419170903943
11.0,0.616814,0.25941598767337287
11.0,0.0,0.07769672855879754
10.0,0.24669,0.11881166939354283
9.0,0.0,0.13174182139699384
10.0,0.0,0.18171925911457532
10.0,0.24669,0.21937582742964068
11.0,0.0,0.15559726645614497
12.0,0.28382,0.20290053789734744
10.0,0.0,0.21850485617717746
9.0,0.0,0.2596197970119227
12.0,0.28382,0.3062606692178191
12.0,0.24669,0.19970567387702
10.0,0.24669,0.3037282044327978
12.0,0.0,0.125
12.0,0.24669,0.2072298816694906
12.0,0.0,0.18790758972103253
10.0,0.0,0.17904509283819633
12.0,0.24669,0.2666790988708431
13.0,0.28382,0.1566896441884737
11.0,0.28382,0.21073473702667
12.0,0.24669,0.2058940044834772
11.0,0.24669,0.2688015942045097
12.0,0.616814,0.2526339960998678
12.0,0.24669,0.0951600336729416
10.0,0.493379,0.17738991534243218
11.0,0.53051,0.14246330511414407
10.0,0.493379,0.13627497450768689
11.0,0.863503,0.21234635364844504
12.0,0.24669,0.13656882114392224
11.0,0.493379,0.17768376197866756
12.0,0.24669,0.18619242977339145
12.0,0.53051,0.23349570121459395
10.0,0.493379,0.2407025900514519
12.0,0.24669,0.19825614643490258
11.0,0.493379,0.28048602810439316
11.0,0.53051,0.2386437372088523
8.0,0.493379,0.2612749745076869
9.0,0.863503,0.312520211955658
12.0,0.0,0.10402253055577779
12.0,0.21618,0.14005259244790866
11.0,0.24669,0.18625241222526837
11.0,0.24669,0.14513747139052308
12.0,0.563077,0.21457008066671596
11.0,0.0,0.12203756150184322
10.0,0.24669,0.1631525023365885
11.0,0.0,0.1580676233939741
10.0,0.24669,0.24029750506346467
12.0,0.21618,0.18220506265902645
10.0,0.0,0.20804506111155557
11.0,0.21618,0.24407512300368644
11.0,0.24669,0.2507865083692354
11.0,0.24669,0.24570162942662094
12.0,0.563077,0.2882985316148005
12.0,0.0,0.16445976333898116
11.0,0.24669,0.20557470417372645
10.0,0.0,0.21850485617717746
11.0,0.0,0.26848229389475897
11.0,0.24669,0.30613886220982434
10.0,0.0,0.20557470417372645
9.0,0.24669,0.287804585843217
9.0,0.0,0.22358973511979188
8.0,0.0,0.30959723472950423
9.0,0.24669,0.352338681987184
13.0,0.21618,0.2461532595658133
11.0,0.21618,0.3501757901215911
11.0,0.0,0.1749774377175815
12.0,0.21618,0.21100749960971238
11.0,0.0,0.19299246866364694
9.0,0.0,0.22902253055577781
11.0,0.21618,0.25315996982083017
13.0,0.24669,0.2558714422010587
11.0,0.24669,0.309916535039255
11.0,0.24669,0.25587144220105873
10.0,0.24669,0.27388647314712417
10.0,0.563077,0.3125596732276611
11.0,0.24669,0.14513747139052308
10.0,0.46287,0.18116753328265395
10.0,0.493379,0.22736735306001365
9.0,0.493379,0.18625241222526837
10.0,0.809767,0.2556850215014613
12.0,0.24669,0.18343853190681103
11.0,0.493379,0.22455347274155635
11.0,0.24669,0.2361698674909729
10.0,0.493379,0.31839974916046343
10.0,0.46287,0.2710664874054067
11.0,0.24669,0.24823358415248406
11.0,0.46287,0.28426364604461496
11.0,0.493379,0.2996360174758518
7.0,0.493379,0.31125241222526834
9.0,0.809767,0.35750481928315525
12.0,0.24669,0.14167909887084312
12.0,0.493379,0.18279403970558844
12.0,0.24669,0.19572419170903943
11.0,0.24669,0.24570162942662094
10.0,0.493379,0.2833581977416863
11.0,0.24669,0.24323127248879184
9.0,0.24669,0.3472538030445696
12.0,0.24669,0.21263400603264687
10.0,0.24669,0.2666790988708432
12.0,0.493379,0.29352801051612404
11.0,0.493379,0.18279403970558844
10.0,0.740069,0.22390898054033376
9.0,0.493379,0.2738264358060383
12.0,0.493379,0.28589015246754945
8.0,0.740069,0.34890898054033376
12.0,0.0,0.018015030946065432
11.0,0.24669,0.059129971780810725
12.0,0.24669,0.10024491261555601
12.0,0.28382,0.0653183023872679
12.0,0.616814,0.13520135092156885
10.0,0.0,0.036030061892130864
10.0,0.28382,0.08333333333333334
12.0,0.0,0.08092262066709793
11.0,0.24669,0.1631525023365885
11.0,0.24669,0.1069627942327467
11.0,0.0,0.12203756150184322
10.0,0.24669,0.1631525023365885
12.0,0.24669,0.164779008759523
13.0,0.28382,0.16867843370773955
11.0,0.616814,0.21176953103182541
12.0,0.0,0.0784522637292688
11.0,0.28382,0.12575553517047128
9.0,0.0,0.1413598534503013
11.0,0.0,0.1824747942850466
12.0,0.28382,0.22911566649094292
10.0,0.0,0.04166666666666667
10.0,0.24669,0.12389654833615725
8.0,0.0,0.05968169761273211
9.0,0.0,0.14568919722244447
10.0,0.24669,0.18843064448012425
11.0,0.24669,0.10817661730036604
11.0,0.24669,0.21219914785614383
11.0,0.0,0.08896993810786914
10.0,0.24669,0.13008487894261445
10.0,0.0,0.10698496905393458
11.0,0.0,0.15187752782890165
10.0,0.24669,0.17791770139455043
13.0,0.24669,0.16986394259134635
12.0,0.24669,0.23277153231237885
11.0,0.28382,0.12065958229634283
9.0,0.28382,0.13867461324240826
11.0,0.616814,0.2022198803579591
11.0,0.24669,0.059129971780810725
9.0,0.493379,0.10024491261555601
10.0,0.493379,0.1413598534503013
10.0,0.53051,0.1064332432220132
10.0,0.863503,0.1763162917563142
11.0,0.24669,0.09743103229709871
10.0,0.53051,0.1447343037383012
11.0,0.24669,0.10053875925179138
11.0,0.493379,0.18276864092128198
7.0,0.493379,0.1419115792822227
12.0,0.24669,0.16222608454277168
10.0,0.493379,0.20334102537751697
11.0,0.493379,0.21362851786613943
10.0,0.53051,0.20261367531672142
10.0,0.863503,0.25484414202117406
13.0,0.21618,0.07818253210324866
12.0,0.5,0.12548580354445113
12.0,0.21618,0.14109012182428116
12.0,0.21618,0.18220506265902645
14.0,0.5,0.22884593486492277
11.0,0.21618,0.1018341678238499
10.0,0.21618,0.20585669837962767
12.0,0.21618,0.14913743926505235
11.0,0.21618,0.21204502898608488
12.0,0.5,0.18082708345352605
12.0,0.46287,0.11929747293799395
11.0,0.74669,0.16660074437919642
11.0,0.46287,0.16070626040897462
11.0,0.46287,0.22239358569995493
11.0,0.74669,0.26278117647390464
13.0,0.24669,0.14676397781345754
12.0,0.493379,0.2289938594829481
12.0,0.24669,0.16477900875952295
11.0,0.24669,0.2507865083692353
10.0,0.493379,0.2935279556269151
13.0,0.24669,0.20720121059666088
11.0,0.24669,0.31122374115243867
12.0,0.24669,0.2177188849752612
10.0,0.24669,0.23573391592132664
13.0,0.493379,0.2986128894587384
12.0,0.493379,0.18787891864820283
10.0,0.740069,0.27010880031769335
12.0,0.493379,0.22617997916449079
9.0,0.493379,0.2909750314101638
11.0,0.740069,0.3423774647335315
13.0,0.563077,0.18427600105902264
12.0,0.563077,0.28829853161480046
13.0,0.563077,0.2552309082208264
11.0,0.809767,0.22539094189376793
10.0,0.809767,0.32848705465572897
14.0,0.0,0.0629075897210325
12.0,0.24669,0.10402253055577779
13.0,0.21618,0.09893765161316337
13.0,0.24669,0.14513747139052308
12.0,0.563077,0.1734551398319707
12.0,0.0,0.08092262066709793
11.0,0.24669,0.1631525023365885
12.0,0.0,0.125815179442065
11.0,0.21618,0.16184524133419587
12.0,0.24669,0.15185535300771374
13.0,0.0,0.1169526825592288
11.0,0.24669,0.1580676233939741
12.0,0.21618,0.14109012182428116
14.0,0.24669,0.20458668859187557
12.0,0.563077,0.23048231708802414
14.0,0.0,0.12334482250423587
12.0,0.24669,0.20557470417372645
11.0,0.0,0.18625241222526837
12.0,0.0,0.17738991534243218
13.0,0.24669,0.2650239213750789
12.0,0.0,0.08655922544163373
11.0,0.21618,0.1225892873337646
10.0,0.0,0.10457425638769917
11.0,0.0,0.14060431827983003
10.0,0.21618,0.1647417575448824
13.0,0.24669,0.1530691760753331
11.0,0.24669,0.2071142689135294
12.0,0.0,0.16445976333898116
11.0,0.24669,0.20557470417372645
11.0,0.0,0.1824747942850466
12.0,0.0,0.22736735306001365
11.0,0.24669,0.2534075266256624
15.0,0.21618,0.20503831873106804
13.0,0.21618,0.26794590845210053
13.0,0.24669,0.20856817075985623
11.0,0.24669,0.22658320170592167
12.0,0.563077,0.25087234793668073
12.0,0.24669,0.10402253055577779
10.0,0.493379,0.14513747139052308
11.0,0.46287,0.14005259244790866
11.0,0.493379,0.18625241222526837
10.0,0.809767,0.214570080666716
13.0,0.24669,0.14232359107206577
11.0,0.493379,0.22455347274155635
12.0,0.24669,0.14543131802675846
11.0,0.46287,0.18146137991888933
9.0,0.493379,0.18680413805718973
13.0,0.24669,0.19505492665622765
11.0,0.493379,0.23616986749097293
12.0,0.46287,0.22995154657066139
12.0,0.493379,0.24956508693428808
8.0,0.809767,0.2857878806992385
14.0,0.24669,0.14167909887084312
13.0,0.493379,0.2239089805403337
14.0,0.24669,0.20458668859187562
13.0,0.24669,0.19572419170903943
14.0,0.493379,0.2833581977416862
13.0,0.24669,0.16533073459144437
11.0,0.24669,0.21937582742964068
13.0,0.24669,0.24323127248879178
12.0,0.24669,0.30613886220982434
13.0,0.493379,0.28733967990966686
13.0,0.493379,0.18279403970558844
11.0,0.740069,0.265023921375079
13.0,0.493379,0.22420282717656914
13.0,0.493379,0.27382643580603827
12.0,0.740069,0.3283365960840987
14.0,0.28382,0.1506634027616741
14.0,0.5,0.18669346465380496
14.0,0.28382,0.16867843370773952
14.0,0.28382,0.20470849559987042
14.0,0.5,0.22884593486492277
15.0,0.28382,0.21110063554487749
13.0,0.28382,0.2651457283830738
13.0,0.28382,0.2522155763796228
12.0,0.28382,0.2702306073256882
13.0,0.5,0.2927941317717096
13.0,0.53051,0.19177834359641938
12.0,0.74669,0.22780840548855025
14.0,0.53051,0.23007940411270733
13.0,0.53051,0.2828107396968692
13.0,0.74669,0.317707359611303
12.0,0.616814,0.20537089483517657
11.0,0.616814,0.2594159876733729
10.0,0.616814,0.3069230684531252
11.0,0.863503,0.24648583566992188
11.0,0.863503,0.33751823177037177
13.0,0.24669,0.08894776328668126
11.0,0.493379,0.13006270412142656
11.0,0.24669,0.1069627942327467
12.0,0.24669,0.15185535300771374
10.0,0.493379,0.17789552657336255
13.0,0.24669,0.14938499606988462
10.0,0.24669,0.21229258579091712
11.0,0.24669,0.1125993990072825
9.0,0.24669,0.13061442995334793
12.0,0.493379,0.17910934964098185
11.0,0.493379,0.13006270412142656
9.0,0.740069,0.17117764495617185
12.0,0.493379,0.16836376463771452
12.0,0.493379,0.1714714915924072
8.0,0.740069,0.21284431162283848
13.0,0.563077,0.16757472736699164
12.0,0.563077,0.23048231708802414
11.0,0.563077,0.1912263630875929
11.0,0.809767,0.20868966820173693
12.0,0.809767,0.25009845567271766
12.0,0.616814,0.19375450008575998
11.0,0.616814,0.21176953103182541
12.0,0.616814,0.25419173286896335
10.0,0.863503,0.2348694409205053
11.0,0.863503,0.2731705014367932
11.0,0.993379,0.2449450920113384
9.0,1.240069,0.2860600328460837
13.0,0.21618,0.036030061892130864
11.0,0.46287,0.07714500272687616
11.0,0.43236,0.07206012378426173
13.0,0.46287,0.11825994356162145
12.0,0.779257,0.14657761200306907
12.0,0.46287,0.11825994356162145
12.0,0.709559,0.20048982523111203
12.0,0.5,0.08333333333333334
11.0,0.71618,0.11936339522546421
12.0,0.832994,0.15321638186763428
12.0,0.46287,0.07714500272687616
10.0,0.709559,0.11825994356162145
12.0,0.779257,0.14657761200306907
13.0,0.832994,0.1532163818676343
9.0,1.209559,0.2015932768949548
12.0,0.21618,0.09646729467533424
11.0,0.46287,0.17869717634482482
12.0,0.5,0.1437705661165367
11.0,0.46287,0.13758223551007953
11.0,0.832994,0.21365361465083768
12.0,0.21618,0.05968169761273211
9.0,0.43236,0.09571175950486298
11.0,0.46287,0.1419115792822227
10.0,0.46287,0.1007966384474774
11.0,0.779257,0.17022924772367032
12.0,0.46287,0.12619164824643148
10.0,0.709559,0.16730658908117677
11.0,0.21618,0.13758223551007953
10.0,0.46287,0.17869717634482482
12.0,0.46287,0.2198121171795701
10.0,0.5,0.184885506951282
11.0,0.832994,0.25476855548558297
14.0,0.43236,0.1781607909021664
12.0,0.71618,0.22546406234336885
12.0,0.46287,0.1816906429309546
12.0,0.709559,0.2639205246004452
10.0,0.779257,0.2239948201077791
13.0,0.21618,0.10698496905393458
12.0,0.46287,0.14809990988867988
11.0,0.43236,0.14301503094606544
12.0,0.46287,0.18921485072342517
12.0,0.779257,0.21753251916487282
15.0,0.46287,0.1878789735374118
13.0,0.709559,0.27010885520690237
13.0,0.5,0.13867461324240826
10.0,0.71618,0.17470467513453913
12.0,0.832994,0.22023491130402453
12.0,0.46287,0.18787897353741176
11.0,0.709559,0.22899391437215705
12.0,0.779257,0.24456720456401412
12.0,0.832994,0.23461896515380237
10.0,1.209559,0.2893190587877404
13.0,0.21618,0.07070561870996267
13.0,0.46287,0.15293550037945325
12.0,0.5,0.11800889015116514
12.0,0.46287,0.11182055954470796
13.0,0.832994,0.1878919386854661
11.0,0.21618,0.0943572544305639
10.0,0.46287,0.1354721952653092
12.0,0.21618,0.17225779232791133
11.0,0.5,0.21956106376911383
12.0,0.46287,0.2163661997487864
13.0,0.21618,0.1416605258717664
11.0,0.46287,0.22389040754125697
12.0,0.5,0.17335017006024006
13.0,0.46287,0.2225545303552436
12.0,0.832994,0.26929452197163417
14.0,0.21618,0.13678058573861718
14.0,0.43236,0.17281064763074805
14.0,0.46287,0.21901046740810776
13.0,0.46287,0.17789552657336244
14.0,0.779257,0.24732813584955532
14.0,0.21618,0.19721781852182055
12.0,0.46287,0.2383327593565658
13.0,0.21618,0.23833275935656578
12.0,0.46287,0.32056264102605636
12.0,0.43236,0.27891131474865266
14.0,0.21618,0.20773549290042087
12.0,0.43236,0.24376555479255174
16.0,0.46287,0.28862949738389804
13.0,0.46287,0.2886294973838981
13.0,0.779257,0.34531772841050035
12.0,0.46287,0.16953210956738482
11.0,0.709559,0.2106470504021301
10.0,0.46287,0.2710842831853335
12.0,0.46287,0.24048701672918854
11.0,0.709559,0.3213810212126657
13.0,0.21618,0.07070561870996267
12.0,0.46287,0.11182055954470796
13.0,0.46287,0.15293550037945325
13.0,0.5,0.11800889015116514
13.0,0.832994,0.18789193868546614
12.0,0.21618,0.13114285149316607
11.0,0.5,0.17844612293436854
11.0,0.21618,0.09435725443056392
11.0,0.46287,0.1765871361000545
11.0,0.46287,0.16086720506426327
12.0,0.21618,0.1416605258717664
11.0,0.46287,0.18277546670651168
14.0,0.46287,0.22255453035524358
12.0,0.5,0.17335017006024006
12.0,0.832994,0.2549104681218563
9.0,0.43236,0.1080901856763926
9.0,0.71618,0.15539345711759509
7.0,0.43236,0.13174182139699384
9.0,0.43236,0.17904509283819633
8.0,0.71618,0.21073473702667
12.0,0.46287,0.18623338325941582
11.0,0.709559,0.26846326492890643
11.0,0.46287,0.24667061604261922
10.0,0.46287,0.25718829042121955
12.0,0.709559,0.3380822949046967
11.0,0.779257,0.21944380031973704
10.0,0.779257,0.29039870748154073
14.0,0.21618,0.13678058573861718
14.0,0.46287,0.17789552657336247
14.0,0.43236,0.17281064763074805
14.0,0.46287,0.21901046740810776
14.0,0.779257,0.24732813584955538
15.0,0.21618,0.19721781852182055
13.0,0.46287,0.27944770019131115
13.0,0.21618,0.16043222145921843
12.0,0.43236,0.1964622833513493
14.0,0.46287,0.22694217209291773
13.0,0.21618,0.23833275935656578
12.0,0.46287,0.27944770019131104
13.0,0.43236,0.27891131474865266
13.0,0.46287,0.28244116677744086
13.0,0.779257,0.32474534395426535
12.0,0.46287,0.1862333832594158
11.0,0.709559,0.26846326492890643
11.0,0.46287,0.20988501898001705
10.0,0.46287,0.2877855568773645
11.0,0.709559,0.3318939642982396
10.0,0.5,0.20914851277539828
10.0,0.71618,0.24517857466752915
10.0,0.5,0.26958574555860165
8.0,0.5,0.31070068639334697
10.0,0.71618,0.35127924178543385
12.0,0.832994,0.2538093838334348
10.0,0.832994,0.3553615574513834
12.0,0.46287,0.16953210956738482
11.0,0.709559,0.2106470504021301
12.0,0.46287,0.2299693423505882
10.0,0.46287,0.19318374528798607
11.0,0.709559,0.2596936959216854
11.0,0.779257,0.21944380031973704
9.0,0.779257,0.2430954360403383
11.0,0.832994,0.2538093838334348
10.0,0.832994,0.3142466166166381
9.0,1.209559,0.2972589217988266
13.0,0.24669,0.08222988166949058
12.0,0.493379,0.12334482250423587
12.0,0.46287,0.11825994356162145
11.0,0.493379,0.16445976333898116
12.0,0.809767,0.19277743178042878
12.0,0.493379,0.16445976333898116
10.0,0.740069,0.24668964500847174
13.0,0.53051,0.12953315311069305
11.0,0.74669,0.16556321500282392
13.0,0.863503,0.19941620164499405
11.0,0.493379,0.12334482250423587
10.0,0.740069,0.16445976333898116
12.0,0.809767,0.19277743178042878
12.0,0.863503,0.19941620164499402
9.0,1.240069,0.24779309667231453
12.0,0.24669,0.10024491261555601
10.0,0.493379,0.1824747942850466
12.0,0.53051,0.14754818405675849
10.0,0.493379,0.1413598534503013
11.0,0.863503,0.21743123259105948
13.0,0.24669,0.14513747139052308
11.0,0.46287,0.18116753328265395
12.0,0.493379,0.22736735306001365
11.0,0.493379,0.18625241222526837
11.0,0.809767,0.2556850215014613
12.0,0.493379,0.17117764495617183
10.0,0.740069,0.21229258579091714
11.0,0.24669,0.13627497450768689
10.0,0.493379,0.17738991534243218
12.0,0.493379,0.21850485617717746
12.0,0.53051,0.18357824594888938
11.0,0.863503,0.2534612944831903
12.0,0.46287,0.16041241377273924
12.0,0.74669,0.20771568521394174
13.0,0.493379,0.22390898054033365
12.0,0.740069,0.3061388622098242
11.0,0.809767,0.24980460903648222
11.0,0.24669,0.18625241222526837
11.0,0.493379,0.22736735306001365
12.0,0.46287,0.22228247411739924
9.0,0.493379,0.26848229389475897
11.0,0.809767,0.2967999623362066
12.0,0.493379,0.22899385948294815
10.0,0.740069,0.3112237411524387
14.0,0.53051,0.2328932844311647
12.0,0.74669,0.26892334632329556
12.0,0.863503,0.27598438175525053
12.0,0.493379,0.2239089805403337
10.0,0.740069,0.265023921375079
13.0,0.809767,0.2665058827285133
10.0,0.863503,0.28760077650466714
10.0,1.240069,0.32717497368082904
14.0,0.24669,0.13214733693519515
13.0,0.493379,0.21437721860468573
15.0,0.53051,0.17945060837639765
13.0,0.493379,0.17326227776994046
14.0,0.863503,0.2493336569106986
14.0,0.24669,0.19505492665622765
12.0,0.493379,0.23616986749097296
13.0,0.24669,0.18619242977339145
13.0,0.53051,0.23349570121459395
13.0,0.493379,0.2738264358060382
13.0,0.24669,0.23616986749097296
11.0,0.493379,0.31839974916046354
16.0,0.53051,0.28281073969686926
13.0,0.493379,0.2738264358060383
12.0,0.863503,0.33751823177037177
13.0,0.24669,0.1380227229902491
13.0,0.46287,0.17405278488237994
12.0,0.493379,0.22025260465973967
12.0,0.493379,0.17913766382499438
11.0,0.809767,0.24857027310118723
12.0,0.24669,0.1560377539363145
10.0,0.493379,0.1971526947710598
12.0,0.24669,0.19206781582844537
11.0,0.493379,0.274297697497936
12.0,0.46287,0.21620525509349775
11.0,0.24669,0.24204525354602685
11.0,0.46287,0.2780753154381577
12.0,0.493379,0.2847867008037066
9.0,0.493379,0.2797018218610922
10.0,0.809767,0.32229872404927185
12.0,0.493379,0.18665749721325559
11.0,0.740069,0.22777243804800087
10.0,0.493379,0.2407025900514519
11.0,0.493379,0.29068002776903346
11.0,0.740069,0.3283365960840987
12.0,0.24669,0.1372322158778096
11.0,0.493379,0.17834715671255488
12.0,0.493379,0.21946209754730017
12.0,0.53051,0.1845354873190121
13.0,0.863503,0.25441853585331303
11.0,0.24669,0.15524724682387503
11.0,0.53051,0.20255051826507753
13.0,0.24669,0.2001398055988421
11.0,0.493379,0.28236968726833267
12.0,0.493379,0.22617997916449084
11.0,0.24669,0.24125474643358735
10.0,0.493379,0.28236968726833267
12.0,0.493379,0.2839961936912671
13.0,0.53051,0.2878956186394837
11.0,0.863503,0.33098671596356954
12.0,0.46287,0.1837452305416599
12.0,0.74669,0.2310485019828624
11.0,0.46287,0.2466528202626924
10.0,0.46287,0.28776776109743774
13.0,0.74669,0.33440863330333415
9.0,0.493379,0.20612643000564781
8.0,0.740069,0.2883563116751384
8.0,0.493379,0.22414146095171325
7.0,0.493379,0.3101489605614256
8.0,0.740069,0.3528904078191053
10.0,0.809767,0.24961117796317345
9.0,0.809767,0.35363370851895126
15.0,0.24669,0.14421105359670627
13.0,0.493379,0.18532599443145156
14.0,0.46287,0.18024111548883714
13.0,0.493379,0.22644093526619685
14.0,0.809767,0.25475860370764447
13.0,0.24669,0.1622260845427717
11.0,0.493379,0.2444559662122623
14.0,0.24669,0.20711864331773877
13.0,0.46287,0.24314870520986964
14.0,0.493379,0.23315881688338752
13.0,0.24669,0.19825614643490258
11.0,0.493379,0.23937108726964787
14.0,0.46287,0.22239358569995493
13.0,0.493379,0.2858901524675493
12.0,0.809767,0.31178578096369786
13.0,0.493379,0.2072298816694906
11.0,0.740069,0.28945976333898116
13.0,0.493379,0.27013747139052313
11.0,0.493379,0.2612749745076869
13.0,0.740069,0.3489089805403337
12.0,0.53051,0.19898269822043382
12.0,0.74669,0.2350127601125647
12.0,0.53051,0.21699772916649926
10.0,0.53051,0.2530277910586301
12.0,0.74669,0.27716523032368245
12.0,0.493379,0.195613486920074
11.0,0.740069,0.23672842775481928
11.0,0.493379,0.21362851786613943
12.0,0.493379,0.2585210766411065
11.0,0.740069,0.28456125020675527
11.0,0.863503,0.26124277821782294
9.0,0.863503,0.27925780916388837
10.0,1.240069,0.31420151925069845
13.0,0.563077,0.11054755011093823
11.0,0.809767,0.15166249094568351
12.0,0.779257,0.1465776120030691
12.0,0.809767,0.1927774317804288
9.0,1.126155,0.22109510022187645
13.0,0.809767,0.1927774317804288
11.0,1.056456,0.27500731344991936
13.0,0.846897,0.15785082155214072
10.0,1.063077,0.1938808834442716
12.0,1.179891,0.22773387008644166
11.0,0.809767,0.15166249094568351
9.0,1.056456,0.1927774317804288
12.0,1.126155,0.2210951002218764
12.0,1.179891,0.22773387008644166
8.0,1.556456,0.2761107651137622
13.0,0.563077,0.15230006535799107
11.0,0.809767,0.23452994702748164
12.0,0.846897,0.19960333679919356
11.0,0.809767,0.19341500619273636
12.0,1.179891,0.26948638533349456
12.0,0.563077,0.17373384146144633
10.0,0.779257,0.2097639033535772
11.0,0.809767,0.2559637231309369
10.0,0.809767,0.21484878229619161
11.0,1.126155,0.2842813915723845
12.0,0.809767,0.2150433091082713
10.0,1.056456,0.2561582499430166
13.0,0.563077,0.16900133905002207
11.0,0.809767,0.21011627988476736
12.0,0.809767,0.25123122071951265
12.0,0.846897,0.21630461049122457
12.0,1.179891,0.2861876590255255
11.0,0.779257,0.20932716944257104
10.0,1.063077,0.2566304408837735
11.0,0.809767,0.24177419609323883
9.0,1.056456,0.32400407776272944
7.0,1.126155,0.2807767978346085
12.0,0.563077,0.19430622591768137
12.0,0.809767,0.23542116675242666
12.0,0.779257,0.23033628780981225
10.0,0.809767,0.27653610758717195
12.0,1.126155,0.30485377602861957
11.0,0.846897,0.25204484658989723
10.0,1.063077,0.2880749084820281
10.0,1.179891,0.3017863677587322
11.0,0.809767,0.2456453068574428
9.0,1.056456,0.2867602476921881
10.0,1.126155,0.29467752189174895
8.0,1.179891,0.31181598105166863
9.0,1.556456,0.3584364234661707
11.0,0.0,0.10155217361794867
11.0,0.24669,0.18378205528743927
11.0,0.28382,0.14885544505915113
10.0,0.24669,0.14266711445269398
11.0,0.616814,0.2187384935934521
12.0,0.0,0.16445976333898119
11.0,0.24669,0.20557470417372647
11.0,0.0,0.155597266456145
11.0,0.28382,0.20290053789734747
13.0,0.24669,0.24323127248879173
10.0,0.0,0.20557470417372647
9.0,0.24669,0.287804585843217
12.0,0.28382,0.2522155763796228
11.0,0.24669,0.24323127248879184
10.0,0.616814,0.3069230684531252
10.0,0.0,0.1252038093385499
9.0,0.24669,0.1663187501732952
9.0,0.0,0.17924890217674622
9.0,0.0,0.2292263398943277
10.0,0.24669,0.26688290820939303
10.0,0.0,0.20310434723589735
10.0,0.28382,0.2504076186770998
10.0,0.0,0.2660119369569298
8.0,0.0,0.30712687779167513
11.0,0.28382,0.35376774999757143
11.0,0.24669,0.2472127546567724
9.0,0.24669,0.3512352852125501
11.0,0.0,0.17250708077975238
10.0,0.24669,0.25473696244924293
11.0,0.0,0.23541467050078488
9.0,0.0,0.2265521736179487
11.0,0.24669,0.3141861796505955
11.0,0.28382,0.20419672496822605
11.0,0.28382,0.25824181780642236
11.0,0.24669,0.2534010852632296
11.0,0.24669,0.3163086749842621
11.0,0.616814,0.3001410768796201
10.0,0.24669,0.14266711445269398
9.0,0.493379,0.22489699612218456
10.0,0.53051,0.18997038589389645
9.0,0.493379,0.18378205528743924
10.0,0.863503,0.2598534344281974
12.0,0.24669,0.18407590192367465
10.0,0.493379,0.22519084275841994
11.0,0.24669,0.2336995105531438
11.0,0.53051,0.28100278199434625
10.0,0.493379,0.2882096708312042
11.0,0.24669,0.24576322721465496
10.0,0.493379,0.32799310888414557
10.0,0.53051,0.28615081798860464
7.0,0.493379,0.3087820552874392
9.0,0.863503,0.36002729273541034
10.0,0.0,0.20557470417372647
9.0,0.24669,0.24668964500847176
9.0,0.0,0.2596197970119227
8.0,0.0,0.3095972347295042
9.0,0.24669,0.34725380304456954
8.0,0.0,0.30712687779167513
6.0,0.0,0.41114940834745284
9.0,0.0,0.2765296113355302
7.0,0.0,0.3305747041737265
9.0,0.24669,0.3574236158190073
9.0,0.24669,0.24668964500847176
7.0,0.493379,0.287804585843217
9.0,0.24669,0.33772204110892157
9.0,0.24669,0.34978575777043275
5.0,0.493379,0.412804585843217
10.0,0.0,0.11956720456401411
10.0,0.28382,0.16687047600521657
11.0,0.0,0.18247479428504662
9.0,0.0,0.2235897351197919
11.0,0.28382,0.2702306073256882
9.0,0.0,0.14321884028461535
7.0,0.0,0.24724137084039313
9.0,0.0,0.19052211172581782
9.0,0.0,0.2534297014468503
10.0,0.28382,0.2222117559142915
9.0,0.24669,0.16068214539875939
8.0,0.53051,0.20798541683996188
10.0,0.24669,0.2020909328697401
10.0,0.24669,0.2637782581607204
8.0,0.53051,0.30416584893467
11.0,0.24669,0.24831615143140617
9.0,0.24669,0.352338681987184
10.0,0.24669,0.3192710585932099
10.0,0.493379,0.2894310922661515
7.0,0.493379,0.39252720502811245
12.0,0.0,0.16445976333898119
11.0,0.24669,0.24668964500847176
12.0,0.0,0.22736735306001365
11.0,0.0,0.21850485617717746
13.0,0.24669,0.3061388622098242
11.0,0.0,0.1881113990595824
9.0,0.0,0.24215649189777871
10.0,0.0,0.2660119369569298
10.0,0.0,0.3289195266779623
11.0,0.24669,0.3101203443778049
11.0,0.24669,0.20557470417372647
9.0,0.493379,0.287804585843217
11.0,0.24669,0.24698349164470715
11.0,0.24669,0.29660710027417625
10.0,0.493379,0.3511172605522367
12.0,0.28382,0.2522155763796228
12.0,0.28382,0.306260669217819
11.0,0.28382,0.35376774999757143
11.0,0.53051,0.2933305172143681
11.0,0.53051,0.38436291331481787
12.0,0.24669,0.1904999369046299
11.0,0.24669,0.25340752662566246
10.0,0.24669,0.21415157262523116
10.0,0.493379,0.23161487773937522
10.0,0.493379,0.2730236652103559
10.0,0.616814,0.29530667370370867
8.0,0.863503,0.3364216145384539
11.0,0.21618,0.13758223551007953
11.0,0.46287,0.2198121171795701
10.0,0.5,0.18488550695128203
10.0,0.46287,0.17869717634482485
11.0,0.832994,0.25476855548558297
10.0,0.21618,0.16123387123068078
8.0,0.46287,0.20234881206542607
10.0,0.21618,0.23913440912802822
8.0,0.5,0.2864376805692307
11.0,0.46287,0.28324281654890326
11.0,0.21618,0.20853714267188325
10.0,0.46287,0.2907670243413738
11.0,0.5,0.24022678686035692
11.0,0.46287,0.28943114715536045
10.0,0.832994,0.336171138771751
12.0,0.21618,0.23833275935656584
11.0,0.46287,0.27944770019131104
11.0,0.21618,0.3398849329745145
12.0,0.21618,0.3092876665183696
11.0,0.46287,0.39018167100184664
11.0,0.21618,0.17225779232791136
11.0,0.5,0.21956106376911383
10.0,0.21618,0.19590942804851258
11.0,0.21618,0.24321269948971508
10.0,0.5,0.27490234367818867
10.0,0.46287,0.2877855568773645
8.0,0.46287,0.35874046403916826
12.0,0.21618,0.23833275935656584
12.0,0.46287,0.32056264102605636
11.0,0.21618,0.26198439507716703
11.0,0.21618,0.3398849329745144
11.0,0.46287,0.38399334039538946
8.0,0.5,0.3107006863933469
6.0,0.5,0.4122528600112957
10.0,0.46287,0.2710842831853335
8.0,0.46287,0.29473591890593476
9.0,0.832994,0.3553615574513834
11.0,0.24669,0.18378205528743927
9.0,0.493379,0.2660119369569298
11.0,0.53051,0.23108532672864177
9.0,0.493379,0.22489699612218456
11.0,0.863503,0.30096837526294273
11.0,0.24669,0.24668964500847176
9.0,0.493379,0.287804585843217
10.0,0.24669,0.23782714812563557
10.0,0.53051,0.28513041956683804
11.0,0.493379,0.32546115415828225
9.0,0.24669,0.287804585843217
7.0,0.493379,0.3700344675127075
12.0,0.53051,0.3344454580491134
10.0,0.493379,0.32546115415828236
8.0,0.863503,0.38915295012261586
11.0,0.24669,0.23957489660819775
10.0,0.493379,0.28068983744294307
10.0,0.24669,0.293619989446394
9.0,0.24669,0.34359742716397557
7.0,0.493379,0.3812539954790408
11.0,0.24669,0.23878438949575825
11.0,0.53051,0.2860876609369607
11.0,0.24669,0.3016919792167907
9.0,0.24669,0.342806920051536
11.0,0.53051,0.3894477922574323
7.0,0.493379,0.30767860362359656
5.0,0.493379,0.41170113417937426
13.0,0.24669,0.24576322721465493
11.0,0.493379,0.32799310888414546
13.0,0.24669,0.30867081693568743
11.0,0.24669,0.2998083200528512
11.0,0.493379,0.3874423260854979
10.0,0.53051,0.30053487183838246
8.0,0.53051,0.3545799646765787
10.0,0.493379,0.2971656605380226
10.0,0.493379,0.36007325025905523
9.0,0.863503,0.3627949518357716
11.0,0.563077,0.21209972372888686
11.0,0.809767,0.2943296053983774
11.0,0.846897,0.25940299517008936
10.0,0.809767,0.2532146645636322
10.0,1.179891,0.3292860437043903
10.0,0.563077,0.275286015079395
8.0,0.809767,0.3164009559141403
11.0,0.563077,0.27055351266797073
10.0,0.846897,0.3178567841091732
9.0,0.809767,0.34332636971118746
10.0,0.563077,0.29585839953563
8.0,0.809767,0.3780882812051205
9.0,0.846897,0.3535970202078459
9.0,0.809767,0.34719748047539145
6.0,1.179891,0.4133681546696173
13.0,0.0,0.07095490716180372
12.0,0.21618,0.10698496905393458
11.0,0.24669,0.1531847888312943
12.0,0.24669,0.11206984799654901
12.0,0.563077,0.18150245727274195
11.0,0.0,0.08896993810786914
10.0,0.24669,0.13008487894261445
12.0,0.0,0.12500000000000003
11.0,0.24669,0.2072298816694906
12.0,0.21618,0.14913743926505238
11.0,0.0,0.1749774377175815
11.0,0.21618,0.21100749960971238
11.0,0.24669,0.21771888497526132
12.0,0.24669,0.21263400603264687
12.0,0.563077,0.2552309082208264
12.0,0.0,0.1313921399450071
11.0,0.24669,0.17250708077975238
11.0,0.0,0.1854372327832034
11.0,0.0,0.2354146705007849
12.0,0.24669,0.27307123881585027
11.0,0.0,0.17250708077975238
10.0,0.24669,0.254736962449243
10.0,0.0,0.19052211172581782
9.0,0.0,0.27652961133553017
10.0,0.24669,0.3192710585932099
14.0,0.21618,0.21308563617183923
12.0,0.21618,0.31710816672761705
11.0,0.0,0.14190981432360744
11.0,0.21618,0.1779398762157383
10.0,0.0,0.15992484526967288
10.0,0.0,0.19595490716180375
11.0,0.21618,0.2200923464268561
12.0,0.24669,0.22280381880708466
12.0,0.24669,0.27684891164528097
12.0,0.24669,0.22280381880708464
11.0,0.24669,0.24081884975315007
11.0,0.563077,0.27949204983368703
12.0,0.24669,0.11206984799654901
11.0,0.46287,0.14809990988867988
10.0,0.493379,0.19429972966603962
10.0,0.493379,0.15318478883129433
11.0,0.809767,0.2226173981074872
12.0,0.24669,0.15037090851283696
11.0,0.493379,0.19148584934758228
12.0,0.24669,0.2031022440969989
11.0,0.493379,0.2853321257664895
11.0,0.46287,0.23799886401143258
12.0,0.24669,0.21516596075851002
12.0,0.46287,0.2511960226506409
11.0,0.493379,0.2665683940818777
8.0,0.493379,0.2781847888312943
10.0,0.809767,0.3244371958891812
11.0,0.0,0.125
10.0,0.24669,0.16611494083474532
10.0,0.0,0.17904509283819633
9.0,0.0,0.22902253055577781
10.0,0.24669,0.2666790988708432
9.0,0.0,0.2265521736179487
7.0,0.0,0.3305747041737264
10.0,0.0,0.19595490716180375
8.0,0.0,0.25000000000000006
10.0,0.24669,0.2768489116452809
10.0,0.24669,0.16611494083474532
8.0,0.493379,0.2072298816694906
10.0,0.24669,0.25714733693519515
10.0,0.24669,0.26921105359670633
6.0,0.493379,0.3322298816694907
11.0,0.0,0.08896993810786914
10.0,0.24669,0.17119981977735974
10.0,0.0,0.10698496905393458
10.0,0.0,0.19299246866364694
10.0,0.24669,0.23573391592132675
11.0,0.0,0.14940717089107253
9.0,0.0,0.2534297014468503
9.0,0.0,0.15992484526967288
8.0,0.0,0.1779398762157383
11.0,0.24669,0.24081884975315007
10.0,0.24669,0.13008487894261445
8.0,0.493379,0.21231476061210502
10.0,0.24669,0.1683859394589024
10.0,0.24669,0.23318099170457543
9.0,0.493379,0.2845834250279431
12.0,0.21618,0.14913743926505235
11.0,0.21618,0.25315996982083017
11.0,0.21618,0.2200923464268561
11.0,0.46287,0.19025238009979767
9.0,0.46287,0.2933484928617587
12.0,0.0,0.13386249688283622
11.0,0.21618,0.1698925587749671
11.0,0.0,0.15187752782890165
12.0,0.0,0.18790758972103253
11.0,0.21618,0.21204502898608488
12.0,0.0,0.1942997296660396
10.0,0.0,0.2483448225042359
10.0,0.0,0.23541467050078488
9.0,0.0,0.2534297014468503
13.0,0.21618,0.27599322589287173
11.0,0.24669,0.1749774377175815
10.0,0.46287,0.21100749960971238
11.0,0.24669,0.21327849823386952
11.0,0.24669,0.26600983381803134
10.0,0.46287,0.30090645373246516
12.0,0.24669,0.21263400603264687
12.0,0.24669,0.2666790988708432
11.0,0.24669,0.31418617965059553
11.0,0.493379,0.25374894686739213
11.0,0.493379,0.344781342967842
12.0,0.24669,0.159902670448485
10.0,0.24669,0.17791770139455043
11.0,0.24669,0.22033990323168837
11.0,0.493379,0.20101761128323026
10.0,0.493379,0.2393186717995182
11.0,0.563077,0.23852963452879536
9.0,0.809767,0.2796445753635407
12.0,0.21618,0.10698496905393458
11.0,0.43236,0.14301503094606546
11.0,0.46287,0.18921485072342517
11.0,0.46287,0.14809990988867988
12.0,0.779257,0.21753251916487276
11.0,0.21618,0.16742220183713796
10.0,0.46287,0.20853714267188325
12.0,0.21618,0.20853714267188325
10.0,0.46287,0.2907670243413738
13.0,0.43236,0.2491156980639701
12.0,0.21618,0.1779398762157383
9.0,0.43236,0.21396993810786918
13.0,0.46287,0.2588338806992155
12.0,0.46287,0.2588338806992155
10.0,0.779257,0.3155221117258179
12.0,0.21618,0.1416605258717664
11.0,0.46287,0.18277546670651168
11.0,0.21618,0.24321269948971505
11.0,0.21618,0.2126154330335701
11.0,0.46287,0.2935094375170473
13.0,0.21618,0.1416605258717664
11.0,0.46287,0.223890407541257
11.0,0.21618,0.2020977586549698
11.0,0.21618,0.2126154330335701
12.0,0.46287,0.29350943751704733
9.0,0.43236,0.17904509283819633
7.0,0.43236,0.25000000000000006
14.0,0.21618,0.20773549290042087
13.0,0.43236,0.24376555479255174
13.0,0.21618,0.26817272568362427
12.0,0.21618,0.3092876665183695
11.0,0.43236,0.34986622191045635
10.0,0.46287,0.25718829042121955
8.0,0.46287,0.35874046403916826
11.0,0.46287,0.24048701672918854
10.0,0.46287,0.30092424951239194
10.0,0.779257,0.29039870748154073
12.0,0.24669,0.1531847888312943
12.0,0.46287,0.18921485072342517
11.0,0.493379,0.23541467050078488
10.0,0.493379,0.1942997296660396
12.0,0.809767,0.26373233894223247
11.0,0.24669,0.17119981977735974
9.0,0.493379,0.21231476061210502
12.0,0.24669,0.2072298816694906
10.0,0.493379,0.28945976333898116
12.0,0.46287,0.23136732093454296
10.0,0.24669,0.2572073193870721
10.0,0.46287,0.29323738127920296
11.0,0.493379,0.29994876664475184
11.0,0.493379,0.29486388770213745
11.0,0.809767,0.337460789890317
13.0,0.24669,0.2031022440969989
11.0,0.493379,0.24421718493174416
12.0,0.24669,0.2571473369351952
11.0,0.24669,0.3071247746527767
11.0,0.493379,0.344781342967842
12.0,0.24669,0.20818712303961334
11.0,0.493379,0.2904170047091039
11.0,0.24669,0.22620215398567878
10.0,0.24669,0.3122096535953911
10.0,0.493379,0.35495110085307086
10.0,0.46287,0.2547001377034636
8.0,0.46287,0.3587226682592415
13.0,0.24669,0.21516596075851002
13.0,0.46287,0.2511960226506409
12.0,0.24669,0.23318099170457546
12.0,0.24669,0.26921105359670633
12.0,0.46287,0.2933484928617587
11.0,0.493379,0.2781847888312944
9.0,0.493379,0.33222988166949063
10.0,0.493379,0.2665683940818777
9.0,0.493379,0.2845834250279432
13.0,0.563077,0.18150245727274195
12.0,0.779257,0.21753251916487282
11.0,0.809767,0.2637323389422325
11.0,0.809767,0.22261739810748724
11.0,1.126155,0.29205000738368014
11.0,0.563077,0.2232549725197948
9.0,0.809767,0.2643699133545401
12.0,0.563077,0.2399562462118258
10.0,0.809767,0.3221861278813164
10.0,0.779257,0.28028207660437476
11.0,0.563077,0.26526113307948507
10.0,0.779257,0.30129119497161594
9.0,0.809767,0.31660021401924654
8.0,1.126155,0.36563242905355264
12.0,0.24669,0.1518489116452809
11.0,0.493379,0.1929638524800262
12.0,0.24669,0.2058940044834772
10.0,0.24669,0.2558714422010587
11.0,0.493379,0.29352801051612404
11.0,0.24669,0.2534010852632296
9.0,0.24669,0.3574236158190074
11.0,0.24669,0.22280381880708464
10.0,0.24669,0.2768489116452809
10.0,0.493379,0.3036978232905618
11.0,0.493379,0.1929638524800262
10.0,0.740069,0.23407879331477152
11.0,0.493379,0.28399624858047606
9.0,0.493379,0.2960599652419872
8.0,0.740069,0.35907879331477155
11.0,0.24669,0.16986394259134635
9.0,0.24669,0.2738864731471241
10.0,0.24669,0.24081884975315007
10.0,0.493379,0.21097888342609164
8.0,0.493379,0.3140749961880526
12.0,0.24669,0.21475650136631344
12.0,0.24669,0.26880159420450966
11.0,0.24669,0.3163086749842621
11.0,0.493379,0.2558714422010587
11.0,0.493379,0.34690383830150856
12.0,0.493379,0.2407966749319622
10.0,0.740069,0.2819116157667075
12.0,0.46287,0.1878789735374118
11.0,0.709559,0.22899391437215708
11.0,0.46287,0.28943114715536045
12.0,0.46287,0.2588338806992155
10.0,0.709559,0.33972788518269265
12.0,0.46287,0.2225545303552436
11.0,0.46287,0.2935094375170473
13.0,0.46287,0.28862949738389804
11.0,0.46287,0.39018167100184664
10.0,0.709559,0.3213810212126657
12.0,0.493379,0.23407879331477152
10.0,0.740069,0.27519373414951676
11.0,0.493379,0.2881238861529678
10.0,0.493379,0.3381013238705493
10.0,0.740069,0.37575789218561456
11.0,0.493379,0.2890811275230905
9.0,0.493379,0.39310365807886827
13.0,0.493379,0.2960599652419872
11.0,0.493379,0.3501050580801835
11.0,0.740069,0.3474623985653549
12.0,0.809767,0.2623964617562191
10.0,1.056456,0.3035114025909644
12.0,0.809767,0.320850250695303
11.0,0.809767,0.3461551375629623
9.0,1.056456,0.3974942185027237
14.0,0.0,0.06043723278320338
12.0,0.24669,0.10155217361794867
12.0,0.24669,0.14266711445269398
12.0,0.28382,0.10774050422440586
12.0,0.616814,0.17762355275870684
12.0,0.0,0.0784522637292688
11.0,0.28382,0.12575553517047128
14.0,0.0,0.12334482250423587
12.0,0.24669,0.20557470417372645
13.0,0.24669,0.14938499606988465
12.0,0.0,0.16445976333898116
11.0,0.24669,0.20557470417372645
13.0,0.24669,0.2072012105966609
15.0,0.28382,0.21110063554487746
12.0,0.616814,0.25419173286896335
12.0,0.0,0.12087446556640676
10.0,0.28382,0.16817773700760924
11.0,0.0,0.18378205528743927
12.0,0.0,0.22489699612218456
13.0,0.28382,0.2715378683280809
12.0,0.0,0.08408886850380462
11.0,0.24669,0.1663187501732952
10.0,0.0,0.10210389944987006
11.0,0.0,0.1881113990595824
11.0,0.24669,0.23085284631726216
12.0,0.24669,0.15059881913750398
12.0,0.24669,0.25462134969328176
12.0,0.0,0.1313921399450071
11.0,0.24669,0.17250708077975238
11.0,0.0,0.14940717089107253
12.0,0.0,0.19429972966603962
11.0,0.24669,0.22033990323168834
14.0,0.24669,0.2122861444284843
13.0,0.24669,0.2751937341495168
12.0,0.28382,0.16308178413348076
10.0,0.28382,0.1810968150795462
12.0,0.616814,0.24464208219509703
12.0,0.24669,0.10155217361794867
10.0,0.493379,0.14266711445269398
11.0,0.493379,0.18378205528743924
11.0,0.53051,0.14885544505915116
10.0,0.863503,0.21873849359345213
12.0,0.24669,0.13985323413423661
10.0,0.53051,0.1871565055754391
13.0,0.24669,0.14296096108892936
11.0,0.493379,0.22519084275841994
9.0,0.493379,0.18433378111936063
13.0,0.24669,0.20464828637990967
11.0,0.493379,0.24576322721465496
12.0,0.493379,0.2560507197032774
12.0,0.53051,0.24503587715385938
10.0,0.863503,0.29726634385831197
12.0,0.0,0.11448232562139968
11.0,0.28382,0.16178559706260215
12.0,0.0,0.17738991534243218
11.0,0.0,0.21850485617717746
13.0,0.28382,0.26514572838307376
11.0,0.0,0.1381339613420009
9.0,0.0,0.24215649189777871
11.0,0.0,0.1854372327832034
10.0,0.0,0.2483448225042359
11.0,0.28382,0.21712687697167707
11.0,0.24669,0.15559726645614497
10.0,0.53051,0.20290053789734747
11.0,0.24669,0.19700605392712564
12.0,0.24669,0.258693379218106
10.0,0.53051,0.2990809699920557
12.0,0.0,0.16445976333898116
11.0,0.24669,0.24668964500847174
11.0,0.0,0.1824747942850466
11.0,0.0,0.26848229389475897
11.0,0.24669,0.3112237411524387
12.0,0.0,0.22489699612218453
10.0,0.0,0.3289195266779623
10.0,0.0,0.2354146705007849
9.0,0.0,0.25342970144685034
12.0,0.24669,0.3163086749842621
11.0,0.24669,0.20557470417372645
9.0,0.493379,0.287804585843217
12.0,0.24669,0.24387576469001443
11.0,0.24669,0.30867081693568743
10.0,0.493379,0.3600732502590551
13.0,0.24669,0.20211633165404652
11.0,0.24669,0.3061388622098243
11.0,0.24669,0.27307123881585027
11.0,0.493379,0.24323127248879184
11.0,0.493379,0.34632738525075285
11.0,0.0,0.12334482250423587
9.0,0.24669,0.16445976333898116
9.0,0.0,0.1413598534503013
11.0,0.0,0.18625241222526837
10.0,0.24669,0.21229258579091714
11.0,0.0,0.18378205528743924
8.0,0.0,0.24668964500847174
9.0,0.0,0.14699645822483712
7.0,0.0,0.16501148917090255
10.0,0.24669,0.21350640885853647
9.0,0.24669,0.16445976333898116
7.0,0.493379,0.20557470417372645
10.0,0.24669,0.2027608238552691
10.0,0.24669,0.20586855080996183
6.0,0.493379,0.24724137084039313
14.0,0.24669,0.20211633165404652
13.0,0.24669,0.265023921375079
12.0,0.24669,0.22576796737464777
12.0,0.493379,0.24323127248879184
12.0,0.493379,0.2846400599597725
14.0,0.28382,0.21110063554487749
12.0,0.28382,0.22911566649094292
13.0,0.28382,0.27153786832808086
12.0,0.53051,0.2522155763796228
12.0,0.53051,0.2905166368959107
12.0,0.616814,0.26580812761837996
10.0,0.863503,0.3069230684531252
12.0,0.21618,0.09646729467533424
11.0,0.46287,0.13758223551007953
11.0,0.46287,0.17869717634482482
12.0,0.5,0.1437705661165367
11.0,0.832994,0.21365361465083768
10.0,0.21618,0.1569045274585376
10.0,0.5,0.2042077988997401
11.0,0.21618,0.12011893039593548
10.0,0.46287,0.20234881206542607
10.0,0.46287,0.18662888102963485
11.0,0.21618,0.16742220183713796
10.0,0.46287,0.20853714267188325
14.0,0.46287,0.24831620632061516
11.0,0.5,0.19911184602561163
11.0,0.832994,0.2806721440872279
12.0,0.21618,0.13114285149316604
11.0,0.5,0.1784461229343685
10.0,0.21618,0.15479448721376726
11.0,0.21618,0.20209775865496976
10.0,0.5,0.23378740284344343
15.0,0.21618,0.19721781852182052
13.0,0.46287,0.27944770019131104
13.0,0.21618,0.25765505130502386
13.0,0.21618,0.26817272568362427
14.0,0.46287,0.34906673016710144
12.0,0.46287,0.2299693423505882
10.0,0.46287,0.30092424951239194
14.0,0.21618,0.19721781852182055
12.0,0.46287,0.23833275935656584
13.0,0.21618,0.2576550513050239
12.0,0.21618,0.22086945424242174
12.0,0.46287,0.2873794048761211
12.0,0.46287,0.24667061604261922
10.0,0.46287,0.27032225176322044
10.0,0.5,0.26958574555860165
8.0,0.5,0.33002297834180505
10.0,0.832994,0.31424661661663816
12.0,0.24669,0.14266711445269395
11.0,0.493379,0.18378205528743924
11.0,0.493379,0.22489699612218453
11.0,0.53051,0.18997038589389645
11.0,0.863503,0.25985343442819736
11.0,0.24669,0.16068214539875939
10.0,0.53051,0.20798541683996188
12.0,0.24669,0.20557470417372645
10.0,0.493379,0.287804585843217
11.0,0.493379,0.23161487773937517
10.0,0.24669,0.24668964500847174
9.0,0.493379,0.287804585843217
11.0,0.493379,0.2894310922661515
13.0,0.53051,0.2933305172143681
10.0,0.863503,0.3364216145384539
14.0,0.24669,0.19258456971839855
14.0,0.53051,0.23988784115960105
13.0,0.24669,0.25549215943943104
12.0,0.24669,0.2966071002741763
14.0,0.53051,0.34324797248007266
13.0,0.24669,0.19845995577345246
12.0,0.493379,0.28068983744294307
11.0,0.24669,0.2164749867195179
11.0,0.24669,0.30248248632923025
11.0,0.493379,0.34522393358690995
12.0,0.493379,0.24709472999645896
10.0,0.493379,0.3511172605522368
13.0,0.24669,0.20464828637990964
12.0,0.493379,0.24576322721465493
12.0,0.24669,0.22266331732597508
13.0,0.24669,0.26755587610094217
12.0,0.493379,0.29359604966659086
12.0,0.493379,0.267667114452694
11.0,0.493379,0.3305747041737265
11.0,0.53051,0.2594199310036372
10.0,0.53051,0.27743496194970263
12.0,0.563077,0.17098478289414157
10.0,0.809767,0.21209972372888686
11.0,0.809767,0.2532146645636322
11.0,0.846897,0.21828805433534407
10.0,1.179891,0.288171102869645
12.0,0.563077,0.21273729814119444
11.0,0.846897,0.26004056958239696
12.0,0.563077,0.2341710742446497
10.0,0.809767,0.3164009559141403
10.0,0.809767,0.27548054189147475
11.0,0.563077,0.2547434587008848
10.0,0.809767,0.2958583995356301
10.0,0.846897,0.3124820793731006
8.0,1.179891,0.3622236005419356
14.0,0.21618,0.14213072901003554
13.0,0.5,0.18943400045123798
15.0,0.21618,0.20503831873106798
13.0,0.21618,0.2461532595658133
12.0,0.5,0.2927941317717096
13.0,0.21618,0.1657823647306368
12.0,0.21618,0.2698048952864145
14.0,0.21618,0.21308563617183923
13.0,0.21618,0.27599322589287173
14.0,0.5,0.24477528036031287
13.0,0.46287,0.1832456698447808
11.0,0.74669,0.2305489412859833
14.0,0.46287,0.22465445731576145
13.0,0.46287,0.2863417826067418
12.0,0.74669,0.3267293733806915
13.0,0.21618,0.2461532595658133
11.0,0.21618,0.35017579012159106
12.0,0.21618,0.31710816672761705
12.0,0.46287,0.28726820040055856
11.0,0.46287,0.3903643131625196
14.0,0.21618,0.20503831873106798
13.0,0.21618,0.2679459084521005
12.0,0.21618,0.22868995445166923
12.0,0.46287,0.2461532595658133
12.0,0.46287,0.28756204703679394
12.0,0.5,0.2927941317717096
10.0,0.74669,0.3339090726064549
13.0,0.43236,0.1781607909021664
12.0,0.71618,0.22546406234336885
11.0,0.43236,0.2018124266227676
13.0,0.43236,0.2491156980639701
11.0,0.71618,0.28080534225244375
12.0,0.43236,0.2789113147486526
11.0,0.43236,0.34986622191045635
12.0,0.43236,0.27891131474865266
10.0,0.43236,0.3025629504692539
10.0,0.71618,0.3512792417854338
14.0,0.46287,0.22436061067952606
13.0,0.74669,0.27166388212072856
13.0,0.46287,0.28726820040055856
12.0,0.46287,0.3283831412353039
11.0,0.74669,0.37502401344120023
13.0,0.46287,0.28015345200028463
11.0,0.46287,0.38417598255606245
15.0,0.46287,0.2863417826067418
14.0,0.46287,0.3492493723277743
13.0,0.74669,0.34111342723046933
14.0,0.779257,0.25267827912097374
11.0,1.063077,0.29998155056217624
12.0,0.779257,0.31586457047148186
13.0,0.779257,0.33643695492771686
10.0,1.063077,0.3941755755999327
14.0,0.24669,0.15184891164528092
12.0,0.493379,0.2340787933147715
14.0,0.24669,0.16986394259134632
13.0,0.24669,0.25587144220105873
13.0,0.493379,0.2986128894587385
14.0,0.24669,0.21228614442848429
12.0,0.24669,0.3163086749842621
13.0,0.24669,0.22280381880708464
12.0,0.24669,0.24081884975315007
13.0,0.493379,0.30369782329056183
13.0,0.493379,0.1929638524800262
11.0,0.740069,0.27519373414951676
13.0,0.493379,0.2312649129963142
13.0,0.493379,0.2960599652419872
12.0,0.740069,0.3474623985653549
13.0,0.24669,0.2058940044834772
11.0,0.24669,0.309916535039255
12.0,0.24669,0.27684891164528097
11.0,0.493379,0.2470089453182225
11.0,0.493379,0.3501050580801835
14.0,0.24669,0.2147565013663134
13.0,0.24669,0.23277153231237885
13.0,0.24669,0.27519373414951676
12.0,0.493379,0.25587144220105873
12.0,0.493379,0.2941725027173467
13.0,0.493379,0.29352801051612404
11.0,0.740069,0.33464295135086936
15.0,0.46287,0.18787897353741176
13.0,0.709559,0.27010885520690237
14.0,0.46287,0.24831620632061516
13.0,0.46287,0.25883388069921553
13.0,0.709559,0.33972788518269265
14.0,0.46287,0.22255453035524358
12.0,0.46287,0.2935094375170473
16.0,0.46287,0.28862949738389804
14.0,0.46287,0.34906673016710144
12.0,0.709559,0.33808229490469677
13.0,0.493379,0.2340787933147715
12.0,0.740069,0.3163086749842621
12.0,0.493379,0.25209382426083693
11.0,0.493379,0.33810132387054925
11.0,0.740069,0.380842771128229
13.0,0.493379,0.28399624858047606
11.0,0.493379,0.3880187791362539
13.0,0.493379,0.2960599652419872
12.0,0.493379,0.3140749961880526
13.0,0.740069,0.35907879331477155
14.0,0.809767,0.2623964617562191
12.0,1.056456,0.34462634342570964
12.0,0.809767,0.304148977003272
12.0,0.809767,0.34615513756296223
12.0,0.563077,0.20853714267188325
10.0,0.563077,0.3125596732276611
11.0,0.563077,0.27949204983368703
10.0,0.809767,0.24965208350662854
11.0,0.809767,0.35274819626858955
12.0,0.563077,0.2714447323929158
10.0,0.809767,0.3125596732276611
12.0,0.779257,0.24456720456401412
10.0,0.779257,0.3155221117258179
13.0,0.779257,0.34531772841050035
10.0,0.809767,0.2907670243413739
8.0,0.809767,0.3947895548971516
12.0,0.809767,0.35274819626858955
12.0,1.126155,0.3190846927828215
9.0,1.126155,0.4028433685895646
12.0,0.0,0.02365163572060124
11.0,0.24669,0.06476657655534654
12.0,0.21618,0.05968169761273211
12.0,0.24669,0.10588151739009181
12.0,0.563077,0.13419918583153945
10.0,0.0,0.04166666666666667
10.0,0.24669,0.12389654833615725
12.0,0.0,0.08655922544163373
10.0,0.21618,0.1225892873337646
11.0,0.24669,0.1125993990072825
12.0,0.0,0.07769672855879754
10.0,0.24669,0.11881166939354283
11.0,0.21618,0.10183416782384991
13.0,0.24669,0.16533073459144432
11.0,0.563077,0.1912263630875929
12.0,0.0,0.08408886850380462
11.0,0.24669,0.1663187501732952
9.0,0.0,0.14699645822483712
11.0,0.0,0.13813396134200093
12.0,0.24669,0.2257679673746477
10.0,0.0,0.04730327144120248
10.0,0.21618,0.08333333333333334
8.0,0.0,0.0653183023872679
10.0,0.0,0.10134836427939878
9.0,0.21618,0.12548580354445113
11.0,0.24669,0.11381322207490183
10.0,0.24669,0.16785831491309816
10.0,0.0,0.1252038093385499
9.0,0.24669,0.1663187501732952
9.0,0.0,0.14321884028461535
11.0,0.0,0.1881113990595824
10.0,0.24669,0.21415157262523116
13.0,0.21618,0.16578236473063673
12.0,0.21618,0.22868995445166923
11.0,0.24669,0.16931221675942495
10.0,0.24669,0.1873272477054904
10.0,0.563077,0.21161639393624948
11.0,0.24669,0.06476657655534654
9.0,0.493379,0.10588151739009183
10.0,0.46287,0.10079663844747741
10.0,0.493379,0.14699645822483712
10.0,0.809767,0.17531412666628476
11.0,0.24669,0.10306763707163451
10.0,0.493379,0.1852975187411251
11.0,0.24669,0.1061753640263272
10.0,0.46287,0.14220542591845806
7.0,0.493379,0.1475481840567585
11.0,0.24669,0.1557989726557964
10.0,0.493379,0.1969139134905417
10.0,0.46287,0.1906955925702301
11.0,0.493379,0.21030913293385683
8.0,0.809767,0.2465319266988072
11.0,0.0,0.07769672855879754
11.0,0.24669,0.15992661022828814
11.0,0.0,0.14060431827983003
10.0,0.0,0.13174182139699384
12.0,0.24669,0.21937582742964062
10.0,0.0,0.10134836427939878
8.0,0.0,0.15539345711759509
10.0,0.0,0.1792489021767462
9.0,0.0,0.2421564918977787
11.0,0.24669,0.22335730959762126
10.0,0.24669,0.11881166939354283
9.0,0.493379,0.2010415510630334
10.0,0.24669,0.16022045686452352
11.0,0.24669,0.2098440654939927
9.0,0.493379,0.26435422577205314
11.0,0.0,0.12767416627637904
11.0,0.21618,0.1637042281685099
9.0,0.0,0.14568919722244447
11.0,0.0,0.18171925911457532
11.0,0.21618,0.20585669837962767
11.0,0.0,0.1881113990595824
9.0,0.0,0.24215649189777871
9.0,0.0,0.2292263398943277
7.0,0.0,0.24724137084039313
12.0,0.21618,0.26980489528641455
10.0,0.24669,0.16878910711112433
9.0,0.46287,0.2048191690032552
11.0,0.24669,0.20709016762741228
10.0,0.24669,0.25982150321157416
8.0,0.46287,0.2947181231260079
11.0,0.24669,0.16533073459144437
11.0,0.24669,0.21937582742964068
10.0,0.24669,0.26688290820939303
10.0,0.493379,0.2064456754261897
8.0,0.493379,0.2974780715266395
10.0,0.0,0.04166666666666667
9.0,0.24669,0.08278160750141196
8.0,0.0,0.05968169761273211
10.0,0.0,0.10457425638769917
9.0,0.24669,0.13061442995334793
10.0,0.0,0.10210389944987004
7.0,0.0,0.16501148917090255
8.0,0.0,0.0653183023872679
6.0,0.0,0.08333333333333334
9.0,0.24669,0.13182825302096726
9.0,0.24669,0.08278160750141196
7.0,0.493379,0.12389654833615725
9.0,0.24669,0.12108266801769994
9.0,0.24669,0.12419039497239263
5.0,0.493379,0.16556321500282392
11.0,0.21618,0.10183416782384991
10.0,0.21618,0.1647417575448824
9.0,0.21618,0.12548580354445116
10.0,0.46287,0.1429491086585952
9.0,0.46287,0.18435789612957587
12.0,0.24669,0.17041561353405876
10.0,0.24669,0.1884306444801242
11.0,0.24669,0.23085284631726213
10.0,0.493379,0.21153055436880402
10.0,0.493379,0.24983161488509198
11.0,0.563077,0.20792763677962386
10.0,0.809767,0.24904257761436918
11.0,0.21618,0.05968169761273211
10.0,0.46287,0.1007966384474774
9.0,0.43236,0.09571175950486298
12.0,0.46287,0.1419115792822227
11.0,0.779257,0.17022924772367032
11.0,0.21618,0.12011893039593548
10.0,0.46287,0.20234881206542607
10.0,0.21618,0.08333333333333334
7.0,0.43236,0.11936339522546421
10.0,0.46287,0.1498432839670327
10.0,0.21618,0.16123387123068075
9.0,0.46287,0.20234881206542604
12.0,0.43236,0.2018124266227676
11.0,0.46287,0.20534227865155583
8.0,0.779257,0.24764645582838032
11.0,0.21618,0.0943572544305639
11.0,0.46287,0.1765871361000545
9.0,0.21618,0.11800889015116514
10.0,0.21618,0.19590942804851258
10.0,0.46287,0.24001783546938762
14.0,0.21618,0.16043222145921843
12.0,0.43236,0.1964622833513493
12.0,0.21618,0.22086945424242174
12.0,0.21618,0.26198439507716703
10.0,0.43236,0.3025629504692539
10.0,0.46287,0.19318374528798607
8.0,0.46287,0.2947359189059347
11.0,0.21618,0.09435725443056392
10.0,0.46287,0.1354721952653092
10.0,0.21618,0.1547944872137673
9.0,0.21618,0.11800889015116516
9.0,0.46287,0.18451884078486452
7.0,0.43236,0.13174182139699384
5.0,0.43236,0.15539345711759509
12.0,0.46287,0.20988501898001705
10.0,0.46287,0.27032225176322044
9.0,0.779257,0.2430954360403383
12.0,0.24669,0.10588151739009181
10.0,0.493379,0.14699645822483712
11.0,0.46287,0.14191157928222267
10.0,0.493379,0.18811139905958238
11.0,0.809767,0.21642906750103003
10.0,0.24669,0.12389654833615725
8.0,0.493379,0.20612643000564781
11.0,0.24669,0.1687891071111243
10.0,0.46287,0.20481916900325517
11.0,0.493379,0.19482928067677308
10.0,0.24669,0.1599266102282881
9.0,0.493379,0.2010415510630334
11.0,0.46287,0.1840640494933405
11.0,0.493379,0.2475606162609349
9.0,0.809767,0.2734562447570834
14.0,0.24669,0.1557989726557964
12.0,0.493379,0.23802885432528698
13.0,0.24669,0.2187065623768289
12.0,0.24669,0.2098440654939927
12.0,0.493379,0.29747807152663946
12.0,0.24669,0.1616743587108503
11.0,0.46287,0.19770442060298118
10.0,0.24669,0.17968938965691575
10.0,0.24669,0.21571945154904662
10.0,0.46287,0.23985689081409897
11.0,0.493379,0.21030913293385683
9.0,0.493379,0.26435422577205314
11.0,0.24669,0.16088385159841084
10.0,0.493379,0.20199879243315613
10.0,0.24669,0.17889888254447628
11.0,0.24669,0.22379144131944334
10.0,0.493379,0.2498316148850921
11.0,0.46287,0.20739686626226114
10.0,0.46287,0.27030445598329367
8.0,0.493379,0.22977806572624906
6.0,0.493379,0.2477930966723145
9.0,0.809767,0.2732628136837747
12.0,0.563077,0.13419918583153945
10.0,0.809767,0.17531412666628474
11.0,0.779257,0.17022924772367032
11.0,0.809767,0.21642906750103003
8.0,1.126155,0.24474673594247764
11.0,0.563077,0.17595170107859232
9.0,0.809767,0.2581815827480829
11.0,0.563077,0.19738547718204758
8.0,0.779257,0.23341553907417845
10.0,0.809767,0.23869494482887255
11.0,0.563077,0.1926529747706233
9.0,0.809767,0.23376791560536858
9.0,0.779257,0.23297880516317226
9.0,0.809767,0.26542583181384005
5.0,1.126155,0.3044284335552097
12.0,0.24669,0.14566058103882373
11.0,0.493379,0.2278904627083143
12.0,0.24669,0.20856817075985623
12.0,0.24669,0.19970567387702004
13.0,0.493379,0.2873396799096668
11.0,0.24669,0.16931221675942495
10.0,0.24669,0.2233573095976213
11.0,0.24669,0.2472127546567724
11.0,0.24669,0.3101203443778049
10.0,0.493379,0.29132116207764747
11.0,0.493379,0.18677552187356902
10.0,0.740069,0.2690054035430596
12.0,0.493379,0.2281843093445497
11.0,0.493379,0.2778079179740189
11.0,0.740069,0.3323180782520793
10.0,0.24669,0.24968311159460152
10.0,0.24669,0.3037282044327978
9.0,0.24669,0.3512352852125502
9.0,0.493379,0.2907980524293468
9.0,0.493379,0.3818304485297967
11.0,0.24669,0.16367561198488917
11.0,0.24669,0.22658320170592167
10.0,0.24669,0.1873272477054904
10.0,0.493379,0.20479055281963446
10.0,0.493379,0.24619934029061513
9.0,0.493379,0.29242455885228125
8.0,0.740069,0.3335394996870265
12.0,0.46287,0.1816906429309546
12.0,0.709559,0.2639205246004452
11.0,0.46287,0.20534227865155585
11.0,0.46287,0.28324281654890326
10.0,0.709559,0.32735122396977834
13.0,0.46287,0.28244116677744086
11.0,0.46287,0.3839933403953895
12.0,0.46287,0.2163661997487864
10.0,0.46287,0.24001783546938765
11.0,0.709559,0.33189396429823953
12.0,0.493379,0.2278904627083143
10.0,0.740069,0.3101203443778049
12.0,0.493379,0.2907980524293468
11.0,0.493379,0.2819355555465106
11.0,0.740069,0.3695695615791574
11.0,0.493379,0.2836833040290728
10.0,0.493379,0.33772839686726913
11.0,0.493379,0.2828927969166333
11.0,0.493379,0.3458003866376658
8.0,0.740069,0.3517870110444716
12.0,0.809767,0.25620813114976193
11.0,1.056456,0.3384380128192525
10.0,0.809767,0.31939442250027006
12.0,0.809767,0.31466192008884575
9.0,1.056456,0.38743477713206254
13.0,0.28382,0.10264455135027739
12.0,0.5,0.13867461324240826
11.0,0.28382,0.12065958229634283
13.0,0.28382,0.1566896441884737
12.0,0.5,0.18082708345352605
12.0,0.28382,0.16308178413348076
11.0,0.28382,0.21712687697167707
12.0,0.28382,0.20419672496822605
10.0,0.28382,0.2222117559142915
14.0,0.5,0.24477528036031287
12.0,0.53051,0.14375949218502268
11.0,0.74669,0.17978955407715355
11.0,0.53051,0.18206055270131066
13.0,0.53051,0.23479188828547254
11.0,0.74669,0.26968850819990625
12.0,0.28382,0.1566896441884737
11.0,0.28382,0.21073473702667
11.0,0.28382,0.25824181780642236
11.0,0.53051,0.197804585023219
11.0,0.53051,0.28883698112366885
11.0,0.28382,0.12065958229634283
9.0,0.28382,0.13867461324240826
10.0,0.28382,0.1810968150795462
10.0,0.53051,0.16177452313108812
9.0,0.53051,0.2000755836473761
9.0,0.5,0.18082708345352605
8.0,0.74669,0.22194202428827134
12.0,0.5,0.13867461324240826
10.0,0.71618,0.17470467513453913
11.0,0.5,0.19911184602561163
11.0,0.5,0.24022678686035692
12.0,0.71618,0.28080534225244375
12.0,0.5,0.17335017006024006
10.0,0.5,0.2749023436781887
12.0,0.5,0.17335017006024006
10.0,0.5,0.23378740284344343
8.0,0.71618,0.21073473702667
13.0,0.53051,0.18487443301976797
12.0,0.74669,0.22090449491189884
11.0,0.53051,0.2028894639658334
11.0,0.53051,0.23891952585796428
11.0,0.74669,0.26305696512301663
14.0,0.53051,0.23479188828547254
12.0,0.53051,0.28883698112366885
12.0,0.53051,0.23987676722808698
10.0,0.53051,0.2578917981741524
12.0,0.74669,0.28638978189193726
13.0,0.846897,0.2131921014612156
11.0,1.063077,0.24922216335334646
12.0,0.846897,0.25494461670826846
12.0,0.846897,0.2716458904002994
9.0,1.063077,0.3119717207928484
10.0,0.616814,0.1985889032616715
10.0,0.616814,0.2526339960998678
9.0,0.616814,0.3001410768796201
9.0,0.863503,0.2397038440964168
10.0,0.863503,0.33073624019686654
9.0,0.616814,0.21660393420773694
7.0,0.863503,0.2577188750424822
10.0,0.832994,0.23461896515380237
8.0,0.832994,0.336171138771751
10.0,0.832994,0.26929452197163417
10.0,0.863503,0.2808187849311621
8.0,0.863503,0.33486387776935833
10.0,0.863503,0.335821119139481
10.0,1.179891,0.3091364533726097
8.0,1.179891,0.3675902423116935
13.0,0.24669,0.09016158635430059
11.0,0.493379,0.13127652718904587
11.0,0.24669,0.10817661730036601
13.0,0.24669,0.1530691760753331
12.0,0.493379,0.17910934964098185
12.0,0.24669,0.15059881913750398
10.0,0.24669,0.21350640885853647
11.0,0.24669,0.11381322207490183
9.0,0.24669,0.13182825302096726
10.0,0.493379,0.18032317270860118
11.0,0.493379,0.1312765271890459
9.0,0.740069,0.17239146802379118
12.0,0.493379,0.16957758770533388
12.0,0.493379,0.17268531466002657
8.0,0.740069,0.21405813469045784
12.0,0.24669,0.14420667919249688
11.0,0.24669,0.2071142689135294
10.0,0.24669,0.16785831491309813
11.0,0.493379,0.1853216200272422
10.0,0.493379,0.22673040749822287
12.0,0.24669,0.1941841169100784
11.0,0.24669,0.21219914785614383
12.0,0.24669,0.25462134969328176
11.0,0.493379,0.23529905774482368
11.0,0.493379,0.2736001182611117
12.0,0.493379,0.23184068522514373
10.0,0.740069,0.27295562605988904
12.0,0.46287,0.12619164824643145
10.0,0.709559,0.16730658908117674
10.0,0.46287,0.18662888102963485
10.0,0.46287,0.1498432839670327
8.0,0.709559,0.21635323460073205
11.0,0.46287,0.16086720506426327
9.0,0.46287,0.18451884078486452
14.0,0.46287,0.22694217209291773
12.0,0.46287,0.2873794048761211
11.0,0.709559,0.25969369592168545
11.0,0.493379,0.17239146802379118
10.0,0.740069,0.21350640885853647
10.0,0.493379,0.19040649896985662
11.0,0.493379,0.23529905774482368
10.0,0.740069,0.26133923131047243
13.0,0.493379,0.22230892328949575
12.0,0.493379,0.2852165130105283
12.0,0.493379,0.2281843093445497
10.0,0.493379,0.24619934029061513
11.0,0.740069,0.27681908356755625
11.0,0.809767,0.2007091364652388
9.0,1.056456,0.2418240772999841
11.0,0.809767,0.24246165171229167
11.0,0.809767,0.26389542781574693
9.0,1.056456,0.3052048954625719
11.0,0.563077,0.18796475821564823
11.0,0.563077,0.25087234793668073
10.0,0.563077,0.21161639393624948
10.0,0.809767,0.22907969905039352
11.0,0.809767,0.2704884865213742
10.0,0.563077,0.291987288771426
8.0,0.809767,0.3331022296061713
10.0,0.779257,0.2239948201077791
8.0,0.779257,0.24764645582838032
12.0,0.779257,0.32474534395426535
10.0,0.809767,0.2701946398851388
10.0,0.809767,0.3331022296061713
11.0,0.809767,0.32598748120589727
11.0,1.126155,0.2985123083265864
9.0,1.126155,0.3616985996770946
13.0,0.616814,0.18420484941189366
11.0,0.616814,0.2022198803579591
12.0,0.616814,0.24464208219509703
11.0,0.863503,0.22531979024663895
11.0,0.863503,0.2636208507629269
11.0,0.616814,0.23824994225008997
9.0,0.863503,0.2793648830848352
12.0,0.832994,0.22023491130402453
11.0,0.832994,0.28067214408722785
12.0,0.832994,0.25491046812185636
11.0,0.863503,0.2664347310813842
9.0,0.863503,0.28444976202744965
12.0,0.863503,0.3163521863470888
12.0,1.179891,0.29475239952283183
10.0,1.179891,0.33650491476988464
10.0,0.993379,0.25328899689560946
9.0,1.240069,0.29440393773035484
9.0,1.209559,0.2893190587877404
10.0,1.240069,0.33551887856510004
9.0,1.556456,0.3638365470065477
13.0,0.24669,0.08222988166949058
11.0,0.493379,0.12334482250423587
12.0,0.46287,0.11825994356162145
12.0,0.493379,0.16445976333898116
12.0,0.809767,0.19277743178042878
11.0,0.493379,0.16445976333898116
10.0,0.740069,0.24668964500847174
12.0,0.53051,0.12953315311069305
11.0,0.74669,0.16556321500282392
12.0,0.863503,0.19941620164499405
11.0,0.493379,0.12334482250423587
10.0,0.740069,0.16445976333898116
12.0,0.809767,0.19277743178042878
13.0,0.863503,0.19941620164499402
9.0,1.240069,0.24779309667231453
12.0,0.24669,0.14266711445269398
11.0,0.493379,0.22489699612218456
11.0,0.53051,0.18997038589389645
11.0,0.493379,0.18378205528743927
11.0,0.863503,0.2598534344281974
12.0,0.24669,0.10588151739009183
11.0,0.46287,0.1419115792822227
10.0,0.493379,0.1881113990595824
10.0,0.493379,0.14699645822483712
11.0,0.809767,0.21642906750103003
12.0,0.493379,0.17239146802379118
10.0,0.740069,0.21350640885853647
11.0,0.24669,0.18378205528743924
10.0,0.493379,0.22489699612218453
9.0,0.493379,0.2660119369569298
12.0,0.53051,0.23108532672864174
11.0,0.863503,0.3009683752629427
14.0,0.46287,0.22436061067952612
13.0,0.74669,0.2716638821207286
12.0,0.493379,0.2278904627083143
10.0,0.740069,0.3101203443778049
11.0,0.809767,0.2701946398851388
12.0,0.24669,0.15318478883129433
11.0,0.493379,0.19429972966603962
12.0,0.46287,0.1892148507234252
12.0,0.493379,0.2354146705007849
12.0,0.809767,0.2637323389422325
13.0,0.493379,0.23407879331477152
12.0,0.740069,0.3163086749842621
13.0,0.53051,0.18487443301976797
12.0,0.74669,0.22090449491189884
11.0,0.863503,0.2664347310813842
12.0,0.493379,0.23407879331477152
11.0,0.740069,0.27519373414951687
10.0,0.809767,0.2907670243413739
12.0,0.863503,0.2808187849311621
10.0,1.240069,0.33551887856510015
11.0,0.24669,0.13627497450768689
11.0,0.493379,0.21850485617717746
11.0,0.53051,0.18357824594888938
10.0,0.493379,0.17738991534243218
11.0,0.863503,0.2534612944831903
10.0,0.24669,0.15992661022828814
8.0,0.493379,0.20104155106303342
10.0,0.24669,0.23782714812563555
10.0,0.53051,0.28513041956683804
11.0,0.493379,0.2819355555465106
11.0,0.24669,0.2072298816694906
10.0,0.493379,0.2894597633389812
11.0,0.53051,0.23891952585796428
11.0,0.493379,0.2881238861529678
10.0,0.863503,0.3348638777693584
11.0,0.24669,0.18625241222526837
11.0,0.46287,0.22228247411739924
9.0,0.493379,0.26848229389475897
10.0,0.493379,0.22736735306001365
11.0,0.809767,0.29679996233620654
11.0,0.24669,0.24668964500847174
9.0,0.493379,0.287804585843217
9.0,0.24669,0.28780458584321705
7.0,0.493379,0.3700344675127075
12.0,0.46287,0.3283831412353039
10.0,0.24669,0.25720731938707214
10.0,0.46287,0.293237381279203
11.0,0.493379,0.3381013238705493
10.0,0.493379,0.33810132387054925
8.0,0.809767,0.3947895548971516
11.0,0.493379,0.2239089805403337
10.0,0.740069,0.265023921375079
10.0,0.493379,0.3254611541582824
11.0,0.493379,0.2948638877021375
10.0,0.740069,0.37575789218561456
12.0,0.24669,0.10024491261555601
10.0,0.493379,0.1413598534503013
10.0,0.493379,0.1824747942850466
11.0,0.53051,0.14754818405675849
11.0,0.863503,0.21743123259105948
11.0,0.24669,0.16068214539875939
10.0,0.53051,0.20798541683996188
10.0,0.24669,0.12389654833615725
8.0,0.493379,0.20612643000564784
11.0,0.493379,0.19040649896985662
10.0,0.24669,0.17119981977735974
9.0,0.493379,0.21231476061210502
11.0,0.493379,0.25209382426083693
11.0,0.53051,0.2028894639658334
9.0,0.863503,0.28444976202744965
12.0,0.46287,0.16041241377273924
12.0,0.74669,0.20771568521394174
11.0,0.46287,0.1840640494933405
12.0,0.46287,0.23136732093454296
11.0,0.74669,0.26305696512301663
12.0,0.493379,0.2289938594829481
10.0,0.740069,0.31122374115243867
12.0,0.493379,0.2894310922661515
11.0,0.493379,0.2999487666447518
11.0,0.740069,0.38084277112822895
12.0,0.809767,0.2665058827285133
11.0,0.809767,0.337460789890317
12.0,0.24669,0.14513747139052308
11.0,0.493379,0.18625241222526837
11.0,0.46287,0.18116753328265395
12.0,0.493379,0.22736735306001365
11.0,0.809767,0.2556850215014613
12.0,0.24669,0.20557470417372645
10.0,0.493379,0.287804585843217
11.0,0.24669,0.1687891071111243
10.0,0.46287,0.20481916900325517
11.0,0.493379,0.23529905774482368
10.0,0.24669,0.24668964500847174
9.0,0.493379,0.287804585843217
13.0,0.46287,0.2872682004005586
11.0,0.493379,0.2907980524293468
10.0,0.809767,0.3331022296061713
12.0,0.493379,0.2239089805403337
12.0,0.740069,0.3061388622098243
11.0,0.493379,0.24756061626093495
11.0,0.493379,0.3254611541582824
11.0,0.740069,0.36956956157915744
14.0,0.53051,0.2328932844311647
13.0,0.74669,0.26892334632329556
13.0,0.53051,0.2933305172143681
12.0,0.53051,0.3344454580491133
11.0,0.74669,0.3750240134412002
10.0,0.863503,0.2876007765046672
8.0,0.863503,0.38915295012261575
12.0,0.493379,0.17117764495617183
10.0,0.740069,0.21229258579091712
11.0,0.493379,0.2316148777393752
11.0,0.493379,0.19482928067677308
10.0,0.740069,0.26133923131047243
11.0,0.809767,0.24980460903648224
9.0,0.809767,0.2734562447570835
11.0,0.863503,0.27598438175525053
10.0,0.863503,0.3364216145384539
10.0,1.240069,0.327174973680829
11.0,0.493379,0.16445976333898116
10.0,0.740069,0.20557470417372645
11.0,0.709559,0.20048982523111203
10.0,0.740069,0.24668964500847174
11.0,1.056456,0.27500731344991936
10.0,0.740069,0.24668964500847174
8.0,0.986758,0.3289195266779623
12.0,0.777199,0.21176303478018366
9.0,0.993379,0.24779309667231453
11.0,1.110193,0.2816460833144846
9.0,0.740069,0.20557470417372645
8.0,0.986758,0.24668964500847174
11.0,1.056456,0.27500731344991936
11.0,1.110193,0.2816460833144846
7.0,1.486758,0.33002297834180505
12.0,0.493379,0.21437721860468573
12.0,0.740069,0.29660710027417636
13.0,0.777199,0.2616804900458882
11.0,0.740069,0.25549215943943104
12.0,1.110193,0.33156353858018917
12.0,0.493379,0.22025260465973967
12.0,0.709559,0.25628266655187054
10.0,0.740069,0.30248248632923025
10.0,0.740069,0.261367545494485
9.0,1.056456,0.33080015477067787
11.0,0.740069,0.26888737888274616
9.0,0.986758,0.3100023197174915
12.0,0.493379,0.21946209754730017
11.0,0.740069,0.2605770383820455
10.0,0.740069,0.3016919792167907
12.0,0.777199,0.26676536898850267
11.0,1.110193,0.3366484175228036
11.0,0.709559,0.2659751122111505
10.0,0.993379,0.31327838365235305
8.0,0.740069,0.2883563116751384
6.0,0.986758,0.37058619334462894
10.0,1.056456,0.3318410596326641
13.0,0.493379,0.22644093526619685
12.0,0.740069,0.2675558761009421
13.0,0.709559,0.2624709971583277
12.0,0.740069,0.30867081693568743
12.0,1.056456,0.33698848537713505
11.0,0.740069,0.28945976333898116
9.0,0.986758,0.3716896450084718
11.0,0.777199,0.28121257988992443
10.0,0.993379,0.3172426417820553
10.0,0.740069,0.2778433685895646
9.0,0.986758,0.3189583094243099
9.0,1.110193,0.3434726598873135
8.0,1.486758,0.396431400920189
12.0,0.24669,0.1372322158778096
12.0,0.493379,0.21946209754730017
12.0,0.53051,0.1845354873190121
11.0,0.493379,0.17834715671255486
12.0,0.863503,0.25441853585331303
11.0,0.24669,0.1608838515984108
10.0,0.493379,0.2019987924331561
11.0,0.24669,0.23878438949575825
11.0,0.53051,0.2860876609369607
11.0,0.493379,0.28289279691663327
12.0,0.24669,0.2081871230396133
11.0,0.493379,0.29041700470910387
12.0,0.53051,0.23987676722808693
11.0,0.493379,0.2890811275230904
12.0,0.863503,0.33582111913948104
10.0,0.24669,0.24125474643358735
9.0,0.493379,0.2823696872683326
9.0,0.24669,0.342806920051536
10.0,0.24669,0.3122096535953911
9.0,0.493379,0.39310365807886827
11.0,0.24669,0.15524724682387503
11.0,0.53051,0.20255051826507753
10.0,0.24669,0.17889888254447622
10.0,0.24669,0.22620215398567872
10.0,0.53051,0.25789179817415236
11.0,0.493379,0.28399619369126705
10.0,0.493379,0.3549511008530708
12.0,0.24669,0.2001398055988421
12.0,0.493379,0.28236968726833267
11.0,0.24669,0.22379144131944328
11.0,0.24669,0.3016919792167907
11.0,0.493379,0.34580038663766577
13.0,0.53051,0.28789561863948365
11.0,0.53051,0.3894477922574323
12.0,0.493379,0.22617997916449079
10.0,0.493379,0.24983161488509203
10.0,0.863503,0.3309867159635695
11.0,0.493379,0.21946209754730017
10.0,0.740069,0.30169197921679075
12.0,0.777199,0.26676536898850267
10.0,0.740069,0.26057703838204543
11.0,1.110193,0.33664841752280356
9.0,0.493379,0.27525493886805863
8.0,0.740069,0.3163698797028039
10.0,0.493379,0.27446443175561913
10.0,0.777199,0.32176770319682163
8.0,0.740069,0.3433586458834573
13.0,0.493379,0.2814432694745158
11.0,0.740069,0.36367315114400633
11.0,0.777199,0.33621491409824333
11.0,0.740069,0.3328457027978835
9.0,1.110193,0.3984749940956324
14.0,0.24669,0.14421105359670627
14.0,0.46287,0.18024111548883714
12.0,0.493379,0.22644093526619685
13.0,0.493379,0.1853259944314516
13.0,0.809767,0.25475860370764447
14.0,0.24669,0.20464828637990964
12.0,0.493379,0.24576322721465496
13.0,0.24669,0.24576322721465493
11.0,0.493379,0.32799310888414557
15.0,0.46287,0.2863417826067418
13.0,0.24669,0.21516596075851002
13.0,0.46287,0.2511960226506409
13.0,0.493379,0.2960599652419872
13.0,0.493379,0.2960599652419872
12.0,0.809767,0.35274819626858955
12.0,0.24669,0.19825614643490258
11.0,0.493379,0.23937108726964784
11.0,0.24669,0.2998083200528513
12.0,0.24669,0.26921105359670633
11.0,0.493379,0.3501050580801835
13.0,0.24669,0.1622260845427717
11.0,0.493379,0.2444559662122623
12.0,0.24669,0.22266331732597508
11.0,0.24669,0.23318099170457546
11.0,0.493379,0.3140749961880526
13.0,0.46287,0.22239358569995493
12.0,0.46287,0.2933484928617587
14.0,0.24669,0.20711864331773877
13.0,0.46287,0.24314870520986964
13.0,0.24669,0.2675558761009421
12.0,0.24669,0.3086708169356875
14.0,0.46287,0.3492493723277743
13.0,0.493379,0.2858901524675494
11.0,0.493379,0.3874423260854981
13.0,0.493379,0.23315881688338758
12.0,0.493379,0.2935960496665909
12.0,0.809767,0.31178578096369797
13.0,0.493379,0.22644093526619685
13.0,0.709559,0.2624709971583277
12.0,0.740069,0.30867081693568743
11.0,0.740069,0.26755587610094217
12.0,1.056456,0.33698848537713505
13.0,0.493379,0.2763583905319015
11.0,0.740069,0.3174733313666468
13.0,0.493379,0.2814432694745159
11.0,0.740069,0.36367315114400645
12.0,0.709559,0.32795628413836625
14.0,0.493379,0.2884221071934126
13.0,0.709559,0.3244521690855435
13.0,0.740069,0.3514409352661969
12.0,0.740069,0.3398245405167803
12.0,0.493379,0.195613486920074
11.0,0.740069,0.2367284277548193
11.0,0.493379,0.2971656605380226
11.0,0.493379,0.2665683940818777
12.0,0.740069,0.3474623985653549
11.0,0.493379,0.21362851786613943
9.0,0.493379,0.2845834250279432
12.0,0.493379,0.25852107664110646
10.0,0.493379,0.3600732502590551
11.0,0.740069,0.28456125020675527
11.0,0.740069,0.2778433685895646
9.0,0.986758,0.3189583094243098
12.0,0.740069,0.3328457027978836
13.0,0.740069,0.33982454051678024
10.0,0.986758,0.39122697384014793
14.0,0.24669,0.13214733693519518
14.0,0.493379,0.17326227776994046
13.0,0.493379,0.21437721860468573
15.0,0.53051,0.17945060837639765
14.0,0.863503,0.24933365691069861
14.0,0.24669,0.19258456971839852
14.0,0.53051,0.23988784115960102
13.0,0.24669,0.1557989726557964
11.0,0.493379,0.23802885432528698
13.0,0.493379,0.2223089232894957
13.0,0.24669,0.20310224409699884
12.0,0.493379,0.24421718493174413
13.0,0.493379,0.283996248580476
14.0,0.53051,0.23479188828547248
12.0,0.863503,0.3163521863470888
12.0,0.24669,0.18619242977339145
13.0,0.53051,0.23349570121459395
11.0,0.24669,0.20984406549399265
12.0,0.24669,0.25714733693519515
12.0,0.53051,0.2888369811236688
13.0,0.24669,0.2361698674909729
11.0,0.493379,0.31839974916046343
12.0,0.24669,0.29660710027417625
11.0,0.24669,0.30712477465277666
11.0,0.493379,0.3880187791362538
13.0,0.493379,0.27382643580603827
11.0,0.493379,0.34478134296784196
14.0,0.24669,0.19505492665622765
13.0,0.493379,0.23616986749097293
13.0,0.24669,0.25549215943943104
12.0,0.24669,0.21870656237682884
12.0,0.493379,0.2852165130105282
13.0,0.493379,0.27382643580603827
11.0,0.493379,0.2974780715266395
16.0,0.53051,0.28281073969686926
14.0,0.53051,0.34324797248007266
12.0,0.863503,0.33751823177037166
13.0,0.493379,0.21437721860468573
12.0,0.740069,0.25549215943943104
12.0,0.740069,0.29660710027417625
13.0,0.777199,0.2616804900458882
12.0,1.110193,0.33156353858018917
13.0,0.493379,0.2642946738703903
13.0,0.777199,0.3115979453115928
13.0,0.493379,0.2701700599254442
11.0,0.740069,0.3523999415949348
12.0,0.740069,0.31880483414845073
13.0,0.493379,0.27635839053190137
12.0,0.740069,0.3174733313666467
13.0,0.740069,0.3393772186046857
12.0,0.777199,0.33113003515562894
12.0,0.46287,0.18374523054165987
12.0,0.74669,0.23104850198286236
10.0,0.46287,0.20739686626226111
10.0,0.46287,0.2547001377034636
12.0,0.74669,0.2863897818919373
10.0,0.46287,0.28776776109743774
8.0,0.46287,0.3587226682592415
12.0,0.46287,0.24665282026269236
10.0,0.46287,0.27030445598329367
13.0,0.74669,0.33440863330333404
11.0,0.709559,0.2659751122111505
10.0,0.993379,0.31327838365235305
11.0,0.709559,0.32176795353190907
12.0,0.709559,0.32795628413836625
9.0,0.993379,0.3827279287620937
13.0,0.493379,0.2072298816694906
11.0,0.740069,0.28945976333898116
12.0,0.493379,0.267667114452694
11.0,0.493379,0.2781847888312943
13.0,0.740069,0.35907879331477155
11.0,0.493379,0.2612749745076869
9.0,0.493379,0.33222988166949063
13.0,0.493379,0.2701374713905231
11.0,0.493379,0.3305747041737265
13.0,0.740069,0.34890898054033376
11.0,0.740069,0.2894597633389812
9.0,0.986758,0.3716896450084718
13.0,0.740069,0.33937721860468584
13.0,0.740069,0.35144093526619685
10.0,0.986758,0.41445976333898116
12.0,0.24669,0.1380227229902491
11.0,0.493379,0.17913766382499438
13.0,0.46287,0.17405278488237996
12.0,0.493379,0.22025260465973967
12.0,0.809767,0.2485702731011873
13.0,0.24669,0.19845995577345246
11.0,0.493379,0.28068983744294307
12.0,0.24669,0.16167435871085034
11.0,0.46287,0.1977044206029812
12.0,0.493379,0.2281843093445497
11.0,0.24669,0.23957489660819775
10.0,0.493379,0.28068983744294307
13.0,0.46287,0.28015345200028463
12.0,0.493379,0.2836833040290728
11.0,0.809767,0.3259874812058974
11.0,0.24669,0.1920678158284454
11.0,0.493379,0.274297697497936
10.0,0.24669,0.21571945154904665
10.0,0.24669,0.29361998944639406
10.0,0.493379,0.33772839686726913
11.0,0.24669,0.24204525354602688
11.0,0.46287,0.2780753154381578
11.0,0.24669,0.30248248632923025
9.0,0.24669,0.34359742716397557
11.0,0.46287,0.3841759825560624
11.0,0.493379,0.27970182186109227
9.0,0.493379,0.3812539954790409
11.0,0.24669,0.15603775393631453
10.0,0.493379,0.19715269477105982
11.0,0.24669,0.2164749867195179
10.0,0.24669,0.17968938965691578
10.0,0.493379,0.24619934029061513
12.0,0.46287,0.21620525509349775
10.0,0.46287,0.239856890814099
12.0,0.493379,0.2847867008037066
11.0,0.493379,0.34522393358690995
12.0,0.809767,0.3222987240492718
12.0,0.493379,0.22025260465973967
11.0,0.740069,0.26136754549448493
12.0,0.709559,0.25628266655187054
10.0,0.740069,0.30248248632923025
11.0,1.056456,0.33080015477067787
13.0,0.493379,0.2701700599254443
11.0,0.740069,0.3523999415949349
10.0,0.493379,0.27604544598049824
10.0,0.709559,0.3120755078726291
11.0,0.740069,0.32468022020350473
9.0,0.493379,0.2752549388680587
8.0,0.740069,0.31636987970280395
11.0,0.709559,0.32176795353190907
8.0,0.740069,0.344149152995897
9.0,1.056456,0.3876339009534226
9.0,0.493379,0.20612643000564784
8.0,0.740069,0.2883563116751384
8.0,0.493379,0.2297780657262491
7.0,0.493379,0.30767860362359645
8.0,0.740069,0.3517870110444715
7.0,0.493379,0.3101489605614256
5.0,0.493379,0.41170113417937426
8.0,0.493379,0.22414146095171328
6.0,0.493379,0.2477930966723145
8.0,0.740069,0.3528904078191053
8.0,0.740069,0.2883563116751384
6.0,0.986758,0.37058619334462894
8.0,0.740069,0.3441491529958969
8.0,0.740069,0.34335864588345744
4.0,0.986758,0.4122528600112956
12.0,0.53051,0.19898269822043382
12.0,0.74669,0.2350127601125647
12.0,0.53051,0.2594199310036372
10.0,0.53051,0.30053487183838246
13.0,0.74669,0.34111342723046933
10.0,0.53051,0.2530277910586301
8.0,0.53051,0.3545799646765787
11.0,0.53051,0.21699772916649926
10.0,0.53051,0.27743496194970263
12.0,0.74669,0.27716523032368245
11.0,0.777199,0.2812125798899244
10.0,0.993379,0.31724264178205525
12.0,0.777199,0.33113003515562894
11.0,0.777199,0.33621491409824333
9.0,0.993379,0.3827279287620937
10.0,0.863503,0.2612427782178229
9.0,0.863503,0.36279495183577154
9.0,0.863503,0.2792578091638883
10.0,1.110193,0.3434726598873134
9.0,1.110193,0.3984749940956324
12.0,0.493379,0.18665749721325559
11.0,0.740069,0.22777243804800087
12.0,0.493379,0.24709472999645896
11.0,0.493379,0.21030913293385683
11.0,0.740069,0.2768190835675562
11.0,0.493379,0.2407025900514519
9.0,0.493379,0.2643542257720531
11.0,0.493379,0.29068002776903334
10.0,0.493379,0.3511172605522368
11.0,0.740069,0.32833659608409876
10.0,0.740069,0.26888737888274616
9.0,0.986758,0.3100023197174915
12.0,0.740069,0.3188048341484508
11.0,0.740069,0.32468022020350473
10.0,0.986758,0.37331499442651117
10.0,0.809767,0.24961117796317342
9.0,0.809767,0.2732628136837747
8.0,0.809767,0.35363370851895126
9.0,1.056456,0.3318410596326641
9.0,1.056456,0.3876339009534226
9.0,1.240069,0.3142015192506984
8.0,1.486758,0.396431400920189
14.0,0.28382,0.04730327144120248
12.0,0.53051,0.08841821227594777
12.0,0.5,0.08333333333333334
12.0,0.53051,0.12953315311069305
13.0,0.846897,0.1578508215521407
12.0,0.53051,0.12953315311069308
11.0,0.777199,0.21176303478018366
11.0,0.56764,0.09460654288240496
10.0,0.78382,0.1306366047745358
12.0,0.900634,0.1644895914167059
11.0,0.53051,0.08841821227594777
10.0,0.777199,0.12953315311069308
12.0,0.846897,0.1578508215521407
12.0,0.900634,0.1644895914167059
9.0,1.277199,0.21286648644402642
12.0,0.28382,0.0653183023872679
11.0,0.53051,0.14754818405675849
9.0,0.56764,0.11262157382847038
10.0,0.53051,0.1064332432220132
11.0,0.900634,0.18250462236277135
13.0,0.28382,0.11021086116223497
11.0,0.5,0.14624092305436584
11.0,0.53051,0.19244074283172555
11.0,0.53051,0.15132580199698026
11.0,0.846897,0.22075841127317314
12.0,0.53051,0.13625103472788375
10.0,0.777199,0.177365975562629
12.0,0.28382,0.10134836427939878
11.0,0.53051,0.14246330511414407
12.0,0.53051,0.18357824594888936
11.0,0.56764,0.14865163572060125
12.0,0.900634,0.21853468425490222
13.0,0.5,0.12548580354445113
10.0,0.78382,0.1727890749856536
14.0,0.53051,0.18898237031204557
13.0,0.777199,0.27121225198153615
12.0,0.846897,0.2148779988081941
12.0,0.28382,0.15132580199698026
11.0,0.53051,0.19244074283172555
10.0,0.5,0.18735586388911113
12.0,0.53051,0.23355568366647084
12.0,0.846897,0.26187335210791846
13.0,0.53051,0.19406724925466007
12.0,0.777199,0.27629713092415065
14.0,0.56764,0.19796667420287656
12.0,0.78382,0.23399673609500743
10.0,0.900634,0.24105777152696248
13.0,0.53051,0.18898237031204562
11.0,0.777199,0.2300973111467909
13.0,0.846897,0.23157927250022514
12.0,0.900634,0.25267416627637906
9.0,1.277199,0.2922483634525409
12.0,0.28382,0.10134836427939878
12.0,0.53051,0.18357824594888936
11.0,0.56764,0.14865163572060125
11.0,0.53051,0.14246330511414407
12.0,0.900634,0.21853468425490222
11.0,0.28382,0.16425595400043128
10.0,0.53051,0.20537089483517657
11.0,0.28382,0.15539345711759509
9.0,0.56764,0.20269672855879758
13.0,0.53051,0.24302746315024187
11.0,0.28382,0.20537089483517657
10.0,0.53051,0.28760077650466714
13.0,0.56764,0.25201176704107286
12.0,0.53051,0.24302746315024193
10.0,0.900634,0.30671925911457537
12.0,0.28382,0.15132580199698026
10.0,0.5,0.18735586388911113
11.0,0.53051,0.23355568366647084
10.0,0.53051,0.19244074283172555
12.0,0.846897,0.26187335210791846
11.0,0.28382,0.1693408329430457
9.0,0.53051,0.21045577377779098
12.0,0.28382,0.20537089483517657
10.0,0.53051,0.2876007765046671
12.0,0.5,0.22950833410022892
11.0,0.28382,0.2553483325527581
8.0,0.5,0.29137839444488894
11.0,0.53051,0.29808977981043777
11.0,0.53051,0.2930049008678234
11.0,0.846897,0.335601803056003
13.0,0.53051,0.18898237031204562
11.0,0.777199,0.23009731114679094
12.0,0.53051,0.24302746315024193
11.0,0.53051,0.29300490086782344
10.0,0.777199,0.3306614691828888
11.0,0.28382,0.0653183023872679
10.0,0.53051,0.1064332432220132
11.0,0.53051,0.14754818405675849
9.0,0.56764,0.11262157382847038
11.0,0.900634,0.18250462236277135
10.0,0.28382,0.08333333333333334
7.0,0.56764,0.1306366047745358
11.0,0.28382,0.1282258921083004
10.0,0.53051,0.21045577377779098
10.0,0.53051,0.15426606567394918
10.0,0.28382,0.1693408329430457
9.0,0.53051,0.21045577377779098
11.0,0.53051,0.2120822802007255
12.0,0.56764,0.215981705148942
8.0,0.900634,0.2590728024730279
12.0,0.5,0.12548580354445116
10.0,0.78382,0.17278907498565363
11.0,0.5,0.18839339326548366
12.0,0.5,0.22950833410022894
11.0,0.78382,0.27614920630612527
13.0,0.53051,0.19406724925466
12.0,0.777199,0.27629713092415054
11.0,0.53051,0.21208228020072545
11.0,0.53051,0.29808977981043777
10.0,0.777199,0.3408312270681175
13.0,0.846897,0.23157927250022511
11.0,0.846897,0.33560180305600296
12.0,0.28382,0.11021086116223497
10.0,0.53051,0.15132580199698026
11.0,0.5,0.14624092305436584
11.0,0.53051,0.19244074283172555
11.0,0.846897,0.2207584112731732
10.0,0.28382,0.1282258921083004
10.0,0.53051,0.21045577377779098
11.0,0.28382,0.17311845088326747
10.0,0.5,0.20914851277539834
11.0,0.53051,0.19915862444891624
11.0,0.28382,0.16425595400043128
10.0,0.53051,0.20537089483517657
11.0,0.5,0.18839339326548363
13.0,0.53051,0.25188996003307806
11.0,0.846897,0.2777855885292266
14.0,0.53051,0.18898237031204562
13.0,0.777199,0.2712122519815362
13.0,0.53051,0.2518899600330781
13.0,0.53051,0.24302746315024193
13.0,0.777199,0.3306614691828887
14.0,0.56764,0.1979666742028766
12.0,0.78382,0.23399673609500748
12.0,0.56764,0.21598170514894205
12.0,0.56764,0.2520117670410729
12.0,0.78382,0.27614920630612527
12.0,0.900634,0.25267416627637906
10.0,0.900634,0.3067192591145754
11.0,0.53051,0.13625103472788375
10.0,0.777199,0.17736597556262904
10.0,0.53051,0.15426606567394918
11.0,0.53051,0.19915862444891624
9.0,0.777199,0.225198798014565
12.0,0.846897,0.2148779988081941
11.0,0.846897,0.27778558852922663
10.0,0.900634,0.24105777152696242
8.0,0.900634,0.2590728024730279
9.0,1.277199,0.2922483634525409
11.0,0.5,0.08333333333333334
9.0,0.74669,0.12444827416807863
10.0,0.71618,0.11936339522546421
11.0,0.74669,0.16556321500282392
10.0,1.063077,0.19388088344427157
11.0,0.74669,0.16556321500282392
9.0,0.993379,0.2477930966723145
11.0,0.78382,0.1306366047745358
7.0,1.0,0.16666666666666669
10.0,1.116814,0.20051965330883678
9.0,0.74669,0.12444827416807863
7.0,0.993379,0.16556321500282392
10.0,1.063077,0.1938808834442715
10.0,1.116814,0.20051965330883678
5.0,1.493379,0.2488965483361573
12.0,0.5,0.11800889015116514
12.0,0.74669,0.20023877182065572
10.0,0.78382,0.16531216159236764
11.0,0.74669,0.15912383098591043
11.0,1.116814,0.2351952101266686
14.0,0.5,0.18408385717981962
12.0,0.71618,0.2201139190719505
13.0,0.74669,0.2663137388493102
12.0,0.74669,0.22519879801456494
11.0,1.063077,0.2946314072907578
10.0,0.74669,0.2168353810085873
8.0,0.993379,0.2579503218433326
12.0,0.5,0.11800889015116516
11.0,0.74669,0.15912383098591046
12.0,0.74669,0.20023877182065575
10.0,0.78382,0.16531216159236764
11.0,1.116814,0.23519521012666858
9.0,0.71618,0.15539345711759509
5.0,1.0,0.20269672855879758
12.0,0.74669,0.2335366547006183
10.0,0.993379,0.3157665363701089
9.0,1.063077,0.2667470717609395
14.0,0.5,0.18408385717981962
12.0,0.74669,0.2251987980145649
12.0,0.71618,0.2201139190719505
12.0,0.74669,0.2663137388493102
12.0,1.063077,0.2946314072907578
12.0,0.74669,0.2335366547006183
10.0,0.993379,0.31576653637010893
10.0,0.78382,0.25645178421660075
5.0,1.0,0.2924818461087316
10.0,1.116814,0.30111265527463726
10.0,0.74669,0.2168353810085873
8.0,0.993379,0.25795032184333255
9.0,1.063077,0.2667470717609395
10.0,1.116814,0.30111265527463726
5.0,1.493379,0.34456219324002907
14.0,0.28382,0.13920823187385586
14.0,0.53051,0.22143811354334647
13.0,0.56764,0.18651150331505836
13.0,0.53051,0.18032317270860118
14.0,0.900634,0.25639455184935933
14.0,0.28382,0.2021158215948884
12.0,0.53051,0.24323076242963368
14.0,0.28382,0.1932533247120522
13.0,0.56764,0.2405565961532547
15.0,0.53051,0.28088733074469896
13.0,0.28382,0.24323076242963368
12.0,0.53051,0.32546064409912423
12.0,0.56764,0.28987163463552995
13.0,0.53051,0.280887330744699
13.0,0.900634,0.34457912670903246
13.0,0.28382,0.24323076242963368
12.0,0.53051,0.28434570326437897
12.0,0.28382,0.29727585526782996
11.0,0.28382,0.34725329298541147
11.0,0.53051,0.3849098613004768
13.0,0.28382,0.1572232628199213
11.0,0.56764,0.20452653426112383
12.0,0.28382,0.22013085254095383
12.0,0.28382,0.2612457933756991
10.0,0.56764,0.3078866655815954
13.0,0.53051,0.28597220968731335
11.0,0.53051,0.38999474024309116
15.0,0.28382,0.20211582159488842
13.0,0.53051,0.28434570326437897
13.0,0.28382,0.2650234113159209
13.0,0.28382,0.2561609144330847
14.0,0.53051,0.34379492046573146
12.0,0.56764,0.28987163463553
11.0,0.56764,0.3439167274737263
14.0,0.53051,0.22815599516053717
12.0,0.53051,0.29106358488156964
12.0,0.900634,0.33296273195961584
13.0,0.5,0.17523829376598676
13.0,0.74669,0.25746817543547734
12.0,0.78382,0.22254156520718926
11.0,0.74669,0.21635323460073205
11.0,1.116814,0.2924246137414902
12.0,0.5,0.275988817612473
10.0,0.74669,0.3171037584472183
14.0,0.5,0.2099138505838186
11.0,0.78382,0.25721712202502106
13.0,0.74669,0.3254416151332717
12.0,0.5,0.275988817612473
11.0,0.74669,0.35821869928196354
10.0,0.78382,0.3483567446492542
12.0,0.74669,0.3087403414412407
10.0,1.116814,0.39301761570729066
13.0,0.28382,0.09282823560694486
12.0,0.5,0.12885829749907574
12.0,0.53051,0.17505811727643544
12.0,0.53051,0.13394317644169015
11.0,0.846897,0.20337578571788306
11.0,0.28382,0.1108432665530103
10.0,0.53051,0.1519582073877556
12.0,0.28382,0.14687332844514117
12.0,0.53051,0.22910321011463175
12.0,0.5,0.17101076771019352
12.0,0.28382,0.19685076616272265
12.0,0.5,0.23288082805485352
12.0,0.53051,0.23959221342040243
11.0,0.53051,0.234507334477788
10.0,0.846897,0.27710423666596756
12.0,0.28382,0.14687332844514117
11.0,0.53051,0.18798826927988646
11.0,0.28382,0.20091842128333748
11.0,0.28382,0.25089585900091893
9.0,0.53051,0.2885524273159843
11.0,0.28382,0.1108432665530103
11.0,0.53051,0.19307314822250088
9.0,0.28382,0.12885829749907574
10.0,0.28382,0.2148657971087881
10.0,0.53051,0.25760724436646787
12.0,0.5,0.17101076771019352
11.0,0.5,0.27503329826597134
12.0,0.28382,0.15573582532797736
11.0,0.5,0.19176588722010823
10.0,0.28382,0.1737508562740428
11.0,0.28382,0.20978091816617367
10.0,0.5,0.23391835743122602
13.0,0.53051,0.23450733447778804
12.0,0.53051,0.28855242731598435
11.0,0.53051,0.1817759988936261
9.0,0.53051,0.19979102983969155
12.0,0.846897,0.26040296297393656
12.0,0.5,0.12885829749907574
10.0,0.71618,0.1648883593912066
12.0,0.74669,0.21108817916856631
11.0,0.74669,0.16997323833382103
9.0,1.063077,0.23940584761001393
9.0,0.5,0.16353385431690753
8.0,0.74669,0.20464879515165282
12.0,0.5,0.16353385431690753
11.0,0.74669,0.2457637359863981
8.0,0.71618,0.20091842128333748
14.0,0.5,0.229608821345562
11.0,0.71618,0.26563888323769286
12.0,0.74669,0.2790616188663607
11.0,0.74669,0.2623603451743297
9.0,1.063077,0.31227203592668185
11.0,0.53051,0.1821087938341503
10.0,0.777199,0.22322373466889558
10.0,0.53051,0.2361538866723466
10.0,0.53051,0.28613132438992805
11.0,0.777199,0.3237878927049934
10.0,0.53051,0.20012382478021573
8.0,0.53051,0.3041463553359935
11.0,0.53051,0.2450163835551828
10.0,0.53051,0.2990614763933791
11.0,0.777199,0.27105655712083154
10.0,0.74669,0.21813885572628117
8.0,0.993379,0.25925379656102643
11.0,0.74669,0.25281441254411297
12.0,0.74669,0.3188893795727674
9.0,0.993379,0.3516409034015351
14.0,0.28382,0.13920823187385586
13.0,0.53051,0.18032317270860115
14.0,0.53051,0.22143811354334647
14.0,0.56764,0.18651150331505836
14.0,0.900634,0.25639455184935933
13.0,0.28382,0.1572232628199213
12.0,0.56764,0.20452653426112383
15.0,0.28382,0.2021158215948884
13.0,0.53051,0.2843457032643789
14.0,0.53051,0.22815599516053714
13.0,0.28382,0.24323076242963368
12.0,0.53051,0.284345703264379
13.0,0.53051,0.2859722096873134
13.0,0.56764,0.28987163463553
13.0,0.900634,0.3329627319596158
14.0,0.28382,0.1932533247120522
13.0,0.56764,0.2405565961532547
13.0,0.28382,0.2561609144330847
12.0,0.28382,0.29727585526782996
11.0,0.56764,0.3439167274737263
13.0,0.28382,0.24323076242963368
12.0,0.53051,0.32546064409912423
12.0,0.28382,0.26124579337569914
11.0,0.28382,0.34725329298541147
11.0,0.53051,0.38999474024309116
13.0,0.53051,0.28088733074469907
11.0,0.53051,0.38490986130047683
14.0,0.28382,0.2021158215948884
12.0,0.53051,0.24323076242963368
12.0,0.28382,0.22013085254095383
13.0,0.28382,0.2650234113159209
12.0,0.53051,0.29106358488156964
15.0,0.53051,0.28088733074469907
14.0,0.53051,0.3437949204657315
12.0,0.56764,0.28987163463553
10.0,0.56764,0.30788666558159544
13.0,0.900634,0.34457912670903246
14.0,0.5,0.17523829376598676
12.0,0.74669,0.21635323460073205
13.0,0.74669,0.25746817543547734
12.0,0.78382,0.22254156520718926
12.0,1.116814,0.2924246137414902
14.0,0.5,0.20991385058381856
12.0,0.78382,0.25721712202502106
13.0,0.5,0.27598881761247307
11.0,0.74669,0.3582186992819636
13.0,0.74669,0.30874034144124074
12.0,0.5,0.275988817612473
10.0,0.74669,0.3171037584472183
13.0,0.74669,0.32544161513327174
10.0,0.78382,0.3483567446492542
10.0,1.116814,0.3930176157072907
10.0,0.5,0.20420779889974008
9.0,0.78382,0.25151107034094256
10.0,0.5,0.26711538862077255
8.0,0.5,0.30823032945551787
10.0,0.78382,0.35487120166141417
8.0,0.5,0.30823032945551787
6.0,0.5,0.4122528600112957
10.0,0.5,0.2671153886207726
8.0,0.5,0.33002297834180505
10.0,0.78382,0.3548712016614143
9.0,0.71618,0.24023786079187098
5.0,1.0,0.2875411322330734
10.0,0.71618,0.34098838463835723
10.0,0.71618,0.34098838463835723
3.0,1.0,0.4133563116751384
12.0,0.53051,0.1964928476839281
11.0,0.777199,0.2787227293534187
11.0,0.53051,0.21450787862999354
10.0,0.53051,0.30051537823970587
11.0,0.777199,0.3432568254973856
10.0,0.53051,0.2505379405221244
8.0,0.53051,0.3545604710779022
11.0,0.53051,0.2594004374049606
10.0,0.53051,0.27741546835102604
12.0,0.777199,0.33817194655477123
12.0,0.74669,0.23252290957605898
10.0,0.993379,0.31475279124554956
12.0,0.74669,0.2671984663938908
13.0,0.74669,0.33327343342254523
9.0,0.993379,0.38272623094334396
11.0,0.846897,0.25748470839946863
10.0,0.846897,0.36150723895524656
10.0,0.846897,0.3203922981205012
9.0,1.063077,0.29351477029159956
10.0,1.063077,0.39426529413808586
13.0,0.28382,0.09282823560694486
12.0,0.53051,0.13394317644169015
13.0,0.5,0.12885829749907574
12.0,0.53051,0.17505811727643544
13.0,0.846897,0.20337578571788306
11.0,0.28382,0.1108432665530103
11.0,0.53051,0.19307314822250088
12.0,0.28382,0.15573582532797736
11.0,0.5,0.19176588722010823
11.0,0.53051,0.1817759988936261
12.0,0.28382,0.14687332844514117
11.0,0.53051,0.18798826927988646
12.0,0.5,0.17101076771019352
14.0,0.53051,0.23450733447778793
12.0,0.846897,0.2604029629739365
12.0,0.28382,0.14687332844514117
12.0,0.53051,0.22910321011463175
11.0,0.28382,0.20978091816617367
11.0,0.28382,0.20091842128333748
12.0,0.53051,0.28855242731598424
12.0,0.28382,0.19685076616272265
12.0,0.5,0.23288082805485352
11.0,0.28382,0.2148657971087881
11.0,0.28382,0.250895859000919
11.0,0.5,0.27503329826597134
12.0,0.53051,0.234507334477788
11.0,0.53051,0.28855242731598435
11.0,0.28382,0.1108432665530103
10.0,0.53051,0.1519582073877556
9.0,0.28382,0.12885829749907574
10.0,0.28382,0.1737508562740428
9.0,0.53051,0.19979102983969155
12.0,0.5,0.17101076771019352
10.0,0.5,0.23391835743122602
12.0,0.53051,0.23959221342040238
10.0,0.53051,0.2576072443664678
12.0,0.846897,0.27710423666596756
12.0,0.5,0.12885829749907574
11.0,0.74669,0.16997323833382103
10.0,0.71618,0.1648883593912066
12.0,0.74669,0.21108817916856631
11.0,1.063077,0.23940584761001393
12.0,0.5,0.16353385431690753
11.0,0.74669,0.2457637359863981
14.0,0.5,0.229608821345562
12.0,0.71618,0.26563888323769286
12.0,0.74669,0.2623603451743297
9.0,0.5,0.16353385431690753
8.0,0.74669,0.20464879515165282
8.0,0.71618,0.20091842128333748
12.0,0.74669,0.27906161886636066
9.0,1.063077,0.3122720359266819
12.0,0.53051,0.19649284768392813
11.0,0.777199,0.2787227293534187
12.0,0.53051,0.2594004374049606
10.0,0.53051,0.2505379405221244
12.0,0.777199,0.3381719465547712
10.0,0.53051,0.30051537823970587
8.0,0.53051,0.3545604710779022
10.0,0.53051,0.21450787862999357
10.0,0.53051,0.27741546835102604
11.0,0.777199,0.3432568254973856
12.0,0.74669,0.23252290957605898
10.0,0.993379,0.31475279124554956
13.0,0.74669,0.33327343342254523
12.0,0.74669,0.2671984663938908
9.0,0.993379,0.38272623094334396
9.0,0.56764,0.14190981432360744
9.0,0.78382,0.1779398762157383
7.0,0.56764,0.15992484526967288
9.0,0.56764,0.19595490716180375
8.0,0.78382,0.2200923464268561
9.0,0.56764,0.19595490716180375
7.0,0.56764,0.25000000000000006
7.0,0.56764,0.15992484526967288
5.0,0.56764,0.1779398762157383
8.0,0.78382,0.2200923464268561
9.0,0.78382,0.1779398762157383
5.0,1.0,0.21396993810786918
8.0,0.78382,0.2126154330335701
8.0,0.78382,0.2126154330335701
3.0,1.0,0.25000000000000006
10.0,0.900634,0.2411589637380135
10.0,0.900634,0.2952040565762098
9.0,0.900634,0.2591739946840789
9.0,1.116814,0.27718902563014436
9.0,1.116814,0.31186458244797616
11.0,0.53051,0.1821087938341503
10.0,0.777199,0.22322373466889558
10.0,0.53051,0.20012382478021573
12.0,0.53051,0.2450163835551828
11.0,0.777199,0.27105655712083154
11.0,0.53051,0.2361538866723466
10.0,0.53051,0.2990614763933791
10.0,0.53051,0.2861313243899281
8.0,0.53051,0.3041463553359935
11.0,0.777199,0.32378789270499336
10.0,0.74669,0.21813885572628117
8.0,0.993379,0.25925379656102643
11.0,0.74669,0.25281441254411297
13.0,0.74669,0.3188893795727674
9.0,0.993379,0.3516409034015351
11.0,0.846897,0.2574847083994687
10.0,0.846897,0.3203922981205012
10.0,0.846897,0.36150723895524645
9.0,1.063077,0.29351477029159956
10.0,1.063077,0.39426529413808586
11.0,0.900634,0.2411589637380135
9.0,0.900634,0.2591739946840789
10.0,0.900634,0.2952040565762098
10.0,1.116814,0.27718902563014436
9.0,1.116814,0.31186458244797616
8.0,1.277199,0.3109597774831371
5.0,1.493379,0.3469898393752679
13.0,0.616814,0.11718631997550344
11.0,0.863503,0.15830126081024873
12.0,0.832994,0.1532163818676343
12.0,0.863503,0.19941620164499402
12.0,1.179891,0.22773387008644164
12.0,0.863503,0.19941620164499402
11.0,1.110193,0.2816460833144846
12.0,0.900634,0.16448959141670594
10.0,1.116814,0.2005196533088368
9.0,1.233628,0.2343726399510069
11.0,0.863503,0.15830126081024873
9.0,1.110193,0.19941620164499402
12.0,1.179891,0.22773387008644164
12.0,1.233628,0.2343726399510069
8.0,1.610193,0.28274953497832733
12.0,0.616814,0.17123141281369972
12.0,0.863503,0.25346129448319027
12.0,0.900634,0.21853468425490222
11.0,0.863503,0.212346353648445
11.0,1.233628,0.28841773278920313
12.0,0.616814,0.22120885053128123
12.0,0.832994,0.25723891242341207
11.0,0.863503,0.3034387322007718
10.0,0.863503,0.2623237913660265
11.0,1.179891,0.3317564006422194
12.0,0.863503,0.25886541884634656
10.0,1.110193,0.2999803596810919
12.0,0.616814,0.13520135092156885
10.0,0.863503,0.17631629175631414
11.0,0.863503,0.21743123259105943
11.0,0.900634,0.18250462236277135
8.0,1.233628,0.25238767089707226
11.0,0.832994,0.1953688520787521
9.0,1.116814,0.2426721235199546
11.0,0.863503,0.26395029778896095
9.0,1.110193,0.3461801794584515
10.0,1.179891,0.3014623210345261
12.0,0.616814,0.18009390969653594
10.0,0.863503,0.22120885053128123
11.0,0.832994,0.2161239715886668
11.0,0.863503,0.2623237913660265
10.0,1.179891,0.29064145980747413
13.0,0.863503,0.2588654188463466
12.0,1.110193,0.3410953005158372
14.0,0.900634,0.26784972273717755
11.0,1.116814,0.3038797846293084
12.0,1.233628,0.32255721481068
11.0,0.863503,0.2061340832621847
9.0,1.110193,0.24724902409692998
12.0,1.179891,0.28476104734249513
11.0,1.233628,0.3109408200612634
9.0,1.610193,0.3621314119868419
11.0,0.616814,0.176900089298153
10.0,0.863503,0.25912997096764356
10.0,0.900634,0.2242033607393555
10.0,0.863503,0.21801503013289827
11.0,1.233628,0.29408640927365637
10.0,0.616814,0.28092261985393074
8.0,0.863503,0.32203756068867606
10.0,0.616814,0.19491512024421845
8.0,0.900634,0.24221839168542095
11.0,0.863503,0.32366406711161044
11.0,0.616814,0.2398076790191855
10.0,0.863503,0.32203756068867606
12.0,0.900634,0.32756349205982715
11.0,0.863503,0.26584785258483423
9.0,1.233628,0.37065458938391294
13.0,0.616814,0.1681185349431348
12.0,0.832994,0.20414859683526568
11.0,0.863503,0.2503484166126254
11.0,0.863503,0.2092334757778801
12.0,1.179891,0.278666085054073
11.0,0.616814,0.2221636277813311
9.0,0.863503,0.2632785686160764
11.0,0.616814,0.18613356588920024
9.0,0.863503,0.2683634475586908
12.0,0.832994,0.24630106704638347
12.0,0.616814,0.2310261246641673
11.0,0.832994,0.26705618655629815
12.0,0.863503,0.30979763381397796
12.0,0.863503,0.2570662982298161
10.0,1.179891,0.3356932623101265
12.0,0.863503,0.2266407687291899
10.0,1.110193,0.2677557095639352
10.0,0.863503,0.24465579967525533
10.0,0.863503,0.2895483584502224
9.0,1.110193,0.31558853201587117
12.0,0.616814,0.1885164840475696
11.0,0.863503,0.2296314248823149
10.0,0.863503,0.2707463657170602
12.0,0.900634,0.2358197554887721
12.0,1.233628,0.30570280402307304
11.0,0.616814,0.24256157688576593
10.0,0.900634,0.2898648483269684
10.0,0.616814,0.2925390146033474
8.0,0.863503,0.37476889627283794
11.0,0.863503,0.3301955829184127
11.0,0.616814,0.2514240737686021
10.0,0.863503,0.2925390146033474
12.0,0.863503,0.3301955829184127
13.0,0.900634,0.3391798868092437
9.0,1.233628,0.39388737888274616
11.0,0.832994,0.2414471009871814
9.0,1.116814,0.28875037242838386
10.0,0.832994,0.3454696315429593
10.0,0.832994,0.30435469070821397
10.0,1.116814,0.3921105037488556
10.0,1.179891,0.29929382831310974
8.0,1.179891,0.3622014180341422
13.0,0.616814,0.18250258879291262
11.0,0.863503,0.2236175296276579
13.0,0.832994,0.2185326506850435
13.0,0.863503,0.2647324704624032
12.0,1.179891,0.29305013890385084
12.0,0.616814,0.23654768163110892
11.0,0.863503,0.31877756330059953
12.0,0.616814,0.28652511934869046
11.0,0.832994,0.3225551812408213
12.0,0.863503,0.3241816876637557
11.0,0.616814,0.20051761973897805
10.0,0.863503,0.24163256057372334
10.0,0.832994,0.26068512089616125
10.0,0.863503,0.3292665666063701
8.0,1.179891,0.3667785898519354
10.0,0.863503,0.2510544358719042
9.0,1.110193,0.33328431754139476
8.0,0.863503,0.35507696642768194
9.0,0.863503,0.2690694668179696
9.0,1.110193,0.39781841368536164
11.0,0.900634,0.23329549730894594
9.0,1.116814,0.2693255592010768
10.0,0.900634,0.28734059014714225
9.0,0.900634,0.2513105282550114
9.0,1.116814,0.3114780294121946
8.0,1.233628,0.29969094233827476
6.0,1.233628,0.31770597328434025
10.0,0.863503,0.24828677677154293
9.0,1.110193,0.2894017176062882
10.0,0.863503,0.30233186960973923
9.0,0.863503,0.35230930732732074
9.0,1.110193,0.3899658756423861
8.0,1.179891,0.3093234416060461
6.0,1.179891,0.4133459721618239
10.0,1.233628,0.30695289653085
8.0,1.233628,0.36099798936904637
9.0,1.610193,0.36513079973345275
12.0,0.24669,0.04111494083474529
10.0,0.493379,0.08222988166949058
12.0,0.46287,0.07714500272687616
12.0,0.493379,0.12334482250423587
11.0,0.809767,0.15166249094568351
11.0,0.493379,0.12334482250423587
10.0,0.740069,0.20557470417372645
11.0,0.53051,0.08841821227594776
9.0,0.74669,0.12444827416807863
11.0,0.863503,0.15830126081024873
10.0,0.493379,0.08222988166949058
8.0,0.740069,0.12334482250423587
11.0,0.809767,0.15166249094568351
11.0,0.863503,0.15830126081024873
7.0,1.240069,0.2066781558375692
11.0,0.24669,0.059129971780810725
10.0,0.493379,0.1413598534503013
10.0,0.53051,0.1064332432220132
9.0,0.493379,0.10024491261555601
10.0,0.863503,0.17631629175631416
12.0,0.24669,0.10402253055577779
10.0,0.46287,0.14005259244790866
11.0,0.493379,0.18625241222526837
10.0,0.493379,0.14513747139052308
10.0,0.809767,0.21457008066671596
11.0,0.493379,0.13006270412142656
9.0,0.740069,0.17117764495617183
12.0,0.24669,0.0951600336729416
10.0,0.493379,0.13627497450768689
11.0,0.493379,0.17738991534243218
12.0,0.53051,0.14246330511414407
11.0,0.863503,0.21234635364844504
12.0,0.46287,0.11929747293799395
11.0,0.74669,0.16660074437919642
13.0,0.493379,0.18279403970558838
12.0,0.740069,0.26502392137507896
11.0,0.809767,0.20868966820173693
11.0,0.24669,0.14513747139052308
9.0,0.493379,0.18625241222526837
11.0,0.46287,0.18116753328265395
11.0,0.493379,0.22736735306001365
11.0,0.809767,0.2556850215014613
11.0,0.493379,0.18787891864820289
11.0,0.740069,0.27010880031769346
14.0,0.53051,0.19177834359641938
12.0,0.74669,0.22780840548855025
10.0,0.863503,0.23486944092050524
12.0,0.493379,0.18279403970558844
10.0,0.740069,0.22390898054033373
11.0,0.809767,0.22539094189376796
12.0,0.863503,0.24648583566992188
9.0,1.240069,0.2860600328460837
12.0,0.24669,0.10155217361794866
11.0,0.493379,0.18378205528743924
11.0,0.53051,0.14885544505915113
10.0,0.493379,0.14266711445269395
10.0,0.863503,0.2187384935934521
9.0,0.24669,0.16445976333898116
7.0,0.493379,0.20557470417372645
11.0,0.24669,0.15559726645614497
10.0,0.53051,0.20290053789734747
12.0,0.493379,0.24323127248879176
11.0,0.24669,0.20557470417372645
9.0,0.493379,0.287804585843217
12.0,0.53051,0.2522155763796228
11.0,0.493379,0.2432312724887918
10.0,0.863503,0.3069230684531252
11.0,0.24669,0.06476657655534653
10.0,0.46287,0.1007966384474774
10.0,0.493379,0.14699645822483712
9.0,0.493379,0.10588151739009181
10.0,0.809767,0.1753141266662847
9.0,0.24669,0.08278160750141196
7.0,0.493379,0.12389654833615725
10.0,0.24669,0.11881166939354283
9.0,0.493379,0.20104155106303342
10.0,0.46287,0.14294910865859517
10.0,0.24669,0.16878910711112433
9.0,0.46287,0.2048191690032552
10.0,0.493379,0.21153055436880408
10.0,0.493379,0.2064456754261897
10.0,0.809767,0.24904257761436918
11.0,0.493379,0.1312765271890459
9.0,0.740069,0.17239146802379118
10.0,0.493379,0.1853216200272422
11.0,0.493379,0.23529905774482368
10.0,0.740069,0.27295562605988904
10.0,0.24669,0.14266711445269395
9.0,0.493379,0.18378205528743924
10.0,0.493379,0.22489699612218453
10.0,0.53051,0.18997038589389645
10.0,0.863503,0.25985343442819736
9.0,0.24669,0.16068214539875939
9.0,0.53051,0.20798541683996188
11.0,0.24669,0.20557470417372645
9.0,0.493379,0.287804585843217
10.0,0.493379,0.23161487773937522
9.0,0.24669,0.24668964500847174
7.0,0.493379,0.287804585843217
10.0,0.493379,0.2894310922661515
12.0,0.53051,0.29333051721436804
8.0,0.863503,0.3364216145384539
13.0,0.46287,0.1832456698447808
12.0,0.74669,0.2305489412859833
12.0,0.46287,0.2461532595658133
12.0,0.46287,0.2872682004005586
10.0,0.74669,0.33390907260645497
11.0,0.493379,0.18677552187356902
11.0,0.740069,0.2690054035430596
10.0,0.493379,0.20479055281963446
10.0,0.493379,0.2907980524293468
8.0,0.740069,0.33353949968702656
10.0,0.809767,0.22907969905039352
8.0,0.809767,0.3331022296061713
12.0,0.24669,0.112069847996549
10.0,0.493379,0.1531847888312943
11.0,0.46287,0.14809990988867985
10.0,0.493379,0.19429972966603956
11.0,0.809767,0.2226173981074872
10.0,0.24669,0.13008487894261445
9.0,0.493379,0.21231476061210502
11.0,0.24669,0.1749774377175815
10.0,0.46287,0.21100749960971238
11.0,0.493379,0.20101761128323026
10.0,0.24669,0.16611494083474532
8.0,0.493379,0.2072298816694906
11.0,0.46287,0.19025238009979767
11.0,0.493379,0.2537489468673921
9.0,0.809767,0.27964457536354065
14.0,0.493379,0.1929638524800262
12.0,0.740069,0.27519373414951676
13.0,0.493379,0.2558714422010587
12.0,0.493379,0.2470089453182225
12.0,0.740069,0.33464295135086924
12.0,0.53051,0.14375949218502268
11.0,0.74669,0.17978955407715355
10.0,0.53051,0.16177452313108812
11.0,0.53051,0.197804585023219
8.0,0.74669,0.22194202428827134
11.0,0.863503,0.22531979024663895
9.0,0.863503,0.27936488308483526
11.0,0.493379,0.1929638524800262
10.0,0.740069,0.2340787933147715
10.0,0.493379,0.21097888342609164
11.0,0.493379,0.25587144220105873
10.0,0.740069,0.2819116157667075
11.0,0.809767,0.24965208350662854
10.0,0.809767,0.312559673227661
11.0,0.863503,0.2397038440964168
9.0,0.863503,0.2577188750424822
9.0,1.240069,0.2944039377303548
10.0,0.493379,0.08222988166949058
8.0,0.740069,0.12334482250423587
10.0,0.709559,0.11825994356162145
10.0,0.740069,0.16445976333898116
9.0,1.056456,0.19277743178042878
10.0,0.740069,0.16445976333898116
8.0,0.986758,0.24668964500847174
10.0,0.777199,0.12953315311069305
7.0,0.993379,0.16556321500282392
9.0,1.110193,0.19941620164499405
8.0,0.740069,0.12334482250423587
6.0,0.986758,0.16445976333898116
9.0,1.056456,0.19277743178042878
9.0,1.110193,0.19941620164499402
5.0,1.486758,0.24779309667231453
11.0,0.493379,0.12053094218577856
10.0,0.740069,0.20276082385526917
10.0,0.777199,0.16783421362698103
9.0,0.740069,0.16164588302052385
9.0,1.110193,0.23771726216128203
11.0,0.493379,0.12363866914047124
10.0,0.709559,0.1596687310326021
10.0,0.740069,0.20586855080996183
9.0,0.740069,0.16475360997521654
9.0,1.056456,0.23418621925140942
7.0,0.740069,0.16501148917090255
5.0,0.986758,0.20612643000564784
11.0,0.493379,0.17326227776994046
10.0,0.740069,0.21437721860468575
11.0,0.740069,0.25549215943943104
11.0,0.777199,0.22056554921114296
10.0,1.110193,0.2904485977454439
10.0,0.709559,0.20815889768437418
8.0,0.993379,0.2554621691255767
11.0,0.740069,0.22777243804800087
9.0,0.986758,0.3100023197174915
8.0,1.056456,0.2639952318129512
12.0,0.493379,0.18532599443145156
10.0,0.740069,0.22644093526619685
11.0,0.709559,0.22135605632358243
10.0,0.740069,0.26755587610094217
10.0,1.056456,0.2958735445423898
11.0,0.740069,0.2367284277548193
9.0,0.986758,0.3189583094243099
11.0,0.777199,0.22571358520540127
8.0,0.993379,0.2617436470975321
10.0,1.110193,0.2779440519098539
8.0,0.740069,0.2483448225042359
6.0,0.986758,0.28945976333898116
9.0,1.056456,0.29459722956212275
9.0,1.110193,0.299590059952207
5.0,1.486758,0.34528684679250726
12.0,0.24669,0.13214733693519518
12.0,0.493379,0.21437721860468573
12.0,0.53051,0.17945060837639765
11.0,0.493379,0.17326227776994046
12.0,0.863503,0.2493336569106986
12.0,0.24669,0.19505492665622765
11.0,0.493379,0.23616986749097296
11.0,0.24669,0.18619242977339145
12.0,0.53051,0.23349570121459395
13.0,0.493379,0.2738264358060382
10.0,0.24669,0.23616986749097296
10.0,0.493379,0.31839974916046354
13.0,0.53051,0.28281073969686926
9.0,0.493379,0.27382643580603827
11.0,0.863503,0.33751823177037177
11.0,0.24669,0.1557989726557964
10.0,0.493379,0.19691391349054171
10.0,0.24669,0.2098440654939927
9.0,0.24669,0.25982150321157416
8.0,0.493379,0.2974780715266395
11.0,0.24669,0.2336995105531438
11.0,0.53051,0.2810027819943463
11.0,0.24669,0.2966071002741763
9.0,0.24669,0.3377220411089216
11.0,0.53051,0.38436291331481787
11.0,0.493379,0.2778079179740189
9.0,0.493379,0.38183044852979664
12.0,0.24669,0.2031022440969989
11.0,0.493379,0.2853321257664895
12.0,0.24669,0.2660098338180314
10.0,0.24669,0.2571473369351952
11.0,0.493379,0.3447813429678419
12.0,0.53051,0.23479188828547254
11.0,0.53051,0.28883698112366885
11.0,0.493379,0.2839962485804761
11.0,0.493379,0.34690383830150856
12.0,0.863503,0.33073624019686665
11.0,0.493379,0.17326227776994046
10.0,0.740069,0.25549215943943104
11.0,0.777199,0.22056554921114296
10.0,0.740069,0.21437721860468573
10.0,1.110193,0.2904485977454439
12.0,0.493379,0.2146710652409211
10.0,0.740069,0.25578600607566643
10.0,0.493379,0.2642946738703903
10.0,0.777199,0.3115979453115928
11.0,0.740069,0.31880483414845073
11.0,0.493379,0.2763583905319015
10.0,0.740069,0.35858827220139206
10.0,0.777199,0.31674598130585113
8.0,0.740069,0.3393772186046858
9.0,1.110193,0.3906224560526569
12.0,0.24669,0.14421105359670625
13.0,0.46287,0.18024111548883712
11.0,0.493379,0.22644093526619685
11.0,0.493379,0.18532599443145154
12.0,0.809767,0.2547586037076444
11.0,0.24669,0.16222608454277168
10.0,0.493379,0.203341025377517
12.0,0.24669,0.19825614643490255
11.0,0.493379,0.28048602810439316
12.0,0.46287,0.22239358569995493
11.0,0.24669,0.24823358415248406
11.0,0.46287,0.2842636460446149
11.0,0.493379,0.2909750314101638
12.0,0.493379,0.2858901524675494
12.0,0.809767,0.32848705465572897
13.0,0.24669,0.20464828637990964
11.0,0.493379,0.24576322721465493
11.0,0.24669,0.258693379218106
11.0,0.24669,0.30867081693568743
11.0,0.493379,0.3463273852507528
11.0,0.24669,0.24576322721465493
10.0,0.493379,0.32799310888414546
10.0,0.24669,0.26377825816072037
9.0,0.24669,0.34978575777043275
9.0,0.493379,0.39252720502811245
13.0,0.46287,0.28634178260674176
11.0,0.46287,0.39036431316251957
12.0,0.24669,0.21516596075851
12.0,0.46287,0.25119602265064084
11.0,0.24669,0.23318099170457543
10.0,0.24669,0.2692110535967063
11.0,0.46287,0.2933484928617586
13.0,0.493379,0.2960599652419872
11.0,0.493379,0.35010505808018344
9.0,0.493379,0.29605996524198713
8.0,0.493379,0.31407499618805257
11.0,0.809767,0.35274819626858955
12.0,0.493379,0.18532599443145154
11.0,0.709559,0.2213560563235824
10.0,0.740069,0.2675558761009421
10.0,0.740069,0.22644093526619682
10.0,1.056456,0.29587354454238973
12.0,0.493379,0.22362705494773955
10.0,0.740069,0.2647419957824848
12.0,0.493379,0.2763583905319014
10.0,0.740069,0.358588272201392
11.0,0.709559,0.31125501044633513
10.0,0.493379,0.28842210719341255
10.0,0.709559,0.3244521690855434
11.0,0.740069,0.33982454051678035
8.0,0.740069,0.3514409352661969
9.0,1.056456,0.3976933423240837
9.0,0.493379,0.2072298816694906
8.0,0.740069,0.24834482250423592
8.0,0.493379,0.2612749745076869
7.0,0.493379,0.31125241222526845
8.0,0.740069,0.3489089805403338
7.0,0.493379,0.3087820552874393
5.0,0.493379,0.412804585843217
8.0,0.493379,0.2781847888312944
6.0,0.493379,0.33222988166949063
8.0,0.740069,0.35907879331477155
8.0,0.740069,0.24834482250423592
6.0,0.986758,0.28945976333898116
8.0,0.740069,0.3393772186046857
8.0,0.740069,0.3514409352661969
4.0,0.986758,0.41445976333898116
13.0,0.24669,0.07941600135103327
11.0,0.493379,0.12053094218577856
12.0,0.493379,0.16164588302052385
12.0,0.53051,0.12671927279223574
11.0,0.863503,0.19660232132653674
11.0,0.24669,0.09743103229709871
10.0,0.53051,0.14473430373830118
13.0,0.24669,0.14232359107206577
11.0,0.493379,0.22455347274155635
12.0,0.493379,0.16836376463771452
12.0,0.24669,0.18343853190681103
11.0,0.493379,0.22455347274155632
12.0,0.493379,0.22617997916449084
14.0,0.53051,0.2300794041127074
11.0,0.863503,0.2731705014367932
12.0,0.24669,0.13985323413423664
10.0,0.53051,0.18715650557543914
10.0,0.24669,0.20276082385526914
12.0,0.24669,0.2438757646900144
12.0,0.53051,0.2905166368959108
11.0,0.24669,0.10306763707163451
11.0,0.493379,0.1852975187411251
9.0,0.24669,0.12108266801769994
11.0,0.24669,0.20709016762741228
10.0,0.493379,0.24983161488509203
12.0,0.493379,0.16957758770533388
11.0,0.493379,0.27360011826111164
11.0,0.24669,0.15037090851283696
10.0,0.493379,0.19148584934758225
10.0,0.24669,0.1683859394589024
11.0,0.24669,0.21327849823386952
10.0,0.493379,0.23931867179951827
13.0,0.493379,0.23126491299631421
12.0,0.493379,0.2941725027173467
11.0,0.53051,0.18206055270131066
9.0,0.53051,0.2000755836473761
11.0,0.863503,0.2636208507629269
11.0,0.493379,0.12053094218577856
9.0,0.740069,0.16164588302052385
10.0,0.740069,0.20276082385526917
10.0,0.777199,0.16783421362698103
9.0,1.110193,0.237717262161282
10.0,0.493379,0.15883200270206654
8.0,0.777199,0.20613527414326904
12.0,0.493379,0.16193972965675923
10.0,0.740069,0.2441696113262498
8.0,0.740069,0.2033125496871905
12.0,0.493379,0.22362705494773955
10.0,0.740069,0.2647419957824848
11.0,0.740069,0.2750294882711073
11.0,0.777199,0.26401464572168926
9.0,1.110193,0.31624511242614184
11.0,0.46287,0.1670439568496289
10.0,0.74669,0.21434722829083136
11.0,0.46287,0.22995154657066139
10.0,0.46287,0.27106648740540673
12.0,0.74669,0.31770735961130303
10.0,0.46287,0.1906955925702301
8.0,0.46287,0.2947181231260079
10.0,0.46287,0.2379988640114326
10.0,0.46287,0.30090645373246516
11.0,0.74669,0.2696885081999063
10.0,0.709559,0.20815889768437418
8.0,0.993379,0.2554621691255767
11.0,0.709559,0.24956768515535485
11.0,0.709559,0.31125501044633525
9.0,0.993379,0.3516426012202849
12.0,0.493379,0.19561348692007402
11.0,0.740069,0.2778433685895646
11.0,0.493379,0.21362851786613943
11.0,0.493379,0.2996360174758518
11.0,0.740069,0.3423774647335316
12.0,0.493379,0.25605071970327736
10.0,0.493379,0.3600732502590551
10.0,0.493379,0.26656839408187777
9.0,0.493379,0.28458342502794315
12.0,0.740069,0.3474623985653549
11.0,0.740069,0.2367284277548193
9.0,0.986758,0.3189583094243098
11.0,0.740069,0.2750294882711073
11.0,0.740069,0.33982454051678035
10.0,0.986758,0.39122697384014804
10.0,0.809767,0.25348228872737744
8.0,0.809767,0.35750481928315525
9.0,0.809767,0.3244371958891812
9.0,1.056456,0.29459722956212275
9.0,1.056456,0.39769334232408377
13.0,0.24669,0.08252372830572596
11.0,0.493379,0.12363866914047125
12.0,0.46287,0.11855379019785683
12.0,0.493379,0.16475360997521654
11.0,0.809767,0.19307127841666416
11.0,0.24669,0.1005387592517914
11.0,0.493379,0.18276864092128198
12.0,0.24669,0.14543131802675846
11.0,0.46287,0.18146137991888933
12.0,0.493379,0.1714714915924072
12.0,0.24669,0.13656882114392227
11.0,0.493379,0.17768376197866756
11.0,0.46287,0.16070626040897462
14.0,0.493379,0.22420282717656903
12.0,0.809767,0.2500984556727176
13.0,0.24669,0.14296096108892933
11.0,0.493379,0.2251908427584199
10.0,0.24669,0.20586855080996183
11.0,0.24669,0.19700605392712564
12.0,0.493379,0.2846400599597724
11.0,0.24669,0.1061753640263272
10.0,0.46287,0.14220542591845806
9.0,0.24669,0.12419039497239263
10.0,0.24669,0.1602204568645235
9.0,0.46287,0.18435789612957587
12.0,0.493379,0.17268531466002657
10.0,0.493379,0.22673040749822287
11.0,0.24669,0.18407590192367462
10.0,0.493379,0.2251908427584199
10.0,0.24669,0.20209093286974006
11.0,0.24669,0.24698349164470712
10.0,0.493379,0.2730236652103558
14.0,0.46287,0.22465445731576145
12.0,0.46287,0.28756204703679394
12.0,0.493379,0.2281843093445497
10.0,0.493379,0.24619934029061513
11.0,0.809767,0.2704884865213742
11.0,0.493379,0.12363866914047125
9.0,0.740069,0.16475360997521654
10.0,0.709559,0.15966873103260212
10.0,0.740069,0.20586855080996183
9.0,1.056456,0.23418621925140948
12.0,0.493379,0.16193972965675923
10.0,0.740069,0.2441696113262498
10.0,0.493379,0.16504745661145193
9.0,0.709559,0.2010775185035828
8.0,0.740069,0.2064202766418832
12.0,0.493379,0.2146710652409211
10.0,0.740069,0.2557860060756664
11.0,0.709559,0.24956768515535485
11.0,0.740069,0.26918122551898155
7.0,1.056456,0.3054040192839319
12.0,0.493379,0.18665749721325559
11.0,0.740069,0.26888737888274616
12.0,0.493379,0.24956508693428808
11.0,0.493379,0.2407025900514519
13.0,0.740069,0.3283365960840986
11.0,0.493379,0.21030913293385683
9.0,0.493379,0.26435422577205314
11.0,0.493379,0.2882096708312042
10.0,0.493379,0.3511172605522367
12.0,0.740069,0.33231807825207926
11.0,0.740069,0.22777243804800087
9.0,0.986758,0.3100023197174915
11.0,0.740069,0.26918122551898155
12.0,0.740069,0.31880483414845073
10.0,0.986758,0.37331499442651117
12.0,0.53051,0.18459864437065598
10.0,0.74669,0.22062870626278686
10.0,0.53051,0.20261367531672142
12.0,0.53051,0.2386437372088523
12.0,0.74669,0.26278117647390464
12.0,0.53051,0.24503587715385935
10.0,0.53051,0.2990809699920556
10.0,0.53051,0.2861508179886046
8.0,0.53051,0.30416584893467
13.0,0.74669,0.32672937338069147
11.0,0.777199,0.22571358520540127
8.0,0.993379,0.2617436470975321
11.0,0.777199,0.2640146457216892
11.0,0.777199,0.3167459813058511
9.0,0.993379,0.35164260122028485
10.0,0.863503,0.25847511911746157
10.0,0.863503,0.3125202119556579
9.0,0.863503,0.3600272927354103
9.0,1.110193,0.29959005995220694
9.0,1.110193,0.3906224560526567
9.0,0.493379,0.12389654833615726
7.0,0.740069,0.16501148917090255
7.0,0.493379,0.1419115792822227
9.0,0.493379,0.18680413805718976
8.0,0.740069,0.2128443116228385
9.0,0.493379,0.18433378111936063
6.0,0.493379,0.24724137084039313
7.0,0.493379,0.1475481840567585
5.0,0.493379,0.16556321500282395
8.0,0.740069,0.21405813469045787
7.0,0.740069,0.16501148917090255
5.0,0.986758,0.20612643000564784
8.0,0.740069,0.20331254968719054
8.0,0.740069,0.20642027664188323
4.0,0.986758,0.24779309667231453
12.0,0.809767,0.22288029097820597
10.0,0.809767,0.2857878806992385
10.0,0.809767,0.24653192669880722
10.0,1.056456,0.26399523181295126
9.0,1.056456,0.30540401928393196
12.0,0.863503,0.23682911107510868
10.0,0.863503,0.2548441420211741
10.0,0.863503,0.2972663438583121
10.0,1.110193,0.277944051909854
9.0,1.110193,0.31624511242614195
8.0,1.240069,0.30417190595776195
6.0,1.486758,0.3452868467925072
13.0,0.563077,0.11054755011093821
11.0,0.809767,0.15166249094568351
12.0,0.779257,0.14657761200306907
13.0,0.809767,0.1927774317804288
12.0,1.126155,0.22109510022187645
12.0,0.809767,0.1927774317804288
11.0,1.056456,0.27500731344991936
12.0,0.846897,0.1578508215521407
10.0,1.063077,0.19388088344427157
12.0,1.179891,0.22773387008644166
11.0,0.809767,0.15166249094568351
9.0,1.056456,0.1927774317804288
9.0,1.126155,0.2210951002218764
12.0,1.179891,0.22773387008644166
8.0,1.556456,0.2761107651137621
12.0,0.563077,0.17098478289414157
11.0,0.809767,0.2532146645636322
11.0,0.846897,0.21828805433534407
10.0,0.809767,0.21209972372888686
10.0,1.179891,0.288171102869645
12.0,0.563077,0.13419918583153945
11.0,0.779257,0.17022924772367032
11.0,0.809767,0.21642906750103003
10.0,0.809767,0.17531412666628474
8.0,1.126155,0.24474673594247764
11.0,0.809767,0.2007091364652388
9.0,1.056456,0.2418240772999841
12.0,0.563077,0.21209972372888686
10.0,0.809767,0.2532146645636322
11.0,0.809767,0.2943296053983774
11.0,0.846897,0.25940299517008936
10.0,1.179891,0.3292860437043903
14.0,0.779257,0.2526782791209737
12.0,1.063077,0.2999815505621762
13.0,0.809767,0.25620813114976193
11.0,1.056456,0.33843801281925245
11.0,1.126155,0.2985123083265865
13.0,0.563077,0.18150245727274195
11.0,0.809767,0.22261739810748724
12.0,0.779257,0.21753251916487282
11.0,0.809767,0.2637323389422325
11.0,1.126155,0.29205000738368014
14.0,0.809767,0.2623964617562191
12.0,1.056456,0.3446263434257097
13.0,0.846897,0.2131921014612156
11.0,1.063077,0.24922216335334646
12.0,1.179891,0.29475239952283183
12.0,0.809767,0.2623964617562191
10.0,1.056456,0.30351140259096443
12.0,1.126155,0.3190846927828215
12.0,1.179891,0.30913645337260964
9.0,1.556456,0.3638365470065478
10.0,0.563077,0.16900133905002207
10.0,0.809767,0.25123122071951265
10.0,0.846897,0.21630461049122457
9.0,0.809767,0.21011627988476736
10.0,1.179891,0.2861876590255256
9.0,0.563077,0.1926529747706233
7.0,0.809767,0.23376791560536858
9.0,0.563077,0.2705535126679708
8.0,0.846897,0.3178567841091733
10.0,0.809767,0.31466192008884586
10.0,0.563077,0.2399562462118258
8.0,0.809767,0.3221861278813164
10.0,0.846897,0.27164589040029946
10.0,0.809767,0.320850250695303
8.0,1.179891,0.36759024231169357
12.0,0.563077,0.19430622591768137
12.0,0.779257,0.23033628780981225
10.0,0.809767,0.27653610758717195
11.0,0.809767,0.23542116675242666
12.0,1.126155,0.30485377602861957
12.0,0.563077,0.2547434587008848
10.0,0.809767,0.29585839953563
10.0,0.563077,0.29585839953563003
8.0,0.809767,0.3780882812051206
13.0,0.779257,0.33643695492771686
11.0,0.563077,0.2652611330794851
10.0,0.779257,0.301291194971616
12.0,0.809767,0.3461551375629623
11.0,0.809767,0.3461551375629623
9.0,1.126155,0.4028433685895646
10.0,0.809767,0.2456453068574428
9.0,1.056456,0.2867602476921881
9.0,0.809767,0.34719748047539145
10.0,0.809767,0.31660021401924654
9.0,1.056456,0.3974942185027237
13.0,0.563077,0.15230006535799107
11.0,0.809767,0.19341500619273636
11.0,0.809767,0.23452994702748164
12.0,0.846897,0.19960333679919356
12.0,1.179891,0.2694863853334945
12.0,0.563077,0.21273729814119444
11.0,0.846897,0.26004056958239696
11.0,0.563077,0.17595170107859232
9.0,0.809767,0.2581815827480829
11.0,0.809767,0.24246165171229167
11.0,0.563077,0.2232549725197948
9.0,0.809767,0.2643699133545401
12.0,0.809767,0.304148977003272
12.0,0.846897,0.25494461670826846
10.0,1.179891,0.3365049147698847
10.0,0.779257,0.20932716944257104
9.0,1.063077,0.2566304408837735
9.0,0.779257,0.2329788051631723
10.0,0.779257,0.28028207660437476
9.0,1.063077,0.3119717207928484
9.0,1.126155,0.29467752189174895
8.0,1.126155,0.3656324290535527
12.0,0.563077,0.17373384146144633
10.0,0.809767,0.21484878229619161
10.0,0.779257,0.2097639033535772
12.0,0.809767,0.2559637231309369
12.0,1.126155,0.2842813915723845
12.0,0.563077,0.2341710742446497
10.0,0.809767,0.3164009559141403
11.0,0.563077,0.19738547718204758
8.0,0.779257,0.23341553907417845
11.0,0.809767,0.26389542781574693
10.0,0.563077,0.275286015079395
8.0,0.809767,0.3164009559141403
13.0,0.779257,0.3158645704714818
11.0,0.809767,0.31939442250027006
9.0,1.126155,0.3616985996770945
10.0,0.809767,0.24177419609323883
10.0,1.056456,0.32400407776272944
9.0,0.809767,0.26542583181384005
9.0,0.809767,0.34332636971118746
9.0,1.056456,0.3874347771320626
12.0,0.846897,0.2520448465898972
10.0,1.063077,0.28807490848202805
10.0,0.846897,0.3124820793731006
10.0,0.846897,0.35359702020784584
10.0,1.063077,0.3941755755999327
8.0,1.179891,0.31181598105166863
6.0,1.179891,0.4133681546696173
12.0,0.809767,0.21504330910827132
10.0,1.056456,0.2561582499430166
10.0,0.809767,0.27548054189147475
10.0,0.809767,0.23869494482887257
9.0,1.056456,0.30520489546257196
8.0,1.126155,0.2807767978346085
6.0,1.126155,0.30442843355520977
10.0,1.179891,0.30178636775873213
8.0,1.179891,0.3622236005419356
9.0,1.556456,0.3584364234661707
13.0,0.616814,0.11718631997550344
11.0,0.863503,0.15830126081024873
13.0,0.832994,0.1532163818676343
12.0,0.863503,0.19941620164499402
12.0,1.179891,0.22773387008644164
12.0,0.863503,0.19941620164499402
11.0,1.110193,0.2816460833144846
12.0,0.900634,0.16448959141670594
10.0,1.116814,0.2005196533088368
12.0,1.233628,0.2343726399510069
11.0,0.863503,0.15830126081024873
9.0,1.110193,0.19941620164499402
12.0,1.179891,0.22773387008644164
9.0,1.233628,0.2343726399510069
8.0,1.610193,0.28274953497832733
12.0,0.616814,0.13520135092156887
11.0,0.863503,0.21743123259105945
11.0,0.900634,0.18250462236277137
10.0,0.863503,0.17631629175631416
8.0,1.233628,0.25238767089707237
12.0,0.616814,0.18009390969653594
11.0,0.832994,0.2161239715886668
11.0,0.863503,0.2623237913660265
10.0,0.863503,0.22120885053128123
10.0,1.179891,0.29064145980747413
11.0,0.863503,0.2061340832621847
9.0,1.110193,0.24724902409692995
12.0,0.616814,0.17123141281369975
11.0,0.863503,0.21234635364844504
12.0,0.863503,0.2534612944831903
12.0,0.900634,0.21853468425490225
11.0,1.233628,0.2884177327892032
13.0,0.832994,0.1953688520787521
11.0,1.116814,0.2426721235199546
14.0,0.863503,0.2588654188463465
12.0,1.110193,0.34109530051583703
12.0,1.179891,0.2847610473424951
12.0,0.616814,0.22120885053128123
11.0,0.863503,0.2623237913660265
12.0,0.832994,0.25723891242341207
11.0,0.863503,0.3034387322007718
11.0,1.179891,0.3317564006422194
12.0,0.863503,0.26395029778896095
11.0,1.110193,0.3461801794584515
14.0,0.900634,0.26784972273717755
12.0,1.116814,0.3038797846293084
12.0,1.233628,0.31094082006126333
12.0,0.863503,0.25886541884634656
10.0,1.110193,0.2999803596810918
12.0,1.179891,0.3014623210345262
12.0,1.233628,0.32255721481068006
9.0,1.610193,0.36213141198684196
12.0,0.616814,0.18851648404756963
10.0,0.863503,0.27074636571706023
12.0,0.900634,0.23581975548877213
10.0,0.863503,0.22963142488231492
12.0,1.233628,0.30570280402307304
12.0,0.616814,0.2514240737686021
10.0,0.863503,0.2925390146033474
11.0,0.616814,0.24256157688576593
10.0,0.900634,0.28986484832696846
12.0,0.863503,0.33019558291841267
10.0,0.616814,0.2925390146033474
8.0,0.863503,0.37476889627283805
13.0,0.900634,0.3391798868092437
11.0,0.863503,0.3301955829184128
9.0,1.233628,0.39388737888274616
13.0,0.616814,0.18250258879291262
13.0,0.832994,0.2185326506850435
12.0,0.863503,0.2647324704624032
11.0,0.863503,0.2236175296276579
10.0,1.179891,0.2930501389038508
11.0,0.616814,0.20051761973897805
10.0,0.863503,0.24163256057372334
13.0,0.616814,0.23654768163110892
11.0,0.863503,0.3187775633005995
12.0,0.832994,0.26068512089616125
12.0,0.616814,0.2865251193486904
11.0,0.832994,0.3225551812408213
12.0,0.863503,0.32926656660637016
10.0,0.863503,0.32418168766375577
8.0,1.179891,0.36677858985193534
10.0,0.863503,0.24828677677154293
9.0,1.110193,0.28940171760628824
9.0,0.863503,0.3023318696097393
8.0,0.863503,0.3523093073273208
9.0,1.110193,0.38996587564238605
11.0,0.616814,0.176900089298153
10.0,0.863503,0.2180150301328983
11.0,0.863503,0.25912997096764356
10.0,0.900634,0.2242033607393555
11.0,1.233628,0.2940864092736564
10.0,0.616814,0.19491512024421845
8.0,0.900634,0.24221839168542095
12.0,0.616814,0.2398076790191855
10.0,0.863503,0.32203756068867606
11.0,0.863503,0.26584785258483423
10.0,0.616814,0.28092261985393085
8.0,0.863503,0.32203756068867617
11.0,0.863503,0.32366406711161055
13.0,0.900634,0.3275634920598271
9.0,1.233628,0.37065458938391294
11.0,0.832994,0.2414471009871814
9.0,1.116814,0.2887503724283839
10.0,0.832994,0.3043546907082139
10.0,0.832994,0.3454696315429593
10.0,1.116814,0.39211050374885553
10.0,0.863503,0.2510544358719043
10.0,1.110193,0.33328431754139487
9.0,0.863503,0.2690694668179697
9.0,0.863503,0.3550769664276821
9.0,1.110193,0.3978184136853618
8.0,1.179891,0.3093234416060462
6.0,1.179891,0.413345972161824
13.0,0.616814,0.1681185349431348
11.0,0.863503,0.2092334757778801
12.0,0.832994,0.20414859683526568
11.0,0.863503,0.2503484166126254
12.0,1.179891,0.27866608505407303
11.0,0.616814,0.18613356588920024
9.0,0.863503,0.26836344755869085
12.0,0.616814,0.2310261246641673
11.0,0.832994,0.26705618655629815
12.0,0.863503,0.2570662982298161
11.0,0.616814,0.2221636277813311
9.0,0.863503,0.2632785686160764
12.0,0.832994,0.24630106704638347
12.0,0.863503,0.30979763381397785
10.0,1.179891,0.3356932623101265
11.0,0.900634,0.23329549730894591
9.0,1.116814,0.2693255592010768
9.0,0.900634,0.2513105282550114
10.0,0.900634,0.2873405901471422
9.0,1.116814,0.3114780294121946
9.0,1.233628,0.30695289653085006
8.0,1.233628,0.36099798936904637
9.0,0.863503,0.22664076872918995
8.0,1.110193,0.26775570956393524
8.0,0.863503,0.2446557996752554
8.0,0.863503,0.2895483584502225
7.0,1.110193,0.3155885320158712
10.0,1.179891,0.2992938283131096
8.0,1.179891,0.3622014180341421
7.0,1.233628,0.29969094233827476
5.0,1.233628,0.3177059732843402
9.0,1.610193,0.36513079973345275
9.0,0.993379,0.16556321500282392
7.0,1.240069,0.2066781558375692
9.0,1.209559,0.2015932768949548
9.0,1.240069,0.2477930966723145
8.0,1.556456,0.27611076511376215
9.0,1.240069,0.2477930966723145
7.0,1.486758,0.33002297834180505
9.0,1.277199,0.21286648644402642
5.0,1.493379,0.2488965483361573
8.0,1.610193,0.28274953497832733
7.0,1.240069,0.2066781558375692
5.0,1.486758,0.2477930966723145
8.0,1.556456,0.2761107651137621
8.0,1.610193,0.28274953497832733
3.0,1.986758,0.3311264300056479
10.0,0.993379,0.2235805058243103
10.0,1.240069,0.30581038749380096
9.0,1.277199,0.2708837772655128
9.0,1.240069,0.2646954466590556
9.0,1.610193,0.34076682579981377
11.0,0.993379,0.23182689095104217
9.0,1.209559,0.267856952843173
10.0,1.240069,0.3140567726205328
9.0,1.240069,0.27294183178578746
9.0,1.556456,0.34237444106198034
8.0,1.240069,0.28687867682114343
6.0,1.486758,0.32799361765588875
11.0,0.993379,0.22358050582431033
9.0,1.240069,0.26469544665905564
10.0,1.240069,0.30581038749380085
10.0,1.277199,0.2708837772655128
9.0,1.610193,0.34076682579981377
8.0,1.209559,0.2781953979275308
5.0,1.493379,0.32549866936873323
10.0,1.240069,0.29690829011407993
8.0,1.486758,0.37913817178357045
9.0,1.556456,0.3481227952200691
11.0,0.993379,0.2318268909510421
9.0,1.240069,0.27294183178578746
9.0,1.209559,0.26785695284317296
10.0,1.240069,0.31405677262053266
9.0,1.556456,0.3423744410619803
9.0,1.240069,0.2969082901140799
8.0,1.486758,0.3791381717835704
9.0,1.277199,0.29568406138598774
5.0,1.493379,0.3317141232781186
9.0,1.610193,0.3572195364690538
7.0,1.240069,0.2868786768211435
5.0,1.486758,0.32799361765588875
9.0,1.556456,0.34812279522006906
9.0,1.610193,0.3572195364690538
1.0,1.986758,0.41445976333898116
