complexity,cost,feature_cost
18.0,0.0,0.0
17.0,0.010424,0.0020847194499889117
17.0,0.0,0.0
19.0,0.010424,0.002871583779145776
17.0,0.0,0.0
14.0,0.0,0.0
19.0,0.010424,0.002871583779145776
17.0,0.010424,0.0020847194499889117
15.0,0.020848,0.004169438899977823
19.0,0.010424,0.002871583779145776
19.0,0.010424,0.002871583779145776
13.0,0.020848,0.004169438899977823
17.0,0.010424,0.0020847194499889117
16.0,0.010424,0.0020847194499889117
16.0,0.020848,0.004169438899977823
18.0,0.020848,0.004956303229134687
17.0,0.0,0.0020847194499889117
16.0,0.010424,0.004169438899977823
16.0,0.0,0.0020847194499889117
18.0,0.010424,0.004956303229134687
18.0,0.010424,0.002871583779145776
15.0,0.010424,0.002871583779145776
19.0,0.010424,0.005743167558291552
18.0,0.020848,0.007827887008280464
17.0,0.010424,0.0020847194499889117
15.0,0.020848,0.004169438899977823
16.0,0.010424,0.0020847194499889117
17.0,0.010424,0.004169438899977823
16.0,0.020848,0.004956303229134687
16.0,0.020848,0.004169438899977823
14.0,0.031272,0.0062541583499667345
18.0,0.020848,0.004956303229134687
19.0,0.020848,0.007827887008280464
17.0,0.010424,0.0020847194499889117
16.0,0.020848,0.004169438899977823
16.0,0.010424,0.0020847194499889117
18.0,0.020848,0.004956303229134687
16.0,0.010424,0.0020847194499889117
13.0,0.010424,0.0020847194499889117
18.0,0.020848,0.004956303229134687
16.0,0.020848,0.004169438899977823
14.0,0.031272,0.0062541583499667345
18.0,0.020848,0.004956303229134687
18.0,0.020848,0.004956303229134687
12.0,0.031272,0.0062541583499667345
14.0,0.041696,0.008338877799955647
13.0,0.05212,0.01042359724994456
20.0,0.010424,0.005743167558291552
19.0,0.020848,0.007827887008280464
19.0,0.010424,0.005743167558291552
19.0,0.020848,0.008614751337437328
17.0,0.0,0.0020847194499889117
17.0,0.010424,0.004169438899977823
16.0,0.0,0.0020847194499889117
15.0,0.0,0.004169438899977823
16.0,0.010424,0.004956303229134687
16.0,0.010424,0.004169438899977823
14.0,0.010424,0.0062541583499667345
18.0,0.010424,0.004956303229134687
18.0,0.010424,0.002871583779145776
16.0,0.020848,0.004956303229134687
15.0,0.010424,0.002871583779145776
16.0,0.010424,0.004956303229134687
13.0,0.020848,0.005743167558291552
20.0,0.010424,0.005743167558291552
19.0,0.020848,0.007827887008280464
19.0,0.010424,0.005743167558291552
19.0,0.020848,0.008614751337437328
19.0,0.010424,0.005743167558291552
18.0,0.020848,0.007827887008280464
19.0,0.020848,0.007827887008280464
14.0,0.020848,0.008338877799955647
13.0,0.031272,0.01042359724994456
12.0,0.05212,0.011997325908258288
17.0,0.0,0.0020847194499889117
16.0,0.010424,0.004169438899977823
16.0,0.0,0.004169438899977823
19.0,0.010424,0.007827887008280464
16.0,0.0,0.004169438899977823
14.0,0.0,0.0062541583499667345
19.0,0.010424,0.007827887008280464
16.0,0.010424,0.004169438899977823
15.0,0.020848,0.0062541583499667345
18.0,0.010424,0.007827887008280464
18.0,0.010424,0.007827887008280465
13.0,0.020848,0.01042359724994456
16.0,0.010424,0.004169438899977823
15.0,0.010424,0.0062541583499667345
15.0,0.020848,0.0062541583499667345
17.0,0.020848,0.009912606458269376
16.0,0.0,0.0020847194499889117
15.0,0.010424,0.004169438899977823
14.0,0.0,0.004169438899977823
17.0,0.010424,0.007827887008280464
16.0,0.010424,0.004956303229134687
14.0,0.010424,0.007041022679123599
18.0,0.010424,0.004956303229134687
17.0,0.020848,0.007041022679123599
19.0,0.010424,0.005743167558291552
18.0,0.020848,0.007827887008280464
18.0,0.010424,0.007827887008280464
17.0,0.020848,0.011486335116583105
18.0,0.010424,0.007827887008280464
16.0,0.010424,0.009912606458269375
19.0,0.020848,0.011486335116583105
18.0,0.020848,0.007827887008280464
16.0,0.031272,0.009912606458269375
18.0,0.020848,0.011486335116583105
19.0,0.020848,0.011486335116583105
14.0,0.031272,0.014082045358247199
17.0,0.0,0.0
16.0,0.010424,0.0020847194499889117
16.0,0.0,0.0
18.0,0.010424,0.002871583779145776
16.0,0.0,0.0
13.0,0.0,0.0
18.0,0.010424,0.002871583779145776
16.0,0.010424,0.0020847194499889117
15.0,0.020848,0.004169438899977823
18.0,0.010424,0.002871583779145776
18.0,0.010424,0.002871583779145776
12.0,0.020848,0.004169438899977823
17.0,0.010424,0.0020847194499889117
15.0,0.010424,0.0020847194499889117
16.0,0.020848,0.004169438899977823
17.0,0.020848,0.004956303229134687
17.0,0.0,0.0020847194499889117
16.0,0.010424,0.004169438899977823
15.0,0.0,0.0020847194499889117
17.0,0.010424,0.004956303229134687
17.0,0.010424,0.002871583779145776
14.0,0.010424,0.002871583779145776
19.0,0.010424,0.005743167558291552
18.0,0.020848,0.007827887008280464
18.0,0.010424,0.002871583779145776
16.0,0.020848,0.004956303229134687
16.0,0.010424,0.002871583779145776
17.0,0.010424,0.004956303229134687
17.0,0.020848,0.005743167558291552
17.0,0.020848,0.004956303229134687
15.0,0.031272,0.007041022679123599
18.0,0.020848,0.005743167558291552
19.0,0.020848,0.008614751337437328
20.0,0.010424,0.002871583779145776
19.0,0.020848,0.004956303229134687
19.0,0.010424,0.002871583779145776
17.0,0.020848,0.005743167558291552
19.0,0.010424,0.002871583779145776
16.0,0.010424,0.002871583779145776
19.0,0.020848,0.005743167558291552
19.0,0.020848,0.004956303229134687
16.0,0.031272,0.007041022679123599
19.0,0.020848,0.005743167558291552
20.0,0.020848,0.005743167558291552
14.0,0.031272,0.007041022679123599
17.0,0.010424,0.0020847194499889117
16.0,0.020848,0.004169438899977823
16.0,0.010424,0.0020847194499889117
16.0,0.010424,0.004169438899977823
16.0,0.020848,0.004956303229134687
16.0,0.020848,0.004169438899977823
15.0,0.020848,0.0062541583499667345
18.0,0.020848,0.004956303229134687
16.0,0.020848,0.004169438899977823
14.0,0.031272,0.0062541583499667345
14.0,0.020848,0.004169438899977823
15.0,0.020848,0.0062541583499667345
14.0,0.031272,0.007041022679123599
16.0,0.020848,0.004169438899977823
15.0,0.031272,0.0062541583499667345
15.0,0.020848,0.004169438899977823
17.0,0.031272,0.007041022679123599
13.0,0.05212,0.01042359724994456
19.0,0.020848,0.007827887008280464
18.0,0.031272,0.009912606458269376
18.0,0.010424,0.002871583779145776
16.0,0.020848,0.004956303229134687
15.0,0.010424,0.002871583779145776
16.0,0.010424,0.004956303229134687
15.0,0.020848,0.005743167558291552
17.0,0.020848,0.004956303229134687
14.0,0.020848,0.004956303229134687
19.0,0.020848,0.008614751337437328
18.0,0.010424,0.002871583779145776
17.0,0.020848,0.004956303229134687
16.0,0.010424,0.002871583779145776
16.0,0.010424,0.004956303229134687
17.0,0.020848,0.005743167558291552
17.0,0.020848,0.004956303229134687
15.0,0.020848,0.007041022679123599
18.0,0.020848,0.005743167558291552
15.0,0.020848,0.004169438899977823
13.0,0.031272,0.0062541583499667345
12.0,0.020848,0.004169438899977823
13.0,0.020848,0.0062541583499667345
12.0,0.031272,0.007041022679123599
15.0,0.05212,0.011997325908258288
17.0,0.0,0.0020847194499889117
16.0,0.010424,0.004169438899977823
16.0,0.0,0.0020847194499889117
16.0,0.0,0.004169438899977823
16.0,0.010424,0.004956303229134687
15.0,0.0,0.004169438899977823
14.0,0.0,0.0062541583499667345
17.0,0.0,0.0020847194499889117
15.0,0.0,0.0020847194499889117
16.0,0.010424,0.004956303229134687
17.0,0.010424,0.004169438899977823
15.0,0.020848,0.0062541583499667345
16.0,0.010424,0.004956303229134687
17.0,0.010424,0.004956303229134687
13.0,0.020848,0.0062541583499667345
16.0,0.010424,0.004169438899977823
15.0,0.010424,0.004169438899977823
14.0,0.010424,0.0062541583499667345
16.0,0.020848,0.0062541583499667345
15.0,0.020848,0.007041022679123599
19.0,0.010424,0.007827887008280464
17.0,0.010424,0.009912606458269376
20.0,0.010424,0.004956303229134687
18.0,0.010424,0.004956303229134687
16.0,0.0,0.004169438899977823
15.0,0.010424,0.0062541583499667345
14.0,0.0,0.004169438899977823
14.0,0.0,0.0062541583499667345
14.0,0.010424,0.0070410226791235994
14.0,0.0,0.0062541583499667345
12.0,0.0,0.008338877799955647
16.0,0.0,0.004169438899977823
14.0,0.0,0.004169438899977823
15.0,0.010424,0.007041022679123599
15.0,0.010424,0.0062541583499667345
14.0,0.020848,0.008338877799955647
14.0,0.010424,0.007041022679123599
15.0,0.010424,0.007041022679123599
11.0,0.020848,0.008338877799955647
19.0,0.010424,0.007827887008280464
17.0,0.010424,0.007827887008280464
17.0,0.010424,0.009912606458269376
18.0,0.020848,0.009912606458269375
17.0,0.020848,0.01069947078742624
16.0,0.010424,0.004169438899977823
15.0,0.020848,0.0062541583499667345
14.0,0.010424,0.0062541583499667345
16.0,0.010424,0.004169438899977823
15.0,0.020848,0.007041022679123599
15.0,0.020848,0.0062541583499667345
13.0,0.020848,0.008338877799955647
19.0,0.020848,0.0070410226791235994
18.0,0.010424,0.004956303229134687
17.0,0.020848,0.007041022679123599
17.0,0.010424,0.004956303229134687
18.0,0.020848,0.007827887008280464
18.0,0.010424,0.007827887008280464
16.0,0.010424,0.009912606458269376
18.0,0.010424,0.007827887008280465
17.0,0.020848,0.009912606458269378
16.0,0.010424,0.009912606458269376
18.0,0.010424,0.007827887008280465
17.0,0.020848,0.010699470787426241
13.0,0.020848,0.01042359724994456
11.0,0.020848,0.012508316699933473
19.0,0.010424,0.005743167558291552
18.0,0.020848,0.007827887008280464
18.0,0.010424,0.007827887008280464
19.0,0.020848,0.011486335116583105
18.0,0.010424,0.007827887008280464
16.0,0.010424,0.009912606458269375
17.0,0.020848,0.011486335116583105
18.0,0.020848,0.007827887008280464
16.0,0.031272,0.009912606458269375
19.0,0.020848,0.011486335116583105
18.0,0.020848,0.011486335116583105
14.0,0.031272,0.014082045358247199
19.0,0.010424,0.005743167558291552
18.0,0.010424,0.007827887008280464
18.0,0.020848,0.007827887008280464
18.0,0.020848,0.011486335116583105
20.0,0.020848,0.008614751337437328
18.0,0.031272,0.01069947078742624
19.0,0.020848,0.007827887008280464
18.0,0.031272,0.009912606458269375
17.0,0.020848,0.009912606458269375
16.0,0.031272,0.013571054566572016
19.0,0.020848,0.008614751337437328
17.0,0.020848,0.01069947078742624
17.0,0.0,0.0
17.0,0.010424,0.0020847194499889117
16.0,0.0,0.0
17.0,0.0,0.0020847194499889117
17.0,0.010424,0.002871583779145776
17.0,0.0,0.0020847194499889117
16.0,0.0,0.004169438899977823
16.0,0.0,0.0
15.0,0.0,0.0
17.0,0.010424,0.002871583779145776
17.0,0.010424,0.0020847194499889117
16.0,0.020848,0.004169438899977823
17.0,0.010424,0.002871583779145776
17.0,0.010424,0.002871583779145776
14.0,0.020848,0.004169438899977823
16.0,0.010424,0.0020847194499889117
16.0,0.010424,0.004169438899977823
15.0,0.010424,0.0020847194499889117
16.0,0.020848,0.004169438899977823
16.0,0.020848,0.004956303229134687
18.0,0.010424,0.002871583779145776
17.0,0.010424,0.002871583779145776
19.0,0.010424,0.005743167558291552
18.0,0.010424,0.007827887008280464
16.0,0.0,0.0
15.0,0.010424,0.0020847194499889117
13.0,0.0,0.0
15.0,0.0,0.0020847194499889117
14.0,0.010424,0.002871583779145776
15.0,0.0,0.0020847194499889117
14.0,0.0,0.004169438899977823
15.0,0.0,0.0
12.0,0.0,0.0
15.0,0.010424,0.002871583779145776
15.0,0.010424,0.0020847194499889117
14.0,0.020848,0.004169438899977823
14.0,0.010424,0.002871583779145776
15.0,0.010424,0.002871583779145776
11.0,0.020848,0.004169438899977823
18.0,0.010424,0.002871583779145776
17.0,0.010424,0.004956303229134687
17.0,0.010424,0.002871583779145776
17.0,0.020848,0.004956303229134687
17.0,0.020848,0.005743167558291552
16.0,0.010424,0.0020847194499889117
16.0,0.020848,0.004169438899977823
16.0,0.010424,0.004169438899977823
15.0,0.010424,0.0020847194499889117
16.0,0.020848,0.004956303229134687
15.0,0.020848,0.004169438899977823
14.0,0.020848,0.004169438899977823
18.0,0.020848,0.007827887008280464
18.0,0.010424,0.002871583779145776
17.0,0.010424,0.002871583779145776
18.0,0.010424,0.002871583779145776
17.0,0.020848,0.004956303229134687
17.0,0.010424,0.004956303229134687
17.0,0.010424,0.002871583779145776
17.0,0.020848,0.005743167558291552
12.0,0.020848,0.004169438899977823
11.0,0.020848,0.004169438899977823
19.0,0.010424,0.005743167558291552
18.0,0.020848,0.007827887008280464
18.0,0.010424,0.007827887008280464
18.0,0.020848,0.011486335116583105
18.0,0.010424,0.002871583779145776
16.0,0.020848,0.004956303229134688
16.0,0.010424,0.002871583779145776
17.0,0.010424,0.004956303229134687
17.0,0.020848,0.005743167558291552
16.0,0.010424,0.004956303229134688
15.0,0.010424,0.0070410226791235994
17.0,0.010424,0.002871583779145776
15.0,0.010424,0.002871583779145776
15.0,0.020848,0.005743167558291552
17.0,0.020848,0.004956303229134687
15.0,0.031272,0.0070410226791235994
17.0,0.020848,0.005743167558291552
18.0,0.020848,0.005743167558291552
14.0,0.031272,0.0070410226791235994
17.0,0.020848,0.004956303229134687
15.0,0.031272,0.0070410226791235994
15.0,0.020848,0.0070410226791235994
16.0,0.020848,0.004956303229134687
14.0,0.031272,0.007827887008280464
18.0,0.020848,0.005743167558291552
17.0,0.020848,0.005743167558291552
19.0,0.020848,0.008614751337437328
17.0,0.020848,0.01069947078742624
20.0,0.010424,0.002871583779145776
19.0,0.020848,0.004956303229134687
19.0,0.010424,0.002871583779145776
19.0,0.020848,0.005743167558291552
19.0,0.010424,0.002871583779145776
16.0,0.010424,0.002871583779145776
17.0,0.020848,0.005743167558291552
19.0,0.020848,0.004956303229134687
16.0,0.031272,0.007041022679123599
20.0,0.020848,0.005743167558291552
19.0,0.020848,0.005743167558291552
14.0,0.031272,0.007041022679123599
20.0,0.010424,0.004956303229134688
18.0,0.010424,0.004956303229134688
19.0,0.020848,0.0070410226791235994
18.0,0.020848,0.007827887008280465
20.0,0.020848,0.008614751337437328
18.0,0.031272,0.01069947078742624
19.0,0.020848,0.004956303229134687
18.0,0.031272,0.007041022679123599
18.0,0.020848,0.004956303229134687
16.0,0.031272,0.007827887008280464
20.0,0.020848,0.005743167558291552
17.0,0.020848,0.005743167558291552
17.0,0.010424,0.0020847194499889117
16.0,0.020848,0.004169438899977823
16.0,0.010424,0.0020847194499889117
16.0,0.010424,0.004169438899977823
16.0,0.020848,0.004956303229134687
17.0,0.010424,0.004169438899977823
15.0,0.010424,0.0062541583499667345
17.0,0.010424,0.0020847194499889117
15.0,0.010424,0.0020847194499889117
17.0,0.020848,0.004956303229134687
15.0,0.020848,0.004169438899977823
14.0,0.031272,0.0062541583499667345
16.0,0.020848,0.004956303229134687
16.0,0.020848,0.004956303229134687
13.0,0.031272,0.0062541583499667345
16.0,0.020848,0.004169438899977823
15.0,0.020848,0.0062541583499667345
16.0,0.020848,0.004169438899977823
14.0,0.031272,0.0062541583499667345
15.0,0.031272,0.007041022679123599
18.0,0.020848,0.004956303229134687
17.0,0.020848,0.004956303229134687
19.0,0.020848,0.007827887008280464
17.0,0.020848,0.009912606458269375
16.0,0.020848,0.004169438899977823
14.0,0.031272,0.0062541583499667345
14.0,0.020848,0.004169438899977823
15.0,0.020848,0.0062541583499667345
14.0,0.031272,0.0070410226791235994
15.0,0.020848,0.0062541583499667345
14.0,0.020848,0.008338877799955647
16.0,0.020848,0.004169438899977823
14.0,0.020848,0.004169438899977823
15.0,0.031272,0.007041022679123599
14.0,0.031272,0.0062541583499667345
12.0,0.041696,0.008338877799955647
14.0,0.031272,0.007041022679123599
15.0,0.031272,0.007041022679123599
11.0,0.041696,0.008338877799955647
16.0,0.020848,0.004169438899977823
15.0,0.020848,0.004169438899977823
16.0,0.020848,0.0062541583499667345
14.0,0.031272,0.0062541583499667345
15.0,0.031272,0.007041022679123599
15.0,0.031272,0.0062541583499667345
13.0,0.041696,0.008338877799955647
17.0,0.031272,0.007041022679123599
18.0,0.031272,0.009912606458269375
13.0,0.05212,0.01042359724994456
11.0,0.062544,0.012508316699933473
19.0,0.020848,0.007827887008280464
18.0,0.031272,0.009912606458269376
18.0,0.020848,0.009912606458269376
16.0,0.031272,0.013571054566572016
19.0,0.020848,0.004956303229134687
18.0,0.031272,0.007041022679123599
18.0,0.020848,0.004956303229134687
16.0,0.031272,0.007827887008280464
13.0,0.062544,0.0140820453582472
18.0,0.010424,0.002871583779145776
16.0,0.020848,0.004956303229134687
15.0,0.010424,0.002871583779145776
16.0,0.010424,0.004956303229134687
15.0,0.020848,0.005743167558291552
16.0,0.010424,0.004956303229134687
14.0,0.010424,0.007041022679123599
17.0,0.010424,0.002871583779145776
14.0,0.010424,0.002871583779145776
17.0,0.020848,0.005743167558291552
16.0,0.020848,0.004956303229134687
14.0,0.031272,0.007041022679123599
13.0,0.020848,0.005743167558291551
17.0,0.020848,0.005743167558291552
12.0,0.031272,0.007041022679123599
17.0,0.020848,0.004956303229134687
14.0,0.020848,0.004956303229134687
15.0,0.020848,0.007041022679123599
15.0,0.031272,0.007041022679123599
12.0,0.031272,0.007827887008280464
19.0,0.020848,0.008614751337437328
17.0,0.020848,0.01069947078742624
20.0,0.020848,0.005743167558291552
17.0,0.020848,0.005743167558291552
18.0,0.010424,0.002871583779145776
17.0,0.020848,0.004956303229134687
16.0,0.010424,0.002871583779145776
16.0,0.010424,0.004956303229134687
17.0,0.020848,0.005743167558291552
17.0,0.010424,0.004956303229134687
15.0,0.010424,0.007041022679123599
17.0,0.010424,0.002871583779145776
15.0,0.010424,0.002871583779145776
18.0,0.020848,0.005743167558291552
16.0,0.020848,0.004956303229134687
15.0,0.031272,0.007041022679123599
17.0,0.020848,0.005743167558291552
15.0,0.020848,0.005743167558291552
14.0,0.031272,0.007041022679123599
17.0,0.020848,0.004956303229134687
15.0,0.020848,0.007041022679123599
16.0,0.020848,0.004956303229134687
15.0,0.031272,0.007041022679123599
14.0,0.031272,0.007827887008280464
18.0,0.020848,0.005743167558291552
17.0,0.020848,0.005743167558291552
19.0,0.020848,0.008614751337437328
17.0,0.020848,0.01069947078742624
15.0,0.020848,0.004169438899977823
13.0,0.031272,0.0062541583499667345
12.0,0.020848,0.004169438899977823
13.0,0.020848,0.0062541583499667345
12.0,0.031272,0.0070410226791235994
13.0,0.020848,0.0062541583499667345
11.0,0.020848,0.008338877799955647
14.0,0.020848,0.004169438899977823
11.0,0.020848,0.004169438899977823
14.0,0.031272,0.007041022679123599
13.0,0.031272,0.0062541583499667345
11.0,0.041696,0.008338877799955647
12.0,0.031272,0.007041022679123599
14.0,0.031272,0.007041022679123599
9.0,0.041696,0.008338877799955647
15.0,0.05212,0.01199732590825829
13.0,0.062544,0.0140820453582472
17.0,0.010424,0.0020847194499889117
16.0,0.020848,0.004169438899977823
16.0,0.010424,0.0020847194499889117
18.0,0.020848,0.004956303229134687
16.0,0.010424,0.0020847194499889117
13.0,0.010424,0.0020847194499889117
18.0,0.020848,0.004956303229134687
16.0,0.020848,0.004169438899977823
14.0,0.031272,0.0062541583499667345
18.0,0.020848,0.004956303229134687
18.0,0.020848,0.004956303229134687
12.0,0.031272,0.0062541583499667345
16.0,0.020848,0.004169438899977823
15.0,0.020848,0.004169438899977823
15.0,0.031272,0.0062541583499667345
17.0,0.031272,0.007041022679123599
16.0,0.010424,0.004169438899977823
15.0,0.020848,0.0062541583499667345
15.0,0.010424,0.004169438899977823
17.0,0.020848,0.007041022679123599
17.0,0.020848,0.004956303229134687
14.0,0.020848,0.004956303229134687
18.0,0.020848,0.007827887008280464
16.0,0.031272,0.009912606458269376
16.0,0.020848,0.004169438899977823
14.0,0.031272,0.0062541583499667345
15.0,0.020848,0.004169438899977823
16.0,0.020848,0.0062541583499667345
15.0,0.031272,0.0070410226791235994
15.0,0.031272,0.0062541583499667345
13.0,0.041696,0.008338877799955647
17.0,0.031272,0.007041022679123599
18.0,0.031272,0.009912606458269375
16.0,0.020848,0.004169438899977823
15.0,0.031272,0.0062541583499667345
15.0,0.020848,0.004169438899977823
16.0,0.031272,0.007041022679123599
15.0,0.020848,0.004169438899977823
12.0,0.020848,0.004169438899977823
16.0,0.031272,0.007041022679123599
15.0,0.031272,0.0062541583499667345
11.0,0.041696,0.008338877799955647
16.0,0.031272,0.007041022679123599
16.0,0.031272,0.007041022679123599
9.0,0.041696,0.008338877799955647
13.0,0.05212,0.01042359724994456
10.0,0.062544,0.012508316699933473
19.0,0.020848,0.007827887008280464
17.0,0.031272,0.009912606458269376
18.0,0.020848,0.007827887008280464
17.0,0.031272,0.01069947078742624
16.0,0.010424,0.004169438899977823
16.0,0.020848,0.0062541583499667345
15.0,0.010424,0.004169438899977823
14.0,0.010424,0.0062541583499667345
15.0,0.020848,0.007041022679123599
15.0,0.020848,0.0062541583499667345
13.0,0.020848,0.008338877799955647
17.0,0.020848,0.007041022679123599
17.0,0.020848,0.004956303229134687
15.0,0.031272,0.007041022679123599
14.0,0.020848,0.004956303229134687
15.0,0.020848,0.0070410226791235994
12.0,0.031272,0.007827887008280464
19.0,0.020848,0.007827887008280464
17.0,0.031272,0.009912606458269376
18.0,0.020848,0.007827887008280464
17.0,0.031272,0.01069947078742624
18.0,0.020848,0.007827887008280464
16.0,0.031272,0.009912606458269376
18.0,0.031272,0.009912606458269376
13.0,0.031272,0.01042359724994456
10.0,0.041696,0.012508316699933473
9.0,0.062544,0.0140820453582472
20.0,0.010424,0.005743167558291552
19.0,0.020848,0.007827887008280464
19.0,0.010424,0.007827887008280464
20.0,0.020848,0.011486335116583105
19.0,0.010424,0.007827887008280464
17.0,0.010424,0.009912606458269375
21.0,0.020848,0.011486335116583105
19.0,0.020848,0.007827887008280464
17.0,0.031272,0.009912606458269375
17.0,0.020848,0.011486335116583105
19.0,0.020848,0.011486335116583105
15.0,0.031272,0.0140820453582472
19.0,0.020848,0.007827887008280464
18.0,0.020848,0.009912606458269375
18.0,0.031272,0.009912606458269375
16.0,0.031272,0.013571054566572018
19.0,0.010424,0.005743167558291552
18.0,0.020848,0.007827887008280464
17.0,0.010424,0.007827887008280464
18.0,0.020848,0.011486335116583105
19.0,0.020848,0.008614751337437328
17.0,0.020848,0.01069947078742624
19.0,0.020848,0.008614751337437328
17.0,0.031272,0.01069947078742624
20.0,0.010424,0.005743167558291552
19.0,0.020848,0.007827887008280464
19.0,0.010424,0.007827887008280464
21.0,0.020848,0.011486335116583105
19.0,0.010424,0.007827887008280464
17.0,0.010424,0.009912606458269375
20.0,0.020848,0.011486335116583105
19.0,0.020848,0.007827887008280464
17.0,0.031272,0.009912606458269375
19.0,0.020848,0.011486335116583105
17.0,0.020848,0.011486335116583105
15.0,0.031272,0.0140820453582472
19.0,0.020848,0.007827887008280464
18.0,0.020848,0.009912606458269375
18.0,0.031272,0.009912606458269375
16.0,0.031272,0.013571054566572018
19.0,0.010424,0.005743167558291552
18.0,0.020848,0.007827887008280464
17.0,0.010424,0.007827887008280464
18.0,0.020848,0.011486335116583105
19.0,0.020848,0.008614751337437328
17.0,0.020848,0.01069947078742624
19.0,0.020848,0.008614751337437328
17.0,0.031272,0.01069947078742624
14.0,0.020848,0.008338877799955647
13.0,0.031272,0.01042359724994456
13.0,0.020848,0.01042359724994456
15.0,0.031272,0.0140820453582472
13.0,0.020848,0.01042359724994456
11.0,0.020848,0.012508316699933473
15.0,0.031272,0.0140820453582472
13.0,0.031272,0.01042359724994456
10.0,0.041696,0.012508316699933473
14.0,0.031272,0.0140820453582472
14.0,0.031272,0.0140820453582472
8.0,0.041696,0.016677755599911297
20.0,0.010424,0.002871583779145776
19.0,0.020848,0.004956303229134687
19.0,0.010424,0.002871583779145776
19.0,0.020848,0.005743167558291552
19.0,0.010424,0.002871583779145776
16.0,0.010424,0.002871583779145776
20.0,0.020848,0.005743167558291552
19.0,0.020848,0.004956303229134687
16.0,0.031272,0.007041022679123599
17.0,0.020848,0.005743167558291552
19.0,0.020848,0.005743167558291552
14.0,0.031272,0.007041022679123599
19.0,0.020848,0.004956303229134687
18.0,0.020848,0.004956303229134687
18.0,0.031272,0.007041022679123599
16.0,0.031272,0.007827887008280464
20.0,0.010424,0.004956303229134687
19.0,0.020848,0.007041022679123599
18.0,0.010424,0.004956303229134687
18.0,0.020848,0.007827887008280464
20.0,0.020848,0.005743167558291552
17.0,0.020848,0.005743167558291552
20.0,0.020848,0.008614751337437328
18.0,0.031272,0.010699470787426241
20.0,0.010424,0.002871583779145776
19.0,0.020848,0.004956303229134687
19.0,0.010424,0.002871583779145776
20.0,0.020848,0.005743167558291552
19.0,0.010424,0.002871583779145776
16.0,0.010424,0.002871583779145776
19.0,0.020848,0.005743167558291552
19.0,0.020848,0.004956303229134687
16.0,0.031272,0.007041022679123599
19.0,0.020848,0.005743167558291552
17.0,0.020848,0.005743167558291552
14.0,0.031272,0.007041022679123599
19.0,0.020848,0.004956303229134687
18.0,0.020848,0.004956303229134687
18.0,0.031272,0.007041022679123599
16.0,0.031272,0.007827887008280464
20.0,0.010424,0.004956303229134687
19.0,0.020848,0.007041022679123599
18.0,0.010424,0.004956303229134687
18.0,0.020848,0.007827887008280464
20.0,0.020848,0.005743167558291552
17.0,0.020848,0.005743167558291552
20.0,0.020848,0.008614751337437328
18.0,0.031272,0.010699470787426241
15.0,0.020848,0.004169438899977823
14.0,0.031272,0.0062541583499667345
14.0,0.020848,0.004169438899977823
15.0,0.031272,0.007041022679123599
14.0,0.020848,0.004169438899977823
11.0,0.020848,0.004169438899977823
15.0,0.031272,0.007041022679123599
14.0,0.031272,0.0062541583499667345
10.0,0.041696,0.008338877799955647
15.0,0.031272,0.007041022679123599
15.0,0.031272,0.007041022679123599
8.0,0.041696,0.008338877799955647
14.0,0.05212,0.011997325908258288
11.0,0.062544,0.0140820453582472
14.0,0.041696,0.008338877799955647
13.0,0.05212,0.01042359724994456
13.0,0.05212,0.01042359724994456
13.0,0.05212,0.01042359724994456
11.0,0.062544,0.012508316699933473
13.0,0.05212,0.01042359724994456
10.0,0.062544,0.012508316699933473
8.0,0.083392,0.016677755599911297
12.0,0.05212,0.011997325908258288
9.0,0.062544,0.0140820453582472
15.0,0.05212,0.011997325908258288
13.0,0.062544,0.0140820453582472
15.0,0.05212,0.011997325908258288
13.0,0.062544,0.0140820453582472
14.0,0.05212,0.011997325908258288
11.0,0.062544,0.0140820453582472
6.0,0.083392,0.016677755599911297
21.0,0.041555,0.015125934092708166
20.0,0.051979,0.017210653542697078
20.0,0.041555,0.015125934092708166
23.0,0.051979,0.017997517871853944
20.0,0.041555,0.015125934092708166
17.0,0.041555,0.015125934092708166
23.0,0.051979,0.017997517871853944
20.0,0.051979,0.017210653542697078
18.0,0.062403,0.01929537299268599
23.0,0.051979,0.017997517871853944
23.0,0.051979,0.017997517871853944
16.0,0.062403,0.01929537299268599
20.0,0.041555,0.017210653542697078
19.0,0.041555,0.017210653542697078
19.0,0.051979,0.01929537299268599
21.0,0.051979,0.020082237321842854
23.0,0.051979,0.02086910165099972
21.0,0.062403,0.02295382110098863
20.0,0.051979,0.017210653542697078
19.0,0.062403,0.01929537299268599
19.0,0.051979,0.017210653542697078
21.0,0.062403,0.020082237321842854
21.0,0.051979,0.017997517871853944
18.0,0.051979,0.017997517871853944
20.0,0.041555,0.017210653542697078
19.0,0.041555,0.017210653542697078
18.0,0.041555,0.01929537299268599
20.0,0.051979,0.01929537299268599
19.0,0.051979,0.020082237321842854
19.0,0.051979,0.01929537299268599
17.0,0.051979,0.021380092442674904
21.0,0.051979,0.020082237321842854
23.0,0.051979,0.02086910165099972
22.0,0.062403,0.02295382110098863
23.0,0.062403,0.02295382110098863
20.0,0.051979,0.017210653542697078
19.0,0.051979,0.017210653542697078
20.0,0.051979,0.01929537299268599
18.0,0.062403,0.01929537299268599
19.0,0.062403,0.020082237321842854
19.0,0.062403,0.01929537299268599
17.0,0.072827,0.021380092442674904
21.0,0.062403,0.020082237321842854
23.0,0.062403,0.02295382110098863
21.0,0.051979,0.017997517871853944
18.0,0.051979,0.017997517871853944
19.0,0.051979,0.020082237321842854
19.0,0.062403,0.020082237321842854
16.0,0.062403,0.020869101650999717
20.0,0.051979,0.017210653542697078
19.0,0.062403,0.01929537299268599
19.0,0.051979,0.017210653542697078
21.0,0.062403,0.020082237321842854
19.0,0.051979,0.017210653542697078
16.0,0.051979,0.017210653542697078
22.0,0.062403,0.020082237321842854
19.0,0.062403,0.01929537299268599
16.0,0.072827,0.021380092442674904
21.0,0.062403,0.020082237321842854
22.0,0.062403,0.020082237321842854
14.0,0.072827,0.021380092442674904
24.0,0.051979,0.02086910165099972
23.0,0.051979,0.02086910165099972
22.0,0.062403,0.02295382110098863
22.0,0.062403,0.023740685430145497
24.0,0.051979,0.02086910165099972
23.0,0.051979,0.02086910165099972
23.0,0.062403,0.02295382110098863
22.0,0.062403,0.023740685430145497
17.0,0.062403,0.023464811892663816
15.0,0.072827,0.025549531342652726
17.0,0.083251,0.023464811892663813
15.0,0.093675,0.025549531342652726
14.0,0.093675,0.027123260000966456
19.0,0.051979,0.017210653542697078
18.0,0.051979,0.017210653542697078
18.0,0.051979,0.01929537299268599
18.0,0.062403,0.01929537299268599
18.0,0.062403,0.020082237321842854
18.0,0.062403,0.01929537299268599
17.0,0.062403,0.021380092442674904
20.0,0.062403,0.020082237321842854
18.0,0.062403,0.01929537299268599
16.0,0.062403,0.01929537299268599
17.0,0.062403,0.021380092442674904
16.0,0.072827,0.021380092442674904
16.0,0.072827,0.022166956771831767
18.0,0.062403,0.01929537299268599
17.0,0.062403,0.01929537299268599
17.0,0.072827,0.021380092442674904
18.0,0.072827,0.022166956771831767
22.0,0.062403,0.02295382110098863
20.0,0.072827,0.025038540550977543
15.0,0.093675,0.025549531342652726
20.0,0.041555,0.017210653542697078
19.0,0.051979,0.01929537299268599
19.0,0.041555,0.01929537299268599
22.0,0.051979,0.02295382110098863
19.0,0.041555,0.01929537299268599
17.0,0.041555,0.021380092442674904
22.0,0.051979,0.02295382110098863
19.0,0.051979,0.01929537299268599
18.0,0.062403,0.021380092442674904
23.0,0.051979,0.02295382110098863
23.0,0.051979,0.02295382110098863
16.0,0.062403,0.025549531342652726
18.0,0.041555,0.017210653542697078
17.0,0.041555,0.01929537299268599
17.0,0.051979,0.01929537299268599
21.0,0.051979,0.02295382110098863
21.0,0.051979,0.020082237321842854
19.0,0.062403,0.022166956771831767
18.0,0.051979,0.01929537299268599
17.0,0.062403,0.021380092442674904
17.0,0.051979,0.021380092442674904
20.0,0.062403,0.025038540550977543
19.0,0.051979,0.020082237321842854
17.0,0.051979,0.022166956771831767
20.0,0.051979,0.017997517871853944
18.0,0.051979,0.017997517871853944
19.0,0.051979,0.020082237321842854
18.0,0.062403,0.020082237321842854
18.0,0.062403,0.02086910165099972
19.0,0.062403,0.020082237321842854
17.0,0.062403,0.020082237321842854
23.0,0.062403,0.023740685430145497
23.0,0.051979,0.02086910165099972
22.0,0.062403,0.022953821100988633
22.0,0.051979,0.022953821100988633
22.0,0.062403,0.026612269209291273
22.0,0.051979,0.022953821100988633
20.0,0.051979,0.025038540550977543
22.0,0.062403,0.026612269209291273
22.0,0.062403,0.02295382110098863
19.0,0.072827,0.025038540550977543
22.0,0.062403,0.026612269209291273
21.0,0.062403,0.026612269209291273
17.0,0.072827,0.02920797945095537
20.0,0.041555,0.015125934092708166
19.0,0.051979,0.017210653542697078
19.0,0.041555,0.015125934092708166
22.0,0.051979,0.017997517871853944
19.0,0.041555,0.015125934092708166
16.0,0.041555,0.015125934092708166
22.0,0.051979,0.017997517871853944
19.0,0.051979,0.017210653542697078
17.0,0.062403,0.01929537299268599
22.0,0.051979,0.017997517871853944
22.0,0.051979,0.017997517871853944
15.0,0.062403,0.01929537299268599
20.0,0.041555,0.017210653542697078
18.0,0.041555,0.017210653542697078
19.0,0.051979,0.01929537299268599
21.0,0.051979,0.020082237321842854
23.0,0.051979,0.02086910165099972
21.0,0.062403,0.02295382110098863
19.0,0.051979,0.017210653542697078
18.0,0.062403,0.01929537299268599
18.0,0.051979,0.017210653542697078
20.0,0.062403,0.020082237321842854
20.0,0.051979,0.017997517871853944
17.0,0.051979,0.017997517871853944
20.0,0.051979,0.017997517871853944
19.0,0.051979,0.017997517871853944
19.0,0.051979,0.020082237321842857
19.0,0.062403,0.020082237321842854
19.0,0.062403,0.02086910165099972
19.0,0.062403,0.020082237321842854
18.0,0.062403,0.022166956771831767
21.0,0.062403,0.02086910165099972
20.0,0.051979,0.017997517871853944
19.0,0.051979,0.017997517871853944
20.0,0.051979,0.020082237321842854
18.0,0.062403,0.020082237321842854
19.0,0.062403,0.02086910165099972
19.0,0.062403,0.020082237321842857
17.0,0.072827,0.022166956771831767
21.0,0.062403,0.02086910165099972
23.0,0.062403,0.023740685430145497
17.0,0.062403,0.01929537299268599
15.0,0.062403,0.01929537299268599
16.0,0.062403,0.021380092442674904
15.0,0.072827,0.021380092442674904
15.0,0.072827,0.022166956771831767
23.0,0.051979,0.017997517871853944
22.0,0.062403,0.020082237321842857
23.0,0.051979,0.017997517871853944
23.0,0.062403,0.02086910165099972
23.0,0.051979,0.017997517871853944
20.0,0.051979,0.017997517871853944
23.0,0.062403,0.02086910165099972
22.0,0.062403,0.020082237321842854
17.0,0.072827,0.022166956771831767
22.0,0.062403,0.02086910165099972
21.0,0.062403,0.02086910165099972
16.0,0.072827,0.022166956771831767
18.0,0.093675,0.027123260000966456
20.0,0.083192,0.03445779213493749
17.0,0.093616,0.0365425115849264
19.0,0.083192,0.03445779213493749
19.0,0.083192,0.0365425115849264
18.0,0.093616,0.037329375914083265
19.0,0.083192,0.0365425115849264
17.0,0.083192,0.03862723103491532
19.0,0.083192,0.03445779213493749
17.0,0.083192,0.03445779213493749
18.0,0.093616,0.037329375914083265
19.0,0.093616,0.0365425115849264
16.0,0.10404,0.03862723103491532
19.0,0.093616,0.037329375914083265
19.0,0.093616,0.037329375914083265
15.0,0.10404,0.03862723103491532
19.0,0.093616,0.0365425115849264
16.0,0.10404,0.03862723103491532
18.0,0.093616,0.03862723103491532
18.0,0.093616,0.0365425115849264
17.0,0.10404,0.03941409536407217
21.0,0.093616,0.037329375914083265
19.0,0.093616,0.037329375914083265
22.0,0.093616,0.04020095969322904
20.0,0.093616,0.04228567914321796
19.0,0.093616,0.0365425115849264
16.0,0.10404,0.03862723103491532
17.0,0.093616,0.0365425115849264
17.0,0.093616,0.03862723103491532
16.0,0.10404,0.03941409536407217
18.0,0.093616,0.03862723103491532
16.0,0.093616,0.040711950484904225
18.0,0.093616,0.0365425115849264
16.0,0.093616,0.0365425115849264
17.0,0.10404,0.03941409536407217
17.0,0.10404,0.03862723103491532
14.0,0.114464,0.040711950484904225
17.0,0.10404,0.03941409536407217
17.0,0.10404,0.03941409536407217
13.0,0.114464,0.040711950484904225
19.0,0.093616,0.0365425115849264
16.0,0.10404,0.03862723103491532
18.0,0.093616,0.0365425115849264
18.0,0.093616,0.03862723103491532
17.0,0.10404,0.03941409536407217
17.0,0.10404,0.03862723103491532
14.0,0.114464,0.040711950484904225
19.0,0.10404,0.03941409536407217
20.0,0.10404,0.04228567914321796
23.0,0.093616,0.04020095969322904
21.0,0.093616,0.04228567914321796
20.0,0.10404,0.04228567914321796
17.0,0.10404,0.0459441272515206
22.0,0.093616,0.037329375914083265
21.0,0.093616,0.037329375914083265
20.0,0.10404,0.03941409536407217
17.0,0.10404,0.04020095969322904
15.0,0.124888,0.04279666993489313
12.0,0.135312,0.04488138938488205
14.0,0.135312,0.04645511804319577
21.0,0.041555,0.015125934092708166
20.0,0.051979,0.017210653542697078
20.0,0.041555,0.015125934092708166
23.0,0.051979,0.017997517871853944
20.0,0.041555,0.015125934092708166
17.0,0.041555,0.015125934092708166
23.0,0.051979,0.017997517871853944
20.0,0.051979,0.017210653542697078
18.0,0.062403,0.01929537299268599
23.0,0.051979,0.017997517871853944
23.0,0.051979,0.017997517871853944
16.0,0.062403,0.01929537299268599
20.0,0.041555,0.017210653542697078
19.0,0.041555,0.017210653542697078
19.0,0.051979,0.01929537299268599
21.0,0.051979,0.020082237321842854
23.0,0.051979,0.02086910165099972
22.0,0.062403,0.02295382110098863
20.0,0.051979,0.017210653542697078
19.0,0.062403,0.01929537299268599
19.0,0.051979,0.017210653542697078
21.0,0.062403,0.020082237321842854
21.0,0.051979,0.017997517871853944
18.0,0.051979,0.017997517871853944
20.0,0.041555,0.017210653542697078
19.0,0.041555,0.017210653542697078
18.0,0.041555,0.01929537299268599
20.0,0.051979,0.01929537299268599
19.0,0.051979,0.020082237321842854
19.0,0.051979,0.01929537299268599
17.0,0.051979,0.021380092442674904
21.0,0.051979,0.020082237321842854
23.0,0.051979,0.02086910165099972
21.0,0.062403,0.02295382110098863
23.0,0.062403,0.02295382110098863
20.0,0.051979,0.017210653542697078
19.0,0.051979,0.017210653542697078
20.0,0.051979,0.01929537299268599
18.0,0.062403,0.01929537299268599
19.0,0.062403,0.020082237321842854
19.0,0.062403,0.01929537299268599
17.0,0.072827,0.021380092442674904
21.0,0.062403,0.020082237321842854
23.0,0.062403,0.02295382110098863
21.0,0.051979,0.017997517871853944
18.0,0.051979,0.017997517871853944
19.0,0.051979,0.020082237321842854
19.0,0.062403,0.020082237321842854
16.0,0.062403,0.020869101650999717
20.0,0.051979,0.017210653542697078
19.0,0.062403,0.01929537299268599
19.0,0.051979,0.017210653542697078
22.0,0.062403,0.020082237321842854
19.0,0.051979,0.017210653542697078
16.0,0.051979,0.017210653542697078
21.0,0.062403,0.020082237321842854
19.0,0.062403,0.01929537299268599
16.0,0.072827,0.021380092442674904
22.0,0.062403,0.020082237321842854
21.0,0.062403,0.020082237321842854
14.0,0.072827,0.021380092442674904
24.0,0.051979,0.02086910165099972
23.0,0.051979,0.02086910165099972
23.0,0.062403,0.02295382110098863
22.0,0.062403,0.023740685430145497
24.0,0.051979,0.02086910165099972
23.0,0.051979,0.02086910165099972
22.0,0.062403,0.02295382110098863
22.0,0.062403,0.023740685430145497
17.0,0.062403,0.023464811892663816
15.0,0.072827,0.025549531342652726
17.0,0.083251,0.023464811892663813
15.0,0.093675,0.025549531342652726
14.0,0.093675,0.027123260000966456
19.0,0.051979,0.01721065354269708
18.0,0.051979,0.01721065354269708
18.0,0.051979,0.01929537299268599
18.0,0.062403,0.01929537299268599
18.0,0.062403,0.020082237321842857
18.0,0.062403,0.01929537299268599
17.0,0.062403,0.021380092442674904
20.0,0.062403,0.020082237321842857
18.0,0.062403,0.01929537299268599
16.0,0.062403,0.01929537299268599
17.0,0.062403,0.021380092442674904
16.0,0.072827,0.021380092442674904
16.0,0.072827,0.022166956771831767
18.0,0.062403,0.01929537299268599
17.0,0.062403,0.01929537299268599
17.0,0.072827,0.021380092442674904
18.0,0.072827,0.022166956771831767
22.0,0.062403,0.022953821100988633
20.0,0.072827,0.025038540550977543
15.0,0.093675,0.025549531342652726
20.0,0.041555,0.017210653542697078
19.0,0.051979,0.01929537299268599
19.0,0.041555,0.01929537299268599
22.0,0.051979,0.02295382110098863
19.0,0.041555,0.01929537299268599
17.0,0.041555,0.021380092442674904
22.0,0.051979,0.02295382110098863
19.0,0.051979,0.01929537299268599
18.0,0.062403,0.021380092442674904
23.0,0.051979,0.02295382110098863
23.0,0.051979,0.02295382110098863
16.0,0.062403,0.02554953134265273
18.0,0.041555,0.017210653542697078
17.0,0.041555,0.01929537299268599
17.0,0.051979,0.01929537299268599
21.0,0.051979,0.02295382110098863
21.0,0.051979,0.020082237321842854
19.0,0.062403,0.022166956771831767
18.0,0.051979,0.01929537299268599
17.0,0.062403,0.021380092442674904
17.0,0.051979,0.021380092442674904
20.0,0.062403,0.025038540550977543
19.0,0.051979,0.020082237321842854
17.0,0.051979,0.022166956771831767
20.0,0.051979,0.01799751787185394
18.0,0.051979,0.01799751787185394
19.0,0.051979,0.020082237321842854
18.0,0.062403,0.020082237321842854
18.0,0.062403,0.02086910165099972
19.0,0.062403,0.020082237321842854
17.0,0.062403,0.020082237321842854
23.0,0.062403,0.023740685430145497
23.0,0.051979,0.02086910165099972
22.0,0.062403,0.022953821100988633
22.0,0.051979,0.02295382110098863
22.0,0.062403,0.026612269209291273
22.0,0.051979,0.02295382110098863
20.0,0.051979,0.025038540550977543
22.0,0.062403,0.026612269209291273
22.0,0.062403,0.02295382110098863
19.0,0.072827,0.025038540550977543
21.0,0.062403,0.026612269209291273
22.0,0.062403,0.026612269209291273
17.0,0.072827,0.02920797945095537
20.0,0.041555,0.015125934092708166
19.0,0.051979,0.017210653542697078
19.0,0.041555,0.015125934092708166
22.0,0.051979,0.017997517871853944
19.0,0.041555,0.015125934092708166
16.0,0.041555,0.015125934092708166
22.0,0.051979,0.017997517871853944
19.0,0.051979,0.017210653542697078
17.0,0.062403,0.01929537299268599
22.0,0.051979,0.017997517871853944
22.0,0.051979,0.017997517871853944
15.0,0.062403,0.01929537299268599
20.0,0.041555,0.017210653542697078
18.0,0.041555,0.017210653542697078
19.0,0.051979,0.01929537299268599
21.0,0.051979,0.020082237321842854
23.0,0.051979,0.02086910165099972
21.0,0.062403,0.02295382110098863
19.0,0.051979,0.017210653542697078
18.0,0.062403,0.01929537299268599
18.0,0.051979,0.017210653542697078
20.0,0.062403,0.020082237321842854
20.0,0.051979,0.017997517871853944
17.0,0.051979,0.017997517871853944
20.0,0.051979,0.017997517871853944
19.0,0.051979,0.017997517871853944
19.0,0.051979,0.020082237321842854
19.0,0.062403,0.020082237321842854
19.0,0.062403,0.02086910165099972
19.0,0.062403,0.020082237321842854
18.0,0.062403,0.022166956771831767
21.0,0.062403,0.02086910165099972
20.0,0.051979,0.017997517871853944
19.0,0.051979,0.017997517871853944
20.0,0.051979,0.020082237321842854
18.0,0.062403,0.020082237321842854
19.0,0.062403,0.02086910165099972
19.0,0.062403,0.020082237321842857
17.0,0.072827,0.022166956771831767
21.0,0.062403,0.02086910165099972
23.0,0.062403,0.023740685430145497
17.0,0.062403,0.01929537299268599
15.0,0.062403,0.01929537299268599
16.0,0.062403,0.021380092442674904
15.0,0.072827,0.021380092442674904
15.0,0.072827,0.022166956771831767
23.0,0.051979,0.017997517871853944
22.0,0.062403,0.020082237321842857
23.0,0.051979,0.017997517871853944
23.0,0.062403,0.02086910165099972
23.0,0.051979,0.017997517871853944
20.0,0.051979,0.017997517871853944
23.0,0.062403,0.02086910165099972
22.0,0.062403,0.020082237321842854
17.0,0.072827,0.022166956771831767
21.0,0.062403,0.02086910165099972
22.0,0.062403,0.02086910165099972
16.0,0.072827,0.022166956771831767
18.0,0.093675,0.027123260000966456
20.0,0.083192,0.03445779213493749
17.0,0.093616,0.0365425115849264
19.0,0.083192,0.03445779213493749
19.0,0.083192,0.0365425115849264
18.0,0.093616,0.037329375914083265
19.0,0.083192,0.03654251158492639
17.0,0.083192,0.03862723103491531
19.0,0.083192,0.03445779213493749
17.0,0.083192,0.03445779213493749
18.0,0.093616,0.037329375914083265
19.0,0.093616,0.0365425115849264
16.0,0.10404,0.03862723103491531
19.0,0.093616,0.03732937591408326
19.0,0.093616,0.037329375914083265
15.0,0.10404,0.03862723103491531
19.0,0.093616,0.0365425115849264
16.0,0.10404,0.03862723103491531
18.0,0.093616,0.03862723103491531
18.0,0.093616,0.0365425115849264
17.0,0.10404,0.03941409536407217
21.0,0.093616,0.03732937591408326
19.0,0.093616,0.03732937591408326
22.0,0.093616,0.04020095969322904
20.0,0.093616,0.04228567914321795
19.0,0.093616,0.0365425115849264
16.0,0.10404,0.03862723103491531
17.0,0.093616,0.0365425115849264
17.0,0.093616,0.03862723103491532
16.0,0.10404,0.03941409536407218
18.0,0.093616,0.03862723103491531
16.0,0.093616,0.04071195048490422
18.0,0.093616,0.0365425115849264
16.0,0.093616,0.0365425115849264
17.0,0.10404,0.03941409536407217
17.0,0.10404,0.03862723103491532
14.0,0.114464,0.04071195048490422
17.0,0.10404,0.03941409536407218
17.0,0.10404,0.03941409536407217
13.0,0.114464,0.04071195048490422
19.0,0.093616,0.0365425115849264
16.0,0.10404,0.03862723103491531
18.0,0.093616,0.0365425115849264
18.0,0.093616,0.03862723103491532
17.0,0.10404,0.03941409536407218
17.0,0.10404,0.03862723103491532
14.0,0.114464,0.04071195048490422
19.0,0.10404,0.03941409536407218
20.0,0.10404,0.04228567914321796
23.0,0.093616,0.04020095969322903
21.0,0.093616,0.04228567914321795
20.0,0.10404,0.04228567914321795
17.0,0.10404,0.04594412725152059
22.0,0.093616,0.037329375914083265
21.0,0.093616,0.037329375914083265
20.0,0.10404,0.03941409536407217
17.0,0.10404,0.040200959693229045
15.0,0.124888,0.04279666993489313
12.0,0.135312,0.044881389384882044
14.0,0.135312,0.04645511804319577
17.0,0.083192,0.02821551940420083
16.0,0.093616,0.030300238854189743
17.0,0.083192,0.02821551940420083
19.0,0.093616,0.031087103183346607
17.0,0.083192,0.02821551940420083
14.0,0.083192,0.02821551940420083
19.0,0.093616,0.031087103183346607
16.0,0.093616,0.030300238854189743
14.0,0.10404,0.03238495830417865
19.0,0.093616,0.031087103183346607
19.0,0.093616,0.031087103183346607
13.0,0.10404,0.03238495830417865
17.0,0.083192,0.030300238854189743
16.0,0.083192,0.030300238854189743
16.0,0.093616,0.03238495830417865
18.0,0.093616,0.03317182263333552
20.0,0.093616,0.03395868696249238
18.0,0.10404,0.03604340641248129
16.0,0.093616,0.030300238854189743
15.0,0.10404,0.03238495830417865
15.0,0.093616,0.030300238854189743
17.0,0.10404,0.03317182263333552
17.0,0.093616,0.031087103183346607
15.0,0.093616,0.031087103183346607
17.0,0.083192,0.030300238854189743
16.0,0.083192,0.030300238854189743
15.0,0.083192,0.03238495830417865
16.0,0.093616,0.03238495830417865
16.0,0.093616,0.03317182263333552
16.0,0.093616,0.03238495830417865
14.0,0.093616,0.03446967775416756
18.0,0.093616,0.03317182263333552
20.0,0.093616,0.03395868696249238
18.0,0.10404,0.03604340641248129
19.0,0.10404,0.03604340641248129
16.0,0.093616,0.030300238854189743
15.0,0.093616,0.030300238854189743
16.0,0.093616,0.03238495830417865
14.0,0.10404,0.03238495830417865
15.0,0.10404,0.03317182263333552
15.0,0.10404,0.03238495830417865
13.0,0.114464,0.03446967775416756
17.0,0.10404,0.03317182263333552
19.0,0.10404,0.03604340641248129
17.0,0.093616,0.031087103183346607
15.0,0.093616,0.031087103183346607
16.0,0.093616,0.03317182263333552
15.0,0.10404,0.03317182263333552
13.0,0.10404,0.033958686962492386
16.0,0.093616,0.030300238854189743
15.0,0.10404,0.03238495830417865
16.0,0.093616,0.030300238854189743
17.0,0.10404,0.03317182263333552
16.0,0.093616,0.030300238854189743
13.0,0.093616,0.030300238854189743
17.0,0.10404,0.03317182263333552
15.0,0.10404,0.03238495830417865
11.0,0.114464,0.03446967775416756
17.0,0.10404,0.03317182263333552
17.0,0.10404,0.03317182263333552
10.0,0.114464,0.03446967775416756
21.0,0.093616,0.03395868696249238
20.0,0.093616,0.03395868696249238
19.0,0.10404,0.03604340641248129
18.0,0.10404,0.03683027074163816
21.0,0.093616,0.03395868696249238
20.0,0.093616,0.03395868696249238
19.0,0.10404,0.03604340641248129
18.0,0.10404,0.03683027074163816
14.0,0.10404,0.036554397204156465
11.0,0.114464,0.038639116654145385
13.0,0.124888,0.03655439720415648
10.0,0.135312,0.038639116654145385
10.0,0.135312,0.04021284531245912
14.0,0.166704,0.06290005099324913
13.0,0.177128,0.06498477044323804
13.0,0.177128,0.06498477044323804
13.0,0.177128,0.06498477044323804
11.0,0.187552,0.06706948989322696
13.0,0.177128,0.06498477044323804
10.0,0.187552,0.06706948989322696
8.0,0.2084,0.07123892879320479
20.0,0.041555,0.03445779213493755
19.0,0.051979,0.03654251158492646
19.0,0.041555,0.03445779213493755
17.0,0.041555,0.03654251158492647
18.0,0.051979,0.037329375914083335
19.0,0.041555,0.036542511584926454
16.0,0.041555,0.038627231034915374
19.0,0.041555,0.03445779213493755
17.0,0.041555,0.03445779213493755
19.0,0.051979,0.03732937591408332
19.0,0.051979,0.03654251158492647
17.0,0.062403,0.038627231034915374
19.0,0.051979,0.03732937591408333
18.0,0.051979,0.03732937591408333
15.0,0.062403,0.038627231034915374
19.0,0.051979,0.036542511584926454
16.0,0.051979,0.038627231034915374
18.0,0.051979,0.036542511584926454
18.0,0.062403,0.038627231034915374
17.0,0.062403,0.039414095364072234
22.0,0.051979,0.03732937591408332
20.0,0.051979,0.03732937591408332
22.0,0.051979,0.0402009596932291
19.0,0.051979,0.04228567914321801
19.0,0.041555,0.036542511584926454
17.0,0.051979,0.038627231034915374
17.0,0.041555,0.036542511584926454
16.0,0.041555,0.038627231034915374
16.0,0.051979,0.03941409536407224
17.0,0.041555,0.038627231034915374
14.0,0.041555,0.04071195048490429
18.0,0.041555,0.036542511584926454
16.0,0.041555,0.036542511584926454
17.0,0.051979,0.039414095364072234
18.0,0.051979,0.038627231034915374
16.0,0.062403,0.04071195048490429
17.0,0.051979,0.03941409536407224
17.0,0.051979,0.03941409536407224
13.0,0.062403,0.04071195048490429
21.0,0.051979,0.0402009596932291
18.0,0.051979,0.04228567914321801
20.0,0.051979,0.0402009596932291
20.0,0.062403,0.04228567914321801
19.0,0.062403,0.04307254347237488
19.0,0.051979,0.03654251158492647
18.0,0.062403,0.038627231034915374
18.0,0.051979,0.03654251158492647
16.0,0.051979,0.03862723103491538
17.0,0.062403,0.03941409536407224
17.0,0.062403,0.038627231034915374
14.0,0.062403,0.04071195048490429
20.0,0.062403,0.03941409536407224
22.0,0.051979,0.0402009596932291
20.0,0.062403,0.04228567914321801
20.0,0.051979,0.0402009596932291
19.0,0.051979,0.04228567914321801
19.0,0.062403,0.04307254347237488
23.0,0.051979,0.0402009596932291
20.0,0.051979,0.04228567914321801
15.0,0.062403,0.04279666993489319
12.0,0.062403,0.0448813893848821
22.0,0.051979,0.03732937591408333
20.0,0.062403,0.039414095364072234
21.0,0.051979,0.03732937591408333
19.0,0.062403,0.0402009596932291
20.0,0.041555,0.03445779213493755
19.0,0.051979,0.03654251158492646
19.0,0.041555,0.03445779213493755
17.0,0.041555,0.03654251158492646
18.0,0.051979,0.03732937591408333
19.0,0.041555,0.036542511584926454
16.0,0.041555,0.038627231034915374
19.0,0.041555,0.03445779213493755
17.0,0.041555,0.03445779213493755
19.0,0.051979,0.03732937591408332
19.0,0.051979,0.03654251158492647
17.0,0.062403,0.038627231034915374
19.0,0.051979,0.03732937591408333
18.0,0.051979,0.037329375914083335
15.0,0.062403,0.038627231034915374
19.0,0.051979,0.036542511584926454
16.0,0.051979,0.03862723103491537
18.0,0.051979,0.036542511584926454
18.0,0.062403,0.038627231034915374
17.0,0.062403,0.03941409536407224
22.0,0.051979,0.03732937591408332
20.0,0.051979,0.03732937591408332
22.0,0.051979,0.0402009596932291
19.0,0.051979,0.04228567914321801
19.0,0.041555,0.036542511584926454
17.0,0.051979,0.03862723103491537
17.0,0.041555,0.036542511584926454
16.0,0.041555,0.038627231034915374
16.0,0.051979,0.039414095364072234
17.0,0.041555,0.038627231034915374
14.0,0.041555,0.04071195048490428
18.0,0.041555,0.036542511584926454
16.0,0.041555,0.036542511584926454
17.0,0.051979,0.039414095364072234
18.0,0.051979,0.038627231034915374
16.0,0.062403,0.04071195048490428
17.0,0.051979,0.03941409536407224
17.0,0.051979,0.03941409536407224
13.0,0.062403,0.04071195048490428
21.0,0.051979,0.0402009596932291
18.0,0.051979,0.04228567914321801
20.0,0.051979,0.0402009596932291
20.0,0.062403,0.04228567914321801
19.0,0.062403,0.04307254347237488
19.0,0.051979,0.03654251158492647
18.0,0.062403,0.038627231034915374
18.0,0.051979,0.03654251158492647
16.0,0.051979,0.038627231034915374
17.0,0.062403,0.03941409536407224
17.0,0.062403,0.038627231034915374
14.0,0.062403,0.04071195048490428
20.0,0.062403,0.03941409536407224
23.0,0.051979,0.0402009596932291
20.0,0.051979,0.04228567914321801
22.0,0.051979,0.0402009596932291
20.0,0.062403,0.042285679143218007
20.0,0.051979,0.0402009596932291
19.0,0.051979,0.04228567914321801
19.0,0.062403,0.04307254347237487
15.0,0.062403,0.04279666993489319
12.0,0.062403,0.0448813893848821
22.0,0.051979,0.03732937591408333
20.0,0.062403,0.039414095364072234
21.0,0.051979,0.03732937591408333
19.0,0.062403,0.0402009596932291
14.0,0.093616,0.0629000509932492
13.0,0.10404,0.06498477044323812
13.0,0.093616,0.06498477044323811
15.0,0.10404,0.06864321855154076
13.0,0.093616,0.06498477044323811
11.0,0.093616,0.06706948989322703
15.0,0.10404,0.06864321855154076
13.0,0.10404,0.06498477044323811
10.0,0.114464,0.06706948989322703
16.0,0.10404,0.06864321855154075
16.0,0.10404,0.06864321855154075
8.0,0.114464,0.07123892879320486
18.0,0.093616,0.058730612093271316
15.0,0.10404,0.06081533154326022
16.0,0.093616,0.058730612093271316
15.0,0.093616,0.06081533154326022
15.0,0.10404,0.06160219587241709
16.0,0.093616,0.06081533154326022
13.0,0.093616,0.06290005099324913
17.0,0.093616,0.058730612093271316
14.0,0.093616,0.058730612093271316
16.0,0.10404,0.06160219587241709
16.0,0.10404,0.06081533154326022
13.0,0.114464,0.06290005099324913
16.0,0.10404,0.06160219587241709
16.0,0.10404,0.06160219587241709
12.0,0.114464,0.06290005099324913
13.0,0.177128,0.0850444825689478
11.0,0.187552,0.08712920201893669
18.0,0.093616,0.058730612093271316
15.0,0.10404,0.06081533154326022
16.0,0.093616,0.058730612093271316
15.0,0.093616,0.06081533154326022
15.0,0.10404,0.06160219587241708
16.0,0.093616,0.06081533154326022
13.0,0.093616,0.06290005099324913
17.0,0.093616,0.058730612093271316
14.0,0.093616,0.058730612093271316
16.0,0.10404,0.06160219587241708
16.0,0.10404,0.06081533154326022
13.0,0.114464,0.06290005099324913
16.0,0.10404,0.06160219587241709
16.0,0.10404,0.06160219587241709
12.0,0.114464,0.06290005099324913
13.0,0.177128,0.08504448256894778
11.0,0.187552,0.08712920201893669
18.0,0.041696,0.06290005099324919
17.0,0.05212,0.06498477044323811
17.0,0.05212,0.06498477044323811
17.0,0.05212,0.06498477044323811
14.0,0.062544,0.06706948989322702
17.0,0.05212,0.0649847704432381
14.0,0.062544,0.06706948989322702
11.0,0.083392,0.07123892879320484
7.0,0.2084,0.1058820428280724
18.0,0.0,0.0958305611000222
17.0,0.010424,0.09791528055001111
17.0,0.0,0.0958305611000222
19.0,0.010424,0.09870214487916798
17.0,0.0,0.0958305611000222
14.0,0.0,0.0958305611000222
19.0,0.010424,0.09870214487916798
17.0,0.010424,0.0979152805500111
16.0,0.020848,0.10000000000000002
19.0,0.010424,0.09870214487916798
19.0,0.010424,0.09870214487916798
13.0,0.020848,0.10000000000000002
18.0,0.010424,0.09791528055001111
16.0,0.010424,0.09791528055001111
17.0,0.020848,0.10000000000000002
18.0,0.020848,0.10078686432915689
18.0,0.0,0.0979152805500111
17.0,0.010424,0.10000000000000002
16.0,0.0,0.0979152805500111
18.0,0.010424,0.10078686432915689
18.0,0.010424,0.09870214487916798
15.0,0.010424,0.09870214487916798
20.0,0.010424,0.10157372865831374
19.0,0.020848,0.10365844810830266
18.0,0.010424,0.09791528055001111
15.0,0.020848,0.10000000000000002
16.0,0.010424,0.09791528055001111
16.0,0.010424,0.10000000000000002
16.0,0.020848,0.10078686432915689
17.0,0.020848,0.10000000000000002
14.0,0.031272,0.10208471944998894
18.0,0.020848,0.10078686432915689
18.0,0.020848,0.10365844810830266
17.0,0.010424,0.0979152805500111
16.0,0.020848,0.10000000000000002
16.0,0.010424,0.0979152805500111
18.0,0.020848,0.10078686432915689
16.0,0.010424,0.0979152805500111
13.0,0.010424,0.0979152805500111
18.0,0.020848,0.10078686432915689
16.0,0.020848,0.10000000000000002
15.0,0.031272,0.10208471944998894
18.0,0.020848,0.10078686432915689
18.0,0.020848,0.10078686432915689
12.0,0.031272,0.10208471944998894
14.0,0.041696,0.10416943889997786
13.0,0.05212,0.10625415834996677
20.0,0.010424,0.10157372865831374
19.0,0.020848,0.10365844810830266
18.0,0.010424,0.10157372865831374
18.0,0.020848,0.10444531243745953
18.0,0.0,0.0979152805500111
16.0,0.010424,0.10000000000000002
16.0,0.0,0.0979152805500111
15.0,0.0,0.10000000000000002
16.0,0.010424,0.10078686432915689
17.0,0.010424,0.10000000000000002
14.0,0.010424,0.10208471944998894
18.0,0.010424,0.10078686432915689
18.0,0.010424,0.09870214487916798
16.0,0.020848,0.10078686432915689
15.0,0.010424,0.09870214487916798
16.0,0.010424,0.10078686432915689
12.0,0.020848,0.10157372865831377
20.0,0.010424,0.10157372865831374
19.0,0.020848,0.10365844810830266
18.0,0.010424,0.10157372865831374
18.0,0.020848,0.10444531243745953
20.0,0.010424,0.10157372865831374
19.0,0.020848,0.10365844810830266
18.0,0.020848,0.10365844810830266
14.0,0.020848,0.10416943889997785
13.0,0.031272,0.10625415834996677
11.0,0.05212,0.1078278870082805
18.0,0.0,0.09791528055001111
17.0,0.010424,0.10000000000000002
17.0,0.0,0.10000000000000002
19.0,0.010424,0.10365844810830266
17.0,0.0,0.10000000000000002
14.0,0.0,0.10208471944998894
19.0,0.010424,0.10365844810830266
17.0,0.010424,0.10000000000000002
16.0,0.020848,0.10208471944998894
19.0,0.010424,0.10365844810830266
19.0,0.010424,0.10365844810830266
13.0,0.020848,0.10625415834996675
17.0,0.010424,0.10000000000000002
15.0,0.010424,0.10208471944998894
16.0,0.020848,0.10208471944998894
17.0,0.020848,0.10574316755829158
16.0,0.0,0.09791528055001111
15.0,0.010424,0.10000000000000002
15.0,0.0,0.10000000000000002
17.0,0.010424,0.10365844810830266
17.0,0.010424,0.10078686432915689
14.0,0.010424,0.1028715837791458
18.0,0.010424,0.10078686432915689
17.0,0.020848,0.1028715837791458
20.0,0.010424,0.10157372865831377
19.0,0.020848,0.10365844810830267
19.0,0.010424,0.10365844810830267
17.0,0.020848,0.10731689621660531
19.0,0.010424,0.10365844810830267
16.0,0.010424,0.10574316755829158
19.0,0.020848,0.10731689621660531
19.0,0.020848,0.10365844810830267
17.0,0.031272,0.10574316755829158
19.0,0.020848,0.10731689621660531
20.0,0.020848,0.10731689621660531
14.0,0.031272,0.1099126064582694
17.0,0.0,0.0958305611000222
16.0,0.010424,0.09791528055001111
16.0,0.0,0.0958305611000222
18.0,0.010424,0.09870214487916798
16.0,0.0,0.0958305611000222
13.0,0.0,0.0958305611000222
18.0,0.010424,0.09870214487916798
16.0,0.010424,0.0979152805500111
15.0,0.020848,0.10000000000000002
18.0,0.010424,0.09870214487916798
18.0,0.010424,0.09870214487916798
12.0,0.020848,0.10000000000000002
16.0,0.010424,0.09791528055001111
14.0,0.010424,0.09791528055001111
15.0,0.020848,0.10000000000000002
16.0,0.020848,0.10078686432915689
16.0,0.0,0.0979152805500111
15.0,0.010424,0.10000000000000002
14.0,0.0,0.0979152805500111
16.0,0.010424,0.10078686432915689
16.0,0.010424,0.09870214487916798
13.0,0.010424,0.09870214487916798
18.0,0.010424,0.10157372865831374
17.0,0.020848,0.10365844810830266
18.0,0.010424,0.09870214487916797
16.0,0.020848,0.10078686432915689
16.0,0.010424,0.09870214487916797
17.0,0.010424,0.10078686432915687
16.0,0.020848,0.10157372865831375
17.0,0.020848,0.10078686432915687
15.0,0.031272,0.10287158377914579
18.0,0.020848,0.10157372865831375
19.0,0.020848,0.10444531243745953
19.0,0.010424,0.09870214487916797
18.0,0.020848,0.10078686432915689
18.0,0.010424,0.09870214487916797
16.0,0.020848,0.10157372865831375
18.0,0.010424,0.09870214487916797
15.0,0.010424,0.09870214487916797
18.0,0.020848,0.10157372865831375
18.0,0.020848,0.10078686432915689
16.0,0.031272,0.1028715837791458
18.0,0.020848,0.10157372865831375
19.0,0.020848,0.10157372865831375
13.0,0.031272,0.1028715837791458
18.0,0.010424,0.0979152805500111
17.0,0.020848,0.10000000000000002
16.0,0.010424,0.0979152805500111
17.0,0.010424,0.10000000000000002
17.0,0.020848,0.10078686432915689
17.0,0.020848,0.10000000000000002
16.0,0.020848,0.10208471944998894
18.0,0.020848,0.10078686432915689
17.0,0.020848,0.10000000000000002
14.0,0.031272,0.10208471944998894
15.0,0.020848,0.10000000000000002
15.0,0.020848,0.10208471944998894
14.0,0.031272,0.1028715837791458
17.0,0.020848,0.10000000000000002
16.0,0.031272,0.10208471944998894
15.0,0.020848,0.10000000000000002
17.0,0.031272,0.10287158377914579
13.0,0.05212,0.10625415834996677
19.0,0.020848,0.10365844810830266
18.0,0.031272,0.10574316755829158
18.0,0.010424,0.09870214487916798
17.0,0.020848,0.10078686432915689
15.0,0.010424,0.09870214487916798
17.0,0.010424,0.10078686432915689
15.0,0.020848,0.10157372865831377
17.0,0.020848,0.10078686432915689
14.0,0.020848,0.10078686432915689
19.0,0.020848,0.10444531243745953
18.0,0.010424,0.09870214487916797
17.0,0.020848,0.10078686432915689
16.0,0.010424,0.09870214487916797
16.0,0.010424,0.10078686432915689
16.0,0.020848,0.10157372865831375
17.0,0.020848,0.10078686432915689
15.0,0.020848,0.1028715837791458
18.0,0.020848,0.10157372865831375
15.0,0.020848,0.10000000000000002
13.0,0.031272,0.10208471944998894
12.0,0.020848,0.10000000000000002
13.0,0.020848,0.10208471944998894
11.0,0.031272,0.1028715837791458
14.0,0.05212,0.1078278870082805
18.0,0.0,0.09791528055001111
17.0,0.010424,0.10000000000000002
16.0,0.0,0.09791528055001111
17.0,0.0,0.10000000000000002
17.0,0.010424,0.10078686432915689
15.0,0.0,0.10000000000000002
14.0,0.0,0.10208471944998894
16.0,0.0,0.09791528055001111
14.0,0.0,0.09791528055001111
16.0,0.010424,0.10078686432915689
16.0,0.010424,0.10000000000000002
15.0,0.020848,0.10208471944998894
16.0,0.010424,0.10078686432915689
17.0,0.010424,0.10078686432915689
13.0,0.020848,0.10208471944998894
17.0,0.010424,0.10000000000000002
15.0,0.010424,0.10000000000000002
14.0,0.010424,0.10208471944998894
15.0,0.020848,0.10208471944998894
15.0,0.020848,0.1028715837791458
19.0,0.010424,0.10365844810830266
16.0,0.010424,0.10574316755829158
18.0,0.010424,0.10078686432915689
16.0,0.010424,0.10078686432915689
17.0,0.0,0.10000000000000002
15.0,0.010424,0.10208471944998894
15.0,0.0,0.10000000000000002
14.0,0.0,0.10208471944998894
14.0,0.010424,0.1028715837791458
14.0,0.0,0.10208471944998894
11.0,0.0,0.10416943889997785
14.0,0.0,0.10000000000000002
12.0,0.0,0.10000000000000002
14.0,0.010424,0.10287158377914579
15.0,0.010424,0.10208471944998894
13.0,0.020848,0.10416943889997785
14.0,0.010424,0.1028715837791458
14.0,0.010424,0.10287158377914579
10.0,0.020848,0.10416943889997785
19.0,0.010424,0.10365844810830266
17.0,0.010424,0.10365844810830266
16.0,0.010424,0.10574316755829158
17.0,0.020848,0.10574316755829156
16.0,0.020848,0.10653003188744845
17.0,0.010424,0.10000000000000002
16.0,0.020848,0.10208471944998894
14.0,0.010424,0.10208471944998894
15.0,0.010424,0.10000000000000002
15.0,0.020848,0.10287158377914579
16.0,0.020848,0.10208471944998894
13.0,0.020848,0.10416943889997785
17.0,0.020848,0.10287158377914579
18.0,0.010424,0.10078686432915689
17.0,0.020848,0.1028715837791458
16.0,0.010424,0.10078686432915689
16.0,0.020848,0.10365844810830267
19.0,0.010424,0.10365844810830266
16.0,0.010424,0.10574316755829158
19.0,0.010424,0.10365844810830266
17.0,0.020848,0.10574316755829158
16.0,0.010424,0.10574316755829158
16.0,0.010424,0.10365844810830266
16.0,0.020848,0.10653003188744843
13.0,0.020848,0.10625415834996675
10.0,0.020848,0.10833887779995567
20.0,0.010424,0.10157372865831377
19.0,0.020848,0.10365844810830267
19.0,0.010424,0.10365844810830267
19.0,0.020848,0.10731689621660531
19.0,0.010424,0.10365844810830267
16.0,0.010424,0.10574316755829158
17.0,0.020848,0.10731689621660531
19.0,0.020848,0.10365844810830267
17.0,0.031272,0.10574316755829158
20.0,0.020848,0.10731689621660531
19.0,0.020848,0.10731689621660531
14.0,0.031272,0.1099126064582694
18.0,0.010424,0.10157372865831377
16.0,0.010424,0.10365844810830267
17.0,0.020848,0.10365844810830267
16.0,0.020848,0.10731689621660531
18.0,0.020848,0.10444531243745954
16.0,0.031272,0.10653003188744845
18.0,0.020848,0.10365844810830267
17.0,0.031272,0.10574316755829158
17.0,0.020848,0.10574316755829158
15.0,0.031272,0.10940161566659423
19.0,0.020848,0.10444531243745954
16.0,0.020848,0.10653003188744845
17.0,0.0,0.0958305611000222
16.0,0.010424,0.09791528055001111
16.0,0.0,0.0958305611000222
16.0,0.0,0.0979152805500111
16.0,0.010424,0.09870214487916798
16.0,0.0,0.09791528055001111
14.0,0.0,0.10000000000000002
14.0,0.0,0.0958305611000222
13.0,0.0,0.0958305611000222
15.0,0.010424,0.09870214487916797
16.0,0.010424,0.0979152805500111
14.0,0.020848,0.10000000000000002
16.0,0.010424,0.09870214487916798
15.0,0.010424,0.09870214487916797
12.0,0.020848,0.10000000000000002
16.0,0.010424,0.09791528055001111
15.0,0.010424,0.10000000000000002
13.0,0.010424,0.09791528055001111
15.0,0.020848,0.10000000000000002
14.0,0.020848,0.10078686432915689
18.0,0.010424,0.09870214487916798
15.0,0.010424,0.09870214487916798
18.0,0.010424,0.10157372865831377
16.0,0.010424,0.10365844810830267
16.0,0.0,0.0958305611000222
14.0,0.010424,0.09791528055001111
13.0,0.0,0.0958305611000222
14.0,0.0,0.0979152805500111
13.0,0.010424,0.09870214487916798
14.0,0.0,0.09791528055001111
12.0,0.0,0.10000000000000002
13.0,0.0,0.0958305611000222
10.0,0.0,0.0958305611000222
13.0,0.010424,0.09870214487916797
14.0,0.010424,0.0979152805500111
12.0,0.020848,0.10000000000000002
13.0,0.010424,0.09870214487916798
13.0,0.010424,0.09870214487916797
9.0,0.020848,0.10000000000000002
18.0,0.010424,0.09870214487916798
16.0,0.010424,0.10078686432915689
15.0,0.010424,0.09870214487916798
16.0,0.020848,0.10078686432915689
15.0,0.020848,0.10157372865831375
16.0,0.010424,0.0979152805500111
15.0,0.020848,0.10000000000000002
15.0,0.010424,0.10000000000000002
13.0,0.010424,0.0979152805500111
14.0,0.020848,0.10078686432915687
15.0,0.020848,0.10000000000000002
12.0,0.020848,0.10000000000000002
17.0,0.020848,0.10365844810830267
18.0,0.010424,0.09870214487916798
15.0,0.010424,0.09870214487916798
18.0,0.010424,0.09870214487916798
16.0,0.020848,0.10078686432915689
16.0,0.010424,0.10078686432915689
15.0,0.010424,0.09870214487916798
15.0,0.020848,0.10157372865831375
12.0,0.020848,0.10000000000000002
9.0,0.020848,0.10000000000000002
18.0,0.010424,0.10157372865831374
17.0,0.020848,0.10365844810830266
16.0,0.010424,0.10365844810830266
16.0,0.020848,0.10731689621660531
18.0,0.010424,0.09870214487916797
16.0,0.020848,0.10078686432915689
16.0,0.010424,0.09870214487916797
17.0,0.010424,0.10078686432915687
16.0,0.020848,0.10157372865831375
16.0,0.010424,0.10078686432915689
14.0,0.010424,0.10287158377914579
15.0,0.010424,0.09870214487916797
13.0,0.010424,0.09870214487916797
13.0,0.020848,0.10157372865831374
17.0,0.020848,0.10078686432915687
14.0,0.031272,0.10287158377914579
16.0,0.020848,0.10157372865831375
16.0,0.020848,0.10157372865831374
12.0,0.031272,0.10287158377914579
17.0,0.020848,0.10078686432915687
15.0,0.031272,0.10287158377914579
15.0,0.020848,0.10287158377914579
14.0,0.020848,0.10078686432915687
12.0,0.031272,0.10365844810830264
18.0,0.020848,0.10157372865831375
15.0,0.020848,0.10157372865831375
19.0,0.020848,0.10444531243745953
16.0,0.020848,0.10653003188744843
19.0,0.010424,0.09870214487916797
18.0,0.020848,0.10078686432915689
18.0,0.010424,0.09870214487916797
18.0,0.020848,0.10157372865831375
18.0,0.010424,0.09870214487916797
15.0,0.010424,0.09870214487916797
16.0,0.020848,0.10157372865831375
18.0,0.020848,0.10078686432915689
16.0,0.031272,0.1028715837791458
19.0,0.020848,0.10157372865831375
18.0,0.020848,0.10157372865831375
13.0,0.031272,0.1028715837791458
18.0,0.010424,0.10078686432915689
16.0,0.010424,0.10078686432915689
17.0,0.020848,0.10287158377914579
16.0,0.020848,0.10365844810830267
18.0,0.020848,0.10444531243745954
16.0,0.031272,0.10653003188744845
18.0,0.020848,0.10078686432915689
17.0,0.031272,0.1028715837791458
16.0,0.020848,0.10078686432915689
14.0,0.031272,0.10365844810830266
18.0,0.020848,0.10157372865831375
15.0,0.020848,0.10157372865831375
18.0,0.010424,0.0979152805500111
17.0,0.020848,0.10000000000000002
16.0,0.010424,0.0979152805500111
17.0,0.010424,0.10000000000000002
17.0,0.020848,0.10078686432915689
16.0,0.010424,0.10000000000000002
15.0,0.010424,0.10208471944998894
16.0,0.010424,0.0979152805500111
14.0,0.010424,0.0979152805500111
17.0,0.020848,0.10078686432915687
15.0,0.020848,0.10000000000000002
14.0,0.031272,0.10208471944998894
16.0,0.020848,0.10078686432915689
16.0,0.020848,0.10078686432915689
13.0,0.031272,0.10208471944998894
17.0,0.020848,0.10000000000000002
16.0,0.020848,0.10208471944998894
15.0,0.020848,0.10000000000000002
14.0,0.031272,0.10208471944998894
15.0,0.031272,0.1028715837791458
18.0,0.020848,0.10078686432915689
16.0,0.020848,0.10078686432915689
18.0,0.020848,0.10365844810830267
17.0,0.020848,0.10574316755829158
17.0,0.020848,0.10000000000000002
14.0,0.031272,0.10208471944998894
15.0,0.020848,0.10000000000000002
15.0,0.020848,0.10208471944998894
14.0,0.031272,0.1028715837791458
15.0,0.020848,0.10208471944998894
13.0,0.020848,0.10416943889997785
14.0,0.020848,0.10000000000000002
12.0,0.020848,0.10000000000000002
14.0,0.031272,0.10287158377914579
14.0,0.031272,0.10208471944998894
11.0,0.041696,0.10416943889997785
14.0,0.031272,0.1028715837791458
14.0,0.031272,0.10287158377914579
10.0,0.041696,0.10416943889997785
17.0,0.020848,0.10000000000000002
15.0,0.020848,0.10000000000000002
15.0,0.020848,0.10208471944998894
14.0,0.031272,0.10208471944998893
15.0,0.031272,0.10287158377914579
16.0,0.031272,0.10208471944998894
13.0,0.041696,0.10416943889997785
17.0,0.031272,0.10287158377914579
17.0,0.031272,0.10574316755829158
13.0,0.05212,0.10625415834996677
10.0,0.062544,0.10833887779995569
19.0,0.020848,0.10365844810830266
18.0,0.031272,0.10574316755829158
17.0,0.020848,0.10574316755829158
15.0,0.031272,0.10940161566659423
18.0,0.020848,0.10078686432915689
17.0,0.031272,0.1028715837791458
16.0,0.020848,0.10078686432915689
14.0,0.031272,0.10365844810830266
11.0,0.062544,0.1099126064582694
18.0,0.010424,0.09870214487916798
17.0,0.020848,0.10078686432915689
15.0,0.010424,0.09870214487916798
17.0,0.010424,0.10078686432915689
15.0,0.020848,0.10157372865831377
16.0,0.010424,0.10078686432915689
14.0,0.010424,0.1028715837791458
16.0,0.010424,0.09870214487916798
13.0,0.010424,0.09870214487916798
16.0,0.020848,0.10157372865831375
16.0,0.020848,0.10078686432915689
14.0,0.031272,0.1028715837791458
12.0,0.020848,0.10157372865831375
16.0,0.020848,0.10157372865831375
11.0,0.031272,0.1028715837791458
17.0,0.020848,0.10078686432915689
14.0,0.020848,0.10078686432915689
15.0,0.020848,0.1028715837791458
15.0,0.031272,0.10287158377914579
11.0,0.031272,0.10365844810830267
19.0,0.020848,0.10444531243745953
16.0,0.020848,0.10653003188744845
18.0,0.020848,0.10157372865831375
15.0,0.020848,0.10157372865831375
18.0,0.010424,0.09870214487916797
17.0,0.020848,0.10078686432915689
16.0,0.010424,0.09870214487916797
16.0,0.010424,0.10078686432915689
16.0,0.020848,0.10157372865831375
17.0,0.010424,0.10078686432915689
14.0,0.010424,0.10287158377914579
15.0,0.010424,0.09870214487916797
13.0,0.010424,0.09870214487916797
16.0,0.020848,0.10157372865831374
16.0,0.020848,0.10078686432915689
14.0,0.031272,0.10287158377914579
16.0,0.020848,0.10157372865831375
13.0,0.020848,0.10157372865831374
12.0,0.031272,0.10287158377914579
17.0,0.020848,0.10078686432915689
15.0,0.020848,0.1028715837791458
14.0,0.020848,0.10078686432915689
15.0,0.031272,0.1028715837791458
12.0,0.031272,0.10365844810830266
18.0,0.020848,0.10157372865831375
15.0,0.020848,0.10157372865831375
19.0,0.020848,0.10444531243745954
16.0,0.020848,0.10653003188744845
15.0,0.020848,0.10000000000000002
13.0,0.031272,0.10208471944998894
12.0,0.020848,0.10000000000000002
13.0,0.020848,0.10208471944998894
11.0,0.031272,0.1028715837791458
13.0,0.020848,0.10208471944998894
10.0,0.020848,0.10416943889997785
12.0,0.020848,0.10000000000000002
9.0,0.020848,0.10000000000000002
12.0,0.031272,0.10287158377914579
13.0,0.031272,0.10208471944998894
10.0,0.041696,0.10416943889997785
11.0,0.031272,0.1028715837791458
12.0,0.031272,0.10287158377914579
7.0,0.041696,0.10416943889997785
14.0,0.05212,0.1078278870082805
11.0,0.062544,0.1099126064582694
17.0,0.010424,0.0979152805500111
16.0,0.020848,0.10000000000000002
16.0,0.010424,0.0979152805500111
18.0,0.020848,0.10078686432915689
16.0,0.010424,0.0979152805500111
13.0,0.010424,0.0979152805500111
18.0,0.020848,0.10078686432915689
16.0,0.020848,0.10000000000000002
15.0,0.031272,0.10208471944998894
18.0,0.020848,0.10078686432915689
18.0,0.020848,0.10078686432915689
12.0,0.031272,0.10208471944998894
17.0,0.020848,0.10000000000000002
15.0,0.020848,0.10000000000000002
16.0,0.031272,0.10208471944998894
17.0,0.031272,0.1028715837791458
17.0,0.010424,0.10000000000000002
16.0,0.020848,0.10208471944998894
15.0,0.010424,0.10000000000000002
17.0,0.020848,0.10287158377914579
17.0,0.020848,0.10078686432915689
14.0,0.020848,0.10078686432915689
19.0,0.020848,0.10365844810830266
17.0,0.031272,0.10574316755829158
17.0,0.020848,0.10000000000000002
14.0,0.031272,0.10208471944998894
15.0,0.020848,0.10000000000000002
15.0,0.020848,0.10208471944998894
15.0,0.031272,0.1028715837791458
16.0,0.031272,0.10208471944998894
13.0,0.041696,0.10416943889997785
17.0,0.031272,0.1028715837791458
17.0,0.031272,0.10574316755829156
16.0,0.020848,0.10000000000000002
15.0,0.031272,0.10208471944998894
15.0,0.020848,0.10000000000000002
16.0,0.031272,0.10287158377914579
15.0,0.020848,0.10000000000000002
12.0,0.020848,0.10000000000000002
16.0,0.031272,0.10287158377914579
15.0,0.031272,0.10208471944998893
10.0,0.041696,0.10416943889997785
16.0,0.031272,0.10287158377914579
16.0,0.031272,0.10287158377914579
9.0,0.041696,0.10416943889997785
13.0,0.05212,0.10625415834996677
10.0,0.062544,0.10833887779995569
19.0,0.020848,0.10365844810830266
17.0,0.031272,0.10574316755829158
17.0,0.020848,0.10365844810830266
16.0,0.031272,0.10653003188744843
17.0,0.010424,0.10000000000000002
15.0,0.020848,0.10208471944998894
15.0,0.010424,0.10000000000000002
14.0,0.010424,0.10208471944998893
15.0,0.020848,0.10287158377914579
16.0,0.020848,0.10208471944998894
13.0,0.020848,0.10416943889997785
17.0,0.020848,0.10287158377914579
17.0,0.020848,0.10078686432915689
15.0,0.031272,0.1028715837791458
14.0,0.020848,0.10078686432915689
15.0,0.020848,0.1028715837791458
11.0,0.031272,0.10365844810830267
19.0,0.020848,0.10365844810830266
17.0,0.031272,0.10574316755829158
17.0,0.020848,0.10365844810830266
16.0,0.031272,0.10653003188744843
19.0,0.020848,0.10365844810830266
17.0,0.031272,0.10574316755829158
17.0,0.031272,0.10574316755829158
13.0,0.031272,0.10625415834996675
10.0,0.041696,0.10833887779995567
8.0,0.062544,0.10991260645826942
20.0,0.010424,0.10157372865831375
19.0,0.020848,0.10365844810830266
19.0,0.010424,0.10365844810830266
19.0,0.020848,0.1073168962166053
19.0,0.010424,0.10365844810830266
16.0,0.010424,0.10574316755829158
20.0,0.020848,0.1073168962166053
19.0,0.020848,0.10365844810830266
17.0,0.031272,0.10574316755829158
17.0,0.020848,0.1073168962166053
19.0,0.020848,0.1073168962166053
14.0,0.031272,0.10991260645826939
19.0,0.020848,0.10365844810830266
17.0,0.020848,0.10574316755829158
18.0,0.031272,0.10574316755829158
15.0,0.031272,0.10940161566659422
18.0,0.010424,0.10157372865831375
17.0,0.020848,0.10365844810830266
17.0,0.010424,0.10365844810830266
17.0,0.020848,0.1073168962166053
19.0,0.020848,0.10444531243745953
16.0,0.020848,0.10653003188744845
18.0,0.020848,0.10444531243745953
16.0,0.031272,0.10653003188744845
20.0,0.010424,0.10157372865831375
19.0,0.020848,0.10365844810830266
19.0,0.010424,0.10365844810830266
20.0,0.020848,0.1073168962166053
19.0,0.010424,0.10365844810830266
16.0,0.010424,0.10574316755829158
19.0,0.020848,0.1073168962166053
19.0,0.020848,0.10365844810830266
17.0,0.031272,0.10574316755829158
19.0,0.020848,0.1073168962166053
17.0,0.020848,0.1073168962166053
14.0,0.031272,0.10991260645826939
19.0,0.020848,0.10365844810830266
17.0,0.020848,0.10574316755829158
18.0,0.031272,0.10574316755829158
15.0,0.031272,0.10940161566659422
18.0,0.010424,0.10157372865831375
17.0,0.020848,0.10365844810830266
17.0,0.010424,0.10365844810830266
17.0,0.020848,0.1073168962166053
19.0,0.020848,0.10444531243745953
16.0,0.020848,0.10653003188744845
18.0,0.020848,0.10444531243745953
16.0,0.031272,0.10653003188744845
14.0,0.020848,0.10416943889997786
13.0,0.031272,0.10625415834996677
13.0,0.020848,0.10625415834996677
14.0,0.031272,0.1099126064582694
13.0,0.020848,0.10625415834996677
10.0,0.020848,0.10833887779995569
14.0,0.031272,0.1099126064582694
13.0,0.031272,0.10625415834996677
10.0,0.041696,0.10833887779995569
14.0,0.031272,0.1099126064582694
14.0,0.031272,0.1099126064582694
7.0,0.041696,0.11250831669993351
19.0,0.010424,0.09870214487916797
18.0,0.020848,0.10078686432915689
18.0,0.010424,0.09870214487916797
18.0,0.020848,0.10157372865831375
18.0,0.010424,0.09870214487916797
15.0,0.010424,0.09870214487916797
19.0,0.020848,0.10157372865831375
18.0,0.020848,0.10078686432915689
16.0,0.031272,0.1028715837791458
16.0,0.020848,0.10157372865831375
18.0,0.020848,0.10157372865831375
13.0,0.031272,0.1028715837791458
18.0,0.020848,0.10078686432915689
16.0,0.020848,0.10078686432915689
17.0,0.031272,0.10287158377914579
14.0,0.031272,0.10365844810830267
18.0,0.010424,0.10078686432915689
17.0,0.020848,0.1028715837791458
16.0,0.010424,0.10078686432915689
16.0,0.020848,0.10365844810830266
18.0,0.020848,0.10157372865831375
15.0,0.020848,0.10157372865831375
18.0,0.020848,0.10444531243745953
16.0,0.031272,0.10653003188744845
19.0,0.010424,0.09870214487916797
18.0,0.020848,0.10078686432915689
18.0,0.010424,0.09870214487916797
19.0,0.020848,0.10157372865831375
18.0,0.010424,0.09870214487916797
15.0,0.010424,0.09870214487916797
18.0,0.020848,0.10157372865831375
18.0,0.020848,0.10078686432915689
16.0,0.031272,0.1028715837791458
18.0,0.020848,0.10157372865831375
16.0,0.020848,0.10157372865831375
13.0,0.031272,0.1028715837791458
18.0,0.020848,0.10078686432915689
16.0,0.020848,0.10078686432915689
17.0,0.031272,0.10287158377914579
14.0,0.031272,0.10365844810830267
18.0,0.010424,0.10078686432915689
17.0,0.020848,0.1028715837791458
16.0,0.010424,0.10078686432915689
16.0,0.020848,0.10365844810830266
18.0,0.020848,0.10157372865831375
15.0,0.020848,0.10157372865831375
18.0,0.020848,0.10444531243745953
16.0,0.031272,0.10653003188744845
13.0,0.020848,0.10000000000000002
12.0,0.031272,0.10208471944998894
12.0,0.020848,0.10000000000000002
13.0,0.031272,0.10287158377914579
12.0,0.020848,0.10000000000000002
9.0,0.020848,0.10000000000000002
13.0,0.031272,0.10287158377914579
12.0,0.031272,0.10208471944998893
9.0,0.041696,0.10416943889997785
13.0,0.031272,0.10287158377914579
13.0,0.031272,0.10287158377914579
6.0,0.041696,0.10416943889997785
12.0,0.05212,0.10782788700828048
9.0,0.062544,0.10991260645826939
14.0,0.041696,0.10416943889997785
13.0,0.05212,0.10625415834996677
13.0,0.05212,0.10625415834996675
13.0,0.05212,0.10625415834996675
10.0,0.062544,0.10833887779995567
13.0,0.05212,0.10625415834996675
10.0,0.062544,0.10833887779995567
7.0,0.083392,0.11250831669993351
11.0,0.05212,0.1078278870082805
8.0,0.062544,0.10991260645826942
14.0,0.05212,0.10782788700828048
11.0,0.062544,0.1099126064582694
14.0,0.05212,0.10782788700828048
11.0,0.062544,0.1099126064582694
12.0,0.05212,0.10782788700828048
9.0,0.062544,0.1099126064582694
4.0,0.083392,0.11250831669993351
18.0,0.041696,0.07156508644033846
17.0,0.05212,0.07364980589032737
17.0,0.05212,0.07364980589032737
17.0,0.05212,0.07364980589032737
14.0,0.062544,0.07573452534031629
17.0,0.05212,0.07364980589032737
14.0,0.062544,0.07573452534031629
11.0,0.083392,0.07990396424029411
9.0,0.083392,0.13446513743358768
15.0,0.166704,0.16800875523911063
14.0,0.177128,0.17009347468909952
14.0,0.177128,0.17009347468909952
14.0,0.177128,0.17009347468909952
11.0,0.187552,0.17217819413908844
14.0,0.177128,0.17009347468909952
11.0,0.187552,0.17217819413908844
8.0,0.2084,0.17634763303906625
21.0,0.041555,0.021941057392650152
20.0,0.051979,0.024025776842639065
20.0,0.041555,0.021941057392650152
23.0,0.051979,0.024812641171795928
20.0,0.041555,0.021941057392650152
17.0,0.041555,0.021941057392650152
23.0,0.051979,0.024812641171795928
20.0,0.051979,0.024025776842639065
18.0,0.062403,0.026110496292627978
23.0,0.051979,0.024812641171795928
23.0,0.051979,0.024812641171795928
16.0,0.062403,0.026110496292627978
20.0,0.051979,0.024025776842639065
19.0,0.051979,0.024025776842639065
19.0,0.062403,0.026110496292627978
21.0,0.062403,0.02689736062178484
20.0,0.041555,0.024025776842639065
19.0,0.051979,0.026110496292627978
19.0,0.041555,0.024025776842639065
22.0,0.051979,0.02689736062178484
21.0,0.051979,0.024812641171795928
18.0,0.051979,0.024812641171795928
23.0,0.051979,0.027684224950941704
21.0,0.062403,0.029768944400930617
20.0,0.051979,0.024025776842639065
18.0,0.062403,0.026110496292627978
19.0,0.051979,0.024025776842639065
20.0,0.051979,0.026110496292627978
19.0,0.062403,0.02689736062178484
19.0,0.062403,0.026110496292627978
17.0,0.072827,0.02819521574261689
21.0,0.062403,0.02689736062178484
23.0,0.062403,0.029768944400930617
20.0,0.051979,0.024025776842639065
19.0,0.062403,0.026110496292627978
19.0,0.051979,0.024025776842639065
21.0,0.062403,0.02689736062178484
19.0,0.051979,0.024025776842639065
16.0,0.051979,0.024025776842639065
22.0,0.062403,0.02689736062178484
19.0,0.062403,0.026110496292627978
16.0,0.072827,0.02819521574261689
21.0,0.062403,0.02689736062178484
22.0,0.062403,0.02689736062178484
14.0,0.072827,0.02819521574261689
17.0,0.083251,0.030279935192605804
15.0,0.093675,0.03236465464259471
24.0,0.051979,0.027684224950941704
22.0,0.062403,0.029768944400930617
23.0,0.051979,0.027684224950941704
22.0,0.062403,0.03055580873008748
20.0,0.041555,0.024025776842639065
20.0,0.051979,0.026110496292627978
19.0,0.041555,0.024025776842639065
18.0,0.041555,0.026110496292627978
19.0,0.051979,0.02689736062178484
19.0,0.051979,0.026110496292627978
17.0,0.051979,0.02819521574261689
22.0,0.051979,0.02689736062178484
21.0,0.051979,0.024812641171795928
19.0,0.062403,0.02689736062178484
18.0,0.051979,0.024812641171795928
19.0,0.051979,0.02689736062178484
16.0,0.062403,0.027684224950941704
24.0,0.051979,0.027684224950941704
23.0,0.062403,0.029768944400930617
23.0,0.051979,0.027684224950941704
22.0,0.062403,0.03055580873008748
23.0,0.051979,0.027684224950941704
22.0,0.062403,0.029768944400930617
23.0,0.062403,0.029768944400930617
17.0,0.062403,0.030279935192605804
15.0,0.072827,0.03236465464259471
14.0,0.093675,0.03393838330090844
20.0,0.041555,0.024025776842639065
19.0,0.051979,0.026110496292627978
19.0,0.041555,0.026110496292627978
23.0,0.051979,0.029768944400930617
19.0,0.041555,0.026110496292627978
17.0,0.041555,0.02819521574261689
23.0,0.051979,0.029768944400930617
19.0,0.051979,0.026110496292627978
18.0,0.062403,0.02819521574261689
22.0,0.051979,0.029768944400930617
22.0,0.051979,0.029768944400930617
16.0,0.062403,0.03236465464259471
18.0,0.051979,0.026110496292627978
18.0,0.051979,0.02819521574261689
17.0,0.062403,0.02819521574261689
21.0,0.062403,0.03185366385091953
19.0,0.041555,0.024025776842639065
18.0,0.051979,0.026110496292627978
17.0,0.041555,0.026110496292627978
21.0,0.051979,0.029768944400930617
19.0,0.051979,0.02689736062178484
17.0,0.051979,0.028982080071773754
21.0,0.051979,0.02689736062178484
19.0,0.062403,0.028982080071773754
23.0,0.051979,0.027684224950941708
22.0,0.062403,0.02976894440093062
22.0,0.051979,0.02976894440093062
22.0,0.062403,0.03342739250923326
22.0,0.051979,0.02976894440093062
20.0,0.051979,0.031853663850919534
21.0,0.062403,0.03342739250923326
22.0,0.062403,0.02976894440093062
19.0,0.072827,0.031853663850919534
22.0,0.062403,0.03342739250923326
22.0,0.062403,0.03342739250923326
17.0,0.072827,0.03602310275089735
20.0,0.041555,0.021941057392650152
19.0,0.051979,0.024025776842639065
19.0,0.041555,0.021941057392650152
22.0,0.051979,0.024812641171795928
19.0,0.041555,0.021941057392650152
16.0,0.041555,0.021941057392650152
22.0,0.051979,0.024812641171795928
19.0,0.051979,0.024025776842639065
17.0,0.062403,0.026110496292627978
22.0,0.051979,0.024812641171795928
22.0,0.051979,0.024812641171795928
15.0,0.062403,0.026110496292627978
19.0,0.051979,0.024025776842639065
18.0,0.051979,0.024025776842639065
18.0,0.062403,0.026110496292627978
20.0,0.062403,0.02689736062178484
20.0,0.041555,0.024025776842639065
19.0,0.051979,0.026110496292627978
18.0,0.041555,0.024025776842639065
21.0,0.051979,0.02689736062178484
20.0,0.051979,0.024812641171795928
17.0,0.051979,0.024812641171795928
23.0,0.051979,0.027684224950941704
21.0,0.062403,0.029768944400930617
20.0,0.051979,0.024812641171795928
18.0,0.062403,0.02689736062178484
19.0,0.051979,0.024812641171795928
20.0,0.051979,0.02689736062178484
19.0,0.062403,0.027684224950941704
19.0,0.062403,0.02689736062178484
17.0,0.072827,0.028982080071773754
21.0,0.062403,0.027684224950941704
23.0,0.062403,0.03055580873008748
23.0,0.051979,0.024812641171795928
22.0,0.062403,0.02689736062178484
23.0,0.051979,0.024812641171795928
22.0,0.062403,0.027684224950941704
23.0,0.051979,0.024812641171795928
20.0,0.051979,0.024812641171795928
21.0,0.062403,0.027684224950941704
22.0,0.062403,0.02689736062178484
17.0,0.072827,0.028982080071773754
23.0,0.062403,0.027684224950941704
23.0,0.062403,0.027684224950941704
16.0,0.072827,0.028982080071773754
19.0,0.051979,0.024025776842639065
18.0,0.062403,0.026110496292627978
18.0,0.051979,0.024025776842639065
18.0,0.051979,0.026110496292627978
18.0,0.062403,0.02689736062178484
18.0,0.062403,0.026110496292627978
17.0,0.062403,0.02819521574261689
20.0,0.062403,0.02689736062178484
18.0,0.062403,0.026110496292627978
16.0,0.072827,0.02819521574261689
16.0,0.062403,0.026110496292627978
17.0,0.062403,0.02819521574261689
16.0,0.072827,0.028982080071773754
18.0,0.062403,0.026110496292627978
17.0,0.072827,0.02819521574261689
17.0,0.062403,0.026110496292627978
18.0,0.072827,0.028982080071773754
15.0,0.093675,0.03236465464259471
22.0,0.062403,0.029768944400930617
20.0,0.072827,0.03185366385091953
20.0,0.051979,0.024812641171795928
18.0,0.062403,0.02689736062178484
18.0,0.051979,0.024812641171795928
19.0,0.051979,0.02689736062178484
18.0,0.062403,0.027684224950941704
19.0,0.062403,0.02689736062178484
17.0,0.062403,0.02689736062178484
23.0,0.062403,0.03055580873008748
20.0,0.051979,0.024812641171795928
19.0,0.062403,0.02689736062178484
19.0,0.051979,0.024812641171795928
19.0,0.051979,0.02689736062178484
19.0,0.062403,0.027684224950941704
19.0,0.062403,0.02689736062178484
18.0,0.062403,0.028982080071773754
21.0,0.062403,0.027684224950941704
17.0,0.062403,0.026110496292627978
15.0,0.072827,0.02819521574261689
15.0,0.062403,0.026110496292627978
16.0,0.062403,0.02819521574261689
15.0,0.072827,0.028982080071773754
18.0,0.093675,0.03393838330090844
22.0,0.083111,0.03706699148535832
20.0,0.093535,0.03915171093534723
21.0,0.083111,0.03706699148535832
21.0,0.083111,0.03915171093534723
21.0,0.093535,0.039938575264504096
21.0,0.083111,0.03915171093534723
19.0,0.083111,0.04123643038533614
20.0,0.083111,0.03706699148535832
19.0,0.083111,0.03706699148535832
20.0,0.093535,0.03993857526450409
20.0,0.093535,0.03915171093534723
18.0,0.103959,0.04123643038533614
21.0,0.093535,0.039938575264504096
20.0,0.093535,0.039938575264504096
17.0,0.103959,0.04123643038533614
21.0,0.093535,0.03915171093534722
20.0,0.093535,0.041236430385336136
19.0,0.093535,0.03915171093534722
19.0,0.103959,0.041236430385336136
19.0,0.103959,0.042023294714493
24.0,0.093535,0.03993857526450409
22.0,0.093535,0.03993857526450409
24.0,0.093535,0.04281015904364987
22.0,0.093535,0.04489487849363878
21.0,0.083111,0.03706699148535832
19.0,0.093535,0.03915171093534723
18.0,0.083111,0.03706699148535832
19.0,0.083111,0.03915171093534723
19.0,0.093535,0.039938575264504096
20.0,0.083111,0.03915171093534723
17.0,0.083111,0.04123643038533614
19.0,0.083111,0.03706699148535832
16.0,0.083111,0.03706699148535832
19.0,0.093535,0.03993857526450409
19.0,0.093535,0.03915171093534723
16.0,0.103959,0.04123643038533614
19.0,0.093535,0.039938575264504096
19.0,0.093535,0.039938575264504096
15.0,0.103959,0.04123643038533614
23.0,0.093535,0.03993857526450409
21.0,0.093535,0.042023294714493
21.0,0.093535,0.03993857526450409
20.0,0.103959,0.042023294714493
20.0,0.103959,0.04281015904364987
21.0,0.093535,0.03915171093534723
19.0,0.103959,0.04123643038533614
20.0,0.093535,0.04123643038533614
19.0,0.093535,0.03915171093534723
19.0,0.103959,0.042023294714493
18.0,0.103959,0.041236430385336136
16.0,0.103959,0.041236430385336136
21.0,0.103959,0.04489487849363878
23.0,0.093535,0.039938575264504096
20.0,0.103959,0.042023294714493
21.0,0.093535,0.042023294714493
21.0,0.093535,0.039938575264504096
20.0,0.103959,0.04281015904364987
24.0,0.093535,0.039938575264504096
22.0,0.093535,0.039938575264504096
16.0,0.103959,0.041236430385336136
14.0,0.103959,0.041236430385336136
24.0,0.093535,0.04281015904364987
21.0,0.103959,0.044894878493638775
22.0,0.093535,0.04489487849363878
20.0,0.103959,0.04855332660194142
21.0,0.124747,0.05639884952758764
18.0,0.135171,0.05848356897757655
20.0,0.124747,0.05639884952758764
20.0,0.124747,0.05848356897757656
19.0,0.135171,0.059270433306733414
19.0,0.124747,0.05848356897757655
18.0,0.124747,0.06056828842756547
19.0,0.124747,0.05639884952758764
18.0,0.124747,0.05639884952758764
18.0,0.135171,0.059270433306733414
19.0,0.135171,0.05848356897757656
16.0,0.145595,0.06056828842756547
19.0,0.135171,0.059270433306733414
19.0,0.135171,0.059270433306733414
15.0,0.145595,0.06056828842756547
19.0,0.135171,0.05848356897757656
16.0,0.145595,0.06056828842756547
17.0,0.135171,0.06056828842756547
17.0,0.135171,0.05848356897757656
16.0,0.145595,0.061355152756722334
21.0,0.135171,0.059270433306733414
19.0,0.135171,0.059270433306733414
21.0,0.135171,0.0621420170858792
19.0,0.135171,0.0642267365358681
24.0,0.083111,0.03706699148535832
23.0,0.093535,0.03915171093534722
23.0,0.083111,0.03706699148535832
26.0,0.093535,0.03993857526450409
23.0,0.083111,0.03706699148535832
20.0,0.083111,0.03706699148535832
26.0,0.093535,0.03993857526450409
23.0,0.093535,0.03915171093534723
21.0,0.103959,0.041236430385336136
26.0,0.093535,0.039938575264504096
26.0,0.093535,0.039938575264504096
19.0,0.103959,0.041236430385336136
22.0,0.093535,0.03915171093534722
21.0,0.093535,0.03915171093534722
21.0,0.103959,0.041236430385336136
23.0,0.103959,0.042023294714493
23.0,0.083111,0.03915171093534723
22.0,0.093535,0.041236430385336136
21.0,0.083111,0.03915171093534723
24.0,0.093535,0.042023294714493
23.0,0.093535,0.03993857526450409
21.0,0.093535,0.03993857526450409
26.0,0.093535,0.04281015904364987
24.0,0.103959,0.044894878493638775
23.0,0.083111,0.03915171093534723
20.0,0.093535,0.041236430385336136
22.0,0.083111,0.03915171093534723
21.0,0.083111,0.041236430385336136
21.0,0.093535,0.042023294714493
22.0,0.093535,0.04123643038533614
19.0,0.103959,0.04332114983532505
24.0,0.093535,0.042023294714493
24.0,0.093535,0.044894878493638775
26.0,0.093535,0.04281015904364987
24.0,0.093535,0.04489487849363878
24.0,0.103959,0.04489487849363878
23.0,0.103959,0.04855332660194142
22.0,0.093535,0.03915171093534723
20.0,0.103959,0.041236430385336136
21.0,0.093535,0.03915171093534723
20.0,0.093535,0.04123643038533614
20.0,0.103959,0.042023294714493
21.0,0.103959,0.041236430385336136
19.0,0.103959,0.04332114983532505
23.0,0.103959,0.042023294714493
23.0,0.093535,0.039938575264504096
20.0,0.103959,0.042023294714493
21.0,0.093535,0.039938575264504096
21.0,0.093535,0.042023294714493
20.0,0.103959,0.04281015904364987
23.0,0.124747,0.05639884952758764
20.0,0.135171,0.058483568977576554
22.0,0.124747,0.05639884952758764
22.0,0.124747,0.05848356897757655
21.0,0.135171,0.05927043330673342
22.0,0.135171,0.05848356897757656
19.0,0.145595,0.06056828842756546
24.0,0.135171,0.05927043330673342
25.0,0.135171,0.062142017085879186
21.0,0.135171,0.05848356897757656
18.0,0.145595,0.06056828842756546
19.0,0.135171,0.05848356897757656
19.0,0.135171,0.06056828842756547
18.0,0.145595,0.06135515275672233
20.0,0.124747,0.05015657679685099
19.0,0.135171,0.052241296246839895
20.0,0.124747,0.05015657679685099
21.0,0.135171,0.053028160575996755
20.0,0.124747,0.05015657679685099
17.0,0.124747,0.05015657679685099
22.0,0.135171,0.053028160575996755
19.0,0.135171,0.052241296246839895
16.0,0.145595,0.0543260156968288
21.0,0.135171,0.05302816057599677
22.0,0.135171,0.05302816057599677
15.0,0.145595,0.0543260156968288
19.0,0.124747,0.0522412962468399
18.0,0.124747,0.0522412962468399
18.0,0.135171,0.05432601569682881
19.0,0.135171,0.05511288002598567
22.0,0.135171,0.05589974435514254
18.0,0.145595,0.05798446380513146
18.0,0.135171,0.052241296246839895
17.0,0.145595,0.0543260156968288
17.0,0.135171,0.052241296246839895
18.0,0.145595,0.055112880025985675
19.0,0.135171,0.05302816057599677
17.0,0.135171,0.05302816057599677
17.0,0.208259,0.0848411083858993
15.0,0.218683,0.08692582783588822
15.0,0.218683,0.08692582783588822
21.0,0.083111,0.05639884952758771
20.0,0.093535,0.05848356897757662
20.0,0.083111,0.05639884952758771
18.0,0.083111,0.05848356897757661
19.0,0.093535,0.059270433306733476
20.0,0.083111,0.05848356897757661
17.0,0.083111,0.06056828842756552
20.0,0.083111,0.05639884952758771
18.0,0.083111,0.05639884952758771
20.0,0.093535,0.059270433306733476
19.0,0.093535,0.05848356897757662
17.0,0.103959,0.06056828842756552
20.0,0.093535,0.059270433306733476
19.0,0.093535,0.059270433306733476
16.0,0.103959,0.06056828842756552
19.0,0.093535,0.05848356897757662
16.0,0.093535,0.060568288427565516
18.0,0.093535,0.05848356897757662
17.0,0.103959,0.06056828842756552
17.0,0.103959,0.06135515275672238
21.0,0.093535,0.059270433306733476
19.0,0.093535,0.059270433306733476
21.0,0.093535,0.06214201708587926
18.0,0.093535,0.06422673653586818
23.0,0.083111,0.05639884952758771
22.0,0.093535,0.05848356897757662
22.0,0.083111,0.05639884952758771
20.0,0.083111,0.05848356897757662
21.0,0.093535,0.05927043330673348
22.0,0.093535,0.05848356897757662
19.0,0.093535,0.06056828842756552
25.0,0.093535,0.05927043330673348
22.0,0.083111,0.05848356897757661
20.0,0.093535,0.060568288427565516
20.0,0.083111,0.05848356897757661
19.0,0.083111,0.060568288427565516
19.0,0.093535,0.06135515275672238
24.0,0.093535,0.06214201708587926
21.0,0.093535,0.06422673653586818
17.0,0.135171,0.08484110838589934
15.0,0.145595,0.08692582783588826
16.0,0.135171,0.08692582783588826
16.0,0.145595,0.09058427594419091
20.0,0.135171,0.08067166948592147
17.0,0.145595,0.08275638893591039
18.0,0.135171,0.08067166948592147
18.0,0.135171,0.08275638893591038
17.0,0.145595,0.08354325326506726
15.0,0.218683,0.10698553996159796
20.0,0.041555,0.03979323583490983
19.0,0.051979,0.04187795528489874
19.0,0.041555,0.03979323583490983
19.0,0.041555,0.04187795528489874
19.0,0.051979,0.042664819614055605
17.0,0.041555,0.04187795528489874
16.0,0.041555,0.04396267473488766
19.0,0.041555,0.03979323583490983
17.0,0.041555,0.03979323583490983
18.0,0.051979,0.042664819614055605
19.0,0.051979,0.04187795528489874
17.0,0.062403,0.04396267473488766
18.0,0.051979,0.042664819614055605
19.0,0.051979,0.042664819614055605
15.0,0.062403,0.04396267473488766
19.0,0.051979,0.04187795528489874
18.0,0.051979,0.04187795528489874
16.0,0.051979,0.04396267473488766
18.0,0.062403,0.04396267473488766
17.0,0.062403,0.04474953906404451
23.0,0.051979,0.04553640339320138
20.0,0.051979,0.0476211228431903
22.0,0.051979,0.042664819614055605
21.0,0.051979,0.042664819614055605
19.0,0.041555,0.04187795528489874
18.0,0.051979,0.04396267473488766
17.0,0.041555,0.04187795528489874
17.0,0.041555,0.04396267473488766
17.0,0.051979,0.044749539064044525
16.0,0.041555,0.04396267473488766
14.0,0.041555,0.046047394184876564
18.0,0.041555,0.04187795528489874
16.0,0.041555,0.04187795528489874
17.0,0.051979,0.044749539064044525
17.0,0.051979,0.04396267473488766
16.0,0.062403,0.046047394184876564
16.0,0.051979,0.04474953906404451
17.0,0.051979,0.044749539064044525
13.0,0.062403,0.046047394184876564
22.0,0.051979,0.04553640339320138
20.0,0.051979,0.04553640339320138
19.0,0.051979,0.0476211228431903
20.0,0.062403,0.0476211228431903
19.0,0.062403,0.04840798717234715
19.0,0.051979,0.04187795528489874
18.0,0.062403,0.04396267473488766
16.0,0.051979,0.04396267473488766
18.0,0.051979,0.04187795528489874
17.0,0.062403,0.044749539064044525
17.0,0.062403,0.04396267473488766
14.0,0.062403,0.046047394184876564
20.0,0.062403,0.044749539064044525
21.0,0.051979,0.042664819614055605
19.0,0.062403,0.044749539064044525
20.0,0.051979,0.042664819614055605
19.0,0.062403,0.04553640339320138
21.0,0.051979,0.04553640339320138
20.0,0.062403,0.0476211228431903
18.0,0.051979,0.0476211228431903
20.0,0.051979,0.04553640339320138
19.0,0.062403,0.048407987172347164
22.0,0.051979,0.04553640339320138
19.0,0.051979,0.0476211228431903
15.0,0.062403,0.048132113634865484
12.0,0.062403,0.05021683308485439
21.0,0.083111,0.054919169927618
19.0,0.093535,0.057003889377606906
20.0,0.083111,0.054919169927618
20.0,0.083111,0.057003889377606906
20.0,0.093535,0.05779075370676377
18.0,0.083111,0.057003889377606906
17.0,0.083111,0.05908860882759581
20.0,0.083111,0.054919169927618
18.0,0.083111,0.054919169927618
19.0,0.093535,0.05779075370676377
20.0,0.093535,0.057003889377606906
17.0,0.103959,0.05908860882759581
19.0,0.093535,0.05779075370676377
20.0,0.093535,0.05779075370676377
16.0,0.103959,0.05908860882759581
19.0,0.093535,0.057003889377606906
17.0,0.103959,0.05908860882759581
16.0,0.093535,0.05908860882759581
18.0,0.093535,0.057003889377606906
17.0,0.103959,0.05987547315675268
21.0,0.093535,0.05779075370676377
19.0,0.093535,0.05779075370676377
21.0,0.093535,0.060662337485909545
18.0,0.093535,0.06274705693589845
23.0,0.083111,0.054919169927618
22.0,0.083111,0.054919169927618
20.0,0.083111,0.057003889377606906
22.0,0.093535,0.057003889377606906
21.0,0.093535,0.05779075370676377
22.0,0.093535,0.057003889377606906
19.0,0.093535,0.05908860882759581
24.0,0.093535,0.05779075370676377
22.0,0.083111,0.057003889377606906
20.0,0.083111,0.057003889377606906
19.0,0.083111,0.05908860882759581
19.0,0.093535,0.05908860882759581
19.0,0.093535,0.05987547315675268
24.0,0.093535,0.060662337485909545
21.0,0.093535,0.06274705693589845
22.0,0.124747,0.07425102796984731
20.0,0.124747,0.07633574741983624
21.0,0.135171,0.07633574741983624
22.0,0.135171,0.07999419552813888
20.0,0.135171,0.07633574741983624
18.0,0.135171,0.07842046686982515
20.0,0.124747,0.06800875523911067
19.0,0.124747,0.06800875523911067
17.0,0.124747,0.07009347468909957
18.0,0.135171,0.07009347468909957
18.0,0.135171,0.07088033901825644
18.0,0.135171,0.07009347468909959
15.0,0.135171,0.07217819413908848
20.0,0.135171,0.07088033901825644
19.0,0.083111,0.07425102796984738
17.0,0.093535,0.0763357474198363
17.0,0.083111,0.07425102796984738
16.0,0.083111,0.0763357474198363
16.0,0.093535,0.07712261174899315
16.0,0.083111,0.07633574741983629
13.0,0.083111,0.0784204668698252
17.0,0.083111,0.07425102796984738
15.0,0.083111,0.07425102796984738
16.0,0.093535,0.07712261174899315
17.0,0.093535,0.0763357474198363
15.0,0.103959,0.0784204668698252
16.0,0.093535,0.07712261174899315
16.0,0.093535,0.07712261174899317
12.0,0.103959,0.0784204668698252
22.0,0.083111,0.07425102796984738
19.0,0.083111,0.0763357474198363
19.0,0.083111,0.07633574741983629
16.0,0.083111,0.07842046686982519
15.0,0.135171,0.10269328682815902
12.0,0.135171,0.10477800627814794
18.0,0.135171,0.09852384792818115
15.0,0.135171,0.10060856737817006
20.0,0.083111,0.12665527985464378
18.0,0.093535,0.1287399993046327
19.0,0.083111,0.12665527985464378
19.0,0.083111,0.1287399993046327
19.0,0.093535,0.12952686363378957
19.0,0.083111,0.1287399993046327
17.0,0.083111,0.1308247187546216
17.0,0.083111,0.12665527985464378
16.0,0.083111,0.12665527985464378
18.0,0.093535,0.12952686363378957
18.0,0.093535,0.1287399993046327
16.0,0.103959,0.1308247187546216
19.0,0.093535,0.12952686363378957
18.0,0.093535,0.12952686363378957
15.0,0.103959,0.1308247187546216
19.0,0.093535,0.12873999930463267
18.0,0.093535,0.1308247187546216
16.0,0.093535,0.12873999930463267
17.0,0.103959,0.1308247187546216
17.0,0.103959,0.13161158308377846
22.0,0.093535,0.12952686363378957
19.0,0.093535,0.12952686363378957
22.0,0.093535,0.13239844741293536
20.0,0.093535,0.13448316686292427
19.0,0.083111,0.12665527985464378
17.0,0.093535,0.1287399993046327
16.0,0.083111,0.12665527985464378
17.0,0.083111,0.1287399993046327
16.0,0.093535,0.12952686363378957
17.0,0.083111,0.1287399993046327
15.0,0.083111,0.1308247187546216
16.0,0.083111,0.12665527985464378
13.0,0.083111,0.12665527985464378
16.0,0.093535,0.12952686363378957
17.0,0.093535,0.1287399993046327
14.0,0.103959,0.1308247187546216
16.0,0.093535,0.12952686363378957
16.0,0.093535,0.12952686363378957
12.0,0.103959,0.1308247187546216
21.0,0.093535,0.12952686363378957
19.0,0.093535,0.1316115830837785
18.0,0.093535,0.12952686363378957
18.0,0.103959,0.1316115830837785
18.0,0.103959,0.13239844741293536
19.0,0.093535,0.1287399993046327
17.0,0.103959,0.1308247187546216
18.0,0.093535,0.1308247187546216
16.0,0.093535,0.1287399993046327
17.0,0.103959,0.1316115830837785
16.0,0.103959,0.1308247187546216
14.0,0.103959,0.1308247187546216
19.0,0.103959,0.13448316686292427
21.0,0.093535,0.12952686363378957
18.0,0.103959,0.1316115830837785
19.0,0.093535,0.1316115830837785
18.0,0.093535,0.12952686363378957
18.0,0.103959,0.13239844741293536
22.0,0.093535,0.12952686363378957
19.0,0.093535,0.12952686363378957
14.0,0.103959,0.1308247187546216
11.0,0.103959,0.1308247187546216
22.0,0.093535,0.13239844741293533
19.0,0.103959,0.13448316686292422
20.0,0.093535,0.13448316686292425
18.0,0.103959,0.1381416149712269
20.0,0.083192,0.03979323583490983
19.0,0.093616,0.04187795528489874
19.0,0.083192,0.03979323583490983
19.0,0.083192,0.041877955284898745
19.0,0.093616,0.0426648196140556
19.0,0.083192,0.04187795528489873
17.0,0.083192,0.043962674734887644
19.0,0.083192,0.03979323583490983
17.0,0.083192,0.03979323583490983
19.0,0.093616,0.0426648196140556
17.0,0.093616,0.04187795528489874
16.0,0.10404,0.043962674734887644
18.0,0.093616,0.0426648196140556
18.0,0.093616,0.04266481961405561
15.0,0.10404,0.043962674734887644
19.0,0.093616,0.04187795528489874
18.0,0.093616,0.04396267473488765
18.0,0.093616,0.04187795528489874
16.0,0.10404,0.043962674734887644
17.0,0.10404,0.04474953906404452
21.0,0.093616,0.0426648196140556
20.0,0.093616,0.0426648196140556
22.0,0.093616,0.04553640339320137
20.0,0.093616,0.04762112284319028
19.0,0.093616,0.04187795528489874
17.0,0.10404,0.043962674734887644
17.0,0.093616,0.04187795528489874
18.0,0.093616,0.04396267473488765
17.0,0.10404,0.044749539064044504
17.0,0.093616,0.04396267473488764
16.0,0.093616,0.04604739418487655
18.0,0.093616,0.04187795528489874
16.0,0.093616,0.04187795528489874
17.0,0.10404,0.044749539064044504
16.0,0.10404,0.043962674734887644
14.0,0.114464,0.04604739418487655
16.0,0.10404,0.044749539064044504
17.0,0.10404,0.04474953906404452
13.0,0.114464,0.04604739418487655
19.0,0.093616,0.04187795528489874
18.0,0.093616,0.04187795528489874
18.0,0.093616,0.04396267473488764
16.0,0.10404,0.043962674734887644
17.0,0.10404,0.044749539064044504
17.0,0.10404,0.043962674734887644
14.0,0.114464,0.04604739418487655
19.0,0.10404,0.044749539064044504
20.0,0.10404,0.047621122843190276
15.0,0.124888,0.048132113634865456
12.0,0.135312,0.05021683308485436
23.0,0.093616,0.045536403393201384
20.0,0.10404,0.04762112284319029
21.0,0.093616,0.04762112284319028
17.0,0.10404,0.05127957095149292
22.0,0.093616,0.0426648196140556
20.0,0.10404,0.044749539064044504
21.0,0.093616,0.0426648196140556
17.0,0.10404,0.04553640339320138
14.0,0.135312,0.051790561743168095
21.0,0.124747,0.054919169927618
19.0,0.135171,0.057003889377606906
20.0,0.124747,0.054919169927618
19.0,0.124747,0.05700388937760691
19.0,0.135171,0.057790753706763766
20.0,0.124747,0.0570038893776069
17.0,0.124747,0.05908860882759581
19.0,0.124747,0.054919169927618
18.0,0.124747,0.054919169927618
19.0,0.135171,0.057790753706763766
18.0,0.135171,0.057003889377606906
16.0,0.145595,0.05908860882759581
19.0,0.135171,0.057790753706763766
18.0,0.135171,0.05779075370676378
15.0,0.145595,0.05908860882759581
19.0,0.135171,0.057003889377606906
17.0,0.135171,0.05908860882759582
17.0,0.135171,0.057003889377606906
16.0,0.145595,0.05908860882759581
16.0,0.145595,0.059875473156752686
21.0,0.135171,0.057790753706763766
19.0,0.135171,0.057790753706763766
21.0,0.135171,0.06066233748590954
18.0,0.135171,0.06274705693589845
19.0,0.166383,0.07425102796984732
16.0,0.176807,0.07633574741983623
17.0,0.166383,0.07425102796984732
17.0,0.166383,0.07633574741983624
16.0,0.176807,0.0771226117489931
17.0,0.166383,0.07633574741983623
14.0,0.166383,0.07842046686982514
17.0,0.166383,0.07425102796984732
14.0,0.166383,0.07425102796984732
16.0,0.176807,0.0771226117489931
16.0,0.176807,0.07633574741983623
13.0,0.187231,0.07842046686982514
16.0,0.176807,0.0771226117489931
16.0,0.176807,0.07712261174899311
11.0,0.187231,0.07842046686982514
23.0,0.124747,0.054919169927618
22.0,0.124747,0.054919169927618
22.0,0.124747,0.0570038893776069
20.0,0.135171,0.057003889377606906
21.0,0.135171,0.057790753706763766
22.0,0.135171,0.057003889377606906
19.0,0.145595,0.05908860882759581
24.0,0.135171,0.057790753706763766
25.0,0.135171,0.06066233748590954
21.0,0.135171,0.057003889377606906
19.0,0.135171,0.057003889377606906
19.0,0.135171,0.059088608827595805
18.0,0.145595,0.05908860882759581
18.0,0.145595,0.05987547315675267
22.0,0.166383,0.07425102796984732
19.0,0.176807,0.07633574741983624
19.0,0.176807,0.07633574741983623
16.0,0.187231,0.07842046686982515
19.0,0.166383,0.06800875523911067
18.0,0.166383,0.06800875523911067
18.0,0.166383,0.07009347468909957
16.0,0.176807,0.07009347468909957
17.0,0.176807,0.07088033901825644
17.0,0.176807,0.07009347468909959
14.0,0.187231,0.07217819413908849
19.0,0.176807,0.07088033901825644
19.0,0.176807,0.07375192279740223
15.0,0.249895,0.10269328682815898
12.0,0.260319,0.10477800627814789
22.0,0.124747,0.0742510279698474
21.0,0.135171,0.07633574741983631
20.0,0.124747,0.0763357474198363
22.0,0.135171,0.07999419552813895
20.0,0.135171,0.07633574741983631
18.0,0.135171,0.07842046686982522
17.0,0.176807,0.09852384792818114
14.0,0.187231,0.10060856737817006
10.0,0.260319,0.1248377184038576
18.0,0.093616,0.06739564754036063
16.0,0.10404,0.06948036699034954
16.0,0.093616,0.06739564754036063
16.0,0.093616,0.06948036699034954
16.0,0.10404,0.0702672313195064
15.0,0.093616,0.06948036699034954
13.0,0.093616,0.07156508644033845
17.0,0.093616,0.06739564754036063
14.0,0.093616,0.06739564754036063
16.0,0.10404,0.0702672313195064
15.0,0.10404,0.06948036699034954
13.0,0.114464,0.07156508644033845
15.0,0.10404,0.0702672313195064
16.0,0.10404,0.0702672313195064
12.0,0.114464,0.07156508644033845
20.0,0.135171,0.08252158163306882
18.0,0.135171,0.08252158163306882
18.0,0.135171,0.08460630108305772
17.0,0.145595,0.08460630108305772
17.0,0.145595,0.08539316541221459
17.0,0.176807,0.10185343967529814
14.0,0.187231,0.10393815912528705
18.0,0.135171,0.10185343967529821
15.0,0.135171,0.10393815912528712
11.0,0.187231,0.12612625963363194
17.0,0.166383,0.1638393163391328
14.0,0.176807,0.16592403578912168
14.0,0.166383,0.1638393163391328
14.0,0.166383,0.1659240357891217
13.0,0.176807,0.16671090011827858
14.0,0.166383,0.1659240357891217
11.0,0.166383,0.1680087552391106
14.0,0.166383,0.1638393163391328
11.0,0.166383,0.1638393163391328
13.0,0.176807,0.16671090011827858
14.0,0.176807,0.1659240357891217
11.0,0.187231,0.1680087552391106
13.0,0.176807,0.16671090011827858
13.0,0.176807,0.16671090011827858
8.0,0.187231,0.1680087552391106
14.0,0.249895,0.19463225875413
11.0,0.260319,0.1967169782041189
21.0,0.041555,0.021941057392650152
20.0,0.051979,0.024025776842639065
20.0,0.041555,0.021941057392650152
23.0,0.051979,0.024812641171795928
20.0,0.041555,0.021941057392650152
17.0,0.041555,0.021941057392650152
23.0,0.051979,0.024812641171795928
20.0,0.051979,0.024025776842639065
18.0,0.062403,0.026110496292627978
23.0,0.051979,0.024812641171795928
23.0,0.051979,0.024812641171795928
16.0,0.062403,0.026110496292627978
20.0,0.051979,0.024025776842639065
19.0,0.051979,0.024025776842639065
19.0,0.062403,0.026110496292627978
21.0,0.062403,0.02689736062178484
20.0,0.041555,0.024025776842639065
19.0,0.051979,0.026110496292627978
19.0,0.041555,0.024025776842639065
22.0,0.051979,0.02689736062178484
21.0,0.051979,0.024812641171795928
18.0,0.051979,0.024812641171795928
23.0,0.051979,0.027684224950941704
22.0,0.062403,0.029768944400930617
20.0,0.051979,0.024025776842639065
18.0,0.062403,0.026110496292627978
19.0,0.051979,0.024025776842639065
20.0,0.051979,0.026110496292627978
19.0,0.062403,0.02689736062178484
19.0,0.062403,0.026110496292627978
17.0,0.072827,0.02819521574261689
21.0,0.062403,0.02689736062178484
23.0,0.062403,0.029768944400930617
20.0,0.051979,0.024025776842639065
19.0,0.062403,0.026110496292627978
19.0,0.051979,0.024025776842639065
22.0,0.062403,0.02689736062178484
19.0,0.051979,0.024025776842639065
16.0,0.051979,0.024025776842639065
21.0,0.062403,0.02689736062178484
19.0,0.062403,0.026110496292627978
16.0,0.072827,0.02819521574261689
22.0,0.062403,0.02689736062178484
21.0,0.062403,0.02689736062178484
14.0,0.072827,0.02819521574261689
17.0,0.083251,0.030279935192605804
15.0,0.093675,0.03236465464259471
24.0,0.051979,0.027684224950941704
23.0,0.062403,0.029768944400930617
23.0,0.051979,0.027684224950941704
22.0,0.062403,0.03055580873008748
20.0,0.041555,0.024025776842639065
20.0,0.051979,0.026110496292627978
19.0,0.041555,0.024025776842639065
18.0,0.041555,0.026110496292627978
19.0,0.051979,0.02689736062178484
19.0,0.051979,0.026110496292627978
17.0,0.051979,0.02819521574261689
22.0,0.051979,0.02689736062178484
21.0,0.051979,0.024812641171795928
19.0,0.062403,0.02689736062178484
18.0,0.051979,0.024812641171795928
19.0,0.051979,0.02689736062178484
16.0,0.062403,0.027684224950941704
24.0,0.051979,0.027684224950941704
22.0,0.062403,0.029768944400930617
23.0,0.051979,0.027684224950941704
22.0,0.062403,0.03055580873008748
23.0,0.051979,0.027684224950941704
21.0,0.062403,0.029768944400930617
23.0,0.062403,0.029768944400930617
17.0,0.062403,0.030279935192605804
15.0,0.072827,0.03236465464259471
14.0,0.093675,0.03393838330090844
20.0,0.041555,0.024025776842639065
19.0,0.051979,0.026110496292627978
19.0,0.041555,0.026110496292627978
23.0,0.051979,0.029768944400930617
19.0,0.041555,0.026110496292627978
17.0,0.041555,0.02819521574261689
23.0,0.051979,0.029768944400930617
19.0,0.051979,0.026110496292627978
18.0,0.062403,0.02819521574261689
22.0,0.051979,0.029768944400930617
22.0,0.051979,0.029768944400930617
16.0,0.062403,0.03236465464259471
18.0,0.051979,0.026110496292627978
18.0,0.051979,0.02819521574261689
17.0,0.062403,0.02819521574261689
21.0,0.062403,0.03185366385091953
19.0,0.041555,0.024025776842639065
18.0,0.051979,0.026110496292627978
17.0,0.041555,0.026110496292627978
21.0,0.051979,0.029768944400930617
19.0,0.051979,0.02689736062178484
17.0,0.051979,0.028982080071773754
21.0,0.051979,0.02689736062178484
19.0,0.062403,0.028982080071773754
23.0,0.051979,0.027684224950941704
22.0,0.062403,0.029768944400930617
22.0,0.051979,0.029768944400930617
21.0,0.062403,0.03342739250923325
22.0,0.051979,0.029768944400930617
20.0,0.051979,0.031853663850919534
22.0,0.062403,0.03342739250923325
22.0,0.062403,0.029768944400930617
19.0,0.072827,0.031853663850919534
22.0,0.062403,0.03342739250923325
22.0,0.062403,0.03342739250923325
17.0,0.072827,0.036023102750897346
20.0,0.041555,0.021941057392650152
19.0,0.051979,0.024025776842639065
19.0,0.041555,0.021941057392650152
22.0,0.051979,0.024812641171795928
19.0,0.041555,0.021941057392650152
16.0,0.041555,0.021941057392650152
22.0,0.051979,0.024812641171795928
19.0,0.051979,0.024025776842639065
17.0,0.062403,0.026110496292627978
22.0,0.051979,0.024812641171795928
22.0,0.051979,0.024812641171795928
15.0,0.062403,0.026110496292627978
19.0,0.051979,0.024025776842639065
18.0,0.051979,0.024025776842639065
18.0,0.062403,0.026110496292627978
20.0,0.062403,0.02689736062178484
20.0,0.041555,0.024025776842639065
19.0,0.051979,0.026110496292627978
18.0,0.041555,0.024025776842639065
21.0,0.051979,0.02689736062178484
20.0,0.051979,0.024812641171795928
17.0,0.051979,0.024812641171795928
23.0,0.051979,0.027684224950941704
21.0,0.062403,0.029768944400930617
20.0,0.051979,0.024812641171795928
18.0,0.062403,0.02689736062178484
19.0,0.051979,0.024812641171795928
20.0,0.051979,0.02689736062178484
19.0,0.062403,0.027684224950941704
19.0,0.062403,0.02689736062178484
17.0,0.072827,0.028982080071773754
21.0,0.062403,0.027684224950941704
23.0,0.062403,0.03055580873008748
23.0,0.051979,0.024812641171795928
22.0,0.062403,0.02689736062178484
23.0,0.051979,0.024812641171795928
21.0,0.062403,0.027684224950941704
23.0,0.051979,0.024812641171795928
20.0,0.051979,0.024812641171795928
22.0,0.062403,0.027684224950941704
22.0,0.062403,0.02689736062178484
17.0,0.072827,0.028982080071773754
23.0,0.062403,0.027684224950941704
23.0,0.062403,0.027684224950941704
16.0,0.072827,0.028982080071773754
19.0,0.051979,0.024025776842639065
18.0,0.062403,0.026110496292627978
18.0,0.051979,0.024025776842639065
18.0,0.051979,0.026110496292627978
18.0,0.062403,0.02689736062178484
18.0,0.062403,0.026110496292627978
17.0,0.062403,0.02819521574261689
20.0,0.062403,0.02689736062178484
18.0,0.062403,0.026110496292627978
16.0,0.072827,0.02819521574261689
16.0,0.062403,0.026110496292627978
17.0,0.062403,0.02819521574261689
16.0,0.072827,0.028982080071773754
18.0,0.062403,0.026110496292627978
17.0,0.072827,0.02819521574261689
17.0,0.062403,0.026110496292627978
18.0,0.072827,0.028982080071773754
15.0,0.093675,0.03236465464259471
22.0,0.062403,0.029768944400930617
20.0,0.072827,0.03185366385091953
20.0,0.051979,0.024812641171795928
18.0,0.062403,0.02689736062178484
18.0,0.051979,0.024812641171795928
19.0,0.051979,0.02689736062178484
18.0,0.062403,0.027684224950941704
19.0,0.062403,0.02689736062178484
17.0,0.062403,0.02689736062178484
23.0,0.062403,0.03055580873008748
20.0,0.051979,0.024812641171795928
19.0,0.062403,0.02689736062178484
19.0,0.051979,0.024812641171795928
19.0,0.051979,0.02689736062178484
19.0,0.062403,0.027684224950941704
19.0,0.062403,0.02689736062178484
18.0,0.062403,0.028982080071773754
21.0,0.062403,0.027684224950941704
17.0,0.062403,0.026110496292627978
15.0,0.072827,0.02819521574261689
15.0,0.062403,0.026110496292627978
16.0,0.062403,0.02819521574261689
15.0,0.072827,0.028982080071773754
18.0,0.093675,0.03393838330090844
24.0,0.083111,0.03706699148535832
23.0,0.093535,0.03915171093534722
23.0,0.083111,0.03706699148535832
26.0,0.093535,0.03993857526450409
23.0,0.083111,0.03706699148535832
20.0,0.083111,0.03706699148535832
26.0,0.093535,0.03993857526450409
23.0,0.093535,0.03915171093534723
21.0,0.103959,0.041236430385336136
26.0,0.093535,0.039938575264504096
26.0,0.093535,0.039938575264504096
19.0,0.103959,0.041236430385336136
22.0,0.093535,0.03915171093534723
21.0,0.093535,0.03915171093534723
21.0,0.103959,0.04123643038533614
23.0,0.103959,0.042023294714493
23.0,0.083111,0.03915171093534723
22.0,0.093535,0.041236430385336136
21.0,0.083111,0.03915171093534723
24.0,0.093535,0.042023294714493
23.0,0.093535,0.039938575264504096
21.0,0.093535,0.039938575264504096
26.0,0.093535,0.04281015904364987
24.0,0.103959,0.044894878493638775
23.0,0.083111,0.03915171093534723
20.0,0.093535,0.041236430385336136
22.0,0.083111,0.03915171093534723
21.0,0.083111,0.04123643038533614
21.0,0.093535,0.042023294714493
22.0,0.093535,0.04123643038533614
19.0,0.103959,0.04332114983532505
24.0,0.093535,0.042023294714493
24.0,0.093535,0.04489487849363878
26.0,0.093535,0.04281015904364987
24.0,0.093535,0.04489487849363878
24.0,0.103959,0.04489487849363878
23.0,0.103959,0.04855332660194142
22.0,0.093535,0.03915171093534723
20.0,0.103959,0.04123643038533614
21.0,0.093535,0.03915171093534723
20.0,0.093535,0.04123643038533614
20.0,0.103959,0.04202329471449301
21.0,0.103959,0.041236430385336136
19.0,0.103959,0.04332114983532505
23.0,0.103959,0.042023294714493
23.0,0.093535,0.039938575264504096
20.0,0.103959,0.042023294714493
21.0,0.093535,0.039938575264504096
21.0,0.093535,0.04202329471449301
20.0,0.103959,0.04281015904364987
23.0,0.124747,0.05639884952758764
20.0,0.135171,0.05848356897757655
22.0,0.124747,0.05639884952758764
22.0,0.124747,0.05848356897757656
21.0,0.135171,0.059270433306733414
22.0,0.135171,0.05848356897757656
19.0,0.145595,0.06056828842756547
24.0,0.135171,0.059270433306733414
25.0,0.135171,0.0621420170858792
21.0,0.135171,0.05848356897757656
18.0,0.145595,0.06056828842756547
19.0,0.135171,0.05848356897757656
19.0,0.135171,0.06056828842756547
18.0,0.145595,0.061355152756722334
22.0,0.083111,0.03706699148535832
20.0,0.093535,0.03915171093534722
21.0,0.083111,0.03706699148535832
21.0,0.083111,0.03915171093534723
21.0,0.093535,0.03993857526450409
21.0,0.083111,0.03915171093534723
19.0,0.083111,0.041236430385336136
20.0,0.083111,0.03706699148535832
19.0,0.083111,0.03706699148535832
20.0,0.093535,0.03993857526450409
20.0,0.093535,0.03915171093534723
18.0,0.103959,0.041236430385336136
21.0,0.093535,0.039938575264504096
20.0,0.093535,0.039938575264504096
17.0,0.103959,0.041236430385336136
21.0,0.093535,0.03915171093534722
20.0,0.093535,0.041236430385336136
19.0,0.093535,0.03915171093534722
19.0,0.103959,0.041236430385336136
19.0,0.103959,0.042023294714493
24.0,0.093535,0.03993857526450409
22.0,0.093535,0.03993857526450409
24.0,0.093535,0.04281015904364987
22.0,0.093535,0.044894878493638775
21.0,0.083111,0.03706699148535832
19.0,0.093535,0.03915171093534722
18.0,0.083111,0.03706699148535832
19.0,0.083111,0.03915171093534723
19.0,0.093535,0.03993857526450409
20.0,0.083111,0.03915171093534723
17.0,0.083111,0.041236430385336136
19.0,0.083111,0.03706699148535832
16.0,0.083111,0.03706699148535832
19.0,0.093535,0.03993857526450409
19.0,0.093535,0.03915171093534723
16.0,0.103959,0.041236430385336136
19.0,0.093535,0.039938575264504096
19.0,0.093535,0.039938575264504096
15.0,0.103959,0.041236430385336136
23.0,0.093535,0.03993857526450409
21.0,0.093535,0.042023294714493
21.0,0.093535,0.03993857526450409
20.0,0.103959,0.042023294714493
20.0,0.103959,0.04281015904364987
21.0,0.093535,0.03915171093534723
19.0,0.103959,0.041236430385336136
20.0,0.093535,0.04123643038533614
19.0,0.093535,0.03915171093534723
19.0,0.103959,0.042023294714493
18.0,0.103959,0.041236430385336136
16.0,0.103959,0.041236430385336136
21.0,0.103959,0.04489487849363878
24.0,0.093535,0.039938575264504096
22.0,0.093535,0.039938575264504096
23.0,0.093535,0.039938575264504096
20.0,0.103959,0.042023294714493
21.0,0.093535,0.042023294714493
21.0,0.093535,0.039938575264504096
20.0,0.103959,0.04281015904364987
16.0,0.103959,0.041236430385336136
14.0,0.103959,0.041236430385336136
24.0,0.093535,0.04281015904364987
21.0,0.103959,0.044894878493638775
22.0,0.093535,0.044894878493638775
20.0,0.103959,0.048553326601941414
21.0,0.124747,0.05639884952758764
18.0,0.135171,0.058483568977576554
20.0,0.124747,0.05639884952758764
20.0,0.124747,0.05848356897757655
19.0,0.135171,0.05927043330673342
19.0,0.124747,0.058483568977576554
18.0,0.124747,0.06056828842756546
19.0,0.124747,0.05639884952758764
18.0,0.124747,0.05639884952758764
18.0,0.135171,0.059270433306733414
19.0,0.135171,0.05848356897757656
16.0,0.145595,0.06056828842756546
19.0,0.135171,0.05927043330673342
19.0,0.135171,0.059270433306733414
15.0,0.145595,0.06056828842756546
19.0,0.135171,0.05848356897757656
16.0,0.145595,0.06056828842756546
17.0,0.135171,0.06056828842756546
17.0,0.135171,0.05848356897757656
16.0,0.145595,0.061355152756722334
21.0,0.135171,0.05927043330673342
19.0,0.135171,0.05927043330673342
21.0,0.135171,0.062142017085879186
19.0,0.135171,0.0642267365358681
20.0,0.124747,0.05015657679685099
19.0,0.135171,0.052241296246839895
20.0,0.124747,0.05015657679685099
22.0,0.135171,0.053028160575996755
20.0,0.124747,0.05015657679685099
17.0,0.124747,0.05015657679685099
21.0,0.135171,0.053028160575996755
19.0,0.135171,0.052241296246839895
16.0,0.145595,0.0543260156968288
22.0,0.135171,0.05302816057599677
21.0,0.135171,0.05302816057599677
15.0,0.145595,0.0543260156968288
19.0,0.124747,0.0522412962468399
18.0,0.124747,0.0522412962468399
18.0,0.135171,0.05432601569682881
19.0,0.135171,0.05511288002598567
22.0,0.135171,0.05589974435514254
18.0,0.145595,0.05798446380513145
18.0,0.135171,0.052241296246839895
17.0,0.145595,0.0543260156968288
17.0,0.135171,0.052241296246839895
18.0,0.145595,0.055112880025985675
19.0,0.135171,0.05302816057599677
17.0,0.135171,0.05302816057599677
17.0,0.208259,0.0848411083858993
15.0,0.218683,0.08692582783588822
15.0,0.218683,0.08692582783588822
23.0,0.083111,0.05639884952758771
22.0,0.093535,0.05848356897757662
22.0,0.083111,0.05639884952758771
20.0,0.083111,0.05848356897757661
21.0,0.093535,0.059270433306733476
22.0,0.093535,0.05848356897757662
19.0,0.093535,0.060568288427565516
25.0,0.093535,0.059270433306733476
22.0,0.083111,0.05848356897757661
20.0,0.093535,0.060568288427565516
20.0,0.083111,0.05848356897757661
19.0,0.083111,0.06056828842756552
19.0,0.093535,0.06135515275672239
24.0,0.093535,0.06214201708587925
21.0,0.093535,0.06422673653586818
21.0,0.083111,0.05639884952758771
20.0,0.093535,0.05848356897757662
20.0,0.083111,0.05639884952758771
18.0,0.083111,0.05848356897757662
19.0,0.093535,0.05927043330673348
20.0,0.083111,0.05848356897757661
17.0,0.083111,0.060568288427565516
20.0,0.083111,0.05639884952758771
18.0,0.083111,0.05639884952758771
20.0,0.093535,0.059270433306733476
19.0,0.093535,0.05848356897757661
17.0,0.103959,0.060568288427565516
20.0,0.093535,0.05927043330673348
19.0,0.093535,0.059270433306733476
16.0,0.103959,0.060568288427565516
19.0,0.093535,0.05848356897757662
16.0,0.093535,0.06056828842756552
18.0,0.093535,0.05848356897757662
17.0,0.103959,0.060568288427565516
17.0,0.103959,0.06135515275672238
21.0,0.093535,0.05927043330673348
19.0,0.093535,0.05927043330673348
21.0,0.093535,0.06214201708587925
18.0,0.093535,0.06422673653586818
17.0,0.135171,0.08484110838589934
15.0,0.145595,0.08692582783588826
16.0,0.135171,0.08692582783588826
16.0,0.145595,0.09058427594419091
20.0,0.135171,0.08067166948592147
17.0,0.145595,0.08275638893591039
18.0,0.135171,0.08067166948592147
18.0,0.135171,0.08275638893591038
17.0,0.145595,0.08354325326506726
15.0,0.218683,0.10698553996159792
20.0,0.041555,0.03979323583490983
19.0,0.051979,0.041877955284898745
19.0,0.041555,0.03979323583490983
19.0,0.041555,0.04187795528489874
19.0,0.051979,0.04266481961405561
17.0,0.041555,0.041877955284898745
16.0,0.041555,0.04396267473488765
19.0,0.041555,0.03979323583490983
17.0,0.041555,0.03979323583490983
18.0,0.051979,0.042664819614055605
19.0,0.051979,0.04187795528489874
17.0,0.062403,0.04396267473488765
18.0,0.051979,0.04266481961405561
19.0,0.051979,0.042664819614055605
15.0,0.062403,0.04396267473488765
19.0,0.051979,0.04187795528489874
18.0,0.051979,0.04187795528489874
16.0,0.051979,0.04396267473488765
18.0,0.062403,0.04396267473488766
17.0,0.062403,0.04474953906404452
23.0,0.051979,0.04553640339320138
20.0,0.051979,0.04762112284319029
22.0,0.051979,0.042664819614055605
21.0,0.051979,0.042664819614055605
19.0,0.041555,0.04187795528489874
18.0,0.051979,0.04396267473488765
17.0,0.041555,0.04187795528489874
17.0,0.041555,0.04396267473488766
17.0,0.051979,0.04474953906404452
16.0,0.041555,0.04396267473488765
14.0,0.041555,0.04604739418487657
18.0,0.041555,0.04187795528489874
16.0,0.041555,0.04187795528489874
17.0,0.051979,0.04474953906404451
17.0,0.051979,0.04396267473488766
16.0,0.062403,0.04604739418487657
16.0,0.051979,0.04474953906404452
17.0,0.051979,0.044749539064044525
13.0,0.062403,0.04604739418487657
22.0,0.051979,0.04553640339320138
20.0,0.051979,0.04553640339320138
19.0,0.051979,0.04762112284319029
20.0,0.062403,0.0476211228431903
19.0,0.062403,0.04840798717234716
19.0,0.051979,0.04187795528489874
18.0,0.062403,0.04396267473488765
16.0,0.051979,0.04396267473488765
18.0,0.051979,0.04187795528489874
17.0,0.062403,0.04474953906404451
17.0,0.062403,0.04396267473488766
14.0,0.062403,0.04604739418487657
20.0,0.062403,0.044749539064044525
21.0,0.051979,0.04266481961405561
19.0,0.062403,0.04474953906404452
20.0,0.051979,0.04266481961405561
19.0,0.062403,0.045536403393201384
22.0,0.051979,0.04553640339320138
19.0,0.051979,0.04762112284319029
21.0,0.051979,0.04553640339320138
20.0,0.062403,0.04762112284319029
18.0,0.051979,0.04762112284319029
20.0,0.051979,0.04553640339320138
19.0,0.062403,0.04840798717234715
15.0,0.062403,0.048132113634865484
12.0,0.062403,0.0502168330848544
23.0,0.083111,0.054919169927618
22.0,0.083111,0.054919169927618
20.0,0.083111,0.0570038893776069
22.0,0.093535,0.057003889377606906
21.0,0.093535,0.057790753706763766
22.0,0.093535,0.057003889377606906
19.0,0.093535,0.05908860882759582
24.0,0.093535,0.057790753706763766
22.0,0.083111,0.057003889377606906
20.0,0.083111,0.057003889377606906
19.0,0.083111,0.05908860882759582
19.0,0.093535,0.059088608827595826
19.0,0.093535,0.059875473156752686
24.0,0.093535,0.060662337485909545
21.0,0.093535,0.06274705693589847
22.0,0.124747,0.07425102796984731
20.0,0.124747,0.07633574741983624
21.0,0.135171,0.07633574741983624
22.0,0.135171,0.07999419552813888
20.0,0.135171,0.07633574741983624
18.0,0.135171,0.07842046686982515
21.0,0.083111,0.054919169927618
19.0,0.093535,0.0570038893776069
20.0,0.083111,0.054919169927618
20.0,0.083111,0.057003889377606906
20.0,0.093535,0.057790753706763766
18.0,0.083111,0.0570038893776069
17.0,0.083111,0.05908860882759582
20.0,0.083111,0.054919169927618
18.0,0.083111,0.054919169927618
19.0,0.093535,0.05779075370676377
20.0,0.093535,0.057003889377606906
17.0,0.103959,0.05908860882759582
19.0,0.093535,0.057790753706763766
20.0,0.093535,0.05779075370676377
16.0,0.103959,0.05908860882759582
19.0,0.093535,0.057003889377606906
17.0,0.103959,0.05908860882759582
16.0,0.093535,0.05908860882759582
18.0,0.093535,0.057003889377606906
17.0,0.103959,0.05987547315675268
21.0,0.093535,0.057790753706763766
19.0,0.093535,0.057790753706763766
21.0,0.093535,0.060662337485909545
18.0,0.093535,0.06274705693589847
20.0,0.124747,0.06800875523911067
19.0,0.124747,0.06800875523911067
17.0,0.124747,0.07009347468909959
18.0,0.135171,0.07009347468909959
18.0,0.135171,0.07088033901825645
18.0,0.135171,0.07009347468909959
15.0,0.135171,0.07217819413908849
20.0,0.135171,0.07088033901825645
22.0,0.083111,0.07425102796984738
19.0,0.083111,0.0763357474198363
19.0,0.083111,0.07633574741983631
16.0,0.083111,0.0784204668698252
19.0,0.083111,0.07425102796984738
17.0,0.093535,0.0763357474198363
17.0,0.083111,0.07425102796984738
16.0,0.083111,0.0763357474198363
16.0,0.093535,0.07712261174899317
16.0,0.083111,0.07633574741983631
13.0,0.083111,0.07842046686982522
17.0,0.083111,0.07425102796984738
15.0,0.083111,0.07425102796984738
16.0,0.093535,0.07712261174899315
17.0,0.093535,0.0763357474198363
15.0,0.103959,0.07842046686982522
16.0,0.093535,0.07712261174899317
16.0,0.093535,0.07712261174899315
12.0,0.103959,0.07842046686982522
15.0,0.135171,0.10269328682815902
12.0,0.135171,0.10477800627814794
18.0,0.135171,0.09852384792818115
15.0,0.135171,0.10060856737817006
20.0,0.083111,0.12665527985464378
18.0,0.093535,0.1287399993046327
19.0,0.083111,0.12665527985464378
19.0,0.083111,0.1287399993046327
19.0,0.093535,0.12952686363378957
19.0,0.083111,0.1287399993046327
17.0,0.083111,0.1308247187546216
17.0,0.083111,0.12665527985464378
16.0,0.083111,0.12665527985464378
18.0,0.093535,0.12952686363378957
18.0,0.093535,0.1287399993046327
16.0,0.103959,0.1308247187546216
19.0,0.093535,0.12952686363378957
18.0,0.093535,0.12952686363378957
15.0,0.103959,0.1308247187546216
19.0,0.093535,0.12873999930463267
18.0,0.093535,0.1308247187546216
16.0,0.093535,0.12873999930463267
17.0,0.103959,0.1308247187546216
17.0,0.103959,0.13161158308377846
22.0,0.093535,0.12952686363378957
19.0,0.093535,0.12952686363378957
22.0,0.093535,0.13239844741293536
20.0,0.093535,0.13448316686292427
19.0,0.083111,0.12665527985464378
17.0,0.093535,0.1287399993046327
16.0,0.083111,0.12665527985464378
17.0,0.083111,0.1287399993046327
16.0,0.093535,0.12952686363378957
17.0,0.083111,0.1287399993046327
15.0,0.083111,0.1308247187546216
16.0,0.083111,0.12665527985464378
13.0,0.083111,0.12665527985464378
16.0,0.093535,0.12952686363378957
17.0,0.093535,0.1287399993046327
14.0,0.103959,0.1308247187546216
16.0,0.093535,0.12952686363378957
16.0,0.093535,0.12952686363378957
12.0,0.103959,0.1308247187546216
21.0,0.093535,0.12952686363378957
19.0,0.093535,0.1316115830837785
18.0,0.093535,0.12952686363378957
18.0,0.103959,0.1316115830837785
18.0,0.103959,0.13239844741293536
19.0,0.093535,0.1287399993046327
17.0,0.103959,0.1308247187546216
18.0,0.093535,0.1308247187546216
16.0,0.093535,0.1287399993046327
17.0,0.103959,0.1316115830837785
16.0,0.103959,0.1308247187546216
14.0,0.103959,0.1308247187546216
19.0,0.103959,0.13448316686292427
22.0,0.093535,0.12952686363378957
19.0,0.093535,0.12952686363378957
21.0,0.093535,0.12952686363378957
18.0,0.103959,0.1316115830837785
19.0,0.093535,0.1316115830837785
18.0,0.093535,0.12952686363378957
18.0,0.103959,0.13239844741293536
14.0,0.103959,0.1308247187546216
11.0,0.103959,0.1308247187546216
22.0,0.093535,0.13239844741293533
19.0,0.103959,0.13448316686292422
20.0,0.093535,0.13448316686292425
18.0,0.103959,0.1381416149712269
20.0,0.083192,0.03979323583490983
19.0,0.093616,0.04187795528489874
19.0,0.083192,0.03979323583490983
19.0,0.083192,0.04187795528489874
19.0,0.093616,0.042664819614055605
19.0,0.083192,0.041877955284898745
17.0,0.083192,0.04396267473488765
19.0,0.083192,0.03979323583490983
17.0,0.083192,0.03979323583490983
19.0,0.093616,0.0426648196140556
17.0,0.093616,0.041877955284898745
16.0,0.10404,0.04396267473488765
18.0,0.093616,0.042664819614055605
18.0,0.093616,0.0426648196140556
15.0,0.10404,0.04396267473488765
19.0,0.093616,0.04187795528489874
18.0,0.093616,0.043962674734887644
18.0,0.093616,0.04187795528489874
16.0,0.10404,0.04396267473488765
17.0,0.10404,0.044749539064044504
21.0,0.093616,0.042664819614055605
20.0,0.093616,0.042664819614055605
22.0,0.093616,0.045536403393201384
20.0,0.093616,0.04762112284319029
19.0,0.093616,0.04187795528489874
17.0,0.10404,0.043962674734887644
17.0,0.093616,0.04187795528489874
18.0,0.093616,0.043962674734887644
17.0,0.10404,0.04474953906404451
17.0,0.093616,0.04396267473488765
16.0,0.093616,0.04604739418487656
18.0,0.093616,0.04187795528489874
16.0,0.093616,0.04187795528489874
17.0,0.10404,0.044749539064044504
16.0,0.10404,0.04396267473488765
14.0,0.114464,0.04604739418487656
16.0,0.10404,0.04474953906404451
17.0,0.10404,0.044749539064044504
13.0,0.114464,0.04604739418487656
19.0,0.093616,0.04187795528489874
18.0,0.093616,0.04187795528489874
18.0,0.093616,0.04396267473488765
16.0,0.10404,0.04396267473488765
17.0,0.10404,0.04474953906404451
17.0,0.10404,0.043962674734887644
14.0,0.114464,0.04604739418487656
19.0,0.10404,0.04474953906404451
20.0,0.10404,0.04762112284319029
15.0,0.124888,0.048132113634865456
12.0,0.135312,0.05021683308485437
23.0,0.093616,0.04553640339320138
20.0,0.10404,0.04762112284319028
21.0,0.093616,0.04762112284319029
17.0,0.10404,0.05127957095149293
22.0,0.093616,0.0426648196140556
20.0,0.10404,0.044749539064044504
21.0,0.093616,0.0426648196140556
17.0,0.10404,0.04553640339320137
14.0,0.135312,0.051790561743168095
23.0,0.124747,0.054919169927618
22.0,0.124747,0.054919169927618
22.0,0.124747,0.05700388937760691
20.0,0.135171,0.05700388937760691
21.0,0.135171,0.05779075370676377
22.0,0.135171,0.057003889377606906
19.0,0.145595,0.05908860882759582
24.0,0.135171,0.05779075370676377
25.0,0.135171,0.06066233748590955
21.0,0.135171,0.057003889377606906
19.0,0.135171,0.057003889377606906
19.0,0.135171,0.05908860882759582
18.0,0.145595,0.05908860882759582
18.0,0.145595,0.05987547315675268
22.0,0.166383,0.07425102796984732
19.0,0.176807,0.07633574741983623
19.0,0.176807,0.07633574741983624
16.0,0.187231,0.07842046686982515
21.0,0.124747,0.054919169927618
19.0,0.135171,0.057003889377606906
20.0,0.124747,0.054919169927618
19.0,0.124747,0.057003889377606906
19.0,0.135171,0.05779075370676377
20.0,0.124747,0.05700388937760691
17.0,0.124747,0.05908860882759582
19.0,0.124747,0.054919169927618
18.0,0.124747,0.054919169927618
19.0,0.135171,0.057790753706763766
18.0,0.135171,0.05700388937760691
16.0,0.145595,0.05908860882759582
19.0,0.135171,0.05779075370676377
18.0,0.135171,0.057790753706763766
15.0,0.145595,0.05908860882759582
19.0,0.135171,0.057003889377606906
17.0,0.135171,0.05908860882759581
17.0,0.135171,0.057003889377606906
16.0,0.145595,0.05908860882759582
16.0,0.145595,0.05987547315675267
21.0,0.135171,0.05779075370676377
19.0,0.135171,0.05779075370676377
21.0,0.135171,0.06066233748590955
18.0,0.135171,0.06274705693589847
19.0,0.166383,0.07425102796984732
16.0,0.176807,0.07633574741983624
17.0,0.166383,0.07425102796984732
17.0,0.166383,0.07633574741983623
16.0,0.176807,0.07712261174899311
17.0,0.166383,0.07633574741983624
14.0,0.166383,0.07842046686982515
17.0,0.166383,0.07425102796984732
14.0,0.166383,0.07425102796984732
16.0,0.176807,0.0771226117489931
16.0,0.176807,0.07633574741983624
13.0,0.187231,0.07842046686982515
16.0,0.176807,0.07712261174899311
16.0,0.176807,0.0771226117489931
11.0,0.187231,0.07842046686982515
19.0,0.166383,0.06800875523911067
18.0,0.166383,0.06800875523911067
18.0,0.166383,0.07009347468909959
16.0,0.176807,0.07009347468909957
17.0,0.176807,0.07088033901825644
17.0,0.176807,0.07009347468909959
14.0,0.187231,0.07217819413908849
19.0,0.176807,0.07088033901825644
19.0,0.176807,0.07375192279740224
15.0,0.249895,0.10269328682815898
12.0,0.260319,0.1047780062781479
22.0,0.124747,0.0742510279698474
21.0,0.135171,0.07633574741983631
20.0,0.124747,0.07633574741983631
22.0,0.135171,0.07999419552813897
20.0,0.135171,0.0763357474198363
18.0,0.135171,0.07842046686982522
17.0,0.176807,0.09852384792818115
14.0,0.187231,0.10060856737817007
10.0,0.260319,0.12483771840385761
18.0,0.093616,0.06739564754036063
16.0,0.10404,0.06948036699034955
16.0,0.093616,0.06739564754036063
16.0,0.093616,0.06948036699034954
16.0,0.10404,0.07026723131950642
15.0,0.093616,0.06948036699034955
13.0,0.093616,0.07156508644033846
17.0,0.093616,0.06739564754036063
14.0,0.093616,0.06739564754036063
16.0,0.10404,0.0702672313195064
15.0,0.10404,0.06948036699034954
13.0,0.114464,0.07156508644033846
15.0,0.10404,0.07026723131950642
16.0,0.10404,0.0702672313195064
12.0,0.114464,0.07156508644033846
20.0,0.135171,0.0825215816330688
18.0,0.135171,0.0825215816330688
18.0,0.135171,0.08460630108305772
17.0,0.145595,0.08460630108305771
17.0,0.145595,0.08539316541221459
17.0,0.176807,0.10185343967529814
14.0,0.187231,0.10393815912528705
18.0,0.135171,0.10185343967529821
15.0,0.135171,0.10393815912528713
11.0,0.187231,0.12612625963363194
17.0,0.166383,0.1638393163391328
14.0,0.176807,0.16592403578912168
14.0,0.166383,0.1638393163391328
14.0,0.166383,0.1659240357891217
13.0,0.176807,0.16671090011827858
14.0,0.166383,0.1659240357891217
11.0,0.166383,0.1680087552391106
14.0,0.166383,0.1638393163391328
11.0,0.166383,0.1638393163391328
13.0,0.176807,0.16671090011827858
14.0,0.176807,0.1659240357891217
11.0,0.187231,0.1680087552391106
13.0,0.176807,0.16671090011827858
13.0,0.176807,0.16671090011827858
8.0,0.187231,0.1680087552391106
14.0,0.249895,0.19463225875413
11.0,0.260319,0.1967169782041189
17.0,0.083192,0.03979323583490986
16.0,0.093616,0.041877955284898766
17.0,0.083192,0.03979323583490986
19.0,0.093616,0.04266481961405563
17.0,0.083192,0.03979323583490986
14.0,0.083192,0.03979323583490986
19.0,0.093616,0.04266481961405563
16.0,0.093616,0.041877955284898766
14.0,0.10404,0.04396267473488767
19.0,0.093616,0.04266481961405563
19.0,0.093616,0.04266481961405563
13.0,0.10404,0.04396267473488767
16.0,0.093616,0.041877955284898766
15.0,0.093616,0.041877955284898766
15.0,0.10404,0.04396267473488767
17.0,0.10404,0.04474953906404454
17.0,0.083192,0.041877955284898766
16.0,0.093616,0.04396267473488767
15.0,0.083192,0.041877955284898766
18.0,0.093616,0.04474953906404454
17.0,0.093616,0.04266481961405563
15.0,0.093616,0.04266481961405563
20.0,0.093616,0.045536403393201405
18.0,0.10404,0.04762112284319031
16.0,0.093616,0.041877955284898766
14.0,0.10404,0.04396267473488767
15.0,0.093616,0.041877955284898766
16.0,0.093616,0.04396267473488767
15.0,0.10404,0.04474953906404454
15.0,0.10404,0.04396267473488767
13.0,0.114464,0.04604739418487658
17.0,0.10404,0.04474953906404454
19.0,0.10404,0.04762112284319031
16.0,0.093616,0.041877955284898766
15.0,0.10404,0.04396267473488767
16.0,0.093616,0.041877955284898766
17.0,0.10404,0.04474953906404454
16.0,0.093616,0.041877955284898766
13.0,0.093616,0.041877955284898766
17.0,0.10404,0.04474953906404454
15.0,0.10404,0.04396267473488767
11.0,0.114464,0.04604739418487658
17.0,0.10404,0.04474953906404454
17.0,0.10404,0.04474953906404454
10.0,0.114464,0.04604739418487658
13.0,0.124888,0.048132113634865484
10.0,0.135312,0.05021683308485439
21.0,0.093616,0.045536403393201405
19.0,0.10404,0.04762112284319031
19.0,0.093616,0.045536403393201405
17.0,0.10404,0.04840798717234718
17.0,0.083192,0.041877955284898766
16.0,0.093616,0.04396267473488767
15.0,0.083192,0.041877955284898766
15.0,0.083192,0.04396267473488767
16.0,0.093616,0.04474953906404454
16.0,0.093616,0.04396267473488767
14.0,0.093616,0.04604739418487658
18.0,0.093616,0.04474953906404454
17.0,0.093616,0.04266481961405563
15.0,0.10404,0.04474953906404454
15.0,0.093616,0.04266481961405563
16.0,0.093616,0.04474953906404454
13.0,0.10404,0.045536403393201405
21.0,0.093616,0.045536403393201405
19.0,0.10404,0.04762112284319031
19.0,0.093616,0.045536403393201405
17.0,0.10404,0.04840798717234718
20.0,0.093616,0.045536403393201405
18.0,0.10404,0.04762112284319031
19.0,0.10404,0.04762112284319031
14.0,0.10404,0.048132113634865484
11.0,0.114464,0.05021683308485439
10.0,0.135312,0.05179056174316812
20.0,0.124747,0.05491916992761803
19.0,0.135171,0.057003889377606934
20.0,0.124747,0.05491916992761803
21.0,0.135171,0.0577907537067638
20.0,0.124747,0.05491916992761803
17.0,0.124747,0.05491916992761803
22.0,0.135171,0.0577907537067638
19.0,0.135171,0.057003889377606934
16.0,0.145595,0.05908860882759584
21.0,0.135171,0.0577907537067638
22.0,0.135171,0.0577907537067638
15.0,0.145595,0.05908860882759584
18.0,0.135171,0.057003889377606934
17.0,0.135171,0.057003889377606934
17.0,0.145595,0.05908860882759584
18.0,0.145595,0.05987547315675271
19.0,0.124747,0.057003889377606934
18.0,0.135171,0.05908860882759584
17.0,0.124747,0.057003889377606934
19.0,0.135171,0.05987547315675271
19.0,0.135171,0.0577907537067638
17.0,0.135171,0.0577907537067638
22.0,0.135171,0.06066233748590957
18.0,0.145595,0.06274705693589848
19.0,0.166383,0.07425102796984735
16.0,0.176807,0.07633574741983626
18.0,0.166383,0.07425102796984735
18.0,0.166383,0.07633574741983626
17.0,0.176807,0.07712261174899313
17.0,0.176807,0.07633574741983626
14.0,0.187231,0.07842046686982516
19.0,0.176807,0.07712261174899313
19.0,0.176807,0.0799941955281389
20.0,0.124747,0.05491916992761803
19.0,0.135171,0.057003889377606934
20.0,0.124747,0.05491916992761803
22.0,0.135171,0.0577907537067638
20.0,0.124747,0.05491916992761803
17.0,0.124747,0.05491916992761803
21.0,0.135171,0.0577907537067638
19.0,0.135171,0.057003889377606934
16.0,0.145595,0.05908860882759584
22.0,0.135171,0.0577907537067638
21.0,0.135171,0.0577907537067638
15.0,0.145595,0.05908860882759584
18.0,0.135171,0.057003889377606934
17.0,0.135171,0.057003889377606934
17.0,0.145595,0.05908860882759584
18.0,0.145595,0.05987547315675271
19.0,0.124747,0.057003889377606934
18.0,0.135171,0.05908860882759584
17.0,0.124747,0.057003889377606934
19.0,0.135171,0.05987547315675271
19.0,0.135171,0.0577907537067638
17.0,0.135171,0.0577907537067638
22.0,0.135171,0.06066233748590957
18.0,0.145595,0.06274705693589848
19.0,0.166383,0.07425102796984735
16.0,0.176807,0.07633574741983627
18.0,0.166383,0.07425102796984735
18.0,0.166383,0.07633574741983626
17.0,0.176807,0.07712261174899314
17.0,0.176807,0.07633574741983626
14.0,0.187231,0.07842046686982518
19.0,0.176807,0.07712261174899314
19.0,0.176807,0.0799941955281389
16.0,0.166383,0.0680087552391107
15.0,0.176807,0.07009347468909961
16.0,0.166383,0.0680087552391107
17.0,0.176807,0.07088033901825647
16.0,0.166383,0.0680087552391107
13.0,0.166383,0.0680087552391107
17.0,0.176807,0.07088033901825647
15.0,0.176807,0.0700934746890996
10.0,0.187231,0.07217819413908852
17.0,0.176807,0.07088033901825647
17.0,0.176807,0.07088033901825647
9.0,0.187231,0.07217819413908852
13.0,0.249895,0.10269328682815901
9.0,0.260319,0.10477800627814791
20.0,0.124747,0.07425102796984742
18.0,0.135171,0.07633574741983633
18.0,0.124747,0.07425102796984742
17.0,0.124747,0.07633574741983633
18.0,0.135171,0.07712261174899321
18.0,0.135171,0.07633574741983634
15.0,0.135171,0.07842046686982525
19.0,0.135171,0.07712261174899321
20.0,0.124747,0.07425102796984742
18.0,0.135171,0.07633574741983634
18.0,0.124747,0.07425102796984742
17.0,0.124747,0.07633574741983633
18.0,0.135171,0.0771226117489932
18.0,0.135171,0.07633574741983634
15.0,0.135171,0.07842046686982525
19.0,0.135171,0.0771226117489932
14.0,0.176807,0.10269328682815906
10.0,0.187231,0.10477800627814798
14.0,0.093616,0.07156508644033849
13.0,0.10404,0.0736498058903274
13.0,0.093616,0.0736498058903274
16.0,0.10404,0.07730825399863003
13.0,0.093616,0.0736498058903274
11.0,0.093616,0.0757345253403163
16.0,0.10404,0.07730825399863003
13.0,0.10404,0.0736498058903274
10.0,0.114464,0.0757345253403163
15.0,0.10404,0.07730825399863003
15.0,0.10404,0.07730825399863003
8.0,0.114464,0.07990396424029411
17.0,0.135171,0.08669102053304667
16.0,0.135171,0.08877573998303558
15.0,0.145595,0.08877573998303558
16.0,0.145595,0.09243418809133822
17.0,0.135171,0.08669102053304667
16.0,0.135171,0.08877573998303558
15.0,0.145595,0.08877573998303558
16.0,0.145595,0.09243418809133822
14.0,0.176807,0.09978060584453934
10.0,0.187231,0.10186532529452824
15.0,0.135171,0.10602287857527606
12.0,0.135171,0.10810759802526497
15.0,0.135171,0.10602287857527606
12.0,0.135171,0.10810759802526497
7.0,0.187231,0.1344651374335877
14.0,0.166383,0.15339163159823244
13.0,0.176807,0.15547635104822133
13.0,0.166383,0.15339163159823244
15.0,0.176807,0.1562632153773782
13.0,0.166383,0.15339163159823244
10.0,0.166383,0.15339163159823244
15.0,0.176807,0.1562632153773782
13.0,0.176807,0.15547635104822133
8.0,0.187231,0.15756107049821022
15.0,0.176807,0.15626321537737822
15.0,0.176807,0.15626321537737822
7.0,0.187231,0.15756107049821022
14.0,0.166704,0.07156508644033849
17.0,0.208259,0.08669102053304664
17.0,0.208259,0.08669102053304664
13.0,0.177128,0.07364980589032741
13.0,0.249895,0.09978060584453932
13.0,0.177128,0.07364980589032741
15.0,0.218683,0.08877573998303556
15.0,0.249895,0.106022878575276
13.0,0.177128,0.07364980589032741
15.0,0.218683,0.08877573998303556
15.0,0.218683,0.08877573998303556
10.0,0.187552,0.07573452534031633
9.0,0.260319,0.10186532529452824
13.0,0.177128,0.07364980589032741
11.0,0.187552,0.07573452534031633
15.0,0.218683,0.08877573998303556
12.0,0.260319,0.10810759802526491
15.0,0.249895,0.106022878575276
12.0,0.260319,0.10810759802526491
8.0,0.2084,0.07990396424029417
5.0,0.333407,0.13446513743358765
15.0,0.166704,0.16800875523911069
14.0,0.177128,0.17009347468909958
14.0,0.177128,0.1700934746890996
14.0,0.177128,0.1700934746890996
11.0,0.187552,0.17217819413908853
14.0,0.177128,0.17009347468909963
11.0,0.187552,0.17217819413908853
8.0,0.2084,0.1763476330390663
13.0,0.177128,0.0963283536876595
11.0,0.187552,0.09841307313764845
16.0,0.218683,0.11145428778036766
10.0,0.260319,0.130786145822597
14.0,0.249895,0.19463225875413
11.0,0.260319,0.1967169782041189
13.0,0.177128,0.0963283536876595
11.0,0.187552,0.09841307313764844
16.0,0.218683,0.11145428778036766
10.0,0.260319,0.13078614582259704
14.0,0.249895,0.19463225875413
11.0,0.260319,0.1967169782041189
7.0,0.2084,0.11934726837593856
3.0,0.333407,0.21984801379270935
