complexity,cost,feature_cost
14.0,0.0,0.0
12.0,0.24102,0.11698026853321608
14.0,0.305556,0.08693630869363086
13.0,0.24102,0.18555490870785996
13.0,0.626701,0.2656033153197047
13.0,0.24102,0.18555490870785996
11.0,0.482039,0.3711098174157199
13.0,0.194444,0.05532310553231055
11.0,0.5,0.1422594142259414
13.0,0.538051,0.25128255401535243
12.0,0.24102,0.11698026853321608
10.0,0.482039,0.23396053706643216
13.0,0.626701,0.2656033153197047
13.0,0.359502,0.2512825540153524
9.0,0.982039,0.37621995129237357
12.0,0.0,0.0351580660158066
12.0,0.24102,0.22071297472366655
11.0,0.194444,0.09048117154811715
11.0,0.24102,0.15213833454902267
12.0,0.359502,0.286440620031159
14.0,0.0,0.024979573256452465
12.0,0.305556,0.11191588195008333
12.0,0.24102,0.21053448196431243
12.0,0.24102,0.14195984178966856
12.0,0.626701,0.29058288857615716
13.0,0.24102,0.16615055983822632
11.0,0.482039,0.2831308283714424
13.0,0.0,0.0351580660158066
12.0,0.24102,0.15213833454902267
12.0,0.24102,0.22071297472366655
13.0,0.194444,0.09048117154811715
13.0,0.538051,0.28644062003115905
13.0,0.305556,0.1426605249265632
12.0,0.5,0.19798363045887374
15.0,0.24102,0.2347252000128702
13.0,0.482039,0.42028010872073013
13.0,0.626701,0.33108508938591164
12.0,0.0,0.024979573256452465
11.0,0.24102,0.14195984178966856
12.0,0.305556,0.11191588195008333
11.0,0.24102,0.21053448196431243
12.0,0.626701,0.29058288857615716
12.0,0.24102,0.2347252000128702
12.0,0.482039,0.42028010872073013
14.0,0.194444,0.09696518279510365
14.0,0.5,0.1839014914887345
12.0,0.538051,0.3114201932876115
13.0,0.24102,0.16615055983822632
12.0,0.482039,0.2831308283714424
13.0,0.626701,0.33108508938591164
14.0,0.538051,0.31142019328761145
11.0,0.982039,0.44988162760510053
14.0,0.0,0.030485209237744806
12.0,0.24102,0.21604011794560476
12.0,0.194444,0.08580831477005535
12.0,0.24102,0.1474654777709609
12.0,0.359502,0.28176776325309716
11.0,0.0,0.05546478249419727
9.0,0.24102,0.17244505102741337
12.0,0.0,0.0656432752535514
11.0,0.194444,0.12096638078586194
13.0,0.24102,0.265210409250615
12.0,0.0,0.05546478249419727
10.0,0.24102,0.24101969120205724
14.0,0.194444,0.12745039203284844
13.0,0.24102,0.19663576907597113
13.0,0.538051,0.3419054025253563
12.0,0.0,0.022373314737331472
11.0,0.305556,0.10930962343096234
12.0,0.24102,0.20792822344519143
11.0,0.24102,0.13935358327054756
12.0,0.626701,0.28797663005703616
10.0,0.0,0.05753138075313807
9.0,0.24102,0.17451164928635415
11.0,0.0,0.05753138075313807
10.0,0.24102,0.24308628946099803
11.0,0.305556,0.16503383966389468
11.0,0.0,0.04735288799378394
10.0,0.305556,0.1342891966874148
11.0,0.24102,0.2570985147502017
12.0,0.24102,0.1885238745755578
11.0,0.626701,0.35345840412324314
13.0,0.24102,0.15806888941135946
11.0,0.482039,0.2750491579445755
11.0,0.24102,0.19322695542716606
12.0,0.24102,0.18304846266781194
12.0,0.482039,0.3242194492495858
11.0,0.0,0.030485209237744806
10.0,0.24102,0.1474654777709609
11.0,0.24102,0.21604011794560476
11.0,0.194444,0.08580831477005535
12.0,0.538051,0.2817677632530972
10.0,0.0,0.0656432752535514
10.0,0.194444,0.12096638078586194
12.0,0.0,0.05546478249419727
10.0,0.24102,0.24101969120205724
11.0,0.24102,0.19663576907597113
10.0,0.0,0.05546478249419727
9.0,0.24102,0.17244505102741337
11.0,0.24102,0.265210409250615
13.0,0.194444,0.12745039203284844
10.0,0.538051,0.3419054025253563
14.0,0.305556,0.13281561123500335
14.0,0.5,0.1881387167673139
14.0,0.305556,0.1577951844914558
13.0,0.305556,0.1577951844914558
11.0,0.5,0.22978079403010698
12.0,0.24102,0.22664352958600334
12.0,0.482039,0.41219843829386327
11.0,0.24102,0.26180159560180993
11.0,0.24102,0.2516231028424558
9.0,0.482039,0.46136872959887354
11.0,0.626701,0.318461839294781
10.0,0.626701,0.34344141255123345
13.0,0.0,0.022373314737331472
12.0,0.24102,0.13935358327054756
12.0,0.305556,0.10930962343096234
11.0,0.24102,0.20792822344519143
12.0,0.626701,0.28797663005703616
12.0,0.0,0.05753138075313807
10.0,0.24102,0.24308628946099803
13.0,0.0,0.04735288799378394
11.0,0.305556,0.1342891966874148
12.0,0.24102,0.1885238745755578
11.0,0.0,0.05753138075313807
10.0,0.24102,0.17451164928635415
12.0,0.305556,0.16503383966389468
13.0,0.24102,0.2570985147502017
11.0,0.626701,0.35345840412324314
14.0,0.24102,0.22664352958600334
13.0,0.482039,0.41219843829386327
14.0,0.24102,0.2516231028424558
13.0,0.24102,0.26180159560180993
13.0,0.482039,0.46136872959887354
13.0,0.194444,0.09078397040781294
12.0,0.5,0.17772027910144378
11.0,0.194444,0.12594203642361954
12.0,0.194444,0.12594203642361954
9.0,0.5,0.2334444953343761
13.0,0.538051,0.3003392924514183
11.0,0.538051,0.33549735846722495
12.0,0.24102,0.15806888941135946
11.0,0.482039,0.2750491579445755
11.0,0.24102,0.19322695542716606
13.0,0.24102,0.18304846266781194
12.0,0.482039,0.3242194492495858
14.0,0.626701,0.318461839294781
13.0,0.626701,0.34344141255123345
13.0,0.538051,0.3003392924514183
11.0,0.538051,0.3354973584672249
11.0,0.982039,0.4348136452468209
12.0,0.24102,0.11698026853321608
10.0,0.482039,0.23396053706643216
11.0,0.546576,0.20391657722684695
11.0,0.482039,0.30253517724107604
11.0,0.867721,0.3825835838529208
11.0,0.482039,0.30253517724107604
9.0,0.723059,0.488090085948936
12.0,0.435464,0.17230337406552662
9.0,0.74102,0.2592396827591575
11.0,0.77907,0.3682628225485685
10.0,0.482039,0.23396053706643216
8.0,0.723059,0.35094080559964824
11.0,0.867721,0.3825835838529208
11.0,0.600522,0.36826282254856846
7.0,1.223059,0.49320021982558965
13.0,0.24102,0.15656507988540153
11.0,0.482039,0.3421199885932615
12.0,0.435464,0.21188818541771207
11.0,0.482039,0.2735453484186176
11.0,0.600522,0.4078476339007539
13.0,0.24102,0.14424618417995527
11.0,0.546576,0.23118249287358617
12.0,0.482039,0.32980109288781523
11.0,0.482039,0.26122645271317135
11.0,0.867721,0.40984949949966
9.0,0.482039,0.29149191781957023
7.0,0.723059,0.4084721863527863
12.0,0.24102,0.15656507988540153
11.0,0.482039,0.2735453484186176
12.0,0.482039,0.3421199885932615
12.0,0.435464,0.21188818541771207
12.0,0.77907,0.40784763390075396
14.0,0.546576,0.270192905824627
12.0,0.74102,0.32551601135693753
12.0,0.482039,0.3600665579942141
10.0,0.723059,0.545621466702074
9.0,0.867721,0.46224520703591543
13.0,0.24102,0.14424618417995527
12.0,0.482039,0.26122645271317135
13.0,0.546576,0.23118249287358617
12.0,0.482039,0.32980109288781523
12.0,0.867721,0.40984949949966
12.0,0.482039,0.3600665579942141
10.0,0.723059,0.545621466702074
14.0,0.435464,0.22005873486120947
12.0,0.74102,0.30699504355484036
12.0,0.77907,0.4405417832486608
9.0,0.482039,0.29149191781957023
8.0,0.723059,0.4084721863527863
12.0,0.867721,0.46224520703591543
12.0,0.77907,0.4405417832486607
7.0,1.223059,0.5843853009340244
13.0,0.0,0.0351580660158066
12.0,0.24102,0.22071297472366655
12.0,0.194444,0.09048117154811715
12.0,0.24102,0.15213833454902267
13.0,0.359502,0.286440620031159
12.0,0.0,0.06013763927225907
11.0,0.24102,0.17711790780547515
11.0,0.0,0.0703161320316132
12.0,0.194444,0.12563923756392376
13.0,0.24102,0.2698832660286768
11.0,0.0,0.06013763927225907
10.0,0.24102,0.24569254798011902
14.0,0.194444,0.13212324881091025
12.0,0.24102,0.20130862585403292
14.0,0.538051,0.346578259303418
11.0,0.0,0.05753138075313807
10.0,0.24102,0.17451164928635415
9.0,0.0,0.09268944676894467
10.0,0.0,0.08251095400959053
10.0,0.24102,0.2236819405913644
11.0,0.0,0.0656432752535514
12.0,0.194444,0.12096638078586194
10.0,0.0,0.09062284851000386
9.0,0.0,0.09062284851000386
12.0,0.194444,0.16260845804865504
12.0,0.24102,0.26180159560180993
10.0,0.24102,0.2867811688582624
12.0,0.0,0.05753138075313807
12.0,0.24102,0.24308628946099803
12.0,0.0,0.08251095400959053
10.0,0.0,0.09268944676894467
12.0,0.24102,0.29225658076600824
13.0,0.194444,0.12594203642361954
11.0,0.194444,0.16110010243942613
12.0,0.24102,0.19322695542716606
11.0,0.24102,0.2182065286836185
12.0,0.538051,0.3354973584672249
12.0,0.24102,0.15213833454902267
10.0,0.482039,0.33769324325688266
11.0,0.435464,0.20746144008133321
10.0,0.482039,0.2691186030822388
11.0,0.600522,0.4034208885643751
12.0,0.24102,0.1794042501957619
11.0,0.482039,0.296384518728978
12.0,0.24102,0.19172314590120812
12.0,0.435464,0.24704625143351866
10.0,0.482039,0.3952246240100207
12.0,0.24102,0.1794042501957619
11.0,0.482039,0.36495915890362185
14.0,0.435464,0.2552168008770161
8.0,0.482039,0.3266499838353768
10.0,0.77907,0.47569984926446734
12.0,0.0,0.024979573256452465
12.0,0.305556,0.11191588195008333
11.0,0.24102,0.21053448196431243
11.0,0.24102,0.14195984178966856
12.0,0.626701,0.29058288857615716
11.0,0.0,0.06013763927225907
10.0,0.24102,0.17711790780547515
11.0,0.0,0.06013763927225907
10.0,0.24102,0.24569254798011902
12.0,0.305556,0.16764009818301567
10.0,0.0,0.04995914651290493
11.0,0.305556,0.1368954552065358
11.0,0.24102,0.2597047732693227
11.0,0.24102,0.1911301330946788
12.0,0.626701,0.35606466264236414
12.0,0.0,0.05546478249419727
11.0,0.24102,0.17244505102741337
10.0,0.0,0.09062284851000388
11.0,0.0,0.08044435575064973
11.0,0.24102,0.22161534233242358
10.0,0.0,0.05546478249419727
9.0,0.24102,0.24101969120205724
9.0,0.0,0.09062284851000388
8.0,0.0,0.08044435575064973
9.0,0.24102,0.29018998250706746
13.0,0.305556,0.1577951844914558
11.0,0.305556,0.18277475774790827
11.0,0.0,0.04735288799378394
12.0,0.305556,0.1342891966874148
11.0,0.0,0.08251095400959055
9.0,0.0,0.08251095400959055
11.0,0.305556,0.19001341292034712
13.0,0.24102,0.2516231028424558
11.0,0.24102,0.28678116885826244
11.0,0.24102,0.18304846266781194
10.0,0.24102,0.21820652868361853
13.0,0.626701,0.34344141255123345
11.0,0.24102,0.14195984178966856
10.0,0.546576,0.22889615048329942
10.0,0.482039,0.3275147504975285
9.0,0.482039,0.2589401103228846
10.0,0.867721,0.40756315710937324
12.0,0.24102,0.18154465314185397
11.0,0.482039,0.29852492167507005
11.0,0.24102,0.18154465314185397
10.0,0.482039,0.36709956184971393
12.0,0.546576,0.29517247908107946
11.0,0.24102,0.16922575743640775
11.0,0.546576,0.2561620661300386
11.0,0.482039,0.38504613125066656
7.0,0.482039,0.3164714910760227
10.0,0.867721,0.4872247802923679
12.0,0.24102,0.16615055983822632
12.0,0.482039,0.2831308283714424
12.0,0.24102,0.20130862585403292
11.0,0.24102,0.1911301330946788
10.0,0.482039,0.33230111967645265
11.0,0.24102,0.19663576907597113
9.0,0.24102,0.22161534233242358
12.0,0.24102,0.1885238745755578
10.0,0.24102,0.2236819405913644
12.0,0.482039,0.3242194492495858
11.0,0.482039,0.2831308283714424
10.0,0.723059,0.40011109690465846
9.0,0.482039,0.3227156397236278
12.0,0.482039,0.3103967440181816
8.0,0.723059,0.45764247765779653
12.0,0.0,0.0351580660158066
11.0,0.24102,0.15213833454902267
12.0,0.24102,0.22071297472366655
12.0,0.194444,0.09048117154811715
12.0,0.538051,0.28644062003115905
10.0,0.0,0.0703161320316132
10.0,0.194444,0.12563923756392376
12.0,0.0,0.06013763927225907
11.0,0.24102,0.24569254798011902
11.0,0.24102,0.20130862585403292
11.0,0.0,0.06013763927225907
10.0,0.24102,0.17711790780547515
12.0,0.24102,0.2698832660286768
13.0,0.194444,0.13212324881091025
11.0,0.538051,0.3465782593034181
12.0,0.0,0.0656432752535514
11.0,0.194444,0.12096638078586194
9.0,0.0,0.09062284851000386
11.0,0.0,0.09062284851000386
12.0,0.194444,0.16260845804865504
10.0,0.0,0.05753138075313807
10.0,0.24102,0.24308628946099803
8.0,0.0,0.09268944676894467
9.0,0.0,0.08251095400959053
10.0,0.24102,0.29225658076600824
11.0,0.24102,0.19322695542716606
11.0,0.24102,0.2182065286836185
11.0,0.0,0.05753138075313807
10.0,0.24102,0.17451164928635415
10.0,0.0,0.09268944676894467
11.0,0.0,0.08251095400959053
10.0,0.24102,0.2236819405913644
13.0,0.24102,0.26180159560180993
12.0,0.24102,0.2867811688582624
11.0,0.194444,0.12594203642361954
9.0,0.194444,0.16110010243942613
11.0,0.538051,0.33549735846722495
11.0,0.24102,0.15213833454902267
9.0,0.482039,0.2691186030822388
10.0,0.482039,0.33769324325688266
10.0,0.435464,0.20746144008133321
10.0,0.77907,0.40342088856437514
11.0,0.24102,0.19172314590120812
10.0,0.435464,0.24704625143351866
11.0,0.24102,0.1794042501957619
11.0,0.482039,0.36495915890362185
7.0,0.482039,0.3266499838353768
12.0,0.24102,0.1794042501957619
10.0,0.482039,0.296384518728978
11.0,0.482039,0.3952246240100207
13.0,0.435464,0.2552168008770161
10.0,0.77907,0.4756998492644674
13.0,0.305556,0.1426605249265632
12.0,0.5,0.19798363045887374
12.0,0.305556,0.16764009818301567
12.0,0.305556,0.16764009818301567
14.0,0.5,0.23962570772166683
11.0,0.305556,0.16503383966389468
10.0,0.305556,0.19001341292034712
12.0,0.305556,0.16503383966389468
11.0,0.305556,0.19001341292034712
12.0,0.5,0.2334444953343761
12.0,0.546576,0.2596407934597793
11.0,0.74102,0.3149638989920898
11.0,0.546576,0.2869067091065185
11.0,0.546576,0.2869067091065185
13.0,0.74102,0.3627192597877727
13.0,0.24102,0.2347252000128702
12.0,0.482039,0.42028010872073013
12.0,0.24102,0.2698832660286768
11.0,0.24102,0.2597047732693227
10.0,0.482039,0.4694504000257404
13.0,0.24102,0.265210409250615
11.0,0.24102,0.29018998250706746
12.0,0.24102,0.2570985147502017
10.0,0.24102,0.29225658076600824
13.0,0.482039,0.46136872959887354
12.0,0.482039,0.35170546854608625
10.0,0.723059,0.5372603772539463
12.0,0.482039,0.3912902798982717
9.0,0.482039,0.3789713841928255
11.0,0.723059,0.5947917580070843
13.0,0.626701,0.33108508938591164
12.0,0.626701,0.35606466264236414
13.0,0.626701,0.35345840412324314
11.0,0.867721,0.4480653579191277
10.0,0.867721,0.4753312735658669
14.0,0.0,0.024979573256452465
12.0,0.24102,0.14195984178966856
13.0,0.305556,0.11191588195008333
13.0,0.24102,0.21053448196431243
12.0,0.626701,0.29058288857615716
12.0,0.0,0.06013763927225907
11.0,0.24102,0.24569254798011902
12.0,0.0,0.04995914651290493
11.0,0.305556,0.1368954552065358
12.0,0.24102,0.1911301330946788
13.0,0.0,0.06013763927225907
11.0,0.24102,0.17711790780547515
12.0,0.305556,0.16764009818301567
14.0,0.24102,0.2597047732693227
12.0,0.626701,0.35606466264236414
14.0,0.0,0.05546478249419727
12.0,0.24102,0.24101969120205724
11.0,0.0,0.08044435575064973
12.0,0.0,0.09062284851000388
13.0,0.24102,0.29018998250706746
12.0,0.0,0.04735288799378394
11.0,0.305556,0.1342891966874148
10.0,0.0,0.08251095400959055
11.0,0.0,0.08251095400959055
10.0,0.305556,0.19001341292034712
13.0,0.24102,0.18304846266781194
11.0,0.24102,0.21820652868361853
12.0,0.0,0.05546478249419727
11.0,0.24102,0.17244505102741337
11.0,0.0,0.09062284851000388
12.0,0.0,0.08044435575064973
11.0,0.24102,0.22161534233242358
15.0,0.305556,0.1577951844914558
13.0,0.305556,0.18277475774790827
13.0,0.24102,0.2516231028424558
11.0,0.24102,0.28678116885826244
12.0,0.626701,0.34344141255123345
12.0,0.24102,0.14195984178966856
10.0,0.482039,0.2589401103228846
11.0,0.546576,0.22889615048329942
11.0,0.482039,0.3275147504975285
10.0,0.867721,0.40756315710937324
13.0,0.24102,0.18154465314185397
11.0,0.482039,0.36709956184971393
12.0,0.24102,0.16922575743640775
11.0,0.546576,0.2561620661300386
9.0,0.482039,0.3164714910760227
13.0,0.24102,0.18154465314185397
11.0,0.482039,0.29852492167507005
13.0,0.546576,0.29517247908107946
12.0,0.482039,0.38504613125066656
8.0,0.867721,0.4872247802923679
14.0,0.24102,0.2347252000128702
13.0,0.482039,0.42028010872073013
14.0,0.24102,0.2597047732693227
13.0,0.24102,0.2698832660286768
14.0,0.482039,0.4694504000257404
13.0,0.24102,0.2570985147502017
11.0,0.24102,0.29225658076600824
13.0,0.24102,0.265210409250615
12.0,0.24102,0.29018998250706746
13.0,0.482039,0.46136872959887354
13.0,0.482039,0.35170546854608625
11.0,0.723059,0.5372603772539463
13.0,0.482039,0.3789713841928255
13.0,0.482039,0.3912902798982717
12.0,0.723059,0.5947917580070843
14.0,0.194444,0.09696518279510365
14.0,0.5,0.1839014914887345
14.0,0.194444,0.13212324881091025
14.0,0.194444,0.13212324881091025
14.0,0.5,0.23962570772166683
15.0,0.194444,0.12745039203284844
13.0,0.194444,0.16260845804865504
13.0,0.194444,0.12745039203284844
12.0,0.194444,0.16260845804865504
14.0,0.5,0.22978079403010698
13.0,0.435464,0.2139454513283197
12.0,0.74102,0.3008817600219506
14.0,0.435464,0.25353026268050516
13.0,0.435464,0.25353026268050516
13.0,0.74102,0.36715808861973065
14.0,0.538051,0.3114201932876115
14.0,0.538051,0.3465782593034181
13.0,0.538051,0.3419054025253563
13.0,0.77907,0.4284004618208276
12.0,0.77907,0.467985273173013
13.0,0.24102,0.16615055983822632
11.0,0.482039,0.2831308283714424
11.0,0.24102,0.20130862585403292
12.0,0.24102,0.1911301330946788
10.0,0.482039,0.33230111967645265
13.0,0.24102,0.19663576907597113
10.0,0.24102,0.22161534233242358
11.0,0.24102,0.1885238745755578
9.0,0.24102,0.2236819405913644
12.0,0.482039,0.3242194492495858
11.0,0.482039,0.2831308283714424
9.0,0.723059,0.40011109690465846
12.0,0.482039,0.3227156397236278
12.0,0.482039,0.3103967440181816
8.0,0.723059,0.45764247765779653
13.0,0.626701,0.33108508938591164
12.0,0.626701,0.35606466264236414
11.0,0.626701,0.35345840412324314
11.0,0.867721,0.4480653579191277
12.0,0.867721,0.4753312735658669
12.0,0.538051,0.31142019328761145
11.0,0.538051,0.346578259303418
12.0,0.538051,0.3419054025253563
10.0,0.77907,0.4284004618208275
11.0,0.77907,0.46798527317301297
11.0,0.982039,0.44988162760510053
9.0,1.223059,0.5668618961383166
13.0,0.305556,0.08693630869363086
11.0,0.546576,0.20391657722684695
11.0,0.611112,0.17387261738726173
13.0,0.546576,0.27249121740149085
12.0,0.932257,0.3525396240133356
12.0,0.546576,0.27249121740149085
12.0,0.787595,0.4580461261093508
12.0,0.5,0.1422594142259414
11.0,0.805556,0.22919572291957227
12.0,0.843607,0.33821886270898327
12.0,0.546576,0.20391657722684695
10.0,0.787595,0.32089684576006305
12.0,0.932257,0.3525396240133356
13.0,0.665058,0.33821886270898327
9.0,1.287595,0.4631562599860044
12.0,0.305556,0.11742151793137567
11.0,0.546576,0.30297642663923563
12.0,0.5,0.17274462346368621
11.0,0.546576,0.23440178646459175
11.0,0.665058,0.36870407194672805
12.0,0.305556,0.10930962343096234
9.0,0.611112,0.1962459321245932
11.0,0.546576,0.2948645321388223
10.0,0.546576,0.22628989196417842
11.0,0.932257,0.37491293875066706
12.0,0.546576,0.24500519810499033
10.0,0.787595,0.3619854666382064
11.0,0.305556,0.11742151793137567
10.0,0.546576,0.23440178646459175
12.0,0.546576,0.30297642663923563
10.0,0.5,0.17274462346368621
11.0,0.843607,0.36870407194672805
14.0,0.611112,0.21975191992863422
11.0,0.805556,0.27507502546094476
12.0,0.546576,0.3135798382796342
12.0,0.787595,0.49913474698749416
10.0,0.932257,0.4053981479884119
13.0,0.305556,0.10930962343096234
12.0,0.546576,0.22628989196417842
11.0,0.611112,0.1962459321245932
12.0,0.546576,0.2948645321388223
12.0,0.932257,0.37491293875066706
15.0,0.546576,0.3135798382796342
13.0,0.787595,0.49913474698749416
13.0,0.5,0.17772027910144378
10.0,0.805556,0.26465658779507467
12.0,0.843607,0.3872756011450492
12.0,0.546576,0.24500519810499033
11.0,0.787595,0.3619854666382064
13.0,0.932257,0.4053981479884119
12.0,0.843607,0.3872756011450492
10.0,1.287595,0.5217499539404518
13.0,0.305556,0.12806860912788232
13.0,0.546576,0.3136235178357423
12.0,0.5,0.18339171466019286
12.0,0.546576,0.2450488776610984
13.0,0.665058,0.37935116314323475
11.0,0.305556,0.1504419238652138
10.0,0.546576,0.2674221923984299
12.0,0.305556,0.15855381836562712
11.0,0.5,0.21387692389793767
12.0,0.546576,0.3547121387138857
13.0,0.305556,0.1504419238652138
11.0,0.546576,0.3359968325730738
12.0,0.5,0.21885257953569526
13.0,0.546576,0.28613749853924175
12.0,0.843607,0.42840790157930064
14.0,0.305556,0.11496075927203814
14.0,0.611112,0.201897067965669
14.0,0.546576,0.30051566797989815
13.0,0.546576,0.23194102780525422
12.0,0.932257,0.3805640745917429
14.0,0.305556,0.14544596850978295
12.0,0.546576,0.26242623704299906
13.0,0.305556,0.14544596850978295
12.0,0.546576,0.33100087721764293
12.0,0.611112,0.2477763705070415
14.0,0.305556,0.13733407400936962
12.0,0.611112,0.22427038270300048
16.0,0.546576,0.3416042888580415
13.0,0.546576,0.27302964868339763
12.0,0.932257,0.4334225985668192
14.0,0.546576,0.2645639933276477
13.0,0.787595,0.38154426186086376
12.0,0.546576,0.29504920256539247
13.0,0.546576,0.28693730806497914
13.0,0.787595,0.4226328827390071
13.0,0.305556,0.12806860912788232
12.0,0.546576,0.2450488776610984
13.0,0.546576,0.3136235178357423
13.0,0.5,0.18339171466019286
13.0,0.843607,0.37935116314323475
12.0,0.305556,0.15855381836562712
11.0,0.5,0.21387692389793767
11.0,0.305556,0.1504419238652138
11.0,0.546576,0.3359968325730738
11.0,0.546576,0.28613749853924175
12.0,0.305556,0.1504419238652138
11.0,0.546576,0.2674221923984299
14.0,0.546576,0.3547121387138857
12.0,0.5,0.21885257953569526
12.0,0.843607,0.42840790157930064
9.0,0.611112,0.24418874941887492
9.0,0.805556,0.2995118549511855
7.0,0.611112,0.2665620641562064
9.0,0.611112,0.2665620641562064
8.0,0.805556,0.33497271982668786
12.0,0.546576,0.33313863350229156
11.0,0.787595,0.5186935422101515
11.0,0.546576,0.36362384274003634
10.0,0.546576,0.35551194823962307
12.0,0.787595,0.5597821630882949
11.0,0.932257,0.4378326508168212
10.0,0.932257,0.4602059655541527
14.0,0.305556,0.11496075927203814
14.0,0.546576,0.23194102780525422
14.0,0.611112,0.201897067965669
14.0,0.546576,0.30051566797989815
14.0,0.932257,0.3805640745917429
15.0,0.305556,0.14544596850978295
13.0,0.546576,0.33100087721764293
13.0,0.305556,0.13733407400936962
12.0,0.611112,0.22427038270300048
14.0,0.546576,0.27302964868339763
13.0,0.305556,0.14544596850978295
12.0,0.546576,0.26242623704299906
12.0,0.611112,0.2477763705070415
13.0,0.546576,0.3416042888580415
13.0,0.932257,0.4334225985668192
12.0,0.546576,0.33313863350229156
11.0,0.787595,0.5186935422101515
11.0,0.546576,0.35551194823962307
10.0,0.546576,0.36362384274003634
11.0,0.787595,0.5597821630882949
10.0,0.5,0.19221856073884633
10.0,0.805556,0.2791548694324772
10.0,0.5,0.22270376997659114
8.0,0.5,0.22270376997659114
9.0,0.805556,0.32503417197384965
12.0,0.843607,0.415226083302824
10.0,0.843607,0.4457112925405688
14.0,0.546576,0.2645639933276477
13.0,0.787595,0.38154426186086376
14.0,0.546576,0.29504920256539247
13.0,0.546576,0.28693730806497914
13.0,0.787595,0.4226328827390071
11.0,0.932257,0.4378326508168212
9.0,0.932257,0.4602059655541527
11.0,0.843607,0.415226083302824
10.0,0.843607,0.44571129254056885
9.0,1.287595,0.561496842596025
13.0,0.24102,0.18555490870785996
12.0,0.482039,0.30253517724107604
12.0,0.546576,0.27249121740149085
11.0,0.482039,0.3711098174157199
12.0,0.867721,0.45115822402756467
12.0,0.482039,0.3711098174157199
10.0,0.723059,0.5566647261235799
13.0,0.435464,0.2408780142401705
11.0,0.74102,0.32781432293380136
13.0,0.77907,0.4368374627232124
11.0,0.482039,0.30253517724107604
10.0,0.723059,0.4195154457742921
12.0,0.867721,0.45115822402756467
12.0,0.600522,0.43683746272321233
9.0,1.223059,0.5617748600002335
12.0,0.24102,0.22071297472366655
10.0,0.482039,0.40626788343152653
12.0,0.435464,0.2760360802559771
10.0,0.482039,0.33769324325688266
11.0,0.600522,0.47199552873901895
13.0,0.24102,0.21053448196431243
11.0,0.546576,0.2974707906579433
12.0,0.482039,0.39608939067217236
11.0,0.482039,0.3275147504975285
11.0,0.867721,0.4761377972840171
12.0,0.482039,0.35170546854608625
10.0,0.723059,0.46868573707930233
11.0,0.24102,0.22071297472366655
10.0,0.482039,0.33769324325688266
12.0,0.482039,0.40626788343152653
12.0,0.435464,0.2760360802559771
11.0,0.77907,0.471995528739019
12.0,0.546576,0.3282154336344232
12.0,0.74102,0.3835385391667337
13.0,0.482039,0.42028010872073013
12.0,0.723059,0.6058350174285901
11.0,0.867721,0.5166399980937716
11.0,0.24102,0.21053448196431243
11.0,0.482039,0.3275147504975285
12.0,0.546576,0.2974707906579433
9.0,0.482039,0.39608939067217236
11.0,0.867721,0.4761377972840171
12.0,0.482039,0.42028010872073013
10.0,0.723059,0.6058350174285901
14.0,0.435464,0.2825200915029636
12.0,0.74102,0.3694564001965945
12.0,0.77907,0.49697510199547146
12.0,0.482039,0.35170546854608625
10.0,0.723059,0.46868573707930233
13.0,0.867721,0.5166399980937716
13.0,0.77907,0.4969751019954714
10.0,1.223059,0.6354365363129604
14.0,0.24102,0.2251397200600454
13.0,0.482039,0.41069462876790536
15.0,0.435464,0.2804628255923559
13.0,0.482039,0.3421199885932615
14.0,0.600522,0.4764222740753978
14.0,0.24102,0.25011929331649785
12.0,0.482039,0.36709956184971393
13.0,0.24102,0.26029778607585197
13.0,0.435464,0.31562089160816253
13.0,0.482039,0.4598649200729156
13.0,0.24102,0.25011929331649785
11.0,0.482039,0.4356742020243578
16.0,0.435464,0.32210490285514903
13.0,0.482039,0.3912902798982717
15.0,0.77907,0.5365599133476568
13.0,0.24102,0.21282082435459915
13.0,0.546576,0.29975713304823004
12.0,0.482039,0.3983757330624591
12.0,0.482039,0.32980109288781523
11.0,0.867721,0.47842413967430386
12.0,0.24102,0.24797889037040577
10.0,0.482039,0.36495915890362185
12.0,0.24102,0.24797889037040577
11.0,0.482039,0.4335337990782657
12.0,0.546576,0.3554813492811624
11.0,0.24102,0.23780039761105162
11.0,0.546576,0.32473670630468254
12.0,0.482039,0.4475460243674694
9.0,0.482039,0.3789713841928255
10.0,0.867721,0.5439059137405108
12.0,0.482039,0.3600665579942141
11.0,0.723059,0.4770468265274302
10.0,0.482039,0.3952246240100207
11.0,0.482039,0.38504613125066656
11.0,0.723059,0.5262171178324404
12.0,0.24102,0.2251397200600454
11.0,0.482039,0.3421199885932615
12.0,0.482039,0.41069462876790536
12.0,0.435464,0.2804628255923559
13.0,0.77907,0.47642227407539783
11.0,0.24102,0.26029778607585197
11.0,0.435464,0.31562089160816253
13.0,0.24102,0.25011929331649785
11.0,0.482039,0.4356742020243578
12.0,0.482039,0.3912902798982717
11.0,0.24102,0.25011929331649785
10.0,0.482039,0.36709956184971393
12.0,0.482039,0.4598649200729156
13.0,0.435464,0.32210490285514903
11.0,0.77907,0.5365599133476568
12.0,0.546576,0.33876754599927095
12.0,0.74102,0.3940906515315814
11.0,0.546576,0.3637471192557234
10.0,0.546576,0.3637471192557234
13.0,0.74102,0.4357327287943745
9.0,0.482039,0.428641198168858
8.0,0.723059,0.6141961068767179
8.0,0.482039,0.46379926418466455
7.0,0.482039,0.45362077142531043
8.0,0.723059,0.6633663981817282
10.0,0.867721,0.5308198472105593
9.0,0.867721,0.5557994204670118
15.0,0.24102,0.21282082435459915
13.0,0.482039,0.32980109288781523
14.0,0.546576,0.29975713304823004
13.0,0.482039,0.3983757330624591
14.0,0.867721,0.47842413967430386
13.0,0.24102,0.24797889037040577
11.0,0.482039,0.4335337990782657
14.0,0.24102,0.23780039761105162
13.0,0.546576,0.32473670630468254
14.0,0.482039,0.3789713841928255
13.0,0.24102,0.24797889037040577
11.0,0.482039,0.36495915890362185
14.0,0.546576,0.3554813492811624
13.0,0.482039,0.4475460243674694
12.0,0.867721,0.5439059137405108
13.0,0.482039,0.428641198168858
11.0,0.723059,0.6141961068767179
13.0,0.482039,0.45362077142531043
11.0,0.482039,0.46379926418466455
13.0,0.723059,0.6633663981817282
12.0,0.435464,0.28863337503585335
12.0,0.74102,0.37556968372948424
12.0,0.435464,0.32379144105165997
10.0,0.435464,0.32379144105165997
12.0,0.74102,0.43129389996241657
12.0,0.482039,0.3600665579942141
11.0,0.723059,0.4770468265274302
11.0,0.482039,0.3952246240100207
12.0,0.482039,0.38504613125066656
11.0,0.723059,0.5262171178324404
11.0,0.77907,0.5091164234233047
9.0,0.77907,0.5442744894391112
10.0,1.223059,0.6529599411086682
13.0,0.626701,0.2656033153197047
11.0,0.867721,0.3825835838529208
12.0,0.932257,0.3525396240133356
12.0,0.867721,0.45115822402756467
9.0,1.253402,0.5312066306394094
13.0,0.867721,0.45115822402756467
11.0,1.10874,0.6367131327354246
13.0,0.821145,0.3209264208520153
10.0,1.126701,0.4078627295456461
12.0,1.164752,0.5168858693350571
11.0,0.867721,0.3825835838529208
9.0,1.10874,0.4995638523861369
12.0,1.253402,0.5312066306394094
12.0,0.986203,0.5168858693350571
8.0,1.60874,0.6418232666120782
13.0,0.626701,0.3086063153264961
11.0,0.867721,0.49416122403435603
12.0,0.821145,0.36392942085880664
11.0,0.867721,0.42558658385971215
12.0,0.986203,0.5598888693418484
12.0,0.626701,0.2945172326879062
10.0,0.932257,0.3814535413815371
11.0,0.867721,0.48007214139576615
10.0,0.867721,0.4114975012211223
11.0,1.253402,0.5601205480076109
12.0,0.867721,0.4471517806914467
10.0,1.10874,0.5641320492246628
13.0,0.626701,0.3086063153264961
11.0,0.867721,0.42558658385971215
12.0,0.867721,0.49416122403435603
12.0,0.821145,0.36392942085880664
12.0,1.164752,0.5598888693418484
11.0,0.932257,0.42803001994639334
10.0,1.126701,0.4833531254787039
11.0,0.867721,0.5157264208660906
9.0,1.10874,0.7012813295739505
7.0,1.253402,0.6238960774083542
14.0,0.626701,0.2945172326879062
13.0,0.867721,0.4114975012211223
13.0,0.932257,0.3814535413815371
13.0,0.867721,0.48007214139576615
13.0,1.253402,0.5601205480076109
11.0,0.821145,0.3736003281347541
10.0,1.126701,0.46053663682838486
10.0,1.164752,0.6000196372756809
12.0,0.867721,0.4471517806914467
10.0,1.10874,0.5641320492246628
9.0,1.253402,0.6238960774083541
8.0,1.164752,0.6000196372756809
8.0,1.60874,0.7497496365883629
11.0,0.0,0.030485209237744806
11.0,0.24102,0.21604011794560476
11.0,0.194444,0.08580831477005535
10.0,0.24102,0.1474654777709609
11.0,0.359502,0.28176776325309716
12.0,0.0,0.05546478249419727
11.0,0.24102,0.17244505102741337
11.0,0.0,0.0656432752535514
11.0,0.194444,0.12096638078586194
13.0,0.24102,0.265210409250615
10.0,0.0,0.05546478249419727
9.0,0.24102,0.24101969120205724
12.0,0.194444,0.12745039203284844
11.0,0.24102,0.19663576907597113
12.0,0.538051,0.3419054025253563
10.0,0.0,0.052858523975076274
9.0,0.24102,0.16983879250829237
9.0,0.0,0.08801658999088288
9.0,0.0,0.07783809723152874
10.0,0.24102,0.21900908381330259
10.0,0.0,0.06097041847548961
10.0,0.194444,0.11629352400780016
10.0,0.0,0.08594999173194208
8.0,0.0,0.08594999173194208
11.0,0.194444,0.15793560127059325
11.0,0.24102,0.25712873882374815
9.0,0.24102,0.2821083120802006
11.0,0.0,0.052858523975076274
10.0,0.24102,0.23841343268293624
11.0,0.0,0.07783809723152874
9.0,0.0,0.08801658999088288
11.0,0.24102,0.28758372398794646
11.0,0.194444,0.12126917964555775
11.0,0.194444,0.15642724566136434
11.0,0.24102,0.18855409864910427
11.0,0.24102,0.21353367190555672
11.0,0.538051,0.3308245016891631
10.0,0.24102,0.1474654777709609
9.0,0.482039,0.3330203864788208
10.0,0.435464,0.20278858330327143
9.0,0.482039,0.26444574630417694
10.0,0.600522,0.39874803178631324
12.0,0.24102,0.17473139341770008
10.0,0.482039,0.2917116619509162
11.0,0.24102,0.18705028912314633
11.0,0.435464,0.24237339465545688
10.0,0.482039,0.39055176723195895
11.0,0.24102,0.17473139341770008
10.0,0.482039,0.36028630212556007
12.0,0.435464,0.2505439440989543
7.0,0.482039,0.32197712705731507
10.0,0.77907,0.47102699248640556
10.0,0.0,0.05546478249419727
9.0,0.24102,0.17244505102741337
9.0,0.0,0.09062284851000388
8.0,0.0,0.08044435575064973
9.0,0.24102,0.22161534233242358
8.0,0.0,0.08594999173194208
6.0,0.0,0.11092956498839454
9.0,0.0,0.07783809723152874
7.0,0.0,0.11299616324733533
9.0,0.24102,0.21353367190555672
9.0,0.24102,0.17244505102741337
7.0,0.482039,0.28942531956062945
9.0,0.24102,0.2120298623795988
9.0,0.24102,0.19971096667415256
5.0,0.482039,0.34695670031376746
10.0,0.0,0.0656432752535514
10.0,0.194444,0.12096638078586194
11.0,0.0,0.09062284851000386
9.0,0.0,0.09062284851000386
11.0,0.194444,0.16260845804865504
9.0,0.0,0.08801658999088288
7.0,0.0,0.11299616324733534
9.0,0.0,0.08801658999088288
9.0,0.0,0.11299616324733534
10.0,0.194444,0.15642724566136434
9.0,0.24102,0.18262354378676748
8.0,0.435464,0.23794664931907802
10.0,0.24102,0.20988945943350668
10.0,0.24102,0.20988945943350668
11.0,0.435464,0.2857020101147609
11.0,0.24102,0.265210409250615
9.0,0.24102,0.29018998250706746
10.0,0.24102,0.28758372398794646
10.0,0.482039,0.3821906777838311
7.0,0.482039,0.4094565934305703
12.0,0.0,0.05546478249419727
11.0,0.24102,0.24101969120205724
12.0,0.0,0.08044435575064973
11.0,0.0,0.09062284851000388
13.0,0.24102,0.29018998250706746
11.0,0.0,0.07783809723152874
9.0,0.0,0.11299616324733533
10.0,0.0,0.08594999173194208
10.0,0.0,0.11092956498839454
11.0,0.24102,0.2821083120802006
11.0,0.24102,0.17244505102741337
9.0,0.482039,0.3579999597352733
11.0,0.24102,0.19971096667415256
11.0,0.24102,0.2120298623795988
10.0,0.482039,0.41553134048841134
12.0,0.194444,0.12745039203284844
12.0,0.194444,0.16260845804865504
11.0,0.194444,0.15793560127059325
11.0,0.435464,0.24443066056606452
11.0,0.435464,0.28401547191824994
12.0,0.24102,0.19663576907597113
11.0,0.24102,0.22161534233242358
10.0,0.24102,0.21900908381330259
10.0,0.482039,0.3136160376091872
10.0,0.482039,0.3408819532559264
10.0,0.538051,0.3419054025253563
8.0,0.77907,0.45888567105857236
11.0,0.305556,0.11742151793137567
11.0,0.546576,0.30297642663923563
10.0,0.5,0.17274462346368621
10.0,0.546576,0.23440178646459175
11.0,0.665058,0.36870407194672805
10.0,0.305556,0.13979483266870713
8.0,0.546576,0.2567751012019232
10.0,0.305556,0.14790672716912048
8.0,0.5,0.20322983270143102
11.0,0.546576,0.34406504751737904
11.0,0.305556,0.13979483266870713
10.0,0.546576,0.32534974137656714
11.0,0.5,0.20820548833918862
11.0,0.546576,0.2754904073427351
10.0,0.843607,0.417760810382794
12.0,0.305556,0.14544596850978295
11.0,0.546576,0.26242623704299906
11.0,0.305556,0.17593117774752776
12.0,0.305556,0.16781928324711443
11.0,0.546576,0.3035148579211424
11.0,0.305556,0.15855381836562712
11.0,0.5,0.21387692389793767
10.0,0.305556,0.1809271331029586
11.0,0.305556,0.1809271331029586
10.0,0.5,0.24933778877344004
10.0,0.546576,0.36362384274003634
8.0,0.546576,0.38599715747736785
12.0,0.305556,0.14544596850978295
12.0,0.546576,0.33100087721764293
11.0,0.305556,0.16781928324711443
11.0,0.305556,0.17593117774752776
11.0,0.546576,0.3720894980957863
8.0,0.5,0.22270376997659114
6.0,0.5,0.2531889792143359
12.0,0.546576,0.29504920256539247
11.0,0.546576,0.31742251730272397
9.0,0.843607,0.44571129254056885
11.0,0.24102,0.21604011794560476
9.0,0.482039,0.4015950266534647
11.0,0.435464,0.2713632234779153
9.0,0.482039,0.3330203864788208
11.0,0.600522,0.4673226719609571
11.0,0.24102,0.24101969120205724
9.0,0.482039,0.3579999597352733
10.0,0.24102,0.25119818396141136
10.0,0.435464,0.3065212894937219
11.0,0.482039,0.45076531795847496
9.0,0.24102,0.24101969120205724
7.0,0.482039,0.4265745999099172
12.0,0.435464,0.3130053007407084
10.0,0.482039,0.3821906777838311
11.0,0.77907,0.5274603112332162
11.0,0.24102,0.24330603359234396
10.0,0.482039,0.36028630212556007
10.0,0.24102,0.27846409960815055
9.0,0.24102,0.26828560684879643
7.0,0.482039,0.4094565934305703
11.0,0.24102,0.25562492929779024
11.0,0.435464,0.31094803483010075
11.0,0.24102,0.2806045025542427
9.0,0.24102,0.2806045025542427
11.0,0.435464,0.3525901120928938
7.0,0.482039,0.4591264074066028
5.0,0.482039,0.48410598066305527
13.0,0.24102,0.24330603359234396
11.0,0.482039,0.42886094230020394
13.0,0.24102,0.26828560684879643
11.0,0.24102,0.27846409960815055
11.0,0.482039,0.47803123360521416
10.0,0.435464,0.3191185842735982
8.0,0.435464,0.3542766502894048
10.0,0.482039,0.39055176723195895
10.0,0.482039,0.4155313404884114
9.0,0.77907,0.5396016326610494
11.0,0.626701,0.2960885245574495
11.0,0.867721,0.48164343326530945
11.0,0.821145,0.35141163008976006
10.0,0.867721,0.4130687930906656
10.0,0.986203,0.5473710785728019
10.0,0.626701,0.325002441925651
8.0,0.867721,0.44198271045886706
11.0,0.626701,0.33909152456424085
10.0,0.821145,0.3944146300965514
9.0,0.867721,0.5462116301038354
12.0,0.626701,0.325002441925651
11.0,0.867721,0.5105573506335109
9.0,0.821145,0.40408553737249886
10.0,0.867721,0.4776369899291915
6.0,1.164752,0.6305048465134258
13.0,0.0,0.022373314737331472
12.0,0.305556,0.10930962343096234
11.0,0.24102,0.20792822344519143
12.0,0.24102,0.13935358327054756
12.0,0.626701,0.28797663005703616
11.0,0.0,0.05753138075313807
10.0,0.24102,0.17451164928635415
12.0,0.0,0.05753138075313807
11.0,0.24102,0.24308628946099803
12.0,0.305556,0.16503383966389468
11.0,0.0,0.04735288799378394
11.0,0.305556,0.1342891966874148
11.0,0.24102,0.2570985147502017
12.0,0.24102,0.1885238745755578
12.0,0.626701,0.35345840412324314
12.0,0.0,0.052858523975076274
11.0,0.24102,0.16983879250829237
11.0,0.0,0.08801658999088288
11.0,0.0,0.07783809723152874
12.0,0.24102,0.21900908381330259
11.0,0.0,0.052858523975076274
10.0,0.24102,0.23841343268293624
10.0,0.0,0.08801658999088288
9.0,0.0,0.07783809723152874
10.0,0.24102,0.28758372398794646
14.0,0.305556,0.15518892597233483
12.0,0.305556,0.1801684992287873
11.0,0.0,0.044746629474662944
11.0,0.305556,0.1316829381682938
10.0,0.0,0.07990469549046955
10.0,0.0,0.07990469549046955
11.0,0.305556,0.18740715440122613
12.0,0.24102,0.24901684432333482
12.0,0.24102,0.28417491033914144
12.0,0.24102,0.18044220414869094
11.0,0.24102,0.21560027016449754
13.0,0.626701,0.34083515403211245
12.0,0.24102,0.13935358327054756
11.0,0.546576,0.22628989196417842
10.0,0.482039,0.3249084919784075
10.0,0.482039,0.2563338518037636
11.0,0.867721,0.40495689859025225
12.0,0.24102,0.17893839462273298
11.0,0.482039,0.29591866315594906
12.0,0.24102,0.17893839462273298
11.0,0.482039,0.36449330333059293
13.0,0.546576,0.29256622056195847
12.0,0.24102,0.16661949891728675
12.0,0.546576,0.2535558076109176
11.0,0.482039,0.38243987273154556
8.0,0.482039,0.3138652325569017
10.0,0.867721,0.4846185217732469
11.0,0.0,0.05753138075313807
10.0,0.24102,0.17451164928635415
10.0,0.0,0.09268944676894467
9.0,0.0,0.08251095400959053
10.0,0.24102,0.2236819405913644
9.0,0.0,0.08801658999088288
7.0,0.0,0.11299616324733534
10.0,0.0,0.07990469549046955
8.0,0.0,0.11506276150627615
10.0,0.24102,0.21560027016449754
10.0,0.24102,0.17451164928635415
8.0,0.482039,0.29149191781957023
10.0,0.24102,0.2140964606385396
10.0,0.24102,0.20177756493309335
6.0,0.482039,0.3490232985727083
11.0,0.0,0.05753138075313807
10.0,0.24102,0.24308628946099803
10.0,0.0,0.09268944676894467
10.0,0.0,0.08251095400959053
10.0,0.24102,0.29225658076600824
11.0,0.0,0.08801658999088288
9.0,0.0,0.11299616324733534
9.0,0.0,0.07990469549046955
8.0,0.0,0.11506276150627615
11.0,0.24102,0.28417491033914144
10.0,0.24102,0.17451164928635415
8.0,0.482039,0.3600665579942141
10.0,0.24102,0.2140964606385396
10.0,0.24102,0.20177756493309335
9.0,0.482039,0.4175979387473522
12.0,0.305556,0.16503383966389468
11.0,0.305556,0.19001341292034712
11.0,0.305556,0.18740715440122616
11.0,0.546576,0.28201410819711076
9.0,0.546576,0.30928002384384995
12.0,0.0,0.04735288799378394
11.0,0.305556,0.1342891966874148
11.0,0.0,0.08251095400959055
12.0,0.0,0.08251095400959055
11.0,0.305556,0.19001341292034712
12.0,0.0,0.07783809723152875
10.0,0.0,0.11299616324733536
10.0,0.0,0.07783809723152875
9.0,0.0,0.11299616324733536
13.0,0.305556,0.1801684992287873
11.0,0.24102,0.16433315652700003
10.0,0.546576,0.25126946522063087
11.0,0.24102,0.20391796787918548
11.0,0.24102,0.20391796787918548
11.0,0.546576,0.31754579381841097
12.0,0.24102,0.2570985147502017
12.0,0.24102,0.29225658076600824
11.0,0.24102,0.28758372398794646
11.0,0.482039,0.37407878328341776
11.0,0.482039,0.4136635946356032
12.0,0.24102,0.1885238745755578
10.0,0.24102,0.2236819405913644
11.0,0.24102,0.21900908381330259
11.0,0.482039,0.3055041431087739
10.0,0.482039,0.34508895446095933
11.0,0.626701,0.35345840412324314
9.0,0.867721,0.4704386726564592
12.0,0.305556,0.10930962343096234
11.0,0.611112,0.1962459321245932
11.0,0.546576,0.2948645321388223
11.0,0.546576,0.22628989196417842
12.0,0.932257,0.37491293875066706
11.0,0.305556,0.13979483266870713
10.0,0.546576,0.2567751012019232
12.0,0.305556,0.13979483266870713
10.0,0.546576,0.32534974137656714
12.0,0.611112,0.2421252346659657
12.0,0.305556,0.1316829381682938
9.0,0.611112,0.2186192468619247
13.0,0.546576,0.3359531530169657
12.0,0.546576,0.26737851284232184
11.0,0.932257,0.42777146272574335
12.0,0.305556,0.1504419238652138
11.0,0.546576,0.2674221923984299
11.0,0.305556,0.1809271331029586
11.0,0.305556,0.17281523860254527
11.0,0.546576,0.30851081327657326
13.0,0.305556,0.1504419238652138
11.0,0.546576,0.3359968325730738
11.0,0.305556,0.1809271331029586
11.0,0.305556,0.17281523860254527
12.0,0.546576,0.37708545345121713
9.0,0.611112,0.2665620641562064
7.0,0.611112,0.2889353788935379
14.0,0.305556,0.13733407400936962
13.0,0.611112,0.22427038270300048
13.0,0.305556,0.16781928324711443
12.0,0.305556,0.16781928324711443
10.0,0.611112,0.27014968524437294
10.0,0.546576,0.35551194823962307
8.0,0.546576,0.38599715747736785
14.0,0.546576,0.28693730806497914
12.0,0.546576,0.3174225173027239
10.0,0.932257,0.4602059655541527
12.0,0.24102,0.20792822344519143
12.0,0.546576,0.2948645321388223
11.0,0.482039,0.39348313215305136
10.0,0.482039,0.3249084919784075
12.0,0.867721,0.4735315387648961
11.0,0.24102,0.24308628946099803
9.0,0.482039,0.3600665579942141
12.0,0.24102,0.24308628946099803
10.0,0.482039,0.428641198168858
12.0,0.546576,0.3505887483717547
10.0,0.24102,0.2329077967016439
10.0,0.546576,0.3198441053952748
11.0,0.482039,0.44265342345806163
11.0,0.482039,0.37407878328341776
11.0,0.867721,0.5390133128311031
13.0,0.24102,0.24751303479737688
11.0,0.482039,0.36449330333059293
12.0,0.24102,0.2826711008131835
11.0,0.24102,0.27249260805382935
11.0,0.482039,0.4136635946356032
12.0,0.24102,0.24751303479737688
11.0,0.482039,0.4330679435052368
11.0,0.24102,0.2826711008131835
10.0,0.24102,0.27249260805382935
10.0,0.482039,0.4822382348102471
10.0,0.546576,0.3611408607366024
8.0,0.546576,0.38612043399305485
13.0,0.24102,0.23519413909193063
13.0,0.546576,0.32213044778556155
12.0,0.24102,0.2703522051077372
12.0,0.24102,0.2703522051077372
12.0,0.546576,0.3778546640184939
11.0,0.482039,0.45101451290618944
9.0,0.482039,0.48617257892199606
10.0,0.482039,0.38243987273154556
9.0,0.482039,0.4175979387473522
13.0,0.626701,0.28797663005703616
12.0,0.932257,0.37491293875066706
11.0,0.867721,0.4735315387648961
11.0,0.867721,0.40495689859025225
11.0,1.253402,0.5535799453767409
11.0,0.626701,0.3309796300638275
9.0,0.867721,0.4479598985970436
12.0,0.626701,0.3309796300638275
10.0,0.867721,0.5165345387716875
10.0,0.932257,0.45040333468372484
14.0,0.626701,0.31689054742523765
11.0,0.932257,0.40382685611886854
10.0,0.867721,0.4695250954287782
7.0,1.253402,0.6462693921456856
12.0,0.24102,0.15806888941135946
11.0,0.482039,0.2750491579445755
12.0,0.24102,0.19322695542716606
10.0,0.24102,0.18304846266781194
11.0,0.482039,0.3242194492495858
11.0,0.24102,0.18855409864910427
9.0,0.24102,0.21353367190555672
11.0,0.24102,0.18044220414869094
10.0,0.24102,0.21560027016449754
10.0,0.482039,0.31613777882271893
11.0,0.482039,0.2750491579445755
10.0,0.723059,0.3920294264777916
11.0,0.482039,0.314633969296761
9.0,0.482039,0.30231507359131476
8.0,0.723059,0.4495608072309297
11.0,0.24102,0.19322695542716606
9.0,0.24102,0.2182065286836185
10.0,0.24102,0.21560027016449754
10.0,0.482039,0.31020722396038214
8.0,0.482039,0.33747313960712133
12.0,0.24102,0.18304846266781194
12.0,0.24102,0.21820652868361853
11.0,0.24102,0.21353367190555672
11.0,0.482039,0.300028731201028
11.0,0.482039,0.33961354255321347
12.0,0.482039,0.3242194492495858
10.0,0.723059,0.44119971778280187
12.0,0.546576,0.24500519810499033
11.0,0.787595,0.3619854666382064
11.0,0.546576,0.2754904073427351
12.0,0.546576,0.26737851284232184
10.0,0.787595,0.4030740875163498
12.0,0.546576,0.28613749853924175
11.0,0.546576,0.30851081327657326
13.0,0.546576,0.27302964868339763
11.0,0.546576,0.3035148579211424
13.0,0.787595,0.4226328827390071
12.0,0.482039,0.3436237981192194
10.0,0.723059,0.4606040666524355
11.0,0.482039,0.378781864135026
10.0,0.482039,0.3686033713756719
10.0,0.723059,0.5097743579574457
11.0,0.482039,0.3832086094714049
9.0,0.482039,0.40818818272785734
13.0,0.482039,0.37088971376595864
11.0,0.482039,0.4060477797817652
11.0,0.723059,0.5181354474055736
12.0,0.867721,0.42367220473106415
10.0,1.10874,0.5406524732642802
12.0,0.867721,0.4666752047378555
13.0,0.867721,0.45258612209926563
9.0,1.10874,0.6052206701028061
14.0,0.0,0.030485209237744806
12.0,0.24102,0.1474654777709609
12.0,0.24102,0.21604011794560476
12.0,0.194444,0.08580831477005535
12.0,0.538051,0.2817677632530972
12.0,0.0,0.0656432752535514
11.0,0.194444,0.12096638078586194
14.0,0.0,0.05546478249419727
12.0,0.24102,0.24101969120205724
13.0,0.24102,0.19663576907597113
12.0,0.0,0.05546478249419727
11.0,0.24102,0.17244505102741337
13.0,0.24102,0.265210409250615
15.0,0.194444,0.12745039203284844
12.0,0.538051,0.3419054025253563
12.0,0.0,0.06097041847548961
10.0,0.194444,0.11629352400780016
11.0,0.0,0.08594999173194208
12.0,0.0,0.08594999173194208
13.0,0.194444,0.15793560127059325
12.0,0.0,0.052858523975076274
11.0,0.24102,0.23841343268293624
10.0,0.0,0.08801658999088288
11.0,0.0,0.07783809723152874
11.0,0.24102,0.28758372398794646
12.0,0.24102,0.18855409864910427
12.0,0.24102,0.21353367190555672
12.0,0.0,0.052858523975076274
11.0,0.24102,0.16983879250829237
11.0,0.0,0.08801658999088288
12.0,0.0,0.07783809723152874
11.0,0.24102,0.21900908381330259
14.0,0.24102,0.25712873882374815
13.0,0.24102,0.2821083120802006
12.0,0.194444,0.12126917964555775
10.0,0.194444,0.15642724566136434
12.0,0.538051,0.33082450168916316
12.0,0.24102,0.1474654777709609
10.0,0.482039,0.26444574630417694
11.0,0.482039,0.3330203864788208
11.0,0.435464,0.20278858330327143
10.0,0.77907,0.3987480317863133
12.0,0.24102,0.18705028912314633
10.0,0.435464,0.24237339465545688
13.0,0.24102,0.17473139341770008
11.0,0.482039,0.36028630212556007
9.0,0.482039,0.32197712705731507
13.0,0.24102,0.17473139341770008
11.0,0.482039,0.2917116619509162
12.0,0.482039,0.39055176723195895
14.0,0.435464,0.2505439440989543
10.0,0.77907,0.47102699248640556
12.0,0.0,0.0656432752535514
11.0,0.194444,0.12096638078586194
12.0,0.0,0.09062284851000386
11.0,0.0,0.09062284851000386
13.0,0.194444,0.16260845804865504
11.0,0.0,0.08801658999088288
9.0,0.0,0.11299616324733534
11.0,0.0,0.08801658999088288
10.0,0.0,0.11299616324733534
11.0,0.194444,0.15642724566136434
11.0,0.24102,0.18262354378676748
10.0,0.435464,0.23794664931907802
11.0,0.24102,0.20988945943350668
12.0,0.24102,0.20988945943350668
12.0,0.435464,0.2857020101147609
12.0,0.0,0.05546478249419727
11.0,0.24102,0.24101969120205724
11.0,0.0,0.09062284851000388
11.0,0.0,0.08044435575064973
11.0,0.24102,0.29018998250706746
12.0,0.0,0.08594999173194208
10.0,0.0,0.11092956498839454
10.0,0.0,0.07783809723152874
9.0,0.0,0.11299616324733533
12.0,0.24102,0.2821083120802006
11.0,0.24102,0.17244505102741337
9.0,0.482039,0.3579999597352733
12.0,0.24102,0.2120298623795988
11.0,0.24102,0.19971096667415256
10.0,0.482039,0.41553134048841134
13.0,0.24102,0.19663576907597113
11.0,0.24102,0.22161534233242358
11.0,0.24102,0.21900908381330259
11.0,0.482039,0.3136160376091872
11.0,0.482039,0.3408819532559264
11.0,0.0,0.05546478249419727
9.0,0.24102,0.17244505102741337
9.0,0.0,0.09062284851000388
11.0,0.0,0.08044435575064973
10.0,0.24102,0.22161534233242358
11.0,0.0,0.08594999173194208
8.0,0.0,0.11092956498839454
9.0,0.0,0.07783809723152874
7.0,0.0,0.11299616324733533
10.0,0.24102,0.21353367190555672
9.0,0.24102,0.17244505102741337
7.0,0.482039,0.28942531956062945
10.0,0.24102,0.2120298623795988
10.0,0.24102,0.19971096667415256
6.0,0.482039,0.34695670031376746
14.0,0.24102,0.265210409250615
13.0,0.24102,0.29018998250706746
12.0,0.24102,0.28758372398794646
12.0,0.482039,0.3821906777838311
12.0,0.482039,0.4094565934305703
14.0,0.194444,0.12745039203284844
12.0,0.194444,0.16260845804865504
13.0,0.194444,0.15793560127059325
12.0,0.435464,0.24443066056606452
12.0,0.435464,0.28401547191824994
13.0,0.538051,0.3419054025253563
11.0,0.77907,0.45888567105857236
12.0,0.305556,0.11742151793137567
11.0,0.546576,0.23440178646459175
11.0,0.546576,0.30297642663923563
12.0,0.5,0.17274462346368621
11.0,0.843607,0.36870407194672805
10.0,0.305556,0.14790672716912048
10.0,0.5,0.20322983270143102
11.0,0.305556,0.13979483266870713
10.0,0.546576,0.32534974137656714
10.0,0.546576,0.2754904073427351
11.0,0.305556,0.13979483266870713
10.0,0.546576,0.2567751012019232
14.0,0.546576,0.34406504751737904
11.0,0.5,0.20820548833918862
11.0,0.843607,0.417760810382794
12.0,0.305556,0.15855381836562712
11.0,0.5,0.21387692389793767
10.0,0.305556,0.1809271331029586
11.0,0.305556,0.1809271331029586
10.0,0.5,0.24933778877344004
15.0,0.305556,0.14544596850978295
13.0,0.546576,0.33100087721764293
13.0,0.305556,0.17593117774752776
13.0,0.305556,0.16781928324711443
14.0,0.546576,0.3720894980957863
13.0,0.546576,0.29504920256539247
11.0,0.546576,0.31742251730272397
14.0,0.305556,0.14544596850978295
12.0,0.546576,0.26242623704299906
13.0,0.305556,0.17593117774752776
12.0,0.305556,0.16781928324711443
12.0,0.546576,0.3035148579211424
12.0,0.546576,0.36362384274003634
10.0,0.546576,0.38599715747736785
10.0,0.5,0.22270376997659114
8.0,0.5,0.2531889792143359
10.0,0.843607,0.4457112925405688
12.0,0.24102,0.21604011794560476
11.0,0.482039,0.3330203864788208
11.0,0.482039,0.4015950266534647
11.0,0.435464,0.2713632234779153
11.0,0.77907,0.46732267196095717
11.0,0.24102,0.25119818396141136
10.0,0.435464,0.3065212894937219
12.0,0.24102,0.24101969120205724
10.0,0.482039,0.4265745999099172
11.0,0.482039,0.3821906777838311
10.0,0.24102,0.24101969120205724
9.0,0.482039,0.3579999597352733
11.0,0.482039,0.45076531795847496
13.0,0.435464,0.3130053007407084
10.0,0.77907,0.5274603112332162
14.0,0.24102,0.25562492929779024
14.0,0.435464,0.31094803483010075
13.0,0.24102,0.2806045025542427
12.0,0.24102,0.2806045025542427
14.0,0.435464,0.3525901120928938
13.0,0.24102,0.24330603359234396
12.0,0.482039,0.42886094230020394
11.0,0.24102,0.27846409960815055
11.0,0.24102,0.26828560684879643
11.0,0.482039,0.47803123360521416
12.0,0.482039,0.39055176723195895
10.0,0.482039,0.4155313404884114
13.0,0.24102,0.24330603359234396
12.0,0.482039,0.36028630212556007
12.0,0.24102,0.27846409960815055
13.0,0.24102,0.26828560684879643
12.0,0.482039,0.4094565934305703
12.0,0.482039,0.4591264074066028
11.0,0.482039,0.48410598066305527
11.0,0.435464,0.3191185842735982
10.0,0.435464,0.3542766502894048
12.0,0.626701,0.2960885245574495
10.0,0.867721,0.4130687930906656
11.0,0.867721,0.48164343326530945
11.0,0.821145,0.35141163008976006
10.0,1.164752,0.5473710785728019
12.0,0.626701,0.33909152456424085
11.0,0.821145,0.3944146300965514
12.0,0.626701,0.325002441925651
10.0,0.867721,0.5105573506335109
10.0,0.867721,0.4776369899291915
13.0,0.626701,0.325002441925651
11.0,0.867721,0.44198271045886706
10.0,0.821145,0.40408553737249886
8.0,1.164752,0.6305048465134258
14.0,0.305556,0.13281561123500335
13.0,0.5,0.1881387167673139
14.0,0.305556,0.1577951844914558
13.0,0.305556,0.1577951844914558
14.0,0.5,0.22978079403010698
13.0,0.305556,0.15518892597233483
12.0,0.305556,0.1801684992287873
14.0,0.305556,0.15518892597233483
13.0,0.305556,0.1801684992287873
14.0,0.5,0.2235995816428163
13.0,0.546576,0.24979587976821943
11.0,0.74102,0.30511898530052994
14.0,0.546576,0.2770617954149586
11.0,0.546576,0.2770617954149586
13.0,0.74102,0.3528743460962128
13.0,0.305556,0.1577951844914558
11.0,0.305556,0.18277475774790827
12.0,0.305556,0.18016849922878728
12.0,0.546576,0.2747754530246719
9.0,0.546576,0.30204136867141107
14.0,0.305556,0.1577951844914558
13.0,0.305556,0.18277475774790827
12.0,0.305556,0.18016849922878728
12.0,0.546576,0.2747754530246719
12.0,0.546576,0.30204136867141107
12.0,0.5,0.22978079403010698
10.0,0.74102,0.34676106256332306
13.0,0.611112,0.21975191992863422
11.0,0.805556,0.27507502546094476
11.0,0.611112,0.2421252346659657
13.0,0.611112,0.2421252346659657
11.0,0.805556,0.31053589033644713
12.0,0.611112,0.2477763705070415
10.0,0.611112,0.27014968524437294
13.0,0.611112,0.2477763705070415
11.0,0.611112,0.27014968524437294
9.0,0.805556,0.32503417197384965
14.0,0.546576,0.31837051994286336
13.0,0.74102,0.3736936254751738
13.0,0.546576,0.3433500931993158
12.0,0.546576,0.3433500931993158
12.0,0.74102,0.41533570273796694
13.0,0.546576,0.34563643558960255
11.0,0.546576,0.370616008846055
15.0,0.546576,0.34563643558960255
14.0,0.546576,0.370616008846055
13.0,0.74102,0.4214489862708567
14.0,0.932257,0.3984189265547081
11.0,1.126701,0.4537420320870186
12.0,0.932257,0.42733284392290954
12.0,0.932257,0.42733284392290954
10.0,1.126701,0.5064159393697574
14.0,0.24102,0.22664352958600334
12.0,0.482039,0.41219843829386327
14.0,0.24102,0.26180159560180993
13.0,0.24102,0.2516231028424558
13.0,0.482039,0.46136872959887354
14.0,0.24102,0.25712873882374815
12.0,0.24102,0.2821083120802006
13.0,0.24102,0.24901684432333482
12.0,0.24102,0.28417491033914144
13.0,0.482039,0.4532870591720067
13.0,0.482039,0.3436237981192194
11.0,0.723059,0.5291787068270793
13.0,0.482039,0.3832086094714049
13.0,0.482039,0.37088971376595864
12.0,0.723059,0.5867100875802175
13.0,0.24102,0.26180159560180993
11.0,0.24102,0.2867811688582624
12.0,0.24102,0.28417491033914144
11.0,0.482039,0.378781864135026
11.0,0.482039,0.4060477797817652
14.0,0.24102,0.2516231028424558
13.0,0.24102,0.28678116885826244
13.0,0.24102,0.2821083120802006
12.0,0.482039,0.3686033713756719
12.0,0.482039,0.40818818272785734
13.0,0.482039,0.46136872959887354
11.0,0.723059,0.5783489981320896
15.0,0.546576,0.3135798382796342
13.0,0.787595,0.49913474698749416
14.0,0.546576,0.34406504751737904
13.0,0.546576,0.3359531530169657
13.0,0.787595,0.5402233678656376
14.0,0.546576,0.3547121387138857
12.0,0.546576,0.37708545345121713
16.0,0.546576,0.3416042888580415
14.0,0.546576,0.3720894980957863
12.0,0.787595,0.5597821630882949
13.0,0.482039,0.41219843829386327
12.0,0.723059,0.5977533470017232
12.0,0.482039,0.4473565043096699
11.0,0.482039,0.43717801155031577
11.0,0.723059,0.6469236383067335
13.0,0.482039,0.45178324964604877
11.0,0.482039,0.4767628229025012
13.0,0.482039,0.4394643539406025
12.0,0.482039,0.4746224199564091
13.0,0.723059,0.6552847277548614
14.0,0.867721,0.492246844905708
12.0,1.10874,0.677801753613568
12.0,0.867721,0.5352498449124994
15.0,0.867721,0.5211607622739095
14.0,0.626701,0.318461839294781
12.0,0.626701,0.34344141255123345
13.0,0.626701,0.34083515403211245
13.0,0.867721,0.4354421078279971
12.0,0.867721,0.4627080234747363
13.0,0.626701,0.34344141255123345
11.0,0.867721,0.46042168108444953
13.0,0.932257,0.4053981479884119
11.0,0.932257,0.42777146272574335
12.0,0.932257,0.4334225985668192
13.0,0.867721,0.504016748002641
11.0,0.867721,0.5289963212590935
14.0,0.867721,0.5312826636493801
13.0,1.253402,0.5840651546144857
10.0,1.253402,0.6129790719826872
12.0,0.0,0.022373314737331472
11.0,0.24102,0.13935358327054756
12.0,0.305556,0.10930962343096234
12.0,0.24102,0.20792822344519143
12.0,0.626701,0.28797663005703616
10.0,0.0,0.05753138075313807
10.0,0.24102,0.24308628946099803
12.0,0.0,0.04735288799378394
10.0,0.305556,0.1342891966874148
11.0,0.24102,0.1885238745755578
12.0,0.0,0.05753138075313807
10.0,0.24102,0.17451164928635415
11.0,0.305556,0.16503383966389468
13.0,0.24102,0.2570985147502017
11.0,0.626701,0.35345840412324314
12.0,0.0,0.052858523975076274
11.0,0.24102,0.23841343268293624
9.0,0.0,0.07783809723152874
11.0,0.0,0.08801658999088288
12.0,0.24102,0.28758372398794646
10.0,0.0,0.044746629474662944
10.0,0.305556,0.1316829381682938
8.0,0.0,0.07990469549046955
10.0,0.0,0.07990469549046955
9.0,0.305556,0.18740715440122613
11.0,0.24102,0.18044220414869094
10.0,0.24102,0.21560027016449754
10.0,0.0,0.052858523975076274
9.0,0.24102,0.16983879250829237
9.0,0.0,0.08801658999088288
11.0,0.0,0.07783809723152874
10.0,0.24102,0.21900908381330259
13.0,0.305556,0.15518892597233483
12.0,0.305556,0.1801684992287873
11.0,0.24102,0.24901684432333482
10.0,0.24102,0.28417491033914144
10.0,0.626701,0.34083515403211245
11.0,0.24102,0.13935358327054756
9.0,0.482039,0.2563338518037636
10.0,0.546576,0.22628989196417842
10.0,0.482039,0.3249084919784075
10.0,0.867721,0.40495689859025225
11.0,0.24102,0.17893839462273298
10.0,0.482039,0.36449330333059293
11.0,0.24102,0.16661949891728675
10.0,0.546576,0.2535558076109176
7.0,0.482039,0.3138652325569017
11.0,0.24102,0.17893839462273298
10.0,0.482039,0.29591866315594906
13.0,0.546576,0.29256622056195847
11.0,0.482039,0.38243987273154556
8.0,0.867721,0.4846185217732469
11.0,0.0,0.05753138075313807
11.0,0.24102,0.24308628946099803
11.0,0.0,0.08251095400959053
10.0,0.0,0.09268944676894467
12.0,0.24102,0.29225658076600824
10.0,0.0,0.07990469549046955
8.0,0.0,0.11506276150627615
10.0,0.0,0.08801658999088288
9.0,0.0,0.11299616324733534
11.0,0.24102,0.28417491033914144
10.0,0.24102,0.17451164928635415
9.0,0.482039,0.3600665579942141
10.0,0.24102,0.20177756493309335
11.0,0.24102,0.2140964606385396
9.0,0.482039,0.4175979387473522
11.0,0.0,0.04735288799378394
11.0,0.305556,0.1342891966874148
9.0,0.0,0.08251095400959055
11.0,0.0,0.08251095400959055
11.0,0.305556,0.19001341292034712
11.0,0.0,0.07783809723152875
9.0,0.0,0.11299616324733536
9.0,0.0,0.07783809723152875
7.0,0.0,0.11299616324733536
12.0,0.305556,0.1801684992287873
10.0,0.24102,0.16433315652700003
9.0,0.546576,0.25126946522063087
11.0,0.24102,0.20391796787918548
10.0,0.24102,0.20391796787918548
11.0,0.546576,0.31754579381841097
11.0,0.24102,0.1885238745755578
11.0,0.24102,0.2236819405913644
10.0,0.24102,0.21900908381330259
10.0,0.482039,0.3055041431087739
8.0,0.482039,0.34508895446095933
10.0,0.0,0.05753138075313807
9.0,0.24102,0.17451164928635415
8.0,0.0,0.09268944676894467
10.0,0.0,0.08251095400959053
9.0,0.24102,0.2236819405913644
10.0,0.0,0.08801658999088288
7.0,0.0,0.11299616324733534
8.0,0.0,0.07990469549046955
6.0,0.0,0.11506276150627615
9.0,0.24102,0.21560027016449754
9.0,0.24102,0.17451164928635415
7.0,0.482039,0.29149191781957023
9.0,0.24102,0.2140964606385396
9.0,0.24102,0.20177756493309335
5.0,0.482039,0.3490232985727083
11.0,0.305556,0.16503383966389468
10.0,0.305556,0.19001341292034712
9.0,0.305556,0.18740715440122616
10.0,0.546576,0.28201410819711076
9.0,0.546576,0.30928002384384995
12.0,0.24102,0.2570985147502017
10.0,0.24102,0.29225658076600824
11.0,0.24102,0.28758372398794646
10.0,0.482039,0.37407878328341776
10.0,0.482039,0.4136635946356032
11.0,0.626701,0.35345840412324314
10.0,0.867721,0.4704386726564592
11.0,0.305556,0.10930962343096234
10.0,0.546576,0.22628989196417842
9.0,0.611112,0.1962459321245932
12.0,0.546576,0.2948645321388223
11.0,0.932257,0.37491293875066706
11.0,0.305556,0.13979483266870713
10.0,0.546576,0.32534974137656714
10.0,0.305556,0.1316829381682938
7.0,0.611112,0.2186192468619247
10.0,0.546576,0.26737851284232184
10.0,0.305556,0.13979483266870713
9.0,0.546576,0.2567751012019232
12.0,0.611112,0.2421252346659657
11.0,0.546576,0.3359531530169657
8.0,0.932257,0.42777146272574335
11.0,0.305556,0.1504419238652138
11.0,0.546576,0.3359968325730738
9.0,0.305556,0.17281523860254527
10.0,0.305556,0.1809271331029586
10.0,0.546576,0.37708545345121713
14.0,0.305556,0.13733407400936962
12.0,0.611112,0.22427038270300048
12.0,0.305556,0.16781928324711443
12.0,0.305556,0.16781928324711443
10.0,0.611112,0.27014968524437294
12.0,0.546576,0.28693730806497914
10.0,0.546576,0.3174225173027239
11.0,0.305556,0.1504419238652138
10.0,0.546576,0.2674221923984299
10.0,0.305556,0.1809271331029586
9.0,0.305556,0.17281523860254527
9.0,0.546576,0.30851081327657326
7.0,0.611112,0.2665620641562064
5.0,0.611112,0.2889353788935379
12.0,0.546576,0.35551194823962307
10.0,0.546576,0.38599715747736785
9.0,0.932257,0.4602059655541527
12.0,0.24102,0.20792822344519143
10.0,0.482039,0.3249084919784075
11.0,0.546576,0.2948645321388223
10.0,0.482039,0.39348313215305136
11.0,0.867721,0.4735315387648961
10.0,0.24102,0.24308628946099803
8.0,0.482039,0.428641198168858
11.0,0.24102,0.2329077967016439
10.0,0.546576,0.3198441053952748
11.0,0.482039,0.37407878328341776
10.0,0.24102,0.24308628946099803
9.0,0.482039,0.3600665579942141
11.0,0.546576,0.3505887483717547
11.0,0.482039,0.44265342345806163
9.0,0.867721,0.5390133128311031
14.0,0.24102,0.24751303479737688
12.0,0.482039,0.4330679435052368
13.0,0.24102,0.27249260805382935
12.0,0.24102,0.2826711008131835
12.0,0.482039,0.4822382348102471
12.0,0.24102,0.23519413909193063
11.0,0.546576,0.32213044778556155
10.0,0.24102,0.2703522051077372
10.0,0.24102,0.2703522051077372
10.0,0.546576,0.3778546640184939
11.0,0.482039,0.38243987273154556
9.0,0.482039,0.4175979387473522
11.0,0.24102,0.24751303479737688
10.0,0.482039,0.36449330333059293
10.0,0.24102,0.2826711008131835
11.0,0.24102,0.27249260805382935
10.0,0.482039,0.4136635946356032
11.0,0.546576,0.3611408607366024
10.0,0.546576,0.38612043399305485
8.0,0.482039,0.45101451290618944
6.0,0.482039,0.48617257892199606
9.0,0.867721,0.5531931619478908
12.0,0.626701,0.28797663005703616
10.0,0.867721,0.40495689859025225
11.0,0.932257,0.37491293875066706
11.0,0.867721,0.4735315387648961
8.0,1.253402,0.5535799453767409
11.0,0.626701,0.3309796300638275
9.0,0.867721,0.5165345387716875
11.0,0.626701,0.31689054742523765
8.0,0.932257,0.40382685611886854
10.0,0.867721,0.4695250954287782
11.0,0.626701,0.3309796300638275
9.0,0.867721,0.4479598985970436
9.0,0.932257,0.45040333468372484
9.0,0.867721,0.5380997356034221
5.0,1.253402,0.6462693921456856
12.0,0.24102,0.22664352958600334
11.0,0.482039,0.41219843829386327
12.0,0.24102,0.2516231028424558
12.0,0.24102,0.26180159560180993
13.0,0.482039,0.46136872959887354
11.0,0.24102,0.24901684432333482
10.0,0.24102,0.28417491033914144
11.0,0.24102,0.25712873882374815
11.0,0.24102,0.2821083120802006
10.0,0.482039,0.4532870591720067
11.0,0.482039,0.3436237981192194
10.0,0.723059,0.5291787068270793
12.0,0.482039,0.37088971376595864
11.0,0.482039,0.3832086094714049
11.0,0.723059,0.5867100875802175
10.0,0.24102,0.2516231028424558
10.0,0.24102,0.28678116885826244
9.0,0.24102,0.2821083120802006
9.0,0.482039,0.3686033713756719
9.0,0.482039,0.40818818272785734
11.0,0.24102,0.26180159560180993
11.0,0.24102,0.2867811688582624
10.0,0.24102,0.28417491033914144
10.0,0.482039,0.378781864135026
10.0,0.482039,0.4060477797817652
9.0,0.482039,0.46136872959887354
8.0,0.723059,0.5783489981320896
12.0,0.546576,0.3135798382796342
12.0,0.787595,0.49913474698749416
11.0,0.546576,0.3359531530169657
11.0,0.546576,0.34406504751737904
10.0,0.787595,0.5402233678656376
13.0,0.546576,0.3416042888580415
11.0,0.546576,0.3720894980957863
12.0,0.546576,0.3547121387138857
10.0,0.546576,0.37708545345121713
11.0,0.787595,0.5597821630882949
12.0,0.482039,0.41219843829386327
10.0,0.723059,0.5977533470017232
12.0,0.482039,0.43717801155031577
11.0,0.482039,0.4473565043096699
11.0,0.723059,0.6469236383067335
11.0,0.482039,0.4394643539406025
10.0,0.482039,0.4746224199564091
11.0,0.482039,0.45178324964604877
11.0,0.482039,0.4767628229025012
8.0,0.723059,0.6552847277548614
12.0,0.867721,0.492246844905708
11.0,1.10874,0.677801753613568
10.0,0.867721,0.5211607622739095
12.0,0.867721,0.5352498449124994
9.0,1.10874,0.742369950452094
13.0,0.194444,0.09078397040781294
12.0,0.5,0.17772027910144378
11.0,0.194444,0.12594203642361954
13.0,0.194444,0.12594203642361954
12.0,0.5,0.2334444953343761
12.0,0.194444,0.12126917964555775
11.0,0.194444,0.15642724566136434
12.0,0.194444,0.12126917964555775
10.0,0.194444,0.15642724566136434
14.0,0.5,0.2235995816428163
12.0,0.435464,0.20776423894102902
11.0,0.74102,0.29470054763465986
11.0,0.435464,0.24734905029321447
13.0,0.435464,0.24734905029321447
13.0,0.74102,0.36097687623243996
12.0,0.194444,0.12594203642361954
11.0,0.194444,0.16110010243942613
11.0,0.194444,0.15642724566136434
11.0,0.435464,0.24292230495683562
11.0,0.435464,0.28250711630902103
11.0,0.194444,0.12594203642361954
9.0,0.194444,0.16110010243942613
10.0,0.194444,0.15642724566136434
10.0,0.435464,0.24292230495683562
9.0,0.435464,0.28250711630902103
9.0,0.5,0.2334444953343761
8.0,0.74102,0.3504247638675922
12.0,0.5,0.17772027910144378
10.0,0.805556,0.26465658779507467
11.0,0.5,0.20820548833918862
11.0,0.5,0.20820548833918862
11.0,0.805556,0.31053589033644713
12.0,0.5,0.21885257953569526
10.0,0.5,0.24933778877344004
12.0,0.5,0.21885257953569526
10.0,0.5,0.24933778877344004
8.0,0.805556,0.33497271982668786
13.0,0.435464,0.2763388791156729
12.0,0.74102,0.36327518780930373
11.0,0.435464,0.3114969451314795
11.0,0.435464,0.3114969451314795
11.0,0.74102,0.41899940404223607
14.0,0.435464,0.31592369046785834
12.0,0.435464,0.3510817564836649
12.0,0.435464,0.31592369046785834
10.0,0.435464,0.3510817564836649
12.0,0.74102,0.42955151640708383
13.0,0.821145,0.35638728572751766
11.0,1.126701,0.4433235944211485
12.0,0.821145,0.399390285734309
12.0,0.821145,0.399390285734309
9.0,1.126701,0.5188139903542063
10.0,0.538051,0.3003392924514183
10.0,0.538051,0.33549735846722495
9.0,0.538051,0.33082450168916316
9.0,0.77907,0.4173195609846344
10.0,0.77907,0.4569043723368199
9.0,0.538051,0.33549735846722495
7.0,0.77907,0.45247762700044103
10.0,0.843607,0.3872756011450492
8.0,0.843607,0.417760810382794
10.0,0.843607,0.42840790157930064
10.0,0.77907,0.4858942011592783
8.0,0.77907,0.5210522671750849
10.0,0.77907,0.5254790125114638
10.0,1.164752,0.565942607771123
8.0,1.164752,0.6089456077779144
13.0,0.24102,0.15806888941135946
11.0,0.482039,0.2750491579445755
11.0,0.24102,0.19322695542716606
13.0,0.24102,0.18304846266781194
12.0,0.482039,0.3242194492495858
12.0,0.24102,0.18855409864910427
10.0,0.24102,0.21353367190555672
11.0,0.24102,0.18044220414869094
9.0,0.24102,0.21560027016449754
10.0,0.482039,0.31613777882271893
11.0,0.482039,0.2750491579445755
9.0,0.723059,0.3920294264777916
12.0,0.482039,0.314633969296761
12.0,0.482039,0.30231507359131476
8.0,0.723059,0.4495608072309297
12.0,0.24102,0.19322695542716606
11.0,0.24102,0.2182065286836185
10.0,0.24102,0.21560027016449754
11.0,0.482039,0.31020722396038214
10.0,0.482039,0.33747313960712133
12.0,0.24102,0.18304846266781194
11.0,0.24102,0.21820652868361853
12.0,0.24102,0.21353367190555672
11.0,0.482039,0.300028731201028
11.0,0.482039,0.33961354255321347
12.0,0.482039,0.3242194492495858
10.0,0.723059,0.44119971778280187
12.0,0.546576,0.24500519810499033
10.0,0.787595,0.3619854666382064
10.0,0.546576,0.2754904073427351
10.0,0.546576,0.26737851284232184
8.0,0.787595,0.4030740875163498
11.0,0.546576,0.28613749853924175
9.0,0.546576,0.30851081327657326
14.0,0.546576,0.27302964868339763
12.0,0.546576,0.3035148579211424
13.0,0.787595,0.4226328827390071
11.0,0.482039,0.3436237981192194
10.0,0.723059,0.4606040666524355
10.0,0.482039,0.378781864135026
11.0,0.482039,0.3686033713756719
10.0,0.723059,0.5097743579574457
13.0,0.482039,0.3832086094714049
12.0,0.482039,0.40818818272785734
12.0,0.482039,0.37088971376595864
10.0,0.482039,0.4060477797817652
11.0,0.723059,0.5181354474055736
11.0,0.867721,0.42367220473106415
9.0,1.10874,0.5406524732642802
11.0,0.867721,0.4666752047378555
11.0,0.867721,0.45258612209926563
9.0,1.10874,0.6052206701028061
11.0,0.626701,0.318461839294781
11.0,0.626701,0.34344141255123345
10.0,0.626701,0.34083515403211245
10.0,0.867721,0.4354421078279971
11.0,0.867721,0.4627080234747363
10.0,0.626701,0.34344141255123345
8.0,0.867721,0.46042168108444953
10.0,0.932257,0.4053981479884119
8.0,0.932257,0.42777146272574335
12.0,0.932257,0.4334225985668192
10.0,0.867721,0.504016748002641
10.0,0.867721,0.5289963212590935
11.0,0.867721,0.5312826636493801
11.0,1.253402,0.5840651546144857
9.0,1.253402,0.6129790719826872
13.0,0.538051,0.3003392924514183
11.0,0.538051,0.3354973584672249
12.0,0.538051,0.3308245016891631
11.0,0.77907,0.4173195609846344
11.0,0.77907,0.4569043723368198
11.0,0.538051,0.3354973584672249
9.0,0.77907,0.452477627000441
12.0,0.843607,0.3872756011450492
11.0,0.843607,0.417760810382794
12.0,0.843607,0.42840790157930064
11.0,0.77907,0.4858942011592783
9.0,0.77907,0.5210522671750848
12.0,0.77907,0.5254790125114637
12.0,1.164752,0.565942607771123
10.0,1.164752,0.6089456077779144
10.0,0.982039,0.4348136452468209
9.0,1.223059,0.551793913780037
9.0,1.287595,0.5217499539404518
10.0,1.223059,0.6203685539546808
9.0,1.60874,0.7004169605665256
13.0,0.24102,0.18555490870785996
11.0,0.482039,0.30253517724107604
12.0,0.546576,0.27249121740149085
12.0,0.482039,0.3711098174157199
12.0,0.867721,0.45115822402756467
11.0,0.482039,0.3711098174157199
10.0,0.723059,0.5566647261235799
12.0,0.435464,0.2408780142401705
11.0,0.74102,0.32781432293380136
12.0,0.77907,0.4368374627232124
11.0,0.482039,0.30253517724107604
10.0,0.723059,0.4195154457742921
12.0,0.867721,0.45115822402756467
13.0,0.600522,0.43683746272321233
9.0,1.223059,0.5617748600002335
12.0,0.24102,0.21604011794560476
11.0,0.482039,0.4015950266534647
11.0,0.435464,0.2713632234779153
11.0,0.482039,0.3330203864788208
11.0,0.600522,0.4673226719609571
12.0,0.24102,0.20792822344519143
11.0,0.546576,0.2948645321388223
10.0,0.482039,0.39348313215305136
10.0,0.482039,0.3249084919784075
11.0,0.867721,0.4735315387648961
12.0,0.482039,0.3436237981192194
10.0,0.723059,0.4606040666524355
11.0,0.24102,0.21604011794560476
10.0,0.482039,0.3330203864788208
9.0,0.482039,0.4015950266534647
12.0,0.435464,0.2713632234779153
11.0,0.77907,0.46732267196095717
14.0,0.546576,0.31837051994286336
12.0,0.74102,0.3736936254751738
12.0,0.482039,0.41219843829386327
10.0,0.723059,0.5977533470017232
11.0,0.867721,0.504016748002641
12.0,0.24102,0.20792822344519143
11.0,0.482039,0.3249084919784075
12.0,0.546576,0.2948645321388223
12.0,0.482039,0.39348313215305136
12.0,0.867721,0.4735315387648961
13.0,0.482039,0.41219843829386327
12.0,0.723059,0.5977533470017232
13.0,0.435464,0.2763388791156729
12.0,0.74102,0.36327518780930373
11.0,0.77907,0.4858942011592783
12.0,0.482039,0.3436237981192194
11.0,0.723059,0.4606040666524355
13.0,0.867721,0.504016748002641
12.0,0.77907,0.4858942011592783
10.0,1.223059,0.6203685539546808
11.0,0.24102,0.22071297472366655
11.0,0.482039,0.40626788343152653
11.0,0.435464,0.2760360802559771
10.0,0.482039,0.33769324325688266
11.0,0.600522,0.47199552873901895
10.0,0.24102,0.24308628946099803
8.0,0.482039,0.3600665579942141
10.0,0.24102,0.25119818396141136
10.0,0.435464,0.3065212894937219
11.0,0.482039,0.4473565043096699
11.0,0.24102,0.24308628946099803
10.0,0.482039,0.428641198168858
11.0,0.435464,0.3114969451314795
11.0,0.482039,0.378781864135026
10.0,0.77907,0.5210522671750848
11.0,0.24102,0.21053448196431243
11.0,0.546576,0.2974707906579433
9.0,0.482039,0.39608939067217236
10.0,0.482039,0.3275147504975285
11.0,0.867721,0.4761377972840171
11.0,0.24102,0.24101969120205724
9.0,0.482039,0.3579999597352733
9.0,0.24102,0.24101969120205724
7.0,0.482039,0.4265745999099172
12.0,0.546576,0.3433500931993158
10.0,0.24102,0.2329077967016439
10.0,0.546576,0.3198441053952748
11.0,0.482039,0.43717801155031577
10.0,0.482039,0.3686033713756719
11.0,0.867721,0.5289963212590935
11.0,0.482039,0.35170546854608625
10.0,0.723059,0.46868573707930233
10.0,0.482039,0.3821906777838311
11.0,0.482039,0.37407878328341776
10.0,0.723059,0.5097743579574457
12.0,0.24102,0.22071297472366655
10.0,0.482039,0.33769324325688266
10.0,0.482039,0.40626788343152653
11.0,0.435464,0.2760360802559771
11.0,0.77907,0.471995528739019
11.0,0.24102,0.25119818396141136
10.0,0.435464,0.3065212894937219
10.0,0.24102,0.24308628946099803
8.0,0.482039,0.428641198168858
11.0,0.482039,0.378781864135026
10.0,0.24102,0.24308628946099803
9.0,0.482039,0.3600665579942141
11.0,0.482039,0.4473565043096699
11.0,0.435464,0.3114969451314795
9.0,0.77907,0.5210522671750849
12.0,0.546576,0.3282154336344232
12.0,0.74102,0.3835385391667337
11.0,0.546576,0.3505887483717547
12.0,0.546576,0.3505887483717547
11.0,0.74102,0.41899940404223607
12.0,0.482039,0.42028010872073013
10.0,0.723059,0.6058350174285901
12.0,0.482039,0.45076531795847496
11.0,0.482039,0.44265342345806163
11.0,0.723059,0.6469236383067335
12.0,0.867721,0.5166399980937716
11.0,0.867721,0.5390133128311031
12.0,0.24102,0.21053448196431243
11.0,0.482039,0.3275147504975285
11.0,0.546576,0.2974707906579433
12.0,0.482039,0.39608939067217236
11.0,0.867721,0.4761377972840171
12.0,0.24102,0.24101969120205724
10.0,0.482039,0.4265745999099172
11.0,0.24102,0.2329077967016439
10.0,0.546576,0.3198441053952748
11.0,0.482039,0.3686033713756719
10.0,0.24102,0.24101969120205724
9.0,0.482039,0.3579999597352733
13.0,0.546576,0.3433500931993158
11.0,0.482039,0.43717801155031577
10.0,0.867721,0.5289963212590935
12.0,0.482039,0.42028010872073013
12.0,0.723059,0.6058350174285901
11.0,0.482039,0.44265342345806163
11.0,0.482039,0.45076531795847496
11.0,0.723059,0.6469236383067335
14.0,0.435464,0.2825200915029636
13.0,0.74102,0.3694564001965945
13.0,0.435464,0.3130053007407084
12.0,0.435464,0.3130053007407084
12.0,0.74102,0.41533570273796694
13.0,0.77907,0.49697510199547146
11.0,0.77907,0.5274603112332162
12.0,0.482039,0.35170546854608625
10.0,0.723059,0.46868573707930233
11.0,0.482039,0.3821906777838311
11.0,0.482039,0.37407878328341776
10.0,0.723059,0.5097743579574457
11.0,0.867721,0.5166399980937716
9.0,0.867721,0.5390133128311031
11.0,0.77907,0.4969751019954714
10.0,0.77907,0.5274603112332162
10.0,1.223059,0.6354365363129604
11.0,0.482039,0.3711098174157199
10.0,0.723059,0.488090085948936
11.0,0.787595,0.4580461261093508
10.0,0.723059,0.5566647261235799
11.0,1.10874,0.6367131327354246
10.0,0.723059,0.5566647261235799
8.0,0.964078,0.7422196348314398
12.0,0.676483,0.4264329229480305
9.0,0.982039,0.5133692316416614
11.0,1.02009,0.6223923714310724
9.0,0.723059,0.488090085948936
8.0,0.964078,0.6050703544821521
11.0,1.10874,0.6367131327354246
11.0,0.841541,0.6223923714310723
7.0,1.464078,0.7473297687080935
12.0,0.482039,0.41069462876790536
12.0,0.723059,0.5962495374757653
13.0,0.676483,0.4660177343002159
11.0,0.723059,0.5276748973011214
12.0,0.841541,0.6619771827832577
12.0,0.482039,0.3983757330624591
12.0,0.787595,0.48531204175609
10.0,0.723059,0.5839306417703191
10.0,0.723059,0.5153560015956752
9.0,1.10874,0.6639790483821638
11.0,0.723059,0.545621466702074
9.0,0.964078,0.6626017352352902
12.0,0.482039,0.41069462876790536
11.0,0.723059,0.5276748973011214
10.0,0.723059,0.5962495374757653
12.0,0.676483,0.4660177343002159
11.0,1.02009,0.6619771827832579
11.0,0.787595,0.5243224547071309
10.0,0.982039,0.5796455602394415
8.0,0.723059,0.6141961068767179
6.0,0.964078,0.799751015584578
10.0,1.10874,0.7163747559184193
13.0,0.482039,0.3983757330624591
12.0,0.723059,0.5153560015956752
13.0,0.787595,0.48531204175609
12.0,0.723059,0.5839306417703191
12.0,1.10874,0.6639790483821638
11.0,0.723059,0.6141961068767179
9.0,0.964078,0.799751015584578
11.0,0.676483,0.47418828374371336
10.0,0.982039,0.5611245924373442
10.0,0.723059,0.545621466702074
9.0,0.964078,0.6626017352352902
9.0,1.02009,0.6946713321311646
8.0,1.464078,0.8385148498165282
12.0,0.24102,0.2251397200600454
12.0,0.482039,0.41069462876790536
12.0,0.435464,0.2804628255923559
11.0,0.482039,0.3421199885932615
12.0,0.600522,0.4764222740753978
11.0,0.24102,0.24751303479737685
10.0,0.482039,0.36449330333059293
11.0,0.24102,0.25562492929779024
11.0,0.435464,0.31094803483010075
11.0,0.482039,0.45178324964604877
12.0,0.24102,0.24751303479737685
11.0,0.482039,0.4330679435052368
12.0,0.435464,0.31592369046785834
11.0,0.482039,0.3832086094714049
12.0,0.77907,0.5254790125114637
10.0,0.24102,0.25011929331649785
9.0,0.482039,0.36709956184971393
9.0,0.24102,0.2806045025542427
10.0,0.24102,0.27249260805382935
9.0,0.482039,0.40818818272785734
11.0,0.24102,0.26029778607585197
11.0,0.435464,0.31562089160816253
10.0,0.24102,0.2826711008131835
10.0,0.24102,0.2826711008131835
10.0,0.435464,0.3510817564836649
11.0,0.482039,0.4598649200729156
10.0,0.482039,0.4822382348102471
12.0,0.24102,0.25011929331649785
12.0,0.482039,0.4356742020243578
11.0,0.24102,0.27249260805382935
11.0,0.24102,0.2806045025542427
11.0,0.482039,0.4767628229025012
13.0,0.435464,0.32210490285514903
11.0,0.435464,0.3525901120928938
12.0,0.482039,0.3912902798982717
10.0,0.482039,0.4136635946356032
10.0,0.77907,0.5365599133476568
11.0,0.482039,0.41069462876790536
10.0,0.723059,0.5962495374757653
12.0,0.676483,0.4660177343002159
10.0,0.723059,0.5276748973011214
11.0,0.841541,0.6619771827832577
9.0,0.482039,0.43796054441464455
8.0,0.723059,0.5549408129478607
10.0,0.482039,0.4502794401200908
10.0,0.676483,0.5056025456524014
8.0,0.723059,0.6537809182289034
13.0,0.482039,0.43796054441464455
11.0,0.723059,0.6235154531225046
11.0,0.676483,0.5137730950958987
11.0,0.723059,0.5852062780542595
9.0,1.02009,0.73425614348335
14.0,0.24102,0.21282082435459915
14.0,0.546576,0.29975713304823004
12.0,0.482039,0.3983757330624591
13.0,0.482039,0.32980109288781523
13.0,0.867721,0.47842413967430386
14.0,0.24102,0.24330603359234396
12.0,0.482039,0.36028630212556007
13.0,0.24102,0.24330603359234396
11.0,0.482039,0.42886094230020394
15.0,0.546576,0.34563643558960255
13.0,0.24102,0.23519413909193063
13.0,0.546576,0.32213044778556155
13.0,0.482039,0.4394643539406025
13.0,0.482039,0.37088971376595864
14.0,0.867721,0.5312826636493801
12.0,0.24102,0.24797889037040577
11.0,0.482039,0.36495915890362185
11.0,0.24102,0.27846409960815055
12.0,0.24102,0.2703522051077372
11.0,0.482039,0.4060477797817652
13.0,0.24102,0.24797889037040577
11.0,0.482039,0.4335337990782657
12.0,0.24102,0.27846409960815055
11.0,0.24102,0.2703522051077372
11.0,0.482039,0.4746224199564091
13.0,0.546576,0.3554813492811624
12.0,0.546576,0.3778546640184939
14.0,0.24102,0.23780039761105162
13.0,0.546576,0.32473670630468254
13.0,0.24102,0.26828560684879643
12.0,0.24102,0.26828560684879643
13.0,0.546576,0.370616008846055
13.0,0.482039,0.4475460243674694
11.0,0.482039,0.47803123360521416
13.0,0.482039,0.3789713841928255
12.0,0.482039,0.4094565934305703
12.0,0.867721,0.5439059137405108
13.0,0.482039,0.3983757330624591
13.0,0.787595,0.48531204175609
12.0,0.723059,0.5839306417703191
11.0,0.723059,0.5153560015956752
12.0,1.10874,0.6639790483821638
13.0,0.482039,0.43796054441464455
11.0,0.723059,0.5549408129478606
13.0,0.482039,0.43796054441464455
11.0,0.723059,0.6235154531225044
12.0,0.787595,0.5515883703538701
14.0,0.482039,0.4256416487091983
13.0,0.787595,0.5125779574028292
13.0,0.723059,0.6414620225234571
12.0,0.723059,0.5728873823488132
12.0,0.482039,0.3600665579942141
11.0,0.723059,0.4770468265274302
11.0,0.482039,0.39055176723195895
11.0,0.482039,0.38243987273154556
12.0,0.723059,0.5181354474055736
11.0,0.482039,0.3952246240100207
9.0,0.482039,0.4175979387473522
12.0,0.482039,0.38504613125066656
10.0,0.482039,0.4155313404884114
11.0,0.723059,0.5262171178324404
11.0,0.723059,0.545621466702074
9.0,0.964078,0.6626017352352902
12.0,0.723059,0.5852062780542595
13.0,0.723059,0.5728873823488133
10.0,0.964078,0.7201331159884282
14.0,0.24102,0.2251397200600454
14.0,0.482039,0.3421199885932615
13.0,0.482039,0.41069462876790536
15.0,0.435464,0.2804628255923559
14.0,0.77907,0.47642227407539783
14.0,0.24102,0.25562492929779024
14.0,0.435464,0.31094803483010075
13.0,0.24102,0.24751303479737685
11.0,0.482039,0.4330679435052368
13.0,0.482039,0.3832086094714049
13.0,0.24102,0.24751303479737685
12.0,0.482039,0.36449330333059293
13.0,0.482039,0.45178324964604877
14.0,0.435464,0.31592369046785834
12.0,0.77907,0.5254790125114638
12.0,0.24102,0.26029778607585197
13.0,0.435464,0.31562089160816253
11.0,0.24102,0.2826711008131835
12.0,0.24102,0.2826711008131835
12.0,0.435464,0.3510817564836649
13.0,0.24102,0.25011929331649785
11.0,0.482039,0.4356742020243578
12.0,0.24102,0.2806045025542427
11.0,0.24102,0.27249260805382935
11.0,0.482039,0.4767628229025012
13.0,0.482039,0.3912902798982717
11.0,0.482039,0.4136635946356032
14.0,0.24102,0.25011929331649785
13.0,0.482039,0.36709956184971393
13.0,0.24102,0.2806045025542427
12.0,0.24102,0.27249260805382935
12.0,0.482039,0.40818818272785734
13.0,0.482039,0.4598649200729156
11.0,0.482039,0.4822382348102471
16.0,0.435464,0.32210490285514903
14.0,0.435464,0.3525901120928938
15.0,0.77907,0.5365599133476568
13.0,0.482039,0.41069462876790536
12.0,0.723059,0.5276748973011214
12.0,0.723059,0.5962495374757653
13.0,0.676483,0.4660177343002159
12.0,1.02009,0.6619771827832579
13.0,0.482039,0.4502794401200908
13.0,0.676483,0.5056025456524014
13.0,0.482039,0.43796054441464455
11.0,0.723059,0.6235154531225046
12.0,0.723059,0.5852062780542595
13.0,0.482039,0.43796054441464455
12.0,0.723059,0.5549408129478607
13.0,0.723059,0.6537809182289034
12.0,0.676483,0.5137730950958987
12.0,0.546576,0.33876754599927095
12.0,0.74102,0.3940906515315814
10.0,0.546576,0.3611408607366024
10.0,0.546576,0.3611408607366024
12.0,0.74102,0.42955151640708383
10.0,0.546576,0.3637471192557234
8.0,0.546576,0.38612043399305485
12.0,0.546576,0.3637471192557234
10.0,0.546576,0.38612043399305485
13.0,0.74102,0.4357327287943745
11.0,0.787595,0.5243224547071309
10.0,0.982039,0.5796455602394415
11.0,0.787595,0.5515883703538701
12.0,0.787595,0.5515883703538701
9.0,0.982039,0.6274009210351243
13.0,0.482039,0.428641198168858
11.0,0.723059,0.6141961068767179
12.0,0.482039,0.4591264074066028
11.0,0.482039,0.45101451290618944
13.0,0.723059,0.6552847277548614
11.0,0.482039,0.46379926418466455
9.0,0.482039,0.48617257892199606
13.0,0.482039,0.45362077142531043
11.0,0.482039,0.48410598066305527
13.0,0.723059,0.6633663981817282
11.0,0.723059,0.6141961068767179
9.0,0.964078,0.799751015584578
13.0,0.723059,0.6537809182289034
13.0,0.723059,0.6414620225234572
10.0,0.964078,0.857282396337716
12.0,0.24102,0.21282082435459915
11.0,0.482039,0.32980109288781523
13.0,0.546576,0.29975713304823004
12.0,0.482039,0.3983757330624591
12.0,0.867721,0.47842413967430386
13.0,0.24102,0.24330603359234396
11.0,0.482039,0.42886094230020394
12.0,0.24102,0.23519413909193063
11.0,0.546576,0.32213044778556155
12.0,0.482039,0.37088971376595864
11.0,0.24102,0.24330603359234396
10.0,0.482039,0.36028630212556007
13.0,0.546576,0.34563643558960255
12.0,0.482039,0.4394643539406025
11.0,0.867721,0.5312826636493801
11.0,0.24102,0.24797889037040577
11.0,0.482039,0.4335337990782657
10.0,0.24102,0.2703522051077372
10.0,0.24102,0.27846409960815055
10.0,0.482039,0.4746224199564091
11.0,0.24102,0.23780039761105162
11.0,0.546576,0.32473670630468254
11.0,0.24102,0.26828560684879643
9.0,0.24102,0.26828560684879643
11.0,0.546576,0.370616008846055
11.0,0.482039,0.3789713841928255
9.0,0.482039,0.4094565934305703
11.0,0.24102,0.24797889037040577
10.0,0.482039,0.36495915890362185
11.0,0.24102,0.27846409960815055
10.0,0.24102,0.2703522051077372
10.0,0.482039,0.4060477797817652
12.0,0.546576,0.3554813492811624
10.0,0.546576,0.3778546640184939
12.0,0.482039,0.4475460243674694
11.0,0.482039,0.47803123360521416
12.0,0.867721,0.5439059137405108
12.0,0.482039,0.3983757330624591
11.0,0.723059,0.5153560015956752
12.0,0.787595,0.48531204175609
10.0,0.723059,0.5839306417703191
11.0,1.10874,0.6639790483821638
13.0,0.482039,0.43796054441464455
11.0,0.723059,0.6235154531225044
10.0,0.482039,0.4256416487091983
10.0,0.787595,0.5125779574028292
11.0,0.723059,0.5728873823488132
9.0,0.482039,0.43796054441464455
8.0,0.723059,0.5549408129478606
11.0,0.787595,0.5515883703538701
8.0,0.723059,0.6414620225234571
9.0,1.10874,0.7436406715651585
9.0,0.482039,0.428641198168858
8.0,0.723059,0.6141961068767179
8.0,0.482039,0.45101451290618944
7.0,0.482039,0.4591264074066028
8.0,0.723059,0.6552847277548614
7.0,0.482039,0.45362077142531043
5.0,0.482039,0.48410598066305527
8.0,0.482039,0.46379926418466455
6.0,0.482039,0.48617257892199606
8.0,0.723059,0.6633663981817282
8.0,0.723059,0.6141961068767179
6.0,0.964078,0.799751015584578
8.0,0.723059,0.6414620225234572
8.0,0.723059,0.6537809182289034
4.0,0.964078,0.857282396337716
12.0,0.435464,0.28863337503585335
12.0,0.74102,0.37556968372948424
12.0,0.435464,0.3191185842735982
10.0,0.435464,0.3191185842735982
13.0,0.74102,0.4214489862708567
10.0,0.435464,0.32379144105165997
8.0,0.435464,0.35427665028940475
11.0,0.435464,0.32379144105165997
10.0,0.435464,0.35427665028940475
12.0,0.74102,0.43129389996241657
11.0,0.676483,0.47418828374371336
10.0,0.982039,0.5611245924373442
12.0,0.676483,0.5137730950958987
11.0,0.676483,0.5137730950958987
9.0,0.982039,0.6274009210351243
10.0,0.77907,0.5091164234233047
9.0,0.77907,0.5396016326610494
9.0,0.77907,0.5442744894391113
10.0,1.02009,0.6946713321311647
9.0,1.02009,0.7342561434833501
12.0,0.482039,0.3600665579942141
11.0,0.723059,0.4770468265274302
12.0,0.482039,0.39055176723195895
11.0,0.482039,0.38243987273154556
11.0,0.723059,0.5181354474055736
11.0,0.482039,0.3952246240100207
9.0,0.482039,0.4175979387473522
11.0,0.482039,0.38504613125066656
10.0,0.482039,0.4155313404884114
11.0,0.723059,0.5262171178324404
10.0,0.723059,0.545621466702074
9.0,0.964078,0.6626017352352902
12.0,0.723059,0.5852062780542595
11.0,0.723059,0.5728873823488133
10.0,0.964078,0.7201331159884282
10.0,0.867721,0.5308198472105593
9.0,0.867721,0.5531931619478908
8.0,0.867721,0.5557994204670118
9.0,1.10874,0.7163747559184193
9.0,1.10874,0.7436406715651585
9.0,1.223059,0.6529599411086682
8.0,1.464078,0.8385148498165282
14.0,0.194444,0.05532310553231055
12.0,0.435464,0.17230337406552662
12.0,0.5,0.1422594142259414
12.0,0.435464,0.2408780142401705
13.0,0.821145,0.3209264208520153
12.0,0.435464,0.2408780142401705
11.0,0.676483,0.4264329229480305
11.0,0.388888,0.1106462110646211
10.0,0.694444,0.19758251975825195
12.0,0.732495,0.306605659547663
11.0,0.435464,0.17230337406552662
10.0,0.676483,0.28928364259874273
12.0,0.821145,0.3209264208520153
12.0,0.553946,0.30660565954766295
9.0,1.176483,0.43154305682468413
12.0,0.194444,0.09048117154811715
11.0,0.435464,0.2760360802559771
9.0,0.388888,0.1458042770804277
10.0,0.435464,0.20746144008133321
11.0,0.553946,0.34176372556346957
13.0,0.194444,0.08030267878876302
11.0,0.5,0.16723898748239388
11.0,0.435464,0.26585758749662297
11.0,0.435464,0.1972829473219791
11.0,0.821145,0.34590599410846773
12.0,0.435464,0.22147366537053687
10.0,0.676483,0.33845393390375295
12.0,0.194444,0.09048117154811715
11.0,0.435464,0.20746144008133321
12.0,0.435464,0.2760360802559771
11.0,0.388888,0.1458042770804277
12.0,0.732495,0.3417637255634696
13.0,0.5,0.19798363045887374
10.0,0.694444,0.25330673599118425
14.0,0.435464,0.29004830554518074
13.0,0.676483,0.4756032142530407
12.0,0.821145,0.3864081949182222
12.0,0.194444,0.08030267878876302
11.0,0.435464,0.1972829473219791
10.0,0.5,0.16723898748239388
12.0,0.435464,0.26585758749662297
12.0,0.821145,0.34590599410846773
13.0,0.435464,0.29004830554518074
12.0,0.676483,0.4756032142530407
14.0,0.388888,0.1522882883274142
11.0,0.694444,0.23922459702104504
10.0,0.732495,0.36674329881992207
13.0,0.435464,0.22147366537053687
11.0,0.676483,0.33845393390375295
13.0,0.821145,0.3864081949182222
13.0,0.732495,0.366743298819922
9.0,1.176483,0.5052047331374111
12.0,0.194444,0.09048117154811715
12.0,0.435464,0.2760360802559771
11.0,0.388888,0.1458042770804277
11.0,0.435464,0.20746144008133321
12.0,0.553946,0.34176372556346957
11.0,0.194444,0.11546074480456961
10.0,0.435464,0.2324410133377857
11.0,0.194444,0.12563923756392376
9.0,0.388888,0.1809623430962343
13.0,0.435464,0.3252063715609873
11.0,0.194444,0.11546074480456961
10.0,0.435464,0.30101565351242954
13.0,0.388888,0.1874463543432208
12.0,0.435464,0.25663173138634343
11.0,0.732495,0.4019013648357286
12.0,0.194444,0.08030267878876302
10.0,0.5,0.16723898748239388
11.0,0.435464,0.26585758749662297
10.0,0.435464,0.1972829473219791
12.0,0.821145,0.34590599410846773
11.0,0.194444,0.11546074480456961
9.0,0.435464,0.2324410133377857
12.0,0.194444,0.11546074480456961
10.0,0.435464,0.30101565351242954
12.0,0.5,0.22296320371532619
11.0,0.194444,0.10528225204521548
8.0,0.5,0.19221856073884633
11.0,0.435464,0.3150278788016332
11.0,0.435464,0.2464532386269893
11.0,0.821145,0.4113877681746747
13.0,0.435464,0.22147366537053687
11.0,0.676483,0.33845393390375295
12.0,0.435464,0.25663173138634343
11.0,0.435464,0.2464532386269893
10.0,0.676483,0.3876242252087632
11.0,0.194444,0.09048117154811715
10.0,0.435464,0.20746144008133321
11.0,0.435464,0.2760360802559771
9.0,0.388888,0.1458042770804277
11.0,0.732495,0.3417637255634696
10.0,0.194444,0.12563923756392376
7.0,0.388888,0.1809623430962343
11.0,0.194444,0.11546074480456961
10.0,0.435464,0.30101565351242954
10.0,0.435464,0.25663173138634343
10.0,0.194444,0.11546074480456961
9.0,0.435464,0.2324410133377857
11.0,0.435464,0.3252063715609873
12.0,0.388888,0.1874463543432208
8.0,0.732495,0.4019013648357287
12.0,0.5,0.19798363045887374
10.0,0.694444,0.25330673599118425
11.0,0.5,0.22296320371532619
12.0,0.5,0.22296320371532619
11.0,0.694444,0.29494881325397737
13.0,0.435464,0.29004830554518074
12.0,0.676483,0.4756032142530407
11.0,0.435464,0.3252063715609873
11.0,0.435464,0.3150278788016332
10.0,0.676483,0.5247735055580509
13.0,0.821145,0.3864081949182222
11.0,0.821145,0.4113877681746747
12.0,0.194444,0.08030267878876302
10.0,0.435464,0.1972829473219791
11.0,0.5,0.16723898748239388
11.0,0.435464,0.26585758749662297
11.0,0.821145,0.34590599410846773
10.0,0.194444,0.11546074480456961
10.0,0.435464,0.30101565351242954
11.0,0.194444,0.10528225204521548
10.0,0.5,0.19221856073884633
11.0,0.435464,0.2464532386269893
11.0,0.194444,0.11546074480456961
10.0,0.435464,0.2324410133377857
11.0,0.5,0.22296320371532619
13.0,0.435464,0.3150278788016332
11.0,0.821145,0.4113877681746747
14.0,0.435464,0.29004830554518074
13.0,0.676483,0.4756032142530407
13.0,0.435464,0.3150278788016332
13.0,0.435464,0.3252063715609873
13.0,0.676483,0.5247735055580509
14.0,0.388888,0.1522882883274142
11.0,0.694444,0.23922459702104504
12.0,0.388888,0.1874463543432208
12.0,0.388888,0.1874463543432208
11.0,0.694444,0.29494881325397737
13.0,0.732495,0.36674329881992207
11.0,0.732495,0.4019013648357287
11.0,0.435464,0.22147366537053687
10.0,0.676483,0.33845393390375295
10.0,0.435464,0.25663173138634343
11.0,0.435464,0.2464532386269893
9.0,0.676483,0.3876242252087632
12.0,0.821145,0.3864081949182222
11.0,0.821145,0.4113877681746747
10.0,0.732495,0.366743298819922
8.0,0.732495,0.4019013648357286
9.0,1.176483,0.5052047331374111
11.0,0.5,0.1422594142259414
9.0,0.74102,0.2592396827591575
10.0,0.805556,0.22919572291957227
11.0,0.74102,0.32781432293380136
10.0,1.126701,0.4078627295456461
11.0,0.74102,0.32781432293380136
9.0,0.982039,0.5133692316416614
11.0,0.694444,0.19758251975825195
7.0,1.0,0.2845188284518828
10.0,1.038051,0.39354196824129384
9.0,0.74102,0.2592396827591575
7.0,0.982039,0.37621995129237357
10.0,1.126701,0.4078627295456461
10.0,0.859502,0.3935419682412938
5.0,1.482039,0.518479365518315
12.0,0.5,0.18339171466019286
12.0,0.74102,0.36894662336805284
10.0,0.694444,0.2387148201925034
11.0,0.74102,0.30037198319340896
11.0,0.859502,0.43467426867554526
14.0,0.5,0.17028386480434868
11.0,0.805556,0.25722017349797954
13.0,0.74102,0.35583877351220866
12.0,0.74102,0.2872641333375648
10.0,1.126701,0.4358871801240534
13.0,0.74102,0.3198870988599582
11.0,0.982039,0.4368673673931743
12.0,0.5,0.18339171466019286
11.0,0.74102,0.30037198319340896
12.0,0.74102,0.36894662336805284
10.0,0.694444,0.2387148201925034
11.0,1.038051,0.4346742686755453
9.0,0.805556,0.2995118549511855
5.0,1.0,0.354834960483496
12.0,0.74102,0.38846173903460207
10.0,0.982039,0.5740166477424621
9.0,1.126701,0.4931557563491317
14.0,0.5,0.17028386480434868
12.0,0.74102,0.2872641333375648
11.0,0.805556,0.25722017349797954
12.0,0.74102,0.35583877351220866
11.0,1.126701,0.4358871801240534
12.0,0.74102,0.38846173903460207
10.0,0.982039,0.5740166477424621
10.0,0.694444,0.24754166627115687
5.0,1.0,0.33447797496478776
10.0,1.038051,0.4705491888351346
12.0,0.74102,0.3198870988599582
10.0,0.982039,0.4368673673931743
9.0,1.126701,0.4931557563491317
10.0,1.038051,0.4705491888351345
5.0,1.482039,0.6168199481283355
14.0,0.194444,0.09275371781393438
14.0,0.435464,0.27830862652179433
13.0,0.388888,0.14807682334624492
13.0,0.435464,0.20973398634715046
14.0,0.553946,0.34403627182928675
14.0,0.194444,0.11773329107038685
12.0,0.435464,0.2347135596036029
14.0,0.194444,0.12791178382974097
13.0,0.388888,0.1832348893620515
15.0,0.435464,0.32747891782680455
13.0,0.194444,0.11773329107038685
12.0,0.435464,0.3032881997782468
13.0,0.388888,0.189718900609038
11.0,0.435464,0.2589042776521607
12.0,0.732495,0.4041739111015459
13.0,0.194444,0.11773329107038685
12.0,0.435464,0.2347135596036029
12.0,0.194444,0.15289135708619345
11.0,0.194444,0.1427128643268393
9.0,0.435464,0.2838838509086131
13.0,0.194444,0.12791178382974097
11.0,0.388888,0.1832348893620515
12.0,0.194444,0.15289135708619345
12.0,0.194444,0.15289135708619345
11.0,0.388888,0.22487696662484463
13.0,0.435464,0.32747891782680455
11.0,0.435464,0.352458491083257
14.0,0.194444,0.11773329107038685
13.0,0.435464,0.3032881997782468
13.0,0.194444,0.1427128643268393
13.0,0.194444,0.15289135708619345
14.0,0.435464,0.352458491083257
12.0,0.388888,0.189718900609038
10.0,0.388888,0.22487696662484463
14.0,0.435464,0.2589042776521607
12.0,0.435464,0.2838838509086131
12.0,0.732495,0.4041739111015459
13.0,0.5,0.17969002650756524
13.0,0.74102,0.36524493521542517
11.0,0.694444,0.23501313203987578
11.0,0.74102,0.2966702950407813
11.0,0.859502,0.4309725805229176
12.0,0.5,0.20771447708597252
10.0,0.74102,0.3246947456191886
14.0,0.5,0.2208223269418167
11.0,0.694444,0.27614543247412726
13.0,0.74102,0.42589235131622594
14.0,0.5,0.20771447708597252
12.0,0.74102,0.39326938579383247
9.0,0.694444,0.28497227855278073
13.0,0.74102,0.35731771114158206
10.0,1.038051,0.5079798011167583
13.0,0.194444,0.08149820580865239
12.0,0.5,0.16843451450228325
12.0,0.435464,0.2670531145165123
12.0,0.435464,0.19847847434186847
11.0,0.821145,0.3471015211283571
11.0,0.194444,0.11665627182445898
10.0,0.435464,0.23363654035767506
12.0,0.194444,0.11665627182445898
12.0,0.435464,0.30221118053231893
12.0,0.5,0.22415873073521558
12.0,0.194444,0.10647777906510485
12.0,0.5,0.1934140877587357
12.0,0.435464,0.3162234058215226
11.0,0.435464,0.2476487656468787
10.0,0.821145,0.41258329519456405
12.0,0.194444,0.11665627182445898
11.0,0.435464,0.23363654035767506
11.0,0.194444,0.15181433784026557
11.0,0.194444,0.14163584508091145
9.0,0.435464,0.2828068316626853
11.0,0.194444,0.11665627182445898
11.0,0.435464,0.30221118053231893
9.0,0.194444,0.15181433784026557
10.0,0.194444,0.14163584508091145
10.0,0.435464,0.35138147183732915
12.0,0.5,0.22415873073521558
11.0,0.5,0.24913830399166803
12.0,0.194444,0.10647777906510485
11.0,0.5,0.1934140877587357
10.0,0.194444,0.14163584508091145
11.0,0.194444,0.14163584508091145
10.0,0.5,0.24913830399166803
13.0,0.435464,0.3162234058215226
12.0,0.435464,0.35138147183732915
11.0,0.435464,0.2476487656468787
9.0,0.435464,0.2828068316626853
12.0,0.821145,0.41258329519456405
12.0,0.5,0.16843451450228325
10.0,0.805556,0.2553708231959141
12.0,0.74102,0.3539894232101432
11.0,0.74102,0.28541478303549933
9.0,1.126701,0.43403782982198796
9.0,0.5,0.2095668149365347
8.0,0.74102,0.3265470834697508
12.0,0.5,0.2095668149365347
11.0,0.74102,0.3951217236443947
8.0,0.805556,0.32568695522752733
14.0,0.5,0.19645896508069052
11.0,0.805556,0.2833952737743214
12.0,0.74102,0.4146368393109439
13.0,0.74102,0.34606219913630004
9.0,1.126701,0.5193308566254735
14.0,0.435464,0.2256702214629955
13.0,0.676483,0.3426504899962116
13.0,0.435464,0.2608282874788021
12.0,0.435464,0.250649794719448
12.0,0.676483,0.3918207813012219
13.0,0.435464,0.2608282874788021
11.0,0.435464,0.28580786073525455
13.0,0.435464,0.250649794719448
12.0,0.435464,0.28580786073525455
13.0,0.676483,0.3918207813012219
13.0,0.74102,0.31260653015662637
11.0,0.982039,0.42958679868984245
13.0,0.74102,0.35373883059087785
13.0,0.74102,0.3406309807350337
11.0,0.982039,0.49023421479064316
14.0,0.194444,0.09275371781393438
13.0,0.435464,0.20973398634715046
14.0,0.435464,0.27830862652179433
14.0,0.388888,0.14807682334624492
14.0,0.732495,0.3440362718292868
13.0,0.194444,0.12791178382974097
12.0,0.388888,0.1832348893620515
15.0,0.194444,0.11773329107038685
13.0,0.435464,0.3032881997782468
14.0,0.435464,0.2589042776521607
13.0,0.194444,0.11773329107038685
12.0,0.435464,0.2347135596036029
13.0,0.435464,0.32747891782680455
12.0,0.388888,0.189718900609038
13.0,0.732495,0.4041739111015459
14.0,0.194444,0.12791178382974097
12.0,0.388888,0.1832348893620515
13.0,0.194444,0.15289135708619345
12.0,0.194444,0.15289135708619345
10.0,0.388888,0.22487696662484463
13.0,0.194444,0.11773329107038685
12.0,0.435464,0.3032881997782468
12.0,0.194444,0.15289135708619345
11.0,0.194444,0.1427128643268393
11.0,0.435464,0.352458491083257
13.0,0.435464,0.2589042776521607
11.0,0.435464,0.2838838509086131
14.0,0.194444,0.11773329107038685
12.0,0.435464,0.2347135596036029
12.0,0.194444,0.15289135708619345
13.0,0.194444,0.1427128643268393
12.0,0.435464,0.2838838509086131
15.0,0.435464,0.32747891782680455
13.0,0.435464,0.352458491083257
12.0,0.388888,0.189718900609038
10.0,0.388888,0.22487696662484463
12.0,0.732495,0.4041739111015459
14.0,0.5,0.17969002650756524
12.0,0.74102,0.2966702950407813
12.0,0.74102,0.36524493521542517
11.0,0.694444,0.23501313203987578
11.0,1.038051,0.43097258052291765
14.0,0.5,0.2208223269418167
11.0,0.694444,0.27614543247412726
14.0,0.5,0.20771447708597252
12.0,0.74102,0.39326938579383247
13.0,0.74102,0.35731771114158206
11.0,0.5,0.20771447708597252
9.0,0.74102,0.3246947456191886
13.0,0.74102,0.42589235131622594
9.0,0.694444,0.28497227855278073
9.0,1.038051,0.5079798011167584
10.0,0.5,0.20322983270143102
9.0,0.694444,0.25855293823374154
10.0,0.5,0.22820940595788347
8.0,0.5,0.22820940595788347
9.0,0.694444,0.30019501549653466
8.0,0.5,0.22820940595788347
6.0,0.5,0.2531889792143359
10.0,0.5,0.22820940595788347
8.0,0.5,0.2531889792143359
9.0,0.694444,0.30019501549653466
9.0,0.805556,0.29016614139506186
5.0,1.0,0.34548924692737243
9.0,0.805556,0.31819059197346916
9.0,0.805556,0.31819059197346916
3.0,1.0,0.3954483934402774
12.0,0.435464,0.2942448616376394
11.0,0.676483,0.47979977034549937
11.0,0.435464,0.329402927653446
10.0,0.435464,0.31922443489409186
11.0,0.676483,0.5289700616505096
10.0,0.435464,0.329402927653446
8.0,0.435464,0.3543825009098984
11.0,0.435464,0.31922443489409186
10.0,0.435464,0.3543825009098984
12.0,0.676483,0.5289700616505096
12.0,0.74102,0.38118117033127025
10.0,0.982039,0.5667360790391303
12.0,0.74102,0.4223134707655217
13.0,0.74102,0.40920562090967755
9.0,0.982039,0.627383495139931
11.0,0.821145,0.39336717928624704
10.0,0.821145,0.4183467525426995
10.0,0.821145,0.4183467525426995
9.0,1.126701,0.4803034879798779
9.0,1.126701,0.5083279385582852
13.0,0.194444,0.08149820580865239
12.0,0.435464,0.19847847434186847
13.0,0.5,0.16843451450228325
12.0,0.435464,0.2670531145165123
13.0,0.821145,0.3471015211283571
11.0,0.194444,0.11665627182445898
11.0,0.435464,0.30221118053231893
12.0,0.194444,0.10647777906510485
11.0,0.5,0.1934140877587357
11.0,0.435464,0.2476487656468787
12.0,0.194444,0.11665627182445898
11.0,0.435464,0.23363654035767506
12.0,0.5,0.22415873073521558
14.0,0.435464,0.3162234058215226
12.0,0.821145,0.41258329519456405
12.0,0.194444,0.11665627182445898
12.0,0.435464,0.30221118053231893
11.0,0.194444,0.14163584508091145
11.0,0.194444,0.15181433784026557
12.0,0.435464,0.35138147183732915
12.0,0.194444,0.10647777906510485
12.0,0.5,0.1934140877587357
11.0,0.194444,0.14163584508091145
11.0,0.194444,0.14163584508091145
11.0,0.5,0.24913830399166803
12.0,0.435464,0.2476487656468787
11.0,0.435464,0.2828068316626853
11.0,0.194444,0.11665627182445898
10.0,0.435464,0.23363654035767506
9.0,0.194444,0.15181433784026557
10.0,0.194444,0.14163584508091145
9.0,0.435464,0.2828068316626853
12.0,0.5,0.22415873073521558
10.0,0.5,0.24913830399166803
12.0,0.435464,0.3162234058215226
10.0,0.435464,0.35138147183732915
12.0,0.821145,0.41258329519456405
12.0,0.5,0.16843451450228325
11.0,0.74102,0.28541478303549933
10.0,0.805556,0.2553708231959141
12.0,0.74102,0.3539894232101432
11.0,1.126701,0.43403782982198796
12.0,0.5,0.2095668149365347
11.0,0.74102,0.3951217236443947
14.0,0.5,0.19645896508069052
11.0,0.805556,0.2833952737743214
13.0,0.74102,0.34606219913630004
9.0,0.5,0.2095668149365347
8.0,0.74102,0.3265470834697508
8.0,0.805556,0.32568695522752733
12.0,0.74102,0.4146368393109439
9.0,1.126701,0.5193308566254735
12.0,0.435464,0.2942448616376394
11.0,0.676483,0.47979977034549937
12.0,0.435464,0.31922443489409186
10.0,0.435464,0.329402927653446
12.0,0.676483,0.5289700616505096
10.0,0.435464,0.31922443489409186
8.0,0.435464,0.3543825009098984
10.0,0.435464,0.329402927653446
10.0,0.435464,0.3543825009098984
11.0,0.676483,0.5289700616505096
12.0,0.74102,0.38118117033127025
10.0,0.982039,0.5667360790391303
13.0,0.74102,0.40920562090967755
12.0,0.74102,0.4223134707655217
9.0,0.982039,0.627383495139931
9.0,0.388888,0.15539284053928404
9.0,0.694444,0.24232914923291488
7.0,0.388888,0.19055090655509066
9.0,0.388888,0.19055090655509066
8.0,0.694444,0.2980533654658472
9.0,0.388888,0.19055090655509066
7.0,0.388888,0.22570897257089723
7.0,0.388888,0.19055090655509066
5.0,0.388888,0.22570897257089723
8.0,0.694444,0.29805336546584726
9.0,0.694444,0.24232914923291488
5.0,1.0,0.32926545792654577
8.0,0.694444,0.28346144966716635
8.0,0.694444,0.28346144966716635
3.0,1.0,0.39958158995815896
10.0,0.732495,0.3727432942838076
10.0,0.732495,0.4079013602996142
9.0,0.732495,0.4079013602996142
9.0,1.038051,0.45967960297743843
9.0,1.038051,0.5008119034116899
14.0,0.435464,0.2256702214629955
13.0,0.676483,0.3426504899962116
13.0,0.435464,0.2608282874788021
13.0,0.435464,0.250649794719448
13.0,0.676483,0.3918207813012219
13.0,0.435464,0.2608282874788021
11.0,0.435464,0.28580786073525455
12.0,0.435464,0.250649794719448
11.0,0.435464,0.28580786073525455
13.0,0.676483,0.3918207813012219
12.0,0.74102,0.31260653015662637
10.0,0.982039,0.42958679868984245
13.0,0.74102,0.35373883059087785
13.0,0.74102,0.3406309807350337
11.0,0.982039,0.49023421479064316
11.0,0.821145,0.39336717928624704
10.0,0.821145,0.4183467525426995
10.0,0.821145,0.4183467525426995
9.0,1.126701,0.4803034879798779
9.0,1.126701,0.5083279385582852
11.0,0.732495,0.37274329428380754
9.0,0.732495,0.4079013602996141
10.0,0.732495,0.4079013602996141
10.0,1.038051,0.4596796029774384
9.0,1.038051,0.5008119034116898
8.0,1.176483,0.5137202985809709
5.0,1.482039,0.6006566072746018
13.0,0.538051,0.25128255401535243
11.0,0.77907,0.3682628225485685
12.0,0.843607,0.33821886270898327
12.0,0.77907,0.4368374627232124
12.0,1.164752,0.5168858693350571
12.0,0.77907,0.4368374627232124
11.0,1.02009,0.6223923714310724
12.0,0.732495,0.306605659547663
10.0,1.038051,0.39354196824129384
9.0,1.076101,0.5025651080307049
11.0,0.77907,0.3682628225485685
9.0,1.02009,0.4852430910817846
12.0,1.164752,0.5168858693350571
12.0,0.897553,0.5025651080307048
8.0,1.52009,0.627502505307726
12.0,0.538051,0.28644062003115905
12.0,0.77907,0.471995528739019
12.0,0.732495,0.3417637255634696
11.0,0.77907,0.40342088856437514
11.0,0.897553,0.5377231740465114
12.0,0.538051,0.2762621272718049
12.0,0.843607,0.3631984359654357
11.0,0.77907,0.46181703597966484
10.0,0.77907,0.39324239580502096
11.0,1.164752,0.5418654425915096
12.0,0.77907,0.41743311385357873
10.0,1.02009,0.5344133823867948
12.0,0.538051,0.28644062003115905
10.0,0.77907,0.40342088856437514
11.0,0.77907,0.471995528739019
11.0,0.732495,0.3417637255634696
8.0,1.076101,0.5377231740465115
11.0,0.843607,0.3939430789419156
9.0,1.038051,0.44926618447422617
11.0,0.77907,0.4860077540282226
9.0,1.02009,0.6715626627360827
10.0,1.164752,0.582367643401264
12.0,0.538051,0.2762621272718049
10.0,0.77907,0.39324239580502096
11.0,0.843607,0.3631984359654357
11.0,0.77907,0.46181703597966484
10.0,1.164752,0.5418654425915096
13.0,0.77907,0.4860077540282226
12.0,1.02009,0.6715626627360827
12.0,0.732495,0.3482477368104561
10.0,1.038051,0.43518404550408696
13.0,1.076101,0.562702747302964
11.0,0.77907,0.41743311385357873
9.0,1.02009,0.5344133823867948
12.0,1.164752,0.582367643401264
11.0,1.076101,0.5627027473029638
9.0,1.52009,0.701164181620453
11.0,0.538051,0.2933179222186842
10.0,0.77907,0.47887283092654415
10.0,0.732495,0.34864102775099476
10.0,0.77907,0.41029819075190027
11.0,0.897553,0.5446004762340365
10.0,0.538051,0.31829749547513664
8.0,0.77907,0.4352777640083527
10.0,0.538051,0.3284759882344908
8.0,0.732495,0.3837990937668014
11.0,0.77907,0.5280431222315544
11.0,0.538051,0.31829749547513664
10.0,0.77907,0.5038524041829966
12.0,0.732495,0.3902831050137879
11.0,0.77907,0.4594684820569105
9.0,1.076101,0.6047381155062956
13.0,0.538051,0.27974011672221866
12.0,0.843607,0.36667642541584944
11.0,0.77907,0.4652950254300786
11.0,0.77907,0.39672038525543474
12.0,1.164752,0.5453434320419233
11.0,0.538051,0.3148981827380252
9.0,0.77907,0.4318784512712413
11.0,0.538051,0.3148981827380252
9.0,0.77907,0.5004530914458851
12.0,0.843607,0.42240064164878177
12.0,0.538051,0.3047196899786711
11.0,0.843607,0.39165599867230194
12.0,0.77907,0.5144653167350888
12.0,0.77907,0.44589067656044495
10.0,1.164752,0.6108252061081303
12.0,0.77907,0.43078094067822553
10.0,1.02009,0.5477612092114417
10.0,0.77907,0.46593900669403215
10.0,0.77907,0.455760513934678
9.0,1.02009,0.5969315005164518
14.0,0.538051,0.2933179222186842
13.0,0.77907,0.41029819075190027
13.0,0.77907,0.47887283092654415
13.0,0.732495,0.34864102775099476
13.0,1.076101,0.5446004762340366
13.0,0.538051,0.3284759882344908
11.0,0.732495,0.3837990937668014
13.0,0.538051,0.31829749547513664
11.0,0.77907,0.5038524041829966
13.0,0.77907,0.4594684820569105
13.0,0.538051,0.31829749547513664
11.0,0.77907,0.4352777640083527
14.0,0.77907,0.5280431222315544
12.0,0.732495,0.3902831050137879
10.0,1.076101,0.6047381155062956
11.0,0.843607,0.41099067873156025
9.0,1.038051,0.4663137842638708
10.0,0.843607,0.43597025198801276
10.0,0.843607,0.43597025198801276
9.0,1.038051,0.5079558615266639
10.0,1.164752,0.6056624880318564
8.0,1.164752,0.6306420612883088
13.0,0.538051,0.27974011672221866
11.0,0.77907,0.39672038525543474
13.0,0.843607,0.36667642541584944
13.0,0.77907,0.4652950254300786
12.0,1.164752,0.5453434320419233
12.0,0.538051,0.3148981827380252
11.0,0.77907,0.5004530914458851
12.0,0.538051,0.3047196899786711
11.0,0.843607,0.39165599867230194
12.0,0.77907,0.44589067656044495
11.0,0.538051,0.3148981827380252
10.0,0.77907,0.4318784512712413
10.0,0.843607,0.42240064164878177
10.0,0.77907,0.5144653167350888
8.0,1.164752,0.6108252061081303
10.0,0.77907,0.4993555808528694
9.0,1.02009,0.6849104895607294
8.0,0.77907,0.5243351541093219
9.0,0.77907,0.534513646868676
9.0,1.02009,0.7340807808657397
11.0,0.732495,0.3578681996450215
9.0,1.038051,0.4448045083386523
10.0,0.732495,0.3930262656608281
9.0,0.732495,0.3930262656608281
9.0,1.038051,0.5005287245715847
8.0,1.076101,0.5824698035211744
6.0,1.076101,0.617627869536981
12.0,0.77907,0.43078094067822553
10.0,1.02009,0.5477612092114417
10.0,0.77907,0.46593900669403215
10.0,0.77907,0.455760513934678
9.0,1.02009,0.5969315005164518
9.0,1.164752,0.6056624880318564
7.0,1.164752,0.6306420612883088
9.0,1.076101,0.5824698035211743
7.0,1.076101,0.6176278695369809
8.0,1.52009,0.730330351554165
12.0,0.24102,0.11698026853321608
10.0,0.482039,0.23396053706643216
12.0,0.546576,0.20391657722684695
12.0,0.482039,0.30253517724107604
11.0,0.867721,0.3825835838529208
11.0,0.482039,0.30253517724107604
10.0,0.723059,0.488090085948936
11.0,0.435464,0.17230337406552662
9.0,0.74102,0.2592396827591575
11.0,0.77907,0.3682628225485685
10.0,0.482039,0.23396053706643216
8.0,0.723059,0.35094080559964824
11.0,0.867721,0.3825835838529208
11.0,0.600522,0.36826282254856846
7.0,1.223059,0.49320021982558965
11.0,0.24102,0.15213833454902267
10.0,0.482039,0.33769324325688266
10.0,0.435464,0.20746144008133321
9.0,0.482039,0.2691186030822388
10.0,0.600522,0.4034208885643751
12.0,0.24102,0.14195984178966856
10.0,0.546576,0.22889615048329942
11.0,0.482039,0.3275147504975285
10.0,0.482039,0.2589401103228846
10.0,0.867721,0.40756315710937324
11.0,0.482039,0.2831308283714424
9.0,0.723059,0.40011109690465846
12.0,0.24102,0.15213833454902267
10.0,0.482039,0.2691186030822388
11.0,0.482039,0.33769324325688266
12.0,0.435464,0.20746144008133321
11.0,0.77907,0.40342088856437514
12.0,0.546576,0.2596407934597793
11.0,0.74102,0.3149638989920898
13.0,0.482039,0.35170546854608625
12.0,0.723059,0.5372603772539463
11.0,0.867721,0.4480653579191277
11.0,0.24102,0.14195984178966856
9.0,0.482039,0.2589401103228846
11.0,0.546576,0.22889615048329942
11.0,0.482039,0.3275147504975285
11.0,0.867721,0.40756315710937324
11.0,0.482039,0.35170546854608625
11.0,0.723059,0.5372603772539463
14.0,0.435464,0.2139454513283197
12.0,0.74102,0.3008817600219506
10.0,0.77907,0.4284004618208276
12.0,0.482039,0.2831308283714424
10.0,0.723059,0.40011109690465846
11.0,0.867721,0.4480653579191277
13.0,0.77907,0.4284004618208275
9.0,1.223059,0.5668618961383166
12.0,0.24102,0.1474654777709609
11.0,0.482039,0.3330203864788208
11.0,0.435464,0.20278858330327143
10.0,0.482039,0.26444574630417694
10.0,0.600522,0.39874803178631324
9.0,0.24102,0.17244505102741337
7.0,0.482039,0.28942531956062945
11.0,0.24102,0.18262354378676748
10.0,0.435464,0.23794664931907802
12.0,0.482039,0.3821906777838311
11.0,0.24102,0.17244505102741337
9.0,0.482039,0.3579999597352733
12.0,0.435464,0.24443066056606452
11.0,0.482039,0.3136160376091872
11.0,0.77907,0.45888567105857236
11.0,0.24102,0.13935358327054756
10.0,0.546576,0.22628989196417842
10.0,0.482039,0.3249084919784075
9.0,0.482039,0.2563338518037636
10.0,0.867721,0.40495689859025225
9.0,0.24102,0.17451164928635415
7.0,0.482039,0.29149191781957023
10.0,0.24102,0.17451164928635415
9.0,0.482039,0.3600665579942141
10.0,0.546576,0.28201410819711076
10.0,0.24102,0.16433315652700003
9.0,0.546576,0.25126946522063087
10.0,0.482039,0.37407878328341776
10.0,0.482039,0.3055041431087739
10.0,0.867721,0.4704386726564592
11.0,0.482039,0.2750491579445755
9.0,0.723059,0.3920294264777916
10.0,0.482039,0.31020722396038214
11.0,0.482039,0.300028731201028
10.0,0.723059,0.44119971778280187
10.0,0.24102,0.1474654777709609
9.0,0.482039,0.26444574630417694
10.0,0.482039,0.3330203864788208
10.0,0.435464,0.20278858330327143
10.0,0.77907,0.3987480317863133
9.0,0.24102,0.18262354378676748
9.0,0.435464,0.23794664931907802
11.0,0.24102,0.17244505102741337
9.0,0.482039,0.3579999597352733
10.0,0.482039,0.3136160376091872
9.0,0.24102,0.17244505102741337
7.0,0.482039,0.28942531956062945
10.0,0.482039,0.3821906777838311
12.0,0.435464,0.24443066056606452
8.0,0.77907,0.45888567105857236
13.0,0.546576,0.24979587976821943
12.0,0.74102,0.30511898530052994
12.0,0.546576,0.2747754530246719
12.0,0.546576,0.2747754530246719
9.0,0.74102,0.34676106256332306
11.0,0.482039,0.3436237981192194
11.0,0.723059,0.5291787068270793
10.0,0.482039,0.378781864135026
10.0,0.482039,0.3686033713756719
8.0,0.723059,0.5783489981320896
10.0,0.867721,0.4354421078279971
8.0,0.867721,0.46042168108444953
12.0,0.24102,0.13935358327054756
10.0,0.482039,0.2563338518037636
11.0,0.546576,0.22628989196417842
10.0,0.482039,0.3249084919784075
11.0,0.867721,0.40495689859025225
10.0,0.24102,0.17451164928635415
9.0,0.482039,0.3600665579942141
11.0,0.24102,0.16433315652700003
10.0,0.546576,0.25126946522063087
11.0,0.482039,0.3055041431087739
10.0,0.24102,0.17451164928635415
8.0,0.482039,0.29149191781957023
11.0,0.546576,0.28201410819711076
11.0,0.482039,0.37407878328341776
9.0,0.867721,0.4704386726564592
14.0,0.482039,0.3436237981192194
12.0,0.723059,0.5291787068270793
13.0,0.482039,0.3686033713756719
12.0,0.482039,0.378781864135026
12.0,0.723059,0.5783489981320896
12.0,0.435464,0.20776423894102902
11.0,0.74102,0.29470054763465986
10.0,0.435464,0.24292230495683562
11.0,0.435464,0.24292230495683562
8.0,0.74102,0.3504247638675922
11.0,0.77907,0.4173195609846344
9.0,0.77907,0.45247762700044103
11.0,0.482039,0.2750491579445755
10.0,0.723059,0.3920294264777916
10.0,0.482039,0.31020722396038214
11.0,0.482039,0.300028731201028
10.0,0.723059,0.44119971778280187
13.0,0.867721,0.4354421078279971
11.0,0.867721,0.46042168108444953
11.0,0.77907,0.4173195609846344
9.0,0.77907,0.452477627000441
9.0,1.223059,0.551793913780037
10.0,0.482039,0.23396053706643216
8.0,0.723059,0.35094080559964824
10.0,0.787595,0.32089684576006305
10.0,0.723059,0.4195154457742921
9.0,1.10874,0.4995638523861369
10.0,0.723059,0.4195154457742921
8.0,0.964078,0.6050703544821521
10.0,0.676483,0.28928364259874273
7.0,0.982039,0.37621995129237357
9.0,1.02009,0.4852430910817846
8.0,0.723059,0.35094080559964824
6.0,0.964078,0.4679210741328643
9.0,1.10874,0.4995638523861369
9.0,0.841541,0.48524309108178454
5.0,1.464078,0.6101804883588058
11.0,0.482039,0.2735453484186176
10.0,0.723059,0.45910025712647756
10.0,0.676483,0.3288684539509282
9.0,0.723059,0.3905256169518337
9.0,0.841541,0.5248279024339699
11.0,0.482039,0.26122645271317135
10.0,0.787595,0.34816276140680225
10.0,0.723059,0.4467813614210313
9.0,0.723059,0.37820672124638743
9.0,1.10874,0.5268297680328761
7.0,0.723059,0.4084721863527863
5.0,0.964078,0.5254524548860025
11.0,0.482039,0.2735453484186176
10.0,0.723059,0.3905256169518337
11.0,0.723059,0.45910025712647756
11.0,0.676483,0.3288684539509282
10.0,1.02009,0.52482790243397
13.0,0.787595,0.38717317435784315
10.0,0.982039,0.4424962798901536
11.0,0.723059,0.4770468265274302
9.0,0.964078,0.6626017352352902
8.0,1.10874,0.5792254755691315
12.0,0.482039,0.26122645271317135
10.0,0.723059,0.37820672124638743
11.0,0.787595,0.34816276140680225
10.0,0.723059,0.4467813614210313
10.0,1.10874,0.5268297680328761
11.0,0.723059,0.4770468265274302
9.0,0.964078,0.6626017352352902
13.0,0.676483,0.3370390033944256
10.0,0.982039,0.42397531208805644
10.0,1.02009,0.5575220517818769
8.0,0.723059,0.4084721863527863
6.0,0.964078,0.5254524548860025
10.0,1.10874,0.5792254755691315
10.0,1.02009,0.5575220517818769
5.0,1.464078,0.7013655694672405
12.0,0.24102,0.15656507988540153
12.0,0.482039,0.3421199885932615
12.0,0.435464,0.21188818541771207
11.0,0.482039,0.2735453484186176
12.0,0.600522,0.4078476339007539
12.0,0.24102,0.18154465314185397
11.0,0.482039,0.29852492167507005
11.0,0.24102,0.19172314590120812
12.0,0.435464,0.24704625143351866
13.0,0.482039,0.3912902798982717
10.0,0.24102,0.18154465314185397
10.0,0.482039,0.36709956184971393
13.0,0.435464,0.25353026268050516
9.0,0.482039,0.3227156397236278
13.0,0.77907,0.46798527317301297
11.0,0.24102,0.178938394622733
10.0,0.482039,0.29591866315594906
10.0,0.24102,0.2140964606385396
9.0,0.24102,0.20391796787918548
8.0,0.482039,0.34508895446095933
11.0,0.24102,0.18705028912314633
11.0,0.435464,0.24237339465545688
11.0,0.24102,0.2120298623795988
9.0,0.24102,0.2120298623795988
11.0,0.435464,0.28401547191824994
11.0,0.482039,0.3832086094714049
9.0,0.482039,0.40818818272785734
12.0,0.24102,0.178938394622733
11.0,0.482039,0.36449330333059293
12.0,0.24102,0.20391796787918548
10.0,0.24102,0.2140964606385396
11.0,0.482039,0.4136635946356032
12.0,0.435464,0.24734905029321447
11.0,0.435464,0.28250711630902103
11.0,0.482039,0.314633969296761
11.0,0.482039,0.33961354255321347
12.0,0.77907,0.4569043723368198
11.0,0.482039,0.2735453484186176
10.0,0.723059,0.45910025712647756
11.0,0.676483,0.3288684539509282
10.0,0.723059,0.3905256169518337
10.0,0.841541,0.5248279024339699
12.0,0.482039,0.3008112640653568
10.0,0.723059,0.4177915325985729
10.0,0.482039,0.31313015977080305
10.0,0.676483,0.3684532653031136
11.0,0.723059,0.5166316378796156
11.0,0.482039,0.3008112640653568
10.0,0.723059,0.48636617277321675
13.0,0.676483,0.37662381474661105
8.0,0.723059,0.44805699770497176
9.0,1.02009,0.5971068631340622
12.0,0.24102,0.14424618417995527
13.0,0.546576,0.23118249287358617
11.0,0.482039,0.32980109288781523
11.0,0.482039,0.26122645271317135
12.0,0.867721,0.40984949949966
11.0,0.24102,0.1794042501957619
10.0,0.482039,0.296384518728978
12.0,0.24102,0.1794042501957619
11.0,0.482039,0.36495915890362185
12.0,0.546576,0.2869067091065185
11.0,0.24102,0.16922575743640775
11.0,0.546576,0.2561620661300386
11.0,0.482039,0.3789713841928255
12.0,0.482039,0.3103967440181816
12.0,0.867721,0.47533127356586696
13.0,0.24102,0.1747313934177001
11.0,0.482039,0.2917116619509162
11.0,0.24102,0.2098894594335067
11.0,0.24102,0.19971096667415256
11.0,0.482039,0.3408819532559264
11.0,0.24102,0.1747313934177001
10.0,0.482039,0.36028630212556007
10.0,0.24102,0.2098894594335067
9.0,0.24102,0.19971096667415256
9.0,0.482039,0.4094565934305703
13.0,0.546576,0.2770617954149586
11.0,0.546576,0.30204136867141107
12.0,0.24102,0.16661949891728675
12.0,0.546576,0.2535558076109176
11.0,0.24102,0.20177756493309335
10.0,0.24102,0.20177756493309335
11.0,0.546576,0.30928002384384995
13.0,0.482039,0.37088971376595864
11.0,0.482039,0.4060477797817652
9.0,0.482039,0.30231507359131476
8.0,0.482039,0.33747313960712133
13.0,0.867721,0.4627080234747363
12.0,0.482039,0.26122645271317135
11.0,0.787595,0.34816276140680225
10.0,0.723059,0.4467813614210313
10.0,0.723059,0.37820672124638743
10.0,1.10874,0.5268297680328761
12.0,0.482039,0.3008112640653568
10.0,0.723059,0.4177915325985729
12.0,0.482039,0.3008112640653568
10.0,0.723059,0.48636617277321675
13.0,0.787595,0.41443909000458234
10.0,0.482039,0.28849236835991054
10.0,0.787595,0.37542867705354144
11.0,0.723059,0.5043127421741694
8.0,0.723059,0.4357381019995255
9.0,1.10874,0.6064913912158707
9.0,0.482039,0.29149191781957023
8.0,0.723059,0.4084721863527863
8.0,0.482039,0.3266499838353768
7.0,0.482039,0.3164714910760227
8.0,0.723059,0.45764247765779653
7.0,0.482039,0.32197712705731507
5.0,0.482039,0.3469567003137675
8.0,0.482039,0.3138652325569017
6.0,0.482039,0.3490232985727083
8.0,0.723059,0.4495608072309297
8.0,0.723059,0.4084721863527863
6.0,0.964078,0.5254524548860025
8.0,0.723059,0.44805699770497176
8.0,0.723059,0.4357381019995255
4.0,0.964078,0.5829838356391405
13.0,0.24102,0.15656507988540153
11.0,0.482039,0.2735453484186176
12.0,0.482039,0.3421199885932615
12.0,0.435464,0.21188818541771207
11.0,0.77907,0.40784763390075396
11.0,0.24102,0.19172314590120812
10.0,0.435464,0.24704625143351866
13.0,0.24102,0.18154465314185397
11.0,0.482039,0.36709956184971393
12.0,0.482039,0.3227156397236278
12.0,0.24102,0.18154465314185397
11.0,0.482039,0.29852492167507005
12.0,0.482039,0.3912902798982717
14.0,0.435464,0.25353026268050516
11.0,0.77907,0.467985273173013
12.0,0.24102,0.18705028912314633
10.0,0.435464,0.24237339465545688
10.0,0.24102,0.2120298623795988
12.0,0.24102,0.2120298623795988
12.0,0.435464,0.28401547191824994
11.0,0.24102,0.178938394622733
11.0,0.482039,0.36449330333059293
9.0,0.24102,0.2140964606385396
11.0,0.24102,0.20391796787918548
10.0,0.482039,0.4136635946356032
12.0,0.482039,0.314633969296761
11.0,0.482039,0.33961354255321347
11.0,0.24102,0.178938394622733
10.0,0.482039,0.29591866315594906
10.0,0.24102,0.2140964606385396
11.0,0.24102,0.20391796787918548
10.0,0.482039,0.34508895446095933
13.0,0.482039,0.3832086094714049
12.0,0.482039,0.40818818272785734
11.0,0.435464,0.24734905029321447
9.0,0.435464,0.28250711630902103
11.0,0.77907,0.4569043723368199
11.0,0.482039,0.2735453484186176
9.0,0.723059,0.3905256169518337
10.0,0.723059,0.45910025712647756
10.0,0.676483,0.3288684539509282
9.0,1.02009,0.52482790243397
10.0,0.482039,0.31313015977080305
8.0,0.676483,0.3684532653031136
12.0,0.482039,0.3008112640653568
10.0,0.723059,0.48636617277321675
8.0,0.723059,0.44805699770497176
12.0,0.482039,0.3008112640653568
10.0,0.723059,0.4177915325985729
11.0,0.723059,0.5166316378796156
13.0,0.676483,0.37662381474661105
9.0,1.02009,0.5971068631340624
14.0,0.546576,0.270192905824627
13.0,0.74102,0.32551601135693753
13.0,0.546576,0.29517247908107946
12.0,0.546576,0.29517247908107946
13.0,0.74102,0.36715808861973065
13.0,0.546576,0.29256622056195847
11.0,0.546576,0.31754579381841097
13.0,0.546576,0.29256622056195847
12.0,0.546576,0.31754579381841097
13.0,0.74102,0.36097687623243996
13.0,0.787595,0.38717317435784315
11.0,0.982039,0.4424962798901536
13.0,0.787595,0.41443909000458234
12.0,0.787595,0.41443909000458234
11.0,0.982039,0.4902516406858365
12.0,0.482039,0.3600665579942141
11.0,0.723059,0.545621466702074
11.0,0.482039,0.3952246240100207
11.0,0.482039,0.38504613125066656
11.0,0.723059,0.5947917580070843
12.0,0.482039,0.39055176723195895
10.0,0.482039,0.4155313404884114
10.0,0.482039,0.38243987273154556
9.0,0.482039,0.4175979387473522
12.0,0.723059,0.5867100875802175
11.0,0.723059,0.4770468265274302
9.0,0.964078,0.6626017352352902
11.0,0.723059,0.5166316378796156
11.0,0.723059,0.5043127421741693
10.0,0.964078,0.7201331159884282
12.0,0.867721,0.46224520703591543
10.0,0.867721,0.4872247802923679
10.0,0.867721,0.48461852177324694
10.0,1.10874,0.5792254755691315
9.0,1.10874,0.6064913912158707
13.0,0.24102,0.14424618417995527
11.0,0.482039,0.26122645271317135
12.0,0.546576,0.23118249287358617
12.0,0.482039,0.32980109288781523
11.0,0.867721,0.40984949949966
11.0,0.24102,0.1794042501957619
11.0,0.482039,0.36495915890362185
12.0,0.24102,0.16922575743640775
11.0,0.546576,0.2561620661300386
12.0,0.482039,0.3103967440181816
12.0,0.24102,0.1794042501957619
11.0,0.482039,0.296384518728978
11.0,0.546576,0.2869067091065185
14.0,0.482039,0.3789713841928255
12.0,0.867721,0.47533127356586696
13.0,0.24102,0.1747313934177001
11.0,0.482039,0.36028630212556007
10.0,0.24102,0.19971096667415256
11.0,0.24102,0.2098894594335067
12.0,0.482039,0.4094565934305703
11.0,0.24102,0.16661949891728675
10.0,0.546576,0.2535558076109176
9.0,0.24102,0.20177756493309335
10.0,0.24102,0.20177756493309335
9.0,0.546576,0.30928002384384995
12.0,0.482039,0.30231507359131476
10.0,0.482039,0.33747313960712133
11.0,0.24102,0.1747313934177001
10.0,0.482039,0.2917116619509162
10.0,0.24102,0.2098894594335067
11.0,0.24102,0.19971096667415256
10.0,0.482039,0.3408819532559264
14.0,0.546576,0.2770617954149586
12.0,0.546576,0.30204136867141107
12.0,0.482039,0.37088971376595864
10.0,0.482039,0.4060477797817652
11.0,0.867721,0.4627080234747363
11.0,0.482039,0.26122645271317135
9.0,0.723059,0.37820672124638743
10.0,0.787595,0.34816276140680225
10.0,0.723059,0.4467813614210313
9.0,1.10874,0.5268297680328761
12.0,0.482039,0.3008112640653568
10.0,0.723059,0.48636617277321675
10.0,0.482039,0.28849236835991054
9.0,0.787595,0.37542867705354144
8.0,0.723059,0.4357381019995255
12.0,0.482039,0.3008112640653568
10.0,0.723059,0.4177915325985729
13.0,0.787595,0.41443909000458234
11.0,0.723059,0.5043127421741694
7.0,1.10874,0.6064913912158707
12.0,0.482039,0.3600665579942141
11.0,0.723059,0.545621466702074
12.0,0.482039,0.38504613125066656
11.0,0.482039,0.3952246240100207
13.0,0.723059,0.5947917580070843
11.0,0.482039,0.38243987273154556
9.0,0.482039,0.4175979387473522
11.0,0.482039,0.39055176723195895
10.0,0.482039,0.4155313404884114
12.0,0.723059,0.5867100875802175
11.0,0.723059,0.4770468265274302
9.0,0.964078,0.6626017352352902
11.0,0.723059,0.5043127421741693
12.0,0.723059,0.5166316378796156
10.0,0.964078,0.7201331159884282
14.0,0.435464,0.22005873486120947
13.0,0.74102,0.30699504355484036
12.0,0.435464,0.2552168008770161
13.0,0.435464,0.2552168008770161
13.0,0.74102,0.3627192597877727
13.0,0.435464,0.2505439440989543
11.0,0.435464,0.28570201011476093
12.0,0.435464,0.2505439440989543
10.0,0.435464,0.28570201011476093
13.0,0.74102,0.3528743460962128
13.0,0.676483,0.3370390033944256
11.0,0.982039,0.42397531208805644
13.0,0.676483,0.37662381474661105
13.0,0.676483,0.37662381474661105
11.0,0.982039,0.4902516406858365
11.0,0.77907,0.4405417832486608
10.0,0.77907,0.4756998492644674
10.0,0.77907,0.4710269924864056
9.0,1.02009,0.5575220517818769
9.0,1.02009,0.5971068631340624
9.0,0.482039,0.29149191781957023
7.0,0.723059,0.4084721863527863
7.0,0.482039,0.3266499838353768
9.0,0.482039,0.3164714910760227
8.0,0.723059,0.45764247765779653
9.0,0.482039,0.32197712705731507
6.0,0.482039,0.3469567003137675
7.0,0.482039,0.3138652325569017
5.0,0.482039,0.3490232985727083
8.0,0.723059,0.4495608072309297
7.0,0.723059,0.4084721863527863
5.0,0.964078,0.5254524548860025
8.0,0.723059,0.44805699770497176
8.0,0.723059,0.4357381019995255
4.0,0.964078,0.5829838356391405
12.0,0.867721,0.46224520703591543
10.0,0.867721,0.4872247802923679
10.0,0.867721,0.48461852177324694
10.0,1.10874,0.5792254755691315
9.0,1.10874,0.6064913912158707
12.0,0.77907,0.4405417832486607
10.0,0.77907,0.47569984926446734
10.0,0.77907,0.47102699248640556
10.0,1.02009,0.5575220517818769
9.0,1.02009,0.5971068631340622
8.0,1.223059,0.5843853009340244
6.0,1.464078,0.7013655694672405
13.0,0.626701,0.2656033153197047
11.0,0.867721,0.3825835838529208
12.0,0.932257,0.3525396240133356
13.0,0.867721,0.45115822402756467
12.0,1.253402,0.5312066306394094
12.0,0.867721,0.45115822402756467
11.0,1.10874,0.6367131327354246
12.0,0.821145,0.3209264208520153
10.0,1.126701,0.4078627295456461
12.0,1.164752,0.5168858693350571
11.0,0.867721,0.3825835838529208
9.0,1.10874,0.4995638523861369
9.0,1.253402,0.5312066306394094
12.0,0.986203,0.5168858693350571
8.0,1.60874,0.6418232666120782
12.0,0.626701,0.2960885245574495
11.0,0.867721,0.48164343326530945
11.0,0.821145,0.35141163008976006
10.0,0.867721,0.4130687930906656
10.0,0.986203,0.5473710785728019
12.0,0.626701,0.28797663005703616
11.0,0.932257,0.37491293875066706
11.0,0.867721,0.4735315387648961
10.0,0.867721,0.40495689859025225
8.0,1.253402,0.5535799453767409
11.0,0.867721,0.42367220473106415
9.0,1.10874,0.5406524732642802
12.0,0.626701,0.2960885245574495
10.0,0.867721,0.4130687930906656
11.0,0.867721,0.48164343326530945
11.0,0.821145,0.35141163008976006
10.0,1.164752,0.5473710785728019
14.0,0.932257,0.3984189265547081
11.0,1.126701,0.4537420320870186
13.0,0.867721,0.492246844905708
11.0,1.10874,0.677801753613568
11.0,1.253402,0.5840651546144857
13.0,0.626701,0.28797663005703616
11.0,0.867721,0.40495689859025225
12.0,0.932257,0.37491293875066706
11.0,0.867721,0.4735315387648961
11.0,1.253402,0.5535799453767409
14.0,0.867721,0.492246844905708
12.0,1.10874,0.677801753613568
13.0,0.821145,0.35638728572751766
11.0,1.126701,0.4433235944211485
12.0,1.164752,0.565942607771123
12.0,0.867721,0.42367220473106415
10.0,1.10874,0.5406524732642802
13.0,1.253402,0.5840651546144857
12.0,1.164752,0.565942607771123
9.0,1.60874,0.7004169605665256
10.0,0.626701,0.3086063153264961
10.0,0.867721,0.49416122403435603
10.0,0.821145,0.36392942085880664
9.0,0.867721,0.42558658385971215
10.0,0.986203,0.5598888693418484
9.0,0.626701,0.3309796300638275
7.0,0.867721,0.4479598985970436
9.0,0.626701,0.33909152456424085
8.0,0.821145,0.3944146300965514
10.0,0.867721,0.5352498449124994
10.0,0.626701,0.3309796300638275
8.0,0.867721,0.5165345387716875
10.0,0.821145,0.399390285734309
10.0,0.867721,0.4666752047378555
8.0,1.164752,0.6089456077779144
14.0,0.626701,0.2945172326879062
13.0,0.932257,0.3814535413815371
13.0,0.867721,0.48007214139576615
13.0,0.867721,0.4114975012211223
13.0,1.253402,0.5601205480076109
13.0,0.626701,0.325002441925651
11.0,0.867721,0.44198271045886706
13.0,0.626701,0.325002441925651
11.0,0.867721,0.5105573506335109
12.0,0.932257,0.42733284392290954
14.0,0.626701,0.31689054742523765
11.0,0.932257,0.40382685611886854
15.0,0.867721,0.5211607622739095
12.0,0.867721,0.45258612209926563
10.0,1.253402,0.6129790719826872
11.0,0.867721,0.4471517806914467
9.0,1.10874,0.5641320492246628
10.0,0.867721,0.4776369899291915
10.0,0.867721,0.4695250954287782
9.0,1.10874,0.6052206701028061
13.0,0.626701,0.3086063153264961
11.0,0.867721,0.42558658385971215
11.0,0.867721,0.49416122403435603
12.0,0.821145,0.36392942085880664
12.0,1.164752,0.5598888693418484
12.0,0.626701,0.33909152456424085
11.0,0.821145,0.3944146300965514
11.0,0.626701,0.3309796300638275
9.0,0.867721,0.5165345387716875
11.0,0.867721,0.4666752047378555
11.0,0.626701,0.3309796300638275
9.0,0.867721,0.4479598985970436
12.0,0.867721,0.5352498449124994
12.0,0.821145,0.399390285734309
10.0,1.164752,0.6089456077779144
10.0,0.932257,0.42803001994639334
9.0,1.126701,0.4833531254787039
9.0,0.932257,0.45040333468372484
10.0,0.932257,0.45040333468372484
9.0,1.126701,0.5188139903542063
9.0,1.253402,0.6238960774083542
7.0,1.253402,0.6462693921456856
12.0,0.626701,0.2945172326879062
10.0,0.867721,0.4114975012211223
10.0,0.932257,0.3814535413815371
12.0,0.867721,0.48007214139576615
12.0,1.253402,0.5601205480076109
12.0,0.626701,0.325002441925651
10.0,0.867721,0.5105573506335109
11.0,0.626701,0.31689054742523765
8.0,0.932257,0.40382685611886854
11.0,0.867721,0.45258612209926563
10.0,0.626701,0.325002441925651
8.0,0.867721,0.44198271045886706
13.0,0.932257,0.42733284392290954
11.0,0.867721,0.5211607622739095
9.0,1.253402,0.6129790719826872
10.0,0.867721,0.5157264208660906
10.0,1.10874,0.7012813295739505
9.0,0.867721,0.5380997356034221
9.0,0.867721,0.5462116301038353
9.0,1.10874,0.7423699504520939
12.0,0.821145,0.3736003281347541
10.0,1.126701,0.46053663682838486
10.0,0.821145,0.40408553737249886
10.0,0.821145,0.40408553737249886
9.0,1.126701,0.5064159393697574
8.0,1.164752,0.6000196372756809
6.0,1.164752,0.6305048465134258
12.0,0.867721,0.4471517806914467
10.0,1.10874,0.5641320492246628
10.0,0.867721,0.4776369899291915
10.0,0.867721,0.4695250954287782
9.0,1.10874,0.6052206701028061
8.0,1.253402,0.6238960774083541
6.0,1.253402,0.6462693921456856
10.0,1.164752,0.6000196372756809
8.0,1.164752,0.6305048465134258
8.0,1.60874,0.7497496365883629
13.0,0.538051,0.2512825540153524
11.0,0.77907,0.36826282254856846
13.0,0.843607,0.33821886270898327
12.0,0.77907,0.43683746272321233
12.0,1.164752,0.5168858693350571
12.0,0.77907,0.43683746272321233
11.0,1.02009,0.6223923714310723
12.0,0.732495,0.30660565954766295
10.0,1.038051,0.3935419682412938
12.0,1.076101,0.5025651080307048
11.0,0.77907,0.36826282254856846
9.0,1.02009,0.48524309108178454
12.0,1.164752,0.5168858693350571
9.0,0.897553,0.5025651080307048
8.0,1.52009,0.6275025053077259
12.0,0.538051,0.286440620031159
11.0,0.77907,0.47199552873901895
11.0,0.732495,0.34176372556346957
10.0,0.77907,0.4034208885643751
8.0,0.897553,0.5377231740465114
12.0,0.538051,0.2762621272718048
11.0,0.843607,0.3631984359654357
11.0,0.77907,0.4618170359796648
10.0,0.77907,0.3932423958050209
10.0,1.164752,0.5418654425915096
11.0,0.77907,0.4174331138535787
9.0,1.02009,0.5344133823867948
12.0,0.538051,0.286440620031159
11.0,0.77907,0.4034208885643751
12.0,0.77907,0.47199552873901895
12.0,0.732495,0.34176372556346957
11.0,1.076101,0.5377231740465114
13.0,0.843607,0.3939430789419156
11.0,1.038051,0.4492661844742261
14.0,0.77907,0.48600775402822255
12.0,1.02009,0.6715626627360826
12.0,1.164752,0.582367643401264
12.0,0.538051,0.2762621272718048
11.0,0.77907,0.3932423958050209
12.0,0.843607,0.3631984359654357
11.0,0.77907,0.4618170359796648
11.0,1.164752,0.5418654425915096
12.0,0.77907,0.48600775402822255
11.0,1.02009,0.6715626627360826
14.0,0.732495,0.34824773681045607
11.0,1.038051,0.4351840455040869
12.0,1.076101,0.5627027473029638
12.0,0.77907,0.4174331138535787
10.0,1.02009,0.5344133823867948
12.0,1.164752,0.582367643401264
13.0,1.076101,0.5627027473029638
9.0,1.52009,0.7011641816204528
14.0,0.538051,0.29331792221868414
13.0,0.77907,0.4788728309265441
13.0,0.732495,0.3486410277509947
13.0,0.77907,0.4102981907519002
13.0,0.897553,0.5446004762340365
13.0,0.538051,0.31829749547513664
11.0,0.77907,0.4352777640083527
13.0,0.538051,0.32847598823449076
11.0,0.732495,0.3837990937668013
14.0,0.77907,0.5280431222315544
12.0,0.538051,0.31829749547513664
11.0,0.77907,0.5038524041829966
12.0,0.732495,0.3902831050137878
12.0,0.77907,0.4594684820569105
10.0,1.076101,0.6047381155062956
13.0,0.538051,0.27974011672221855
13.0,0.843607,0.36667642541584944
12.0,0.77907,0.4652950254300785
11.0,0.77907,0.3967203852554346
10.0,1.164752,0.5453434320419233
11.0,0.538051,0.31489818273802517
10.0,0.77907,0.43187845127124125
13.0,0.538051,0.31489818273802517
11.0,0.77907,0.5004530914458851
12.0,0.843607,0.42240064164878177
12.0,0.538051,0.30471968997867105
11.0,0.843607,0.39165599867230194
12.0,0.77907,0.5144653167350888
10.0,0.77907,0.4458906765604449
8.0,1.164752,0.6108252061081303
12.0,0.77907,0.4307809406782255
10.0,1.02009,0.5477612092114416
10.0,0.77907,0.4659390066940321
10.0,0.77907,0.455760513934678
9.0,1.02009,0.5969315005164518
11.0,0.538051,0.29331792221868414
10.0,0.77907,0.4102981907519002
11.0,0.77907,0.4788728309265441
10.0,0.732495,0.3486410277509947
11.0,1.076101,0.5446004762340365
10.0,0.538051,0.32847598823449076
8.0,0.732495,0.3837990937668013
12.0,0.538051,0.31829749547513664
10.0,0.77907,0.5038524041829966
11.0,0.77907,0.4594684820569105
10.0,0.538051,0.31829749547513664
8.0,0.77907,0.4352777640083527
11.0,0.77907,0.5280431222315544
13.0,0.732495,0.3902831050137878
9.0,1.076101,0.6047381155062956
11.0,0.843607,0.41099067873156025
9.0,1.038051,0.46631378426387077
10.0,0.843607,0.4359702519880127
10.0,0.843607,0.4359702519880127
9.0,1.038051,0.5079558615266638
10.0,0.77907,0.49935558085286935
10.0,1.02009,0.6849104895607293
9.0,0.77907,0.534513646868676
9.0,0.77907,0.5243351541093219
9.0,1.02009,0.7340807808657396
9.0,1.164752,0.6056624880318564
7.0,1.164752,0.6306420612883089
13.0,0.538051,0.27974011672221855
11.0,0.77907,0.3967203852554346
12.0,0.843607,0.36667642541584944
11.0,0.77907,0.4652950254300785
12.0,1.164752,0.5453434320419233
11.0,0.538051,0.31489818273802517
9.0,0.77907,0.5004530914458851
12.0,0.538051,0.30471968997867105
11.0,0.843607,0.39165599867230194
12.0,0.77907,0.4458906765604449
11.0,0.538051,0.31489818273802517
9.0,0.77907,0.43187845127124125
12.0,0.843607,0.42240064164878177
12.0,0.77907,0.5144653167350888
10.0,1.164752,0.6108252061081303
11.0,0.732495,0.3578681996450215
9.0,1.038051,0.44480450833865226
9.0,0.732495,0.39302626566082804
10.0,0.732495,0.39302626566082804
9.0,1.038051,0.5005287245715846
9.0,1.076101,0.5824698035211743
7.0,1.076101,0.6176278695369809
9.0,0.77907,0.4307809406782255
8.0,1.02009,0.5477612092114416
8.0,0.77907,0.4659390066940321
8.0,0.77907,0.455760513934678
7.0,1.02009,0.5969315005164518
10.0,1.164752,0.6056624880318564
8.0,1.164752,0.6306420612883089
7.0,1.076101,0.5824698035211743
5.0,1.076101,0.6176278695369809
8.0,1.52009,0.7303303515541648
9.0,0.982039,0.37621995129237357
7.0,1.223059,0.49320021982558965
9.0,1.287595,0.4631562599860044
9.0,1.223059,0.5617748600002335
8.0,1.60874,0.6418232666120782
9.0,1.223059,0.5617748600002335
7.0,1.464078,0.7473297687080935
9.0,1.176483,0.43154305682468413
5.0,1.482039,0.518479365518315
8.0,1.52009,0.627502505307726
7.0,1.223059,0.49320021982558965
5.0,1.464078,0.6101804883588058
8.0,1.60874,0.6418232666120782
8.0,1.341541,0.6275025053077259
3.0,1.964078,0.7524399025847471
10.0,0.982039,0.4204804361520867
10.0,1.223059,0.6060353448599466
9.0,1.176483,0.47580354168439726
9.0,1.223059,0.5374607046853027
9.0,1.341541,0.671762990167439
11.0,0.982039,0.40571511118628195
9.0,1.287595,0.4926514198799128
10.0,1.223059,0.5912700198941419
9.0,1.223059,0.5226953797194981
9.0,1.60874,0.6713184265059866
8.0,1.223059,0.560507620536183
6.0,1.464078,0.677487889069399
11.0,0.982039,0.4204804361520867
9.0,1.223059,0.5374607046853027
10.0,1.223059,0.6060353448599466
10.0,1.176483,0.47580354168439726
9.0,1.52009,0.6717629901674391
8.0,1.287595,0.5423258826903753
5.0,1.482039,0.5976489882226859
10.0,1.223059,0.6290822607108267
8.0,1.464078,0.8146371694186868
8.0,1.60874,0.739907690539354
11.0,0.982039,0.40571511118628195
9.0,1.223059,0.5226953797194981
9.0,1.287595,0.4926514198799128
10.0,1.223059,0.5912700198941419
9.0,1.60874,0.6713184265059866
9.0,1.223059,0.6290822607108267
8.0,1.464078,0.8146371694186868
9.0,1.176483,0.4860748881181626
5.0,1.482039,0.5730111968117935
8.0,1.52009,0.7150436736898004
7.0,1.223059,0.560507620536183
5.0,1.464078,0.677487889069399
8.0,1.60874,0.739907690539354
8.0,1.52009,0.7150436736898003
1.0,1.964078,0.8675026640910233
