complexity,cost,freqs,feature_complexity,feature_cost
18.0,0.0,151.0,28,0.0
17.0,0.010424,143.0,24,0.00047540513910354333
17.0,0.0,88.0,24,2.9882608743651105e-05
19.0,0.010424,65.0,22,0.0005227679533859525
17.0,0.0,63.0,24,2.9882608743651105e-05
14.0,0.0,15.0,20,5.976521748730221e-05
19.0,0.010424,14.0,22,0.0005227679533859525
17.0,0.010424,7.0,24,0.00047540513910354333
15.0,0.020848,4.0,20,0.0009508102782070867
19.0,0.010424,4.0,22,0.0005103655501810594
19.0,0.010424,2.0,22,0.0005103655501810594
13.0,0.020848,1.0,17,0.0010105754956943888
17.0,0.010424,1.0,24,0.005202290522190208
16.0,0.010424,,20,0.005232173130933859
16.0,0.020848,,20,0.0056776956612937515
18.0,0.020848,,18,0.005712656072371268
17.0,0.0,,24,2.9882608743651105e-05
16.0,0.010424,,20,0.0005052877478471944
16.0,0.0,,20,5.976521748730221e-05
18.0,0.010424,,18,0.0005526505621296035
18.0,0.010424,,22,0.005249653336472617
15.0,0.010424,,18,0.005279535945216268
19.0,0.010424,,25,0.0005103655501810594
18.0,0.020848,,21,0.0009857706892846027
17.0,0.010424,,24,0.005202290522190208
15.0,0.020848,,20,0.010404581044380416
16.0,0.010424,,20,0.005232173130933859
17.0,0.010424,,20,0.005232173130933859
16.0,0.020848,,18,0.010451943858662825
16.0,0.020848,,20,0.0056776956612937515
14.0,0.031272,,16,0.010879986183483958
18.0,0.020848,,18,0.005712656072371268
19.0,0.020848,,21,0.005712656072371268
17.0,0.010424,,24,0.00047540513910354333
16.0,0.020848,,20,0.0009508102782070867
16.0,0.010424,,20,0.0005052877478471944
18.0,0.020848,,18,0.0009981730924894959
16.0,0.010424,,20,0.0005052877478471944
13.0,0.010424,,16,0.0005351703565908456
18.0,0.020848,,18,0.0009981730924894959
16.0,0.020848,,20,0.0009508102782070867
14.0,0.031272,,16,0.00142621541731063
18.0,0.020848,,18,0.0009857706892846027
18.0,0.020848,,18,0.0009857706892846027
12.0,0.031272,,13,0.0014859806347979323
14.0,0.041696,,18,0.011355391322587503
13.0,0.05212,,14,0.011830796461691046
20.0,0.010424,,25,0.0005227679533859525
19.0,0.020848,,21,0.0009981730924894959
19.0,0.010424,,21,0.0005526505621296035
19.0,0.020848,,19,0.001045535906771905
17.0,0.0,,24,2.9882608743651105e-05
17.0,0.010424,,20,0.005232173130933859
16.0,0.0,,20,5.976521748730221e-05
15.0,0.0,,20,5.976521748730221e-05
16.0,0.010424,,18,0.005279535945216268
16.0,0.010424,,20,0.0005052877478471944
14.0,0.010424,,16,0.0005351703565908456
18.0,0.010424,,18,0.0005526505621296035
18.0,0.010424,,22,0.005249653336472617
16.0,0.020848,,18,0.010451943858662825
15.0,0.010424,,18,0.005279535945216268
16.0,0.010424,,18,0.005279535945216268
13.0,0.020848,,16,0.010499306672945234
20.0,0.010424,,25,0.0005227679533859525
19.0,0.020848,,21,0.0009981730924894959
19.0,0.010424,,21,0.0005526505621296035
19.0,0.020848,,19,0.001045535906771905
19.0,0.010424,,25,0.0005103655501810594
18.0,0.020848,,21,0.0009857706892846027
19.0,0.020848,,21,0.005712656072371268
14.0,0.020848,,18,0.0010105754956943888
13.0,0.031272,,14,0.0014859806347979323
12.0,0.05212,,13,0.011925522090255864
17.0,0.0,,24,2.9882608743651105e-05
16.0,0.010424,,20,0.0005052877478471944
16.0,0.0,,20,5.976521748730221e-05
19.0,0.010424,,21,0.0005526505621296035
16.0,0.0,,20,5.976521748730221e-05
14.0,0.0,,16,8.964782623095331e-05
19.0,0.010424,,21,0.0005526505621296035
16.0,0.010424,,20,0.0005052877478471944
15.0,0.020848,,16,0.0009806928869507377
18.0,0.010424,,21,0.0005402481589247105
18.0,0.010424,,21,0.0005402481589247105
13.0,0.020848,,14,0.00104045810443804
16.0,0.010424,,20,0.005232173130933859
15.0,0.010424,,16,0.00526205573967751
15.0,0.020848,,16,0.005707578270037403
17.0,0.020848,,17,0.005742538681114919
16.0,0.0,,20,5.976521748730221e-05
15.0,0.010424,,16,0.0005351703565908456
14.0,0.0,,16,8.964782623095331e-05
17.0,0.010424,,17,0.0005825331708732547
16.0,0.010424,,18,0.005279535945216268
14.0,0.010424,,14,0.005309418553959919
18.0,0.010424,,18,0.0005402481589247105
17.0,0.020848,,14,0.0010156532980282538
19.0,0.010424,,25,0.0005227679533859525
18.0,0.020848,,21,0.0009981730924894959
18.0,0.010424,,21,0.0005526505621296035
17.0,0.020848,,22,0.001045535906771905
18.0,0.010424,,21,0.0005526505621296035
16.0,0.010424,,17,0.0005825331708732547
19.0,0.020848,,22,0.001045535906771905
18.0,0.020848,,21,0.0009981730924894959
16.0,0.031272,,17,0.0014735782315930391
18.0,0.020848,,22,0.0010331335035670118
19.0,0.020848,,22,0.0010331335035670118
14.0,0.031272,,15,0.0015333434490803414
17.0,0.0,,24,2.9882608743651105e-05
16.0,0.010424,,20,0.0005052877478471944
16.0,0.0,,20,5.976521748730221e-05
18.0,0.010424,,18,0.0005526505621296035
16.0,0.0,,20,5.976521748730221e-05
13.0,0.0,,16,8.964782623095331e-05
18.0,0.010424,,18,0.0005526505621296035
16.0,0.010424,,20,0.0005052877478471944
15.0,0.020848,,16,0.0009806928869507377
18.0,0.010424,,18,0.0005402481589247105
18.0,0.010424,,18,0.0005402481589247105
12.0,0.020848,,13,0.00104045810443804
17.0,0.010424,,20,0.005232173130933859
15.0,0.010424,,16,0.00526205573967751
16.0,0.020848,,16,0.005707578270037403
17.0,0.020848,,14,0.005742538681114919
17.0,0.0,,20,5.976521748730221e-05
16.0,0.010424,,16,0.0005351703565908456
15.0,0.0,,16,8.964782623095331e-05
17.0,0.010424,,14,0.0005825331708732547
17.0,0.010424,,18,0.005279535945216268
14.0,0.010424,,14,0.005309418553959919
19.0,0.010424,,21,0.0005402481589247105
18.0,0.020848,,17,0.0010156532980282538
18.0,0.010424,,22,0.005249653336472617
16.0,0.020848,,18,0.010451943858662825
16.0,0.010424,,18,0.005279535945216268
17.0,0.010424,,18,0.005279535945216268
17.0,0.020848,,16,0.010499306672945234
17.0,0.020848,,18,0.005725058475576161
15.0,0.031272,,14,0.010927348997766368
18.0,0.020848,,16,0.005760018886653676
19.0,0.020848,,19,0.005760018886653676
20.0,0.010424,,22,0.0005227679533859525
19.0,0.020848,,18,0.0009981730924894959
19.0,0.010424,,18,0.0005526505621296035
17.0,0.020848,,16,0.001045535906771905
19.0,0.010424,,18,0.0005526505621296035
16.0,0.010424,,14,0.0005825331708732547
19.0,0.020848,,16,0.001045535906771905
19.0,0.020848,,18,0.0009981730924894959
16.0,0.031272,,14,0.0014735782315930391
19.0,0.020848,,16,0.0010331335035670118
20.0,0.020848,,16,0.0010331335035670118
14.0,0.031272,,11,0.0015333434490803414
17.0,0.010424,,24,0.005202290522190208
16.0,0.020848,,20,0.010404581044380416
16.0,0.010424,,20,0.005232173130933859
16.0,0.010424,,20,0.005232173130933859
16.0,0.020848,,18,0.010451943858662825
16.0,0.020848,,20,0.0056776956612937515
15.0,0.020848,,16,0.005707578270037403
18.0,0.020848,,18,0.005725058475576161
16.0,0.020848,,20,0.010404581044380416
14.0,0.031272,,16,0.015606871566570623
14.0,0.020848,,16,0.010434463653124067
15.0,0.020848,,16,0.010434463653124067
14.0,0.031272,,14,0.015654234380853033
16.0,0.020848,,20,0.0056776956612937515
15.0,0.031272,,16,0.006153100800397294
15.0,0.020848,,16,0.005707578270037403
17.0,0.031272,,14,0.006200463614679704
13.0,0.05212,,14,0.01655768184477771
19.0,0.020848,,21,0.005725058475576161
18.0,0.031272,,17,0.006200463614679704
18.0,0.010424,,22,0.005237250933267724
16.0,0.020848,,18,0.010439541455457932
15.0,0.010424,,18,0.005267133542011375
16.0,0.010424,,18,0.005267133542011375
15.0,0.020848,,16,0.010486904269740341
17.0,0.020848,,18,0.005712656072371268
14.0,0.020848,,14,0.005742538681114919
19.0,0.020848,,19,0.005760018886653676
18.0,0.010424,,22,0.005237250933267724
17.0,0.020848,,18,0.010439541455457932
16.0,0.010424,,18,0.005267133542011375
16.0,0.010424,,18,0.005267133542011375
17.0,0.020848,,16,0.010486904269740341
17.0,0.020848,,18,0.005712656072371268
15.0,0.020848,,14,0.005742538681114919
18.0,0.020848,,16,0.005760018886653676
15.0,0.020848,,17,0.010464346261867718
13.0,0.031272,,13,0.015666636784057924
12.0,0.020848,,13,0.010494228870611369
13.0,0.020848,,13,0.010494228870611369
12.0,0.031272,,11,0.015713999598340335
15.0,0.05212,,13,0.01665240747334253
17.0,0.0,,24,2.9882608743651105e-05
16.0,0.010424,,20,0.005232173130933859
16.0,0.0,,20,5.976521748730221e-05
16.0,0.0,,20,5.976521748730221e-05
16.0,0.010424,,18,0.005279535945216268
15.0,0.0,,20,5.976521748730221e-05
14.0,0.0,,16,8.964782623095331e-05
17.0,0.0,,20,5.976521748730221e-05
15.0,0.0,,16,8.964782623095331e-05
16.0,0.010424,,18,0.005279535945216268
17.0,0.010424,,20,0.005232173130933859
15.0,0.020848,,16,0.010434463653124067
16.0,0.010424,,18,0.005267133542011375
17.0,0.010424,,18,0.005267133542011375
13.0,0.020848,,13,0.010494228870611369
16.0,0.010424,,20,0.0005052877478471944
15.0,0.010424,,16,0.0005351703565908456
14.0,0.010424,,16,0.0005351703565908456
16.0,0.020848,,16,0.005707578270037403
15.0,0.020848,,14,0.005742538681114919
19.0,0.010424,,21,0.0005526505621296035
17.0,0.010424,,17,0.0005825331708732547
20.0,0.010424,,18,0.0005526505621296035
18.0,0.010424,,14,0.0005825331708732547
16.0,0.0,,20,5.976521748730221e-05
15.0,0.010424,,16,0.00526205573967751
14.0,0.0,,16,8.964782623095331e-05
14.0,0.0,,16,8.964782623095331e-05
14.0,0.010424,,14,0.005309418553959919
14.0,0.0,,16,8.964782623095331e-05
12.0,0.0,,12,0.00011953043497460442
16.0,0.0,,16,8.964782623095331e-05
14.0,0.0,,12,0.00011953043497460442
15.0,0.010424,,14,0.005309418553959919
15.0,0.010424,,16,0.00526205573967751
14.0,0.020848,,12,0.010464346261867718
14.0,0.010424,,14,0.005297016150755026
15.0,0.010424,,14,0.005297016150755026
11.0,0.020848,,9,0.01052411147935502
19.0,0.010424,,21,0.0005526505621296035
17.0,0.010424,,17,0.0005825331708732547
17.0,0.010424,,17,0.0005825331708732547
18.0,0.020848,,17,0.005754941084319812
17.0,0.020848,,15,0.005789901495397327
16.0,0.010424,,20,0.0005052877478471944
15.0,0.020848,,16,0.005707578270037403
14.0,0.010424,,16,0.0005351703565908456
16.0,0.010424,,16,0.0005351703565908456
15.0,0.020848,,14,0.005754941084319812
15.0,0.020848,,16,0.0009806928869507377
13.0,0.020848,,12,0.0010105754956943888
19.0,0.020848,,14,0.001028055701233147
18.0,0.010424,,18,0.0005402481589247105
17.0,0.020848,,14,0.0010156532980282538
17.0,0.010424,,14,0.0005701307676683616
18.0,0.020848,,12,0.001063016112310663
18.0,0.010424,,21,0.0005402481589247105
16.0,0.010424,,17,0.0005701307676683616
18.0,0.010424,,21,0.0005402481589247105
17.0,0.020848,,17,0.005742538681114919
16.0,0.010424,,17,0.0005701307676683616
18.0,0.010424,,17,0.0005701307676683616
17.0,0.020848,,15,0.005789901495397327
13.0,0.020848,,14,0.00104045810443804
11.0,0.020848,,10,0.0010703407131816911
19.0,0.010424,,25,0.0005227679533859525
18.0,0.020848,,21,0.0009981730924894959
18.0,0.010424,,21,0.0005526505621296035
19.0,0.020848,,22,0.001045535906771905
18.0,0.010424,,21,0.0005526505621296035
16.0,0.010424,,17,0.0005825331708732547
17.0,0.020848,,22,0.001045535906771905
18.0,0.020848,,21,0.0009981730924894959
16.0,0.031272,,17,0.0014735782315930391
19.0,0.020848,,22,0.0010331335035670118
18.0,0.020848,,22,0.0010331335035670118
14.0,0.031272,,15,0.0015333434490803414
19.0,0.010424,,21,0.0005526505621296035
18.0,0.010424,,17,0.0005825331708732547
18.0,0.020848,,17,0.001028055701233147
18.0,0.020848,,18,0.001063016112310663
20.0,0.020848,,19,0.001045535906771905
18.0,0.031272,,15,0.0015209410458754482
19.0,0.020848,,21,0.005725058475576161
18.0,0.031272,,17,0.006200463614679704
17.0,0.020848,,17,0.005754941084319812
16.0,0.031272,,18,0.006247826428962113
19.0,0.020848,,19,0.005760018886653676
17.0,0.020848,,15,0.005789901495397327
17.0,0.0,,24,2.9882608743651105e-05
17.0,0.010424,,20,0.005232173130933859
16.0,0.0,,20,5.976521748730221e-05
17.0,0.0,,20,5.976521748730221e-05
17.0,0.010424,,18,0.005279535945216268
17.0,0.0,,20,5.976521748730221e-05
16.0,0.0,,16,8.964782623095331e-05
16.0,0.0,,20,5.976521748730221e-05
15.0,0.0,,16,8.964782623095331e-05
17.0,0.010424,,18,0.005279535945216268
17.0,0.010424,,20,0.005232173130933859
16.0,0.020848,,16,0.010434463653124067
17.0,0.010424,,18,0.005267133542011375
17.0,0.010424,,18,0.005267133542011375
14.0,0.020848,,13,0.010494228870611369
16.0,0.010424,,20,0.0005052877478471944
16.0,0.010424,,16,0.0005351703565908456
15.0,0.010424,,16,0.0005351703565908456
16.0,0.020848,,16,0.005707578270037403
16.0,0.020848,,14,0.005742538681114919
18.0,0.010424,,18,0.0005526505621296035
17.0,0.010424,,14,0.0005825331708732547
19.0,0.010424,,21,0.0005526505621296035
18.0,0.010424,,17,0.0005825331708732547
16.0,0.0,,20,5.976521748730221e-05
15.0,0.010424,,16,0.00526205573967751
13.0,0.0,,16,8.964782623095331e-05
15.0,0.0,,16,8.964782623095331e-05
14.0,0.010424,,14,0.005309418553959919
15.0,0.0,,16,8.964782623095331e-05
14.0,0.0,,12,0.00011953043497460442
15.0,0.0,,16,8.964782623095331e-05
12.0,0.0,,12,0.00011953043497460442
15.0,0.010424,,14,0.005309418553959919
15.0,0.010424,,16,0.00526205573967751
14.0,0.020848,,12,0.010464346261867718
14.0,0.010424,,14,0.005297016150755026
15.0,0.010424,,14,0.005297016150755026
11.0,0.020848,,9,0.01052411147935502
18.0,0.010424,,18,0.0005526505621296035
17.0,0.010424,,14,0.0005825331708732547
17.0,0.010424,,14,0.0005825331708732547
17.0,0.020848,,14,0.005754941084319812
17.0,0.020848,,12,0.005789901495397327
16.0,0.010424,,20,0.0005052877478471944
16.0,0.020848,,16,0.005707578270037403
16.0,0.010424,,16,0.0005351703565908456
15.0,0.010424,,16,0.0005351703565908456
16.0,0.020848,,14,0.005754941084319812
15.0,0.020848,,16,0.0009806928869507377
14.0,0.020848,,12,0.0010105754956943888
18.0,0.020848,,17,0.001028055701233147
18.0,0.010424,,18,0.0005402481589247105
17.0,0.010424,,14,0.0005701307676683616
18.0,0.010424,,18,0.0005402481589247105
17.0,0.020848,,14,0.005742538681114919
17.0,0.010424,,14,0.0005701307676683616
17.0,0.010424,,14,0.0005701307676683616
17.0,0.020848,,12,0.005789901495397327
12.0,0.020848,,13,0.00104045810443804
11.0,0.020848,,9,0.0010703407131816911
19.0,0.010424,,21,0.0005402481589247105
18.0,0.020848,,17,0.0010156532980282538
18.0,0.010424,,17,0.0005701307676683616
18.0,0.020848,,18,0.001063016112310663
18.0,0.010424,,22,0.005249653336472617
16.0,0.020848,,18,0.010451943858662825
16.0,0.010424,,18,0.005279535945216268
17.0,0.010424,,18,0.005279535945216268
17.0,0.020848,,16,0.010499306672945234
16.0,0.010424,,18,0.005279535945216268
15.0,0.010424,,14,0.005309418553959919
17.0,0.010424,,18,0.005279535945216268
15.0,0.010424,,14,0.005309418553959919
15.0,0.020848,,16,0.010499306672945234
17.0,0.020848,,18,0.010451943858662825
15.0,0.031272,,14,0.015654234380853033
17.0,0.020848,,16,0.010486904269740341
18.0,0.020848,,16,0.010486904269740341
14.0,0.031272,,11,0.015713999598340335
17.0,0.020848,,18,0.005725058475576161
15.0,0.031272,,14,0.010927348997766368
15.0,0.020848,,14,0.005754941084319812
16.0,0.020848,,14,0.005754941084319812
14.0,0.031272,,10,0.010974711812048777
18.0,0.020848,,16,0.005760018886653676
17.0,0.020848,,12,0.005789901495397327
19.0,0.020848,,19,0.005760018886653676
17.0,0.020848,,15,0.005789901495397327
20.0,0.010424,,22,0.0005227679533859525
19.0,0.020848,,18,0.0009981730924894959
19.0,0.010424,,18,0.0005526505621296035
19.0,0.020848,,16,0.001045535906771905
19.0,0.010424,,18,0.0005526505621296035
16.0,0.010424,,14,0.0005825331708732547
17.0,0.020848,,16,0.001045535906771905
19.0,0.020848,,18,0.0009981730924894959
16.0,0.031272,,14,0.0014735782315930391
20.0,0.020848,,16,0.0010331335035670118
19.0,0.020848,,16,0.0010331335035670118
14.0,0.031272,,11,0.0015333434490803414
20.0,0.010424,,18,0.0005526505621296035
18.0,0.010424,,14,0.0005825331708732547
19.0,0.020848,,14,0.001028055701233147
18.0,0.020848,,12,0.001063016112310663
20.0,0.020848,,19,0.001045535906771905
18.0,0.031272,,15,0.0015209410458754482
19.0,0.020848,,18,0.005725058475576161
18.0,0.031272,,14,0.006200463614679704
18.0,0.020848,,14,0.005754941084319812
16.0,0.031272,,10,0.006247826428962113
20.0,0.020848,,16,0.005760018886653676
17.0,0.020848,,12,0.005789901495397327
17.0,0.010424,,24,0.005202290522190208
16.0,0.020848,,20,0.010404581044380416
16.0,0.010424,,20,0.005232173130933859
16.0,0.010424,,20,0.005232173130933859
16.0,0.020848,,18,0.010451943858662825
17.0,0.010424,,20,0.005232173130933859
15.0,0.010424,,16,0.00526205573967751
17.0,0.010424,,20,0.005232173130933859
15.0,0.010424,,16,0.00526205573967751
17.0,0.020848,,18,0.010451943858662825
15.0,0.020848,,20,0.010404581044380416
14.0,0.031272,,16,0.015606871566570623
16.0,0.020848,,18,0.010439541455457932
16.0,0.020848,,18,0.010439541455457932
13.0,0.031272,,13,0.015666636784057924
16.0,0.020848,,20,0.0056776956612937515
15.0,0.020848,,16,0.005707578270037403
16.0,0.020848,,16,0.005707578270037403
14.0,0.031272,,16,0.010879986183483958
15.0,0.031272,,14,0.010914946594561475
18.0,0.020848,,18,0.005725058475576161
17.0,0.020848,,14,0.005754941084319812
19.0,0.020848,,21,0.005725058475576161
17.0,0.020848,,17,0.005754941084319812
16.0,0.020848,,20,0.010404581044380416
14.0,0.031272,,16,0.015606871566570623
14.0,0.020848,,16,0.010434463653124067
15.0,0.020848,,16,0.010434463653124067
14.0,0.031272,,14,0.015654234380853033
15.0,0.020848,,16,0.010434463653124067
14.0,0.020848,,12,0.010464346261867718
16.0,0.020848,,16,0.010434463653124067
14.0,0.020848,,12,0.010464346261867718
15.0,0.031272,,14,0.015654234380853033
14.0,0.031272,,16,0.015606871566570623
12.0,0.041696,,12,0.02080916208876083
14.0,0.031272,,14,0.015641831977648138
15.0,0.031272,,14,0.015641831977648138
11.0,0.041696,,9,0.020868927306248133
16.0,0.020848,,20,0.0056776956612937515
15.0,0.020848,,16,0.005707578270037403
16.0,0.020848,,16,0.005707578270037403
14.0,0.031272,,16,0.010879986183483958
15.0,0.031272,,14,0.010914946594561475
15.0,0.031272,,16,0.006153100800397294
13.0,0.041696,,12,0.011355391322587503
17.0,0.031272,,14,0.006200463614679704
18.0,0.031272,,17,0.006200463614679704
13.0,0.05212,,14,0.01655768184477771
11.0,0.062544,,10,0.021759972366967917
19.0,0.020848,,21,0.005725058475576161
18.0,0.031272,,17,0.006200463614679704
18.0,0.020848,,17,0.005754941084319812
16.0,0.031272,,18,0.006247826428962113
19.0,0.020848,,18,0.005725058475576161
18.0,0.031272,,14,0.006200463614679704
18.0,0.020848,,14,0.005754941084319812
16.0,0.031272,,10,0.006247826428962113
13.0,0.062544,,8,0.021854697995532735
18.0,0.010424,,22,0.005237250933267724
16.0,0.020848,,18,0.010439541455457932
15.0,0.010424,,18,0.005267133542011375
16.0,0.010424,,18,0.005267133542011375
15.0,0.020848,,16,0.010486904269740341
16.0,0.010424,,18,0.005267133542011375
14.0,0.010424,,14,0.005297016150755026
17.0,0.010424,,18,0.005267133542011375
14.0,0.010424,,14,0.005297016150755026
17.0,0.020848,,16,0.010486904269740341
16.0,0.020848,,18,0.010439541455457932
14.0,0.031272,,14,0.015641831977648138
13.0,0.020848,,16,0.010474501866535448
17.0,0.020848,,16,0.010474501866535448
12.0,0.031272,,11,0.01570159719513544
17.0,0.020848,,18,0.005712656072371268
14.0,0.020848,,14,0.005742538681114919
15.0,0.020848,,14,0.005742538681114919
15.0,0.031272,,14,0.010914946594561475
12.0,0.031272,,10,0.010949907005638991
19.0,0.020848,,19,0.005760018886653676
17.0,0.020848,,15,0.005789901495397327
20.0,0.020848,,16,0.005760018886653676
17.0,0.020848,,12,0.005789901495397327
18.0,0.010424,,22,0.005237250933267724
17.0,0.020848,,18,0.010439541455457932
16.0,0.010424,,18,0.005267133542011375
16.0,0.010424,,18,0.005267133542011375
17.0,0.020848,,16,0.010486904269740341
17.0,0.010424,,18,0.005267133542011375
15.0,0.010424,,14,0.005297016150755026
17.0,0.010424,,18,0.005267133542011375
15.0,0.010424,,14,0.005297016150755026
18.0,0.020848,,16,0.010486904269740341
16.0,0.020848,,18,0.010439541455457932
15.0,0.031272,,14,0.015641831977648138
17.0,0.020848,,16,0.010474501866535448
15.0,0.020848,,16,0.010474501866535448
14.0,0.031272,,11,0.01570159719513544
17.0,0.020848,,18,0.005712656072371268
15.0,0.020848,,14,0.005742538681114919
16.0,0.020848,,14,0.005742538681114919
15.0,0.031272,,14,0.010914946594561475
14.0,0.031272,,10,0.010949907005638991
18.0,0.020848,,16,0.005760018886653676
17.0,0.020848,,12,0.005789901495397327
19.0,0.020848,,19,0.005760018886653676
17.0,0.020848,,15,0.005789901495397327
15.0,0.020848,,17,0.010464346261867718
13.0,0.031272,,13,0.015666636784057924
12.0,0.020848,,13,0.010494228870611369
13.0,0.020848,,13,0.010494228870611369
12.0,0.031272,,11,0.015713999598340335
13.0,0.020848,,13,0.010494228870611369
11.0,0.020848,,9,0.01052411147935502
14.0,0.020848,,13,0.010494228870611369
11.0,0.020848,,9,0.01052411147935502
14.0,0.031272,,11,0.015713999598340335
13.0,0.031272,,13,0.015666636784057924
11.0,0.041696,,9,0.020868927306248133
12.0,0.031272,,11,0.01570159719513544
14.0,0.031272,,11,0.01570159719513544
9.0,0.041696,,6,0.020928692523735436
15.0,0.05212,,13,0.01665240747334253
13.0,0.062544,,8,0.021854697995532735
17.0,0.010424,,24,0.00047540513910354333
16.0,0.020848,,20,0.0009508102782070867
16.0,0.010424,,20,0.0005052877478471944
18.0,0.020848,,18,0.0009981730924894959
16.0,0.010424,,20,0.0005052877478471944
13.0,0.010424,,16,0.0005351703565908456
18.0,0.020848,,18,0.0009981730924894959
16.0,0.020848,,20,0.0009508102782070867
14.0,0.031272,,16,0.00142621541731063
18.0,0.020848,,18,0.0009857706892846027
18.0,0.020848,,18,0.0009857706892846027
12.0,0.031272,,13,0.0014859806347979323
16.0,0.020848,,20,0.0056776956612937515
15.0,0.020848,,16,0.005707578270037403
15.0,0.031272,,16,0.006153100800397294
17.0,0.031272,,14,0.006188061211474811
16.0,0.010424,,20,0.0005052877478471944
15.0,0.020848,,16,0.0009806928869507377
15.0,0.010424,,16,0.0005351703565908456
17.0,0.020848,,14,0.001028055701233147
17.0,0.020848,,18,0.005725058475576161
14.0,0.020848,,14,0.005754941084319812
18.0,0.020848,,21,0.0009857706892846027
16.0,0.031272,,17,0.0014611758283881462
16.0,0.020848,,20,0.0056776956612937515
14.0,0.031272,,16,0.010879986183483958
15.0,0.020848,,16,0.005707578270037403
16.0,0.020848,,16,0.005707578270037403
15.0,0.031272,,14,0.010927348997766368
15.0,0.031272,,16,0.006153100800397294
13.0,0.041696,,12,0.011355391322587503
17.0,0.031272,,14,0.006188061211474811
18.0,0.031272,,17,0.006188061211474811
16.0,0.020848,,20,0.0009508102782070867
15.0,0.031272,,16,0.00142621541731063
15.0,0.020848,,16,0.0009806928869507377
16.0,0.031272,,14,0.0014735782315930391
15.0,0.020848,,16,0.0009806928869507377
12.0,0.020848,,12,0.0010105754956943888
16.0,0.031272,,14,0.0014735782315930391
15.0,0.031272,,16,0.00142621541731063
11.0,0.041696,,12,0.0019016205564141733
16.0,0.031272,,14,0.0014611758283881462
16.0,0.031272,,14,0.0014611758283881462
9.0,0.041696,,9,0.0019613857739014754
13.0,0.05212,,14,0.011830796461691046
10.0,0.062544,,10,0.01230620160079459
19.0,0.020848,,21,0.0009981730924894959
17.0,0.031272,,17,0.0014735782315930391
18.0,0.020848,,17,0.001028055701233147
17.0,0.031272,,15,0.0015209410458754482
16.0,0.010424,,20,0.0005052877478471944
16.0,0.020848,,16,0.005707578270037403
15.0,0.010424,,16,0.0005351703565908456
14.0,0.010424,,16,0.0005351703565908456
15.0,0.020848,,14,0.005754941084319812
15.0,0.020848,,16,0.0009806928869507377
13.0,0.020848,,12,0.0010105754956943888
17.0,0.020848,,14,0.001028055701233147
17.0,0.020848,,18,0.005725058475576161
15.0,0.031272,,14,0.010927348997766368
14.0,0.020848,,14,0.005754941084319812
15.0,0.020848,,14,0.005754941084319812
12.0,0.031272,,10,0.010974711812048777
19.0,0.020848,,21,0.0009981730924894959
17.0,0.031272,,17,0.0014735782315930391
18.0,0.020848,,17,0.001028055701233147
17.0,0.031272,,15,0.0015209410458754482
18.0,0.020848,,21,0.0009857706892846027
16.0,0.031272,,17,0.0014611758283881462
18.0,0.031272,,17,0.006188061211474811
13.0,0.031272,,14,0.0014859806347979323
10.0,0.041696,,10,0.0019613857739014754
9.0,0.062544,,8,0.012400927229359409
20.0,0.010424,,25,0.0005103655501810594
19.0,0.020848,,21,0.0009857706892846027
19.0,0.010424,,21,0.0005402481589247105
20.0,0.020848,,22,0.0010331335035670118
19.0,0.010424,,21,0.0005402481589247105
17.0,0.010424,,17,0.0005701307676683616
21.0,0.020848,,22,0.0010331335035670118
19.0,0.020848,,21,0.0009857706892846027
17.0,0.031272,,17,0.0014611758283881462
17.0,0.020848,,22,0.0010207311003621188
19.0,0.020848,,22,0.0010207311003621188
15.0,0.031272,,15,0.0015209410458754482
19.0,0.020848,,21,0.005712656072371268
18.0,0.020848,,17,0.005742538681114919
18.0,0.031272,,17,0.006188061211474811
16.0,0.031272,,18,0.006223021622552326
19.0,0.010424,,21,0.0005402481589247105
18.0,0.020848,,17,0.0010156532980282538
17.0,0.010424,,17,0.0005701307676683616
18.0,0.020848,,18,0.001063016112310663
19.0,0.020848,,19,0.005760018886653676
17.0,0.020848,,15,0.005789901495397327
19.0,0.020848,,19,0.0010207311003621188
17.0,0.031272,,15,0.0014961362394656623
20.0,0.010424,,25,0.0005103655501810594
19.0,0.020848,,21,0.0009857706892846027
19.0,0.010424,,21,0.0005402481589247105
21.0,0.020848,,22,0.0010331335035670118
19.0,0.010424,,21,0.0005402481589247105
17.0,0.010424,,17,0.0005701307676683616
20.0,0.020848,,22,0.0010331335035670118
19.0,0.020848,,21,0.0009857706892846027
17.0,0.031272,,17,0.0014611758283881462
19.0,0.020848,,22,0.0010207311003621188
17.0,0.020848,,22,0.0010207311003621188
15.0,0.031272,,15,0.0015209410458754482
19.0,0.020848,,21,0.005712656072371268
18.0,0.020848,,17,0.005742538681114919
18.0,0.031272,,17,0.006188061211474811
16.0,0.031272,,18,0.006223021622552326
19.0,0.010424,,21,0.0005402481589247105
18.0,0.020848,,17,0.0010156532980282538
17.0,0.010424,,17,0.0005701307676683616
18.0,0.020848,,18,0.001063016112310663
19.0,0.020848,,19,0.005760018886653676
17.0,0.020848,,15,0.005789901495397327
19.0,0.020848,,19,0.0010207311003621188
17.0,0.031272,,15,0.0014961362394656623
14.0,0.020848,,17,0.0010105754956943888
13.0,0.031272,,13,0.0014859806347979323
13.0,0.020848,,13,0.00104045810443804
15.0,0.031272,,14,0.0015333434490803414
13.0,0.020848,,13,0.00104045810443804
11.0,0.020848,,9,0.0010703407131816911
15.0,0.031272,,14,0.0015333434490803414
13.0,0.031272,,13,0.0014859806347979323
10.0,0.041696,,9,0.0019613857739014754
14.0,0.031272,,14,0.0015209410458754482
14.0,0.031272,,14,0.0015209410458754482
8.0,0.041696,,7,0.0020211509913887777
20.0,0.010424,,22,0.0005103655501810594
19.0,0.020848,,18,0.0009857706892846027
19.0,0.010424,,18,0.0005402481589247105
19.0,0.020848,,16,0.0010331335035670118
19.0,0.010424,,18,0.0005402481589247105
16.0,0.010424,,14,0.0005701307676683616
20.0,0.020848,,16,0.0010331335035670118
19.0,0.020848,,18,0.0009857706892846027
16.0,0.031272,,14,0.0014611758283881462
17.0,0.020848,,16,0.0010207311003621188
19.0,0.020848,,16,0.0010207311003621188
14.0,0.031272,,11,0.0015209410458754482
19.0,0.020848,,18,0.005712656072371268
18.0,0.020848,,14,0.005742538681114919
18.0,0.031272,,14,0.006188061211474811
16.0,0.031272,,10,0.006223021622552326
20.0,0.010424,,18,0.0005402481589247105
19.0,0.020848,,14,0.0010156532980282538
18.0,0.010424,,14,0.0005701307676683616
18.0,0.020848,,12,0.001063016112310663
20.0,0.020848,,16,0.005760018886653676
17.0,0.020848,,12,0.005789901495397327
20.0,0.020848,,19,0.0010207311003621188
18.0,0.031272,,15,0.0014961362394656623
20.0,0.010424,,22,0.0005103655501810594
19.0,0.020848,,18,0.0009857706892846027
19.0,0.010424,,18,0.0005402481589247105
20.0,0.020848,,16,0.0010331335035670118
19.0,0.010424,,18,0.0005402481589247105
16.0,0.010424,,14,0.0005701307676683616
19.0,0.020848,,16,0.0010331335035670118
19.0,0.020848,,18,0.0009857706892846027
16.0,0.031272,,14,0.0014611758283881462
19.0,0.020848,,16,0.0010207311003621188
17.0,0.020848,,16,0.0010207311003621188
14.0,0.031272,,11,0.0015209410458754482
19.0,0.020848,,18,0.005712656072371268
18.0,0.020848,,14,0.005742538681114919
18.0,0.031272,,14,0.006188061211474811
16.0,0.031272,,10,0.006223021622552326
20.0,0.010424,,18,0.0005402481589247105
19.0,0.020848,,14,0.0010156532980282538
18.0,0.010424,,14,0.0005701307676683616
18.0,0.020848,,12,0.001063016112310663
20.0,0.020848,,16,0.005760018886653676
17.0,0.020848,,12,0.005789901495397327
20.0,0.020848,,19,0.0010207311003621188
18.0,0.031272,,15,0.0014961362394656623
15.0,0.020848,,17,0.0010105754956943888
14.0,0.031272,,13,0.0014859806347979323
14.0,0.020848,,13,0.00104045810443804
15.0,0.031272,,11,0.0015333434490803414
14.0,0.020848,,13,0.00104045810443804
11.0,0.020848,,9,0.0010703407131816911
15.0,0.031272,,11,0.0015333434490803414
14.0,0.031272,,13,0.0014859806347979323
10.0,0.041696,,9,0.0019613857739014754
15.0,0.031272,,11,0.0015209410458754482
15.0,0.031272,,11,0.0015209410458754482
8.0,0.041696,,6,0.0020211509913887777
14.0,0.05212,,13,0.011925522090255864
11.0,0.062544,,8,0.012400927229359409
14.0,0.041696,,18,0.011355391322587503
13.0,0.05212,,14,0.011830796461691046
13.0,0.05212,,14,0.01655768184477771
13.0,0.05212,,14,0.01655768184477771
11.0,0.062544,,10,0.021759972366967917
13.0,0.05212,,14,0.011830796461691046
10.0,0.062544,,10,0.01230620160079459
8.0,0.083392,,8,0.022710782645175006
12.0,0.05212,,13,0.011900717283846078
9.0,0.062544,,8,0.012376122422949623
15.0,0.05212,,13,0.016627602666932743
13.0,0.062544,,8,0.02182989318912295
15.0,0.05212,,13,0.016627602666932743
13.0,0.062544,,8,0.02182989318912295
14.0,0.05212,,13,0.011900717283846078
11.0,0.062544,,8,0.012376122422949623
6.0,0.083392,,5,0.02283031308014961
21.0,0.041555,,26,0.03724231993015431
20.0,0.051979,,22,0.03771772506925786
20.0,0.041555,,22,0.03727220253889796
23.0,0.051979,,20,0.037765087883540265
20.0,0.041555,,22,0.03727220253889796
17.0,0.041555,,18,0.03730208514764161
23.0,0.051979,,20,0.037765087883540265
20.0,0.051979,,22,0.03771772506925786
18.0,0.062403,,18,0.0381931302083614
23.0,0.051979,,20,0.03775268548033537
23.0,0.051979,,20,0.03775268548033537
16.0,0.062403,,15,0.038252895425848706
20.0,0.041555,,22,0.03727220253889796
19.0,0.041555,,18,0.03730208514764161
19.0,0.051979,,18,0.037747607678001505
21.0,0.051979,,16,0.037782568089079024
23.0,0.051979,,23,0.037765087883540265
21.0,0.062403,,19,0.03824049302264381
20.0,0.051979,,22,0.04244461045234452
19.0,0.062403,,18,0.04292001559144806
19.0,0.051979,,18,0.042474493061088164
21.0,0.062403,,16,0.04296737840573047
21.0,0.051979,,20,0.04247957086342203
18.0,0.051979,,16,0.042509453472165684
20.0,0.041555,,22,0.03727220253889796
19.0,0.041555,,18,0.03730208514764161
18.0,0.041555,,18,0.03730208514764161
20.0,0.051979,,18,0.042474493061088164
19.0,0.051979,,16,0.042509453472165684
19.0,0.051979,,18,0.037747607678001505
17.0,0.051979,,14,0.03777749028674516
21.0,0.051979,,16,0.037782568089079024
23.0,0.051979,,23,0.037765087883540265
22.0,0.062403,,19,0.03824049302264381
23.0,0.062403,,19,0.04296737840573047
20.0,0.051979,,22,0.04244461045234452
19.0,0.051979,,18,0.042474493061088164
20.0,0.051979,,18,0.042474493061088164
18.0,0.062403,,18,0.04764690097453472
19.0,0.062403,,16,0.047681861385612236
19.0,0.062403,,18,0.04292001559144806
17.0,0.072827,,14,0.04812230611363827
21.0,0.062403,,16,0.04296737840573047
23.0,0.062403,,19,0.04296737840573047
21.0,0.051979,,20,0.04247957086342203
18.0,0.051979,,16,0.042509453472165684
19.0,0.051979,,16,0.042509453472165684
19.0,0.062403,,16,0.047681861385612236
16.0,0.062403,,14,0.047716821796689755
20.0,0.051979,,22,0.03771772506925786
19.0,0.062403,,18,0.0381931302083614
19.0,0.051979,,18,0.037747607678001505
21.0,0.062403,,16,0.03824049302264381
19.0,0.051979,,18,0.037747607678001505
16.0,0.051979,,14,0.03777749028674516
22.0,0.062403,,16,0.03824049302264381
19.0,0.062403,,18,0.038193130208361396
16.0,0.072827,,14,0.03866853534746494
21.0,0.062403,,16,0.03822809061943891
22.0,0.062403,,16,0.03822809061943891
14.0,0.072827,,11,0.038728300564952245
24.0,0.051979,,23,0.03775268548033537
23.0,0.051979,,19,0.037782568089079024
22.0,0.062403,,19,0.03822809061943891
22.0,0.062403,,17,0.03826305103051643
24.0,0.051979,,23,0.03775268548033537
23.0,0.051979,,19,0.037782568089079024
23.0,0.062403,,19,0.03822809061943891
22.0,0.062403,,17,0.03826305103051643
17.0,0.062403,,15,0.038252895425848706
15.0,0.072827,,11,0.038728300564952245
17.0,0.083251,,16,0.048597711252741815
15.0,0.093675,,12,0.04907311639184536
14.0,0.093675,,11,0.049143037214000394
19.0,0.051979,,22,0.04244461045234452
18.0,0.051979,,18,0.042474493061088164
18.0,0.051979,,18,0.042474493061088164
18.0,0.062403,,18,0.04764690097453472
18.0,0.062403,,16,0.047681861385612236
18.0,0.062403,,18,0.04292001559144806
17.0,0.062403,,14,0.04294989820019171
20.0,0.062403,,16,0.042954976002525576
18.0,0.062403,,18,0.04764690097453472
16.0,0.062403,,14,0.04767678358327837
17.0,0.062403,,14,0.04767678358327837
16.0,0.072827,,14,0.05284919149672493
16.0,0.072827,,12,0.05288415190780244
18.0,0.062403,,18,0.04292001559144806
17.0,0.062403,,14,0.04294989820019171
17.0,0.072827,,14,0.0433954207305516
18.0,0.072827,,12,0.043430381141629115
22.0,0.062403,,19,0.042954976002525576
20.0,0.072827,,15,0.043430381141629115
15.0,0.093675,,12,0.05380000177493202
20.0,0.041555,,22,0.03727220253889796
19.0,0.051979,,18,0.037747607678001505
19.0,0.041555,,18,0.03730208514764161
22.0,0.051979,,19,0.03779497049228392
19.0,0.041555,,18,0.03730208514764161
17.0,0.041555,,14,0.03733196775638526
22.0,0.051979,,19,0.03779497049228392
19.0,0.051979,,18,0.037747607678001505
18.0,0.062403,,14,0.03822301281710505
23.0,0.051979,,19,0.037782568089079024
23.0,0.051979,,19,0.037782568089079024
16.0,0.062403,,11,0.03828277803459235
18.0,0.041555,,18,0.03730208514764161
17.0,0.041555,,14,0.03733196775638526
17.0,0.051979,,14,0.03777749028674516
21.0,0.051979,,15,0.03781245069782267
21.0,0.051979,,16,0.03779497049228392
19.0,0.062403,,12,0.038270375631387465
18.0,0.051979,,18,0.042474493061088164
17.0,0.062403,,14,0.04294989820019171
17.0,0.051979,,14,0.04250437566983182
20.0,0.062403,,15,0.042997261014474125
19.0,0.051979,,16,0.042509453472165684
17.0,0.051979,,12,0.04253933608090933
20.0,0.051979,,20,0.042491973266626924
18.0,0.051979,,16,0.04252185587537058
19.0,0.051979,,16,0.04252185587537058
18.0,0.062403,,16,0.04769426378881713
18.0,0.062403,,14,0.04772922419989465
19.0,0.062403,,16,0.04296737840573047
17.0,0.062403,,12,0.042997261014474125
23.0,0.062403,,17,0.04300233881680799
23.0,0.051979,,23,0.03775268548033537
22.0,0.062403,,19,0.038228090619438916
22.0,0.051979,,19,0.037782568089079024
22.0,0.062403,,20,0.03827545343372133
22.0,0.051979,,19,0.037782568089079024
20.0,0.051979,,15,0.03781245069782267
22.0,0.062403,,20,0.03827545343372133
22.0,0.062403,,19,0.03822809061943891
19.0,0.072827,,15,0.038703495758542455
22.0,0.062403,,20,0.03826305103051643
21.0,0.062403,,20,0.03826305103051643
17.0,0.072827,,12,0.03876326097602976
20.0,0.041555,,22,0.03727220253889796
19.0,0.051979,,18,0.037747607678001505
19.0,0.041555,,18,0.03730208514764161
22.0,0.051979,,16,0.03779497049228392
19.0,0.041555,,18,0.03730208514764161
16.0,0.041555,,14,0.03733196775638526
22.0,0.051979,,16,0.03779497049228392
19.0,0.051979,,18,0.037747607678001505
17.0,0.062403,,14,0.03822301281710505
22.0,0.051979,,16,0.037782568089079024
22.0,0.051979,,16,0.037782568089079024
15.0,0.062403,,11,0.03828277803459235
20.0,0.041555,,18,0.03730208514764161
18.0,0.041555,,14,0.03733196775638526
19.0,0.051979,,14,0.03777749028674516
21.0,0.051979,,12,0.03781245069782267
23.0,0.051979,,19,0.03779497049228392
21.0,0.062403,,15,0.038270375631387465
19.0,0.051979,,18,0.042474493061088164
18.0,0.062403,,14,0.04294989820019171
18.0,0.051979,,14,0.04250437566983182
20.0,0.062403,,12,0.042997261014474125
20.0,0.051979,,16,0.042509453472165684
17.0,0.051979,,12,0.04253933608090933
20.0,0.051979,,20,0.042491973266626924
19.0,0.051979,,16,0.04252185587537058
19.0,0.051979,,16,0.04252185587537058
19.0,0.062403,,16,0.04769426378881713
19.0,0.062403,,14,0.04772922419989465
19.0,0.062403,,16,0.04296737840573047
18.0,0.062403,,12,0.042997261014474125
21.0,0.062403,,14,0.04300233881680799
20.0,0.051979,,20,0.04247957086342203
19.0,0.051979,,16,0.042509453472165684
20.0,0.051979,,16,0.042509453472165684
18.0,0.062403,,16,0.047681861385612236
19.0,0.062403,,14,0.047716821796689755
19.0,0.062403,,16,0.042954976002525576
17.0,0.072827,,12,0.04815726652471578
21.0,0.062403,,14,0.04300233881680799
23.0,0.062403,,17,0.04300233881680799
17.0,0.062403,,15,0.047706666192022025
15.0,0.062403,,11,0.04773654880076567
16.0,0.062403,,11,0.04773654880076567
15.0,0.072827,,11,0.05290895671421223
15.0,0.072827,,9,0.052943917125289744
23.0,0.051979,,20,0.03775268548033537
22.0,0.062403,,16,0.038228090619438916
23.0,0.051979,,16,0.037782568089079024
23.0,0.062403,,14,0.03827545343372133
23.0,0.051979,,16,0.037782568089079024
20.0,0.051979,,12,0.03781245069782267
23.0,0.062403,,14,0.03827545343372133
22.0,0.062403,,16,0.03822809061943891
17.0,0.072827,,12,0.038703495758542455
22.0,0.062403,,14,0.03826305103051643
21.0,0.062403,,14,0.03826305103051643
16.0,0.072827,,9,0.03876326097602976
18.0,0.093675,,11,0.053869922597087054
20.0,0.083192,,22,0.06944713860431727
17.0,0.093616,,18,0.07464942912650747
19.0,0.083192,,18,0.06947702121306092
19.0,0.083192,,18,0.06947702121306092
18.0,0.093616,,16,0.07469679194078989
19.0,0.083192,,18,0.06947702121306092
17.0,0.083192,,14,0.06950690382180456
19.0,0.083192,,18,0.06947702121306092
17.0,0.083192,,14,0.06950690382180456
18.0,0.093616,,16,0.07469679194078989
19.0,0.093616,,18,0.07464942912650747
16.0,0.10404,,14,0.07985171964869768
19.0,0.093616,,16,0.074684389537585
19.0,0.093616,,16,0.074684389537585
15.0,0.10404,,11,0.07991148486618498
19.0,0.093616,,18,0.06992254374342081
16.0,0.10404,,14,0.07512483426561102
18.0,0.093616,,14,0.06995242635216446
18.0,0.093616,,14,0.06995242635216446
17.0,0.10404,,12,0.07517219707989344
21.0,0.093616,,16,0.06995750415449833
19.0,0.093616,,12,0.06998738676324198
22.0,0.093616,,19,0.06995750415449833
20.0,0.093616,,15,0.06998738676324198
19.0,0.093616,,18,0.07464942912650747
16.0,0.10404,,14,0.07985171964869768
17.0,0.093616,,14,0.07467931173525112
17.0,0.093616,,14,0.07467931173525112
16.0,0.10404,,12,0.0798990824629801
18.0,0.093616,,14,0.07467931173525112
16.0,0.093616,,10,0.07470919434399477
18.0,0.093616,,14,0.07467931173525112
16.0,0.093616,,10,0.07470919434399477
17.0,0.10404,,12,0.0798990824629801
17.0,0.10404,,14,0.07985171964869768
14.0,0.114464,,10,0.08505401017088789
17.0,0.10404,,12,0.0798866800597752
17.0,0.10404,,12,0.0798866800597752
13.0,0.114464,,7,0.08511377538837518
19.0,0.093616,,18,0.06992254374342081
16.0,0.10404,,14,0.07512483426561102
18.0,0.093616,,14,0.06995242635216446
18.0,0.093616,,14,0.06995242635216446
17.0,0.10404,,12,0.07517219707989344
17.0,0.10404,,14,0.07039794888252436
14.0,0.114464,,10,0.07560023940471457
19.0,0.10404,,12,0.07043290929360188
20.0,0.10404,,15,0.07043290929360188
23.0,0.093616,,19,0.06995750415449833
21.0,0.093616,,15,0.06998738676324198
20.0,0.10404,,15,0.07043290929360188
17.0,0.10404,,16,0.07046786970467939
22.0,0.093616,,16,0.06995750415449833
21.0,0.093616,,12,0.06998738676324198
20.0,0.10404,,12,0.07043290929360188
17.0,0.10404,,10,0.07046786970467939
15.0,0.124888,,12,0.08080252992690477
12.0,0.135312,,8,0.08600482044909498
14.0,0.135312,,7,0.08607474127125
21.0,0.041555,,26,0.03724231993015431
20.0,0.051979,,22,0.03771772506925786
20.0,0.041555,,22,0.03727220253889796
23.0,0.051979,,20,0.037765087883540265
20.0,0.041555,,22,0.03727220253889796
17.0,0.041555,,18,0.03730208514764161
23.0,0.051979,,20,0.037765087883540265
20.0,0.051979,,22,0.03771772506925786
18.0,0.062403,,18,0.0381931302083614
23.0,0.051979,,20,0.03775268548033537
23.0,0.051979,,20,0.03775268548033537
16.0,0.062403,,15,0.038252895425848706
20.0,0.041555,,22,0.03727220253889796
19.0,0.041555,,18,0.03730208514764161
19.0,0.051979,,18,0.037747607678001505
21.0,0.051979,,16,0.037782568089079024
23.0,0.051979,,23,0.037765087883540265
22.0,0.062403,,19,0.03824049302264381
20.0,0.051979,,22,0.04244461045234452
19.0,0.062403,,18,0.04292001559144806
19.0,0.051979,,18,0.042474493061088164
21.0,0.062403,,16,0.04296737840573047
21.0,0.051979,,20,0.04247957086342203
18.0,0.051979,,16,0.042509453472165684
20.0,0.041555,,22,0.03727220253889796
19.0,0.041555,,18,0.03730208514764161
18.0,0.041555,,18,0.03730208514764161
20.0,0.051979,,18,0.042474493061088164
19.0,0.051979,,16,0.042509453472165684
19.0,0.051979,,18,0.037747607678001505
17.0,0.051979,,14,0.03777749028674516
21.0,0.051979,,16,0.037782568089079024
23.0,0.051979,,23,0.037765087883540265
21.0,0.062403,,19,0.03824049302264381
23.0,0.062403,,19,0.04296737840573047
20.0,0.051979,,22,0.04244461045234452
19.0,0.051979,,18,0.042474493061088164
20.0,0.051979,,18,0.042474493061088164
18.0,0.062403,,18,0.04764690097453472
19.0,0.062403,,16,0.047681861385612236
19.0,0.062403,,18,0.04292001559144806
17.0,0.072827,,14,0.04812230611363827
21.0,0.062403,,16,0.04296737840573047
23.0,0.062403,,19,0.04296737840573047
21.0,0.051979,,20,0.04247957086342203
18.0,0.051979,,16,0.042509453472165684
19.0,0.051979,,16,0.042509453472165684
19.0,0.062403,,16,0.047681861385612236
16.0,0.062403,,14,0.047716821796689755
20.0,0.051979,,22,0.03771772506925786
19.0,0.062403,,18,0.0381931302083614
19.0,0.051979,,18,0.037747607678001505
22.0,0.062403,,16,0.03824049302264381
19.0,0.051979,,18,0.037747607678001505
16.0,0.051979,,14,0.03777749028674516
21.0,0.062403,,16,0.03824049302264381
19.0,0.062403,,18,0.038193130208361396
16.0,0.072827,,14,0.03866853534746494
22.0,0.062403,,16,0.03822809061943891
21.0,0.062403,,16,0.03822809061943891
14.0,0.072827,,11,0.038728300564952245
24.0,0.051979,,23,0.03775268548033537
23.0,0.051979,,19,0.037782568089079024
23.0,0.062403,,19,0.03822809061943891
22.0,0.062403,,17,0.03826305103051643
24.0,0.051979,,23,0.03775268548033537
23.0,0.051979,,19,0.037782568089079024
22.0,0.062403,,19,0.03822809061943891
22.0,0.062403,,17,0.03826305103051643
17.0,0.062403,,15,0.038252895425848706
15.0,0.072827,,11,0.038728300564952245
17.0,0.083251,,16,0.048597711252741815
15.0,0.093675,,12,0.04907311639184536
14.0,0.093675,,11,0.049143037214000394
19.0,0.051979,,22,0.04244461045234452
18.0,0.051979,,18,0.042474493061088164
18.0,0.051979,,18,0.042474493061088164
18.0,0.062403,,18,0.04764690097453472
18.0,0.062403,,16,0.047681861385612236
18.0,0.062403,,18,0.04292001559144806
17.0,0.062403,,14,0.04294989820019171
20.0,0.062403,,16,0.042954976002525576
18.0,0.062403,,18,0.04764690097453472
16.0,0.062403,,14,0.04767678358327837
17.0,0.062403,,14,0.04767678358327837
16.0,0.072827,,14,0.05284919149672493
16.0,0.072827,,12,0.05288415190780244
18.0,0.062403,,18,0.04292001559144806
17.0,0.062403,,14,0.04294989820019171
17.0,0.072827,,14,0.0433954207305516
18.0,0.072827,,12,0.043430381141629115
22.0,0.062403,,19,0.042954976002525576
20.0,0.072827,,15,0.043430381141629115
15.0,0.093675,,12,0.05380000177493202
20.0,0.041555,,22,0.03727220253889796
19.0,0.051979,,18,0.037747607678001505
19.0,0.041555,,18,0.03730208514764161
22.0,0.051979,,19,0.03779497049228392
19.0,0.041555,,18,0.03730208514764161
17.0,0.041555,,14,0.03733196775638526
22.0,0.051979,,19,0.03779497049228392
19.0,0.051979,,18,0.037747607678001505
18.0,0.062403,,14,0.03822301281710505
23.0,0.051979,,19,0.037782568089079024
23.0,0.051979,,19,0.037782568089079024
16.0,0.062403,,11,0.03828277803459235
18.0,0.041555,,18,0.03730208514764161
17.0,0.041555,,14,0.03733196775638526
17.0,0.051979,,14,0.03777749028674516
21.0,0.051979,,15,0.03781245069782267
21.0,0.051979,,16,0.03779497049228392
19.0,0.062403,,12,0.038270375631387465
18.0,0.051979,,18,0.042474493061088164
17.0,0.062403,,14,0.04294989820019171
17.0,0.051979,,14,0.04250437566983182
20.0,0.062403,,15,0.042997261014474125
19.0,0.051979,,16,0.042509453472165684
17.0,0.051979,,12,0.04253933608090933
20.0,0.051979,,20,0.042491973266626924
18.0,0.051979,,16,0.04252185587537058
19.0,0.051979,,16,0.04252185587537058
18.0,0.062403,,16,0.04769426378881713
18.0,0.062403,,14,0.04772922419989465
19.0,0.062403,,16,0.04296737840573047
17.0,0.062403,,12,0.042997261014474125
23.0,0.062403,,17,0.04300233881680799
23.0,0.051979,,23,0.03775268548033537
22.0,0.062403,,19,0.038228090619438916
22.0,0.051979,,19,0.037782568089079024
22.0,0.062403,,20,0.03827545343372133
22.0,0.051979,,19,0.037782568089079024
20.0,0.051979,,15,0.03781245069782267
22.0,0.062403,,20,0.03827545343372133
22.0,0.062403,,19,0.03822809061943891
19.0,0.072827,,15,0.038703495758542455
21.0,0.062403,,20,0.03826305103051643
22.0,0.062403,,20,0.03826305103051643
17.0,0.072827,,12,0.03876326097602976
20.0,0.041555,,22,0.03727220253889796
19.0,0.051979,,18,0.037747607678001505
19.0,0.041555,,18,0.03730208514764161
22.0,0.051979,,16,0.03779497049228392
19.0,0.041555,,18,0.03730208514764161
16.0,0.041555,,14,0.03733196775638526
22.0,0.051979,,16,0.03779497049228392
19.0,0.051979,,18,0.037747607678001505
17.0,0.062403,,14,0.03822301281710505
22.0,0.051979,,16,0.037782568089079024
22.0,0.051979,,16,0.037782568089079024
15.0,0.062403,,11,0.03828277803459235
20.0,0.041555,,18,0.03730208514764161
18.0,0.041555,,14,0.03733196775638526
19.0,0.051979,,14,0.03777749028674516
21.0,0.051979,,12,0.03781245069782267
23.0,0.051979,,19,0.03779497049228392
21.0,0.062403,,15,0.038270375631387465
19.0,0.051979,,18,0.042474493061088164
18.0,0.062403,,14,0.04294989820019171
18.0,0.051979,,14,0.04250437566983182
20.0,0.062403,,12,0.042997261014474125
20.0,0.051979,,16,0.042509453472165684
17.0,0.051979,,12,0.04253933608090933
20.0,0.051979,,20,0.042491973266626924
19.0,0.051979,,16,0.04252185587537058
19.0,0.051979,,16,0.04252185587537058
19.0,0.062403,,16,0.04769426378881713
19.0,0.062403,,14,0.04772922419989465
19.0,0.062403,,16,0.04296737840573047
18.0,0.062403,,12,0.042997261014474125
21.0,0.062403,,14,0.04300233881680799
20.0,0.051979,,20,0.04247957086342203
19.0,0.051979,,16,0.042509453472165684
20.0,0.051979,,16,0.042509453472165684
18.0,0.062403,,16,0.047681861385612236
19.0,0.062403,,14,0.047716821796689755
19.0,0.062403,,16,0.042954976002525576
17.0,0.072827,,12,0.04815726652471578
21.0,0.062403,,14,0.04300233881680799
23.0,0.062403,,17,0.04300233881680799
17.0,0.062403,,15,0.047706666192022025
15.0,0.062403,,11,0.04773654880076567
16.0,0.062403,,11,0.04773654880076567
15.0,0.072827,,11,0.05290895671421223
15.0,0.072827,,9,0.052943917125289744
23.0,0.051979,,20,0.03775268548033537
22.0,0.062403,,16,0.038228090619438916
23.0,0.051979,,16,0.037782568089079024
23.0,0.062403,,14,0.03827545343372133
23.0,0.051979,,16,0.037782568089079024
20.0,0.051979,,12,0.03781245069782267
23.0,0.062403,,14,0.03827545343372133
22.0,0.062403,,16,0.03822809061943891
17.0,0.072827,,12,0.038703495758542455
21.0,0.062403,,14,0.03826305103051643
22.0,0.062403,,14,0.03826305103051643
16.0,0.072827,,9,0.03876326097602976
18.0,0.093675,,11,0.053869922597087054
20.0,0.083192,,22,0.06944713860431727
17.0,0.093616,,18,0.07464942912650746
19.0,0.083192,,18,0.06947702121306092
19.0,0.083192,,18,0.06947702121306092
18.0,0.093616,,16,0.07469679194078988
19.0,0.083192,,18,0.06947702121306092
17.0,0.083192,,14,0.06950690382180456
19.0,0.083192,,18,0.06947702121306092
17.0,0.083192,,14,0.06950690382180456
18.0,0.093616,,16,0.07469679194078988
19.0,0.093616,,18,0.07464942912650747
16.0,0.10404,,14,0.07985171964869767
19.0,0.093616,,16,0.074684389537585
19.0,0.093616,,16,0.074684389537585
15.0,0.10404,,11,0.07991148486618496
19.0,0.093616,,18,0.06992254374342081
16.0,0.10404,,14,0.075124834265611
18.0,0.093616,,14,0.06995242635216446
18.0,0.093616,,14,0.06995242635216446
17.0,0.10404,,12,0.07517219707989342
21.0,0.093616,,16,0.06995750415449833
19.0,0.093616,,12,0.06998738676324198
22.0,0.093616,,19,0.06995750415449833
20.0,0.093616,,15,0.06998738676324198
19.0,0.093616,,18,0.07464942912650747
16.0,0.10404,,14,0.07985171964869767
17.0,0.093616,,14,0.07467931173525112
17.0,0.093616,,14,0.07467931173525112
16.0,0.10404,,12,0.07989908246298008
18.0,0.093616,,14,0.07467931173525112
16.0,0.093616,,10,0.07470919434399477
18.0,0.093616,,14,0.07467931173525112
16.0,0.093616,,10,0.07470919434399477
17.0,0.10404,,12,0.07989908246298008
17.0,0.10404,,14,0.07985171964869768
14.0,0.114464,,10,0.08505401017088787
17.0,0.10404,,12,0.0798866800597752
17.0,0.10404,,12,0.0798866800597752
13.0,0.114464,,7,0.08511377538837517
19.0,0.093616,,18,0.06992254374342081
16.0,0.10404,,14,0.075124834265611
18.0,0.093616,,14,0.06995242635216446
18.0,0.093616,,14,0.06995242635216446
17.0,0.10404,,12,0.07517219707989342
17.0,0.10404,,14,0.07039794888252436
14.0,0.114464,,10,0.07560023940471455
19.0,0.10404,,12,0.07043290929360188
20.0,0.10404,,15,0.07043290929360188
23.0,0.093616,,19,0.06995750415449833
21.0,0.093616,,15,0.06998738676324198
20.0,0.10404,,15,0.07043290929360188
17.0,0.10404,,16,0.07046786970467939
22.0,0.093616,,16,0.06995750415449833
21.0,0.093616,,12,0.06998738676324198
20.0,0.10404,,12,0.07043290929360188
17.0,0.10404,,8,0.07046786970467939
15.0,0.124888,,12,0.08080252992690477
12.0,0.135312,,8,0.08600482044909497
14.0,0.135312,,6,0.08607474127124999
17.0,0.083192,,22,0.06472025322123065
16.0,0.093616,,18,0.0651956583603342
17.0,0.083192,,18,0.0647501358299743
19.0,0.093616,,16,0.06524302117461661
17.0,0.083192,,18,0.0647501358299743
14.0,0.083192,,14,0.06478001843871795
19.0,0.093616,,16,0.06524302117461661
16.0,0.093616,,18,0.0651956583603342
14.0,0.10404,,14,0.06567106349943774
19.0,0.093616,,16,0.06523061877141172
19.0,0.093616,,16,0.06523061877141172
13.0,0.10404,,11,0.06573082871692504
17.0,0.083192,,18,0.0647501358299743
16.0,0.083192,,14,0.06478001843871795
16.0,0.093616,,14,0.06522554096907784
18.0,0.093616,,12,0.06526050138015536
20.0,0.093616,,19,0.06524302117461661
18.0,0.10404,,15,0.06571842631372016
16.0,0.093616,,18,0.06992254374342086
15.0,0.10404,,14,0.0703979488825244
15.0,0.093616,,14,0.0699524263521645
17.0,0.10404,,12,0.07044531169680682
17.0,0.093616,,16,0.06995750415449838
15.0,0.093616,,12,0.06998738676324202
17.0,0.083192,,18,0.0647501358299743
16.0,0.083192,,14,0.06478001843871795
15.0,0.083192,,14,0.06478001843871795
16.0,0.093616,,14,0.0699524263521645
16.0,0.093616,,12,0.06998738676324202
16.0,0.093616,,14,0.06522554096907784
14.0,0.093616,,10,0.06525542357782149
18.0,0.093616,,12,0.06526050138015536
20.0,0.093616,,19,0.06524302117461661
18.0,0.10404,,15,0.06571842631372016
19.0,0.10404,,15,0.07044531169680682
16.0,0.093616,,18,0.06992254374342086
15.0,0.093616,,14,0.0699524263521645
16.0,0.093616,,14,0.0699524263521645
14.0,0.10404,,14,0.07512483426561106
15.0,0.10404,,12,0.07515979467668858
15.0,0.10404,,14,0.0703979488825244
13.0,0.114464,,10,0.07560023940471461
17.0,0.10404,,12,0.07044531169680682
19.0,0.10404,,15,0.07044531169680682
17.0,0.093616,,16,0.06995750415449838
15.0,0.093616,,12,0.06998738676324202
16.0,0.093616,,12,0.06998738676324202
15.0,0.10404,,12,0.07515979467668858
13.0,0.10404,,8,0.07519475508776609
16.0,0.093616,,18,0.0651956583603342
15.0,0.10404,,14,0.06567106349943774
16.0,0.093616,,14,0.06522554096907784
17.0,0.10404,,12,0.06571842631372016
16.0,0.093616,,14,0.06522554096907784
13.0,0.093616,,10,0.06525542357782149
17.0,0.10404,,12,0.06571842631372016
15.0,0.10404,,14,0.06567106349943774
11.0,0.114464,,10,0.06614646863854129
17.0,0.10404,,12,0.06570602391051526
17.0,0.10404,,12,0.06570602391051526
10.0,0.114464,,7,0.06620623385602858
21.0,0.093616,,19,0.06523061877141172
20.0,0.093616,,15,0.06526050138015536
19.0,0.10404,,15,0.06570602391051526
18.0,0.10404,,13,0.06574098432159277
21.0,0.093616,,19,0.06523061877141172
20.0,0.093616,,15,0.06526050138015536
19.0,0.10404,,15,0.06570602391051526
18.0,0.10404,,13,0.06574098432159277
14.0,0.10404,,11,0.06573082871692504
11.0,0.114464,,7,0.06620623385602858
13.0,0.124888,,12,0.07607564454381815
10.0,0.135312,,8,0.0765510496829217
10.0,0.135312,,6,0.07662097050507673
14.0,0.166704,,15,0.11960651257486049
13.0,0.177128,,11,0.12008191771396404
13.0,0.177128,,11,0.1248088030970507
13.0,0.177128,,11,0.1248088030970507
11.0,0.187552,,7,0.1300110936192409
13.0,0.177128,,11,0.12008191771396404
10.0,0.187552,,7,0.12055732285306758
8.0,0.2084,,5,0.130961903897448
20.0,0.041555,,26,0.03743815885990109
19.0,0.051979,,22,0.04264044938209129
19.0,0.041555,,22,0.03746804146864474
17.0,0.041555,,22,0.03746804146864474
18.0,0.051979,,20,0.0426878121963737
19.0,0.041555,,22,0.03746804146864474
16.0,0.041555,,18,0.03749792407738839
19.0,0.041555,,22,0.03746804146864474
17.0,0.041555,,18,0.03749792407738839
19.0,0.051979,,20,0.0426878121963737
19.0,0.051979,,22,0.04264044938209129
17.0,0.062403,,18,0.0478427399042815
19.0,0.051979,,20,0.042675409793168806
18.0,0.051979,,20,0.042675409793168806
15.0,0.062403,,15,0.0479025051217688
19.0,0.051979,,22,0.03791356399900463
16.0,0.051979,,18,0.03794344660774829
18.0,0.051979,,18,0.03794344660774829
18.0,0.062403,,18,0.04311585452119484
17.0,0.062403,,16,0.04315081493227235
22.0,0.051979,,20,0.03796092681328704
20.0,0.051979,,16,0.037990809422030695
22.0,0.051979,,23,0.03796092681328704
19.0,0.051979,,19,0.037990809422030695
19.0,0.041555,,22,0.03746804146864474
17.0,0.051979,,18,0.04267033199083495
17.0,0.041555,,18,0.03749792407738839
16.0,0.041555,,18,0.03749792407738839
16.0,0.051979,,16,0.042717694805117355
17.0,0.041555,,18,0.03749792407738839
14.0,0.041555,,14,0.03752780668613204
18.0,0.041555,,18,0.03749792407738839
16.0,0.041555,,14,0.03752780668613204
17.0,0.051979,,16,0.042717694805117355
18.0,0.051979,,18,0.04267033199083495
16.0,0.062403,,14,0.047872622513025154
17.0,0.051979,,16,0.04270529240191246
17.0,0.051979,,16,0.04270529240191246
13.0,0.062403,,11,0.04793238773051245
21.0,0.051979,,23,0.03796092681328704
18.0,0.051979,,19,0.037990809422030695
20.0,0.051979,,19,0.037990809422030695
20.0,0.062403,,19,0.04316321733547725
19.0,0.062403,,17,0.04319817774655477
19.0,0.051979,,22,0.03791356399900463
18.0,0.062403,,18,0.04311585452119484
18.0,0.051979,,18,0.03794344660774829
16.0,0.051979,,18,0.03794344660774829
17.0,0.062403,,16,0.04316321733547725
17.0,0.062403,,18,0.03838896913810818
14.0,0.062403,,14,0.038418851746851834
20.0,0.062403,,16,0.03843633195239059
22.0,0.051979,,23,0.037948524410082146
20.0,0.062403,,19,0.04315081493227235
20.0,0.051979,,19,0.0379784070188258
19.0,0.051979,,19,0.0379784070188258
19.0,0.062403,,17,0.04319817774655477
23.0,0.051979,,23,0.037948524410082146
20.0,0.051979,,19,0.0379784070188258
15.0,0.062403,,15,0.03844873435559548
12.0,0.062403,,11,0.03847861696433913
22.0,0.051979,,20,0.037948524410082146
20.0,0.062403,,16,0.03842392954918569
21.0,0.051979,,16,0.0379784070188258
19.0,0.062403,,14,0.03847129236346811
20.0,0.041555,,26,0.03743815885990109
19.0,0.051979,,22,0.04264044938209129
19.0,0.041555,,22,0.03746804146864474
17.0,0.041555,,22,0.03746804146864474
18.0,0.051979,,20,0.0426878121963737
19.0,0.041555,,22,0.03746804146864474
16.0,0.041555,,18,0.03749792407738839
19.0,0.041555,,22,0.03746804146864474
17.0,0.041555,,18,0.03749792407738839
19.0,0.051979,,20,0.0426878121963737
19.0,0.051979,,22,0.04264044938209129
17.0,0.062403,,18,0.0478427399042815
19.0,0.051979,,20,0.042675409793168806
18.0,0.051979,,20,0.042675409793168806
15.0,0.062403,,15,0.0479025051217688
19.0,0.051979,,22,0.03791356399900463
16.0,0.051979,,18,0.03794344660774829
18.0,0.051979,,18,0.03794344660774829
18.0,0.062403,,18,0.04311585452119484
17.0,0.062403,,16,0.04315081493227235
22.0,0.051979,,20,0.03796092681328704
20.0,0.051979,,16,0.037990809422030695
22.0,0.051979,,23,0.03796092681328704
19.0,0.051979,,19,0.037990809422030695
19.0,0.041555,,22,0.03746804146864474
17.0,0.051979,,18,0.04267033199083495
17.0,0.041555,,18,0.03749792407738839
16.0,0.041555,,18,0.03749792407738839
16.0,0.051979,,16,0.042717694805117355
17.0,0.041555,,18,0.03749792407738839
14.0,0.041555,,14,0.03752780668613204
18.0,0.041555,,18,0.03749792407738839
16.0,0.041555,,14,0.03752780668613204
17.0,0.051979,,16,0.042717694805117355
18.0,0.051979,,18,0.04267033199083495
16.0,0.062403,,14,0.047872622513025154
17.0,0.051979,,16,0.04270529240191246
17.0,0.051979,,16,0.04270529240191246
13.0,0.062403,,11,0.04793238773051245
21.0,0.051979,,23,0.03796092681328704
18.0,0.051979,,19,0.037990809422030695
20.0,0.051979,,19,0.037990809422030695
20.0,0.062403,,19,0.04316321733547725
19.0,0.062403,,17,0.04319817774655477
19.0,0.051979,,22,0.03791356399900463
18.0,0.062403,,18,0.04311585452119484
18.0,0.051979,,18,0.03794344660774829
16.0,0.051979,,18,0.03794344660774829
17.0,0.062403,,16,0.04316321733547725
17.0,0.062403,,18,0.03838896913810818
14.0,0.062403,,14,0.038418851746851834
20.0,0.062403,,16,0.03843633195239059
23.0,0.051979,,23,0.037948524410082146
20.0,0.051979,,19,0.0379784070188258
22.0,0.051979,,23,0.037948524410082146
20.0,0.062403,,19,0.04315081493227235
20.0,0.051979,,19,0.0379784070188258
19.0,0.051979,,19,0.0379784070188258
19.0,0.062403,,17,0.04319817774655477
15.0,0.062403,,15,0.03844873435559548
12.0,0.062403,,11,0.03847861696433913
22.0,0.051979,,20,0.037948524410082146
20.0,0.062403,,16,0.03842392954918569
21.0,0.051979,,16,0.0379784070188258
19.0,0.062403,,14,0.03847129236346811
14.0,0.093616,,20,0.06552938751066993
13.0,0.10404,,16,0.06600479264977348
13.0,0.093616,,16,0.06555927011941358
15.0,0.10404,,17,0.06605215546405588
13.0,0.093616,,16,0.06555927011941358
11.0,0.093616,,12,0.06558915272815723
15.0,0.10404,,17,0.06605215546405588
13.0,0.10404,,16,0.06600479264977348
10.0,0.114464,,12,0.06648019778887702
16.0,0.10404,,17,0.066039753060851
16.0,0.10404,,17,0.066039753060851
8.0,0.114464,,9,0.06653996300636432
18.0,0.093616,,16,0.07498315827684321
15.0,0.10404,,12,0.08018544879903342
16.0,0.093616,,12,0.07501304088558686
15.0,0.093616,,12,0.07501304088558686
15.0,0.10404,,7,0.08023281161331582
16.0,0.093616,,12,0.07501304088558686
13.0,0.093616,,7,0.0750429234943305
17.0,0.093616,,12,0.07501304088558686
14.0,0.093616,,7,0.0750429234943305
16.0,0.10404,,7,0.08023281161331582
16.0,0.10404,,12,0.08018544879903342
13.0,0.114464,,8,0.08538773932122362
16.0,0.10404,,10,0.08022040921011094
16.0,0.10404,,10,0.08022040921011094
12.0,0.114464,,4,0.08544750453871092
13.0,0.177128,,11,0.1251443112745864
11.0,0.187552,,4,0.1303466017967766
18.0,0.093616,,16,0.07498315827684321
15.0,0.10404,,12,0.0801854487990334
16.0,0.093616,,12,0.07501304088558686
15.0,0.093616,,12,0.07501304088558686
15.0,0.10404,,7,0.0802328116133158
16.0,0.093616,,12,0.07501304088558686
13.0,0.093616,,7,0.0750429234943305
17.0,0.093616,,12,0.07501304088558686
14.0,0.093616,,7,0.0750429234943305
16.0,0.10404,,7,0.0802328116133158
16.0,0.10404,,12,0.08018544879903342
13.0,0.114464,,8,0.08538773932122361
16.0,0.10404,,10,0.08022040921011094
16.0,0.10404,,10,0.08022040921011094
12.0,0.114464,,4,0.0854475045387109
13.0,0.177128,,11,0.1251443112745864
11.0,0.187552,,5,0.1303466017967766
18.0,0.041696,,20,0.011903319188284365
17.0,0.05212,,16,0.012378724327387907
17.0,0.05212,,16,0.017105609710474572
17.0,0.05212,,16,0.017105609710474572
14.0,0.062544,,12,0.02230790023266478
17.0,0.05212,,16,0.012378724327387907
14.0,0.062544,,12,0.012854129466491452
11.0,0.083392,,10,0.023258710510871868
7.0,0.2084,,3,0.13151687594073394
18.0,0.0,,25,0.002747292603857796
17.0,0.010424,,21,0.003222697742961339
17.0,0.0,,21,0.002777175212601447
19.0,0.010424,,19,0.0032700605572437485
17.0,0.0,,21,0.002777175212601447
14.0,0.0,,17,0.0028070578213450982
19.0,0.010424,,19,0.0032700605572437485
17.0,0.010424,,21,0.003222697742961339
16.0,0.020848,,17,0.0036981028820648825
19.0,0.010424,,19,0.0032576581540388555
19.0,0.010424,,19,0.0032576581540388555
13.0,0.020848,,14,0.003757868099552185
18.0,0.010424,,21,0.007949583126048003
16.0,0.010424,,17,0.007979465734791654
17.0,0.020848,,17,0.008424988265151548
18.0,0.020848,,15,0.008459948676229064
18.0,0.0,,21,0.002777175212601447
17.0,0.010424,,17,0.0032525803517049904
16.0,0.0,,17,0.0028070578213450982
18.0,0.010424,,15,0.0032999431659873997
18.0,0.010424,,19,0.007996945940330413
15.0,0.010424,,15,0.008026828549074064
20.0,0.010424,,22,0.0032576581540388555
19.0,0.020848,,18,0.003733063293142399
18.0,0.010424,,21,0.007949583126048003
15.0,0.020848,,17,0.013151873648238211
16.0,0.010424,,17,0.007979465734791654
16.0,0.010424,,17,0.007979465734791654
16.0,0.020848,,15,0.01319923646252062
17.0,0.020848,,17,0.008424988265151548
14.0,0.031272,,13,0.013627278787341754
18.0,0.020848,,15,0.008459948676229064
18.0,0.020848,,18,0.008459948676229064
17.0,0.010424,,21,0.003222697742961339
16.0,0.020848,,17,0.0036981028820648825
16.0,0.010424,,17,0.0032525803517049904
18.0,0.020848,,15,0.003745465696347292
16.0,0.010424,,17,0.0032525803517049904
13.0,0.010424,,13,0.0032824629604486415
18.0,0.020848,,15,0.003745465696347292
16.0,0.020848,,17,0.0036981028820648825
15.0,0.031272,,13,0.004173508021168426
18.0,0.020848,,15,0.003733063293142399
18.0,0.020848,,15,0.003733063293142399
12.0,0.031272,,10,0.004233273238655728
14.0,0.041696,,15,0.014102683926445298
13.0,0.05212,,11,0.014578089065548841
20.0,0.010424,,22,0.0032700605572437485
19.0,0.020848,,18,0.003745465696347292
18.0,0.010424,,18,0.0032999431659873997
18.0,0.020848,,16,0.003792828510629701
18.0,0.0,,21,0.002777175212601447
16.0,0.010424,,17,0.007979465734791654
16.0,0.0,,17,0.0028070578213450982
15.0,0.0,,17,0.0028070578213450982
16.0,0.010424,,15,0.008026828549074064
17.0,0.010424,,17,0.0032525803517049904
14.0,0.010424,,13,0.0032824629604486415
18.0,0.010424,,15,0.0032999431659873997
18.0,0.010424,,19,0.007996945940330413
16.0,0.020848,,15,0.01319923646252062
15.0,0.010424,,15,0.008026828549074064
16.0,0.010424,,15,0.008026828549074064
12.0,0.020848,,13,0.01324659927680303
20.0,0.010424,,22,0.0032700605572437485
19.0,0.020848,,18,0.003745465696347292
18.0,0.010424,,18,0.0032999431659873997
18.0,0.020848,,16,0.003792828510629701
20.0,0.010424,,22,0.0032576581540388555
19.0,0.020848,,18,0.003733063293142399
18.0,0.020848,,18,0.008459948676229064
14.0,0.020848,,15,0.003757868099552185
13.0,0.031272,,11,0.004233273238655728
11.0,0.05212,,10,0.01467281469411366
18.0,0.0,,21,0.002777175212601447
17.0,0.010424,,17,0.0032525803517049904
17.0,0.0,,17,0.0028070578213450982
19.0,0.010424,,18,0.0032999431659873997
17.0,0.0,,17,0.0028070578213450982
14.0,0.0,,13,0.0028369404300887494
19.0,0.010424,,18,0.0032999431659873997
17.0,0.010424,,17,0.0032525803517049904
16.0,0.020848,,13,0.0037279854908085336
19.0,0.010424,,18,0.0032875407627825067
19.0,0.010424,,18,0.0032875407627825067
13.0,0.020848,,11,0.003787750708295836
17.0,0.010424,,17,0.007979465734791654
15.0,0.010424,,13,0.008009348343535306
16.0,0.020848,,13,0.008454870873895199
17.0,0.020848,,14,0.008489831284972715
16.0,0.0,,17,0.0028070578213450982
15.0,0.010424,,13,0.0032824629604486415
15.0,0.0,,13,0.0028369404300887494
17.0,0.010424,,14,0.003329825774731051
17.0,0.010424,,15,0.008026828549074064
14.0,0.010424,,11,0.008056711157817715
18.0,0.010424,,15,0.0032875407627825067
17.0,0.020848,,11,0.00376294590188605
20.0,0.010424,,22,0.0032700605572437485
19.0,0.020848,,18,0.003745465696347292
19.0,0.010424,,18,0.0032999431659873997
17.0,0.020848,,19,0.003792828510629701
19.0,0.010424,,18,0.0032999431659873997
16.0,0.010424,,14,0.003329825774731051
19.0,0.020848,,19,0.003792828510629701
19.0,0.020848,,18,0.003745465696347292
17.0,0.031272,,14,0.004220870835450835
19.0,0.020848,,19,0.003780426107424808
20.0,0.020848,,19,0.003780426107424808
14.0,0.031272,,12,0.004280636052938137
17.0,0.0,,21,0.002777175212601447
16.0,0.010424,,17,0.0032525803517049904
16.0,0.0,,17,0.0028070578213450982
18.0,0.010424,,15,0.0032999431659873997
16.0,0.0,,17,0.0028070578213450982
13.0,0.0,,13,0.0028369404300887494
18.0,0.010424,,15,0.0032999431659873997
16.0,0.010424,,17,0.0032525803517049904
15.0,0.020848,,13,0.0037279854908085336
18.0,0.010424,,15,0.0032875407627825067
18.0,0.010424,,15,0.0032875407627825067
12.0,0.020848,,10,0.003787750708295836
16.0,0.010424,,17,0.007979465734791654
14.0,0.010424,,13,0.008009348343535306
15.0,0.020848,,13,0.008454870873895199
16.0,0.020848,,11,0.008489831284972715
16.0,0.0,,17,0.0028070578213450982
15.0,0.010424,,13,0.0032824629604486415
14.0,0.0,,13,0.0028369404300887494
16.0,0.010424,,11,0.003329825774731051
16.0,0.010424,,15,0.008026828549074064
13.0,0.010424,,11,0.008056711157817715
18.0,0.010424,,18,0.0032875407627825067
17.0,0.020848,,14,0.00376294590188605
18.0,0.010424,,19,0.007996945940330413
16.0,0.020848,,15,0.01319923646252062
16.0,0.010424,,15,0.008026828549074064
17.0,0.010424,,15,0.008026828549074064
16.0,0.020848,,13,0.01324659927680303
17.0,0.020848,,15,0.008472351079433957
15.0,0.031272,,11,0.013674641601624163
18.0,0.020848,,13,0.008507311490511473
19.0,0.020848,,16,0.008507311490511473
19.0,0.010424,,19,0.0032700605572437485
18.0,0.020848,,15,0.003745465696347292
18.0,0.010424,,15,0.0032999431659873997
16.0,0.020848,,13,0.003792828510629701
18.0,0.010424,,15,0.0032999431659873997
15.0,0.010424,,11,0.003329825774731051
18.0,0.020848,,13,0.003792828510629701
18.0,0.020848,,15,0.003745465696347292
16.0,0.031272,,11,0.004220870835450835
18.0,0.020848,,13,0.003780426107424808
19.0,0.020848,,13,0.003780426107424808
13.0,0.031272,,8,0.004280636052938137
18.0,0.010424,,21,0.007949583126048003
17.0,0.020848,,17,0.013151873648238211
16.0,0.010424,,17,0.007979465734791654
17.0,0.010424,,17,0.007979465734791654
17.0,0.020848,,15,0.01319923646252062
17.0,0.020848,,17,0.008424988265151548
16.0,0.020848,,13,0.008454870873895199
18.0,0.020848,,15,0.008472351079433957
17.0,0.020848,,17,0.013151873648238211
14.0,0.031272,,13,0.01835416417042842
15.0,0.020848,,13,0.013181756256981862
15.0,0.020848,,13,0.013181756256981862
14.0,0.031272,,11,0.018401526984710828
17.0,0.020848,,17,0.008424988265151548
16.0,0.031272,,13,0.00890039340425509
15.0,0.020848,,13,0.008454870873895199
17.0,0.031272,,11,0.0089477562185375
13.0,0.05212,,11,0.019304974448635506
19.0,0.020848,,18,0.008472351079433957
18.0,0.031272,,14,0.0089477562185375
18.0,0.010424,,19,0.00798454353712552
17.0,0.020848,,15,0.013186834059315727
15.0,0.010424,,15,0.00801442614586917
17.0,0.010424,,15,0.00801442614586917
15.0,0.020848,,13,0.013234196873598137
17.0,0.020848,,15,0.008459948676229064
14.0,0.020848,,11,0.008489831284972715
19.0,0.020848,,16,0.008507311490511473
18.0,0.010424,,19,0.00798454353712552
17.0,0.020848,,15,0.013186834059315727
16.0,0.010424,,15,0.00801442614586917
16.0,0.010424,,15,0.00801442614586917
16.0,0.020848,,13,0.013234196873598137
17.0,0.020848,,15,0.008459948676229064
15.0,0.020848,,11,0.008489831284972715
18.0,0.020848,,13,0.008507311490511473
15.0,0.020848,,14,0.013211638865725513
13.0,0.031272,,10,0.018413929387915723
12.0,0.020848,,10,0.013241521474469164
13.0,0.020848,,10,0.013241521474469164
11.0,0.031272,,8,0.01846129220219813
14.0,0.05212,,10,0.019399700077200325
18.0,0.0,,21,0.002777175212601447
17.0,0.010424,,17,0.007979465734791654
16.0,0.0,,17,0.0028070578213450982
17.0,0.0,,17,0.0028070578213450982
17.0,0.010424,,15,0.008026828549074064
15.0,0.0,,17,0.0028070578213450982
14.0,0.0,,13,0.0028369404300887494
16.0,0.0,,17,0.0028070578213450982
14.0,0.0,,13,0.0028369404300887494
16.0,0.010424,,15,0.008026828549074064
16.0,0.010424,,17,0.007979465734791654
15.0,0.020848,,13,0.013181756256981862
16.0,0.010424,,15,0.00801442614586917
17.0,0.010424,,15,0.00801442614586917
13.0,0.020848,,10,0.013241521474469164
17.0,0.010424,,17,0.0032525803517049904
15.0,0.010424,,13,0.0032824629604486415
14.0,0.010424,,13,0.0032824629604486415
15.0,0.020848,,13,0.008454870873895199
15.0,0.020848,,11,0.008489831284972715
19.0,0.010424,,18,0.0032999431659873997
16.0,0.010424,,14,0.003329825774731051
18.0,0.010424,,15,0.0032999431659873992
16.0,0.010424,,11,0.0033298257747310504
17.0,0.0,,17,0.0028070578213450982
15.0,0.010424,,13,0.008009348343535306
15.0,0.0,,13,0.0028369404300887494
14.0,0.0,,13,0.0028369404300887494
14.0,0.010424,,11,0.008056711157817715
14.0,0.0,,13,0.0028369404300887494
11.0,0.0,,9,0.0028668230388324005
14.0,0.0,,13,0.0028369404300887494
12.0,0.0,,9,0.0028668230388324005
14.0,0.010424,,11,0.008056711157817715
15.0,0.010424,,13,0.008009348343535306
13.0,0.020848,,9,0.013211638865725513
14.0,0.010424,,11,0.008044308754612822
14.0,0.010424,,11,0.008044308754612822
10.0,0.020848,,6,0.013271404083212816
19.0,0.010424,,18,0.0032999431659873997
17.0,0.010424,,14,0.003329825774731051
16.0,0.010424,,14,0.003329825774731051
17.0,0.020848,,14,0.008502233688177608
16.0,0.020848,,12,0.008537194099255125
17.0,0.010424,,17,0.0032525803517049904
16.0,0.020848,,13,0.008454870873895199
14.0,0.010424,,13,0.0032824629604486415
15.0,0.010424,,13,0.0032824629604486415
15.0,0.020848,,11,0.008502233688177607
16.0,0.020848,,13,0.0037279854908085336
13.0,0.020848,,9,0.003757868099552185
17.0,0.020848,,11,0.0037753483050909425
18.0,0.010424,,15,0.0032875407627825067
17.0,0.020848,,11,0.00376294590188605
16.0,0.010424,,11,0.003317423371526158
16.0,0.020848,,9,0.003810308716168459
19.0,0.010424,,18,0.0032875407627825067
16.0,0.010424,,14,0.003317423371526158
19.0,0.010424,,18,0.0032875407627825067
17.0,0.020848,,14,0.008489831284972715
16.0,0.010424,,14,0.003317423371526158
16.0,0.010424,,14,0.003317423371526158
16.0,0.020848,,12,0.008537194099255123
13.0,0.020848,,11,0.003787750708295836
10.0,0.020848,,7,0.003817633317039487
20.0,0.010424,,22,0.0032700605572437485
19.0,0.020848,,18,0.003745465696347292
19.0,0.010424,,18,0.0032999431659873997
19.0,0.020848,,19,0.003792828510629701
19.0,0.010424,,18,0.0032999431659873997
16.0,0.010424,,14,0.003329825774731051
17.0,0.020848,,19,0.003792828510629701
19.0,0.020848,,18,0.003745465696347292
17.0,0.031272,,14,0.004220870835450835
20.0,0.020848,,19,0.003780426107424808
19.0,0.020848,,19,0.003780426107424808
14.0,0.031272,,12,0.004280636052938137
18.0,0.010424,,18,0.0032999431659873992
16.0,0.010424,,14,0.0033298257747310504
17.0,0.020848,,14,0.0037753483050909425
16.0,0.020848,,15,0.003810308716168459
18.0,0.020848,,16,0.0037928285106297007
16.0,0.031272,,12,0.004268233649733244
18.0,0.020848,,18,0.008472351079433957
17.0,0.031272,,14,0.0089477562185375
17.0,0.020848,,14,0.008502233688177608
15.0,0.031272,,15,0.00899511903281991
19.0,0.020848,,16,0.008507311490511472
16.0,0.020848,,12,0.008537194099255123
17.0,0.0,,21,0.002777175212601447
16.0,0.010424,,17,0.007979465734791654
16.0,0.0,,17,0.0028070578213450982
16.0,0.0,,17,0.0028070578213450982
16.0,0.010424,,15,0.008026828549074064
16.0,0.0,,17,0.0028070578213450982
14.0,0.0,,13,0.0028369404300887494
14.0,0.0,,17,0.0028070578213450982
13.0,0.0,,13,0.0028369404300887494
15.0,0.010424,,15,0.008026828549074064
16.0,0.010424,,17,0.007979465734791654
14.0,0.020848,,13,0.013181756256981862
16.0,0.010424,,15,0.00801442614586917
15.0,0.010424,,15,0.00801442614586917
12.0,0.020848,,10,0.013241521474469164
16.0,0.010424,,17,0.0032525803517049904
15.0,0.010424,,13,0.0032824629604486415
13.0,0.010424,,13,0.0032824629604486415
15.0,0.020848,,13,0.008454870873895199
14.0,0.020848,,11,0.008489831284972715
18.0,0.010424,,15,0.0032999431659873997
15.0,0.010424,,11,0.003329825774731051
18.0,0.010424,,18,0.0032999431659873992
16.0,0.010424,,14,0.0033298257747310504
16.0,0.0,,17,0.0028070578213450982
14.0,0.010424,,13,0.008009348343535306
13.0,0.0,,13,0.0028369404300887494
14.0,0.0,,13,0.0028369404300887494
13.0,0.010424,,11,0.008056711157817715
14.0,0.0,,13,0.0028369404300887494
12.0,0.0,,9,0.0028668230388324005
13.0,0.0,,13,0.0028369404300887494
10.0,0.0,,9,0.0028668230388324005
13.0,0.010424,,11,0.008056711157817715
14.0,0.010424,,13,0.008009348343535306
12.0,0.020848,,9,0.013211638865725513
13.0,0.010424,,11,0.008044308754612822
13.0,0.010424,,11,0.008044308754612822
9.0,0.020848,,6,0.013271404083212816
18.0,0.010424,,15,0.0032999431659873997
16.0,0.010424,,11,0.003329825774731051
15.0,0.010424,,11,0.003329825774731051
16.0,0.020848,,11,0.008502233688177608
15.0,0.020848,,9,0.008537194099255125
16.0,0.010424,,17,0.0032525803517049904
15.0,0.020848,,13,0.008454870873895199
15.0,0.010424,,13,0.0032824629604486415
13.0,0.010424,,13,0.0032824629604486415
14.0,0.020848,,11,0.008502233688177607
15.0,0.020848,,13,0.0037279854908085336
12.0,0.020848,,9,0.003757868099552185
17.0,0.020848,,14,0.0037753483050909425
18.0,0.010424,,15,0.0032875407627825067
15.0,0.010424,,11,0.003317423371526158
18.0,0.010424,,15,0.0032875407627825067
16.0,0.020848,,11,0.008489831284972715
16.0,0.010424,,11,0.003317423371526158
15.0,0.010424,,11,0.003317423371526158
15.0,0.020848,,9,0.008537194099255123
12.0,0.020848,,10,0.003787750708295836
9.0,0.020848,,6,0.003817633317039487
18.0,0.010424,,18,0.0032875407627825067
17.0,0.020848,,14,0.00376294590188605
16.0,0.010424,,14,0.003317423371526158
16.0,0.020848,,15,0.003810308716168459
18.0,0.010424,,19,0.007996945940330413
16.0,0.020848,,15,0.01319923646252062
16.0,0.010424,,15,0.008026828549074064
17.0,0.010424,,15,0.008026828549074064
16.0,0.020848,,13,0.01324659927680303
16.0,0.010424,,15,0.008026828549074064
14.0,0.010424,,11,0.008056711157817715
15.0,0.010424,,15,0.008026828549074064
13.0,0.010424,,11,0.008056711157817715
13.0,0.020848,,13,0.01324659927680303
17.0,0.020848,,15,0.01319923646252062
14.0,0.031272,,11,0.018401526984710828
16.0,0.020848,,13,0.013234196873598137
16.0,0.020848,,13,0.013234196873598137
12.0,0.031272,,8,0.01846129220219813
17.0,0.020848,,15,0.008472351079433957
15.0,0.031272,,11,0.013674641601624163
15.0,0.020848,,11,0.008502233688177607
14.0,0.020848,,11,0.008502233688177607
12.0,0.031272,,5,0.013722004415906573
18.0,0.020848,,13,0.008507311490511473
15.0,0.020848,,9,0.008537194099255123
19.0,0.020848,,16,0.008507311490511473
16.0,0.020848,,12,0.008537194099255123
19.0,0.010424,,19,0.0032700605572437485
18.0,0.020848,,15,0.003745465696347292
18.0,0.010424,,15,0.0032999431659873997
18.0,0.020848,,13,0.003792828510629701
18.0,0.010424,,15,0.0032999431659873997
15.0,0.010424,,11,0.003329825774731051
16.0,0.020848,,13,0.003792828510629701
18.0,0.020848,,15,0.003745465696347292
16.0,0.031272,,11,0.004220870835450835
19.0,0.020848,,13,0.003780426107424808
18.0,0.020848,,13,0.003780426107424808
13.0,0.031272,,8,0.004280636052938137
18.0,0.010424,,15,0.0032999431659873992
16.0,0.010424,,11,0.0033298257747310504
17.0,0.020848,,11,0.0037753483050909425
16.0,0.020848,,9,0.003810308716168459
18.0,0.020848,,16,0.0037928285106297007
16.0,0.031272,,12,0.004268233649733244
18.0,0.020848,,15,0.008472351079433957
17.0,0.031272,,11,0.0089477562185375
16.0,0.020848,,11,0.008502233688177608
14.0,0.031272,,5,0.00899511903281991
18.0,0.020848,,13,0.008507311490511472
15.0,0.020848,,9,0.008537194099255123
18.0,0.010424,,21,0.007949583126048003
17.0,0.020848,,17,0.013151873648238211
16.0,0.010424,,17,0.007979465734791654
17.0,0.010424,,17,0.007979465734791654
17.0,0.020848,,15,0.01319923646252062
16.0,0.010424,,17,0.007979465734791654
15.0,0.010424,,13,0.008009348343535306
16.0,0.010424,,17,0.007979465734791654
14.0,0.010424,,13,0.008009348343535306
17.0,0.020848,,15,0.01319923646252062
15.0,0.020848,,17,0.013151873648238211
14.0,0.031272,,13,0.01835416417042842
16.0,0.020848,,15,0.013186834059315727
16.0,0.020848,,15,0.013186834059315727
13.0,0.031272,,10,0.018413929387915723
17.0,0.020848,,17,0.008424988265151548
16.0,0.020848,,13,0.008454870873895199
15.0,0.020848,,13,0.008454870873895199
14.0,0.031272,,13,0.013627278787341754
15.0,0.031272,,11,0.01366223919841927
18.0,0.020848,,15,0.008472351079433957
16.0,0.020848,,11,0.008502233688177608
18.0,0.020848,,18,0.008472351079433957
17.0,0.020848,,14,0.008502233688177608
17.0,0.020848,,17,0.013151873648238211
14.0,0.031272,,13,0.01835416417042842
15.0,0.020848,,13,0.013181756256981862
15.0,0.020848,,13,0.013181756256981862
14.0,0.031272,,11,0.018401526984710828
15.0,0.020848,,13,0.013181756256981862
13.0,0.020848,,9,0.013211638865725513
14.0,0.020848,,13,0.013181756256981862
12.0,0.020848,,9,0.013211638865725513
14.0,0.031272,,11,0.018401526984710828
14.0,0.031272,,13,0.01835416417042842
11.0,0.041696,,9,0.023556454692618627
14.0,0.031272,,11,0.018389124581505937
14.0,0.031272,,11,0.018389124581505937
10.0,0.041696,,6,0.02361621991010593
17.0,0.020848,,17,0.008424988265151548
15.0,0.020848,,13,0.008454870873895199
15.0,0.020848,,13,0.008454870873895199
14.0,0.031272,,13,0.013627278787341754
15.0,0.031272,,11,0.01366223919841927
16.0,0.031272,,13,0.00890039340425509
13.0,0.041696,,9,0.014102683926445298
17.0,0.031272,,11,0.0089477562185375
17.0,0.031272,,14,0.0089477562185375
13.0,0.05212,,11,0.019304974448635506
10.0,0.062544,,7,0.024507264970825712
19.0,0.020848,,18,0.008472351079433957
18.0,0.031272,,14,0.0089477562185375
17.0,0.020848,,14,0.008502233688177608
15.0,0.031272,,15,0.00899511903281991
18.0,0.020848,,15,0.008472351079433957
17.0,0.031272,,11,0.0089477562185375
16.0,0.020848,,11,0.008502233688177608
14.0,0.031272,,5,0.00899511903281991
11.0,0.062544,,4,0.02460199059939053
18.0,0.010424,,19,0.00798454353712552
17.0,0.020848,,15,0.013186834059315727
15.0,0.010424,,15,0.00801442614586917
17.0,0.010424,,15,0.00801442614586917
15.0,0.020848,,13,0.013234196873598137
16.0,0.010424,,15,0.00801442614586917
14.0,0.010424,,11,0.008044308754612822
16.0,0.010424,,15,0.00801442614586917
13.0,0.010424,,11,0.008044308754612822
16.0,0.020848,,13,0.013234196873598137
16.0,0.020848,,15,0.013186834059315727
14.0,0.031272,,11,0.018389124581505937
12.0,0.020848,,13,0.013221794470393244
16.0,0.020848,,13,0.013221794470393244
11.0,0.031272,,8,0.01844888979899324
17.0,0.020848,,15,0.008459948676229064
14.0,0.020848,,11,0.008489831284972715
15.0,0.020848,,11,0.008489831284972715
15.0,0.031272,,11,0.01366223919841927
11.0,0.031272,,5,0.013697199609496787
19.0,0.020848,,16,0.008507311490511473
16.0,0.020848,,12,0.008537194099255125
18.0,0.020848,,13,0.008507311490511472
15.0,0.020848,,9,0.008537194099255123
18.0,0.010424,,19,0.00798454353712552
17.0,0.020848,,15,0.013186834059315727
16.0,0.010424,,15,0.00801442614586917
16.0,0.010424,,15,0.00801442614586917
16.0,0.020848,,13,0.013234196873598137
17.0,0.010424,,15,0.00801442614586917
14.0,0.010424,,11,0.008044308754612822
15.0,0.010424,,15,0.00801442614586917
13.0,0.010424,,11,0.008044308754612822
16.0,0.020848,,13,0.013234196873598137
16.0,0.020848,,15,0.013186834059315727
14.0,0.031272,,11,0.018389124581505937
16.0,0.020848,,13,0.013221794470393244
13.0,0.020848,,13,0.013221794470393244
12.0,0.031272,,8,0.01844888979899324
17.0,0.020848,,15,0.008459948676229064
15.0,0.020848,,11,0.008489831284972715
14.0,0.020848,,11,0.008489831284972715
15.0,0.031272,,11,0.01366223919841927
12.0,0.031272,,5,0.013697199609496787
18.0,0.020848,,13,0.008507311490511473
15.0,0.020848,,9,0.008537194099255125
19.0,0.020848,,16,0.008507311490511472
16.0,0.020848,,12,0.008537194099255123
15.0,0.020848,,14,0.013211638865725513
13.0,0.031272,,10,0.018413929387915723
12.0,0.020848,,10,0.013241521474469164
13.0,0.020848,,10,0.013241521474469164
11.0,0.031272,,8,0.01846129220219813
13.0,0.020848,,10,0.013241521474469164
10.0,0.020848,,6,0.013271404083212816
12.0,0.020848,,10,0.013241521474469164
9.0,0.020848,,6,0.013271404083212816
12.0,0.031272,,8,0.01846129220219813
13.0,0.031272,,10,0.018413929387915723
10.0,0.041696,,6,0.02361621991010593
11.0,0.031272,,8,0.01844888979899324
12.0,0.031272,,8,0.01844888979899324
7.0,0.041696,,3,0.02367598512759323
14.0,0.05212,,10,0.019399700077200325
11.0,0.062544,,4,0.02460199059939053
17.0,0.010424,,21,0.003222697742961339
16.0,0.020848,,17,0.0036981028820648825
16.0,0.010424,,17,0.0032525803517049904
18.0,0.020848,,15,0.003745465696347292
16.0,0.010424,,17,0.0032525803517049904
13.0,0.010424,,13,0.0032824629604486415
18.0,0.020848,,15,0.003745465696347292
16.0,0.020848,,17,0.0036981028820648825
15.0,0.031272,,13,0.004173508021168426
18.0,0.020848,,15,0.003733063293142399
18.0,0.020848,,15,0.003733063293142399
12.0,0.031272,,10,0.004233273238655728
17.0,0.020848,,17,0.008424988265151548
15.0,0.020848,,13,0.008454870873895199
16.0,0.031272,,13,0.00890039340425509
17.0,0.031272,,11,0.008935353815332607
17.0,0.010424,,17,0.0032525803517049904
16.0,0.020848,,13,0.0037279854908085336
15.0,0.010424,,13,0.0032824629604486415
17.0,0.020848,,11,0.003775348305090943
17.0,0.020848,,15,0.008472351079433957
14.0,0.020848,,11,0.008502233688177608
19.0,0.020848,,18,0.003733063293142399
17.0,0.031272,,14,0.004208468432245942
17.0,0.020848,,17,0.008424988265151548
14.0,0.031272,,13,0.013627278787341754
15.0,0.020848,,13,0.008454870873895199
15.0,0.020848,,13,0.008454870873895199
15.0,0.031272,,11,0.013674641601624163
16.0,0.031272,,13,0.00890039340425509
13.0,0.041696,,9,0.014102683926445298
17.0,0.031272,,11,0.008935353815332607
17.0,0.031272,,14,0.008935353815332607
16.0,0.020848,,17,0.0036981028820648825
15.0,0.031272,,13,0.004173508021168426
15.0,0.020848,,13,0.0037279854908085336
16.0,0.031272,,11,0.004220870835450835
15.0,0.020848,,13,0.0037279854908085336
12.0,0.020848,,9,0.003757868099552185
16.0,0.031272,,11,0.004220870835450835
15.0,0.031272,,13,0.004173508021168426
10.0,0.041696,,9,0.0046489131602719695
16.0,0.031272,,11,0.004208468432245942
16.0,0.031272,,11,0.004208468432245942
9.0,0.041696,,6,0.004708678377759272
13.0,0.05212,,11,0.014578089065548841
10.0,0.062544,,7,0.015053494204652386
19.0,0.020848,,18,0.003745465696347292
17.0,0.031272,,14,0.004220870835450835
17.0,0.020848,,14,0.003775348305090943
16.0,0.031272,,12,0.004268233649733244
17.0,0.010424,,17,0.0032525803517049904
15.0,0.020848,,13,0.008454870873895199
15.0,0.010424,,13,0.0032824629604486415
14.0,0.010424,,13,0.0032824629604486415
15.0,0.020848,,11,0.008502233688177608
16.0,0.020848,,13,0.0037279854908085336
13.0,0.020848,,9,0.003757868099552185
17.0,0.020848,,11,0.003775348305090943
17.0,0.020848,,15,0.008472351079433957
15.0,0.031272,,11,0.013674641601624163
14.0,0.020848,,11,0.008502233688177608
15.0,0.020848,,11,0.008502233688177608
11.0,0.031272,,5,0.013722004415906573
19.0,0.020848,,18,0.003745465696347292
17.0,0.031272,,14,0.004220870835450835
17.0,0.020848,,14,0.003775348305090943
16.0,0.031272,,12,0.004268233649733244
19.0,0.020848,,18,0.003733063293142399
17.0,0.031272,,14,0.004208468432245942
17.0,0.031272,,14,0.008935353815332607
13.0,0.031272,,11,0.004233273238655728
10.0,0.041696,,7,0.004708678377759272
8.0,0.062544,,4,0.015148219833217205
20.0,0.010424,,22,0.003257658154038855
19.0,0.020848,,18,0.0037330632931423984
19.0,0.010424,,18,0.0032875407627825062
19.0,0.020848,,19,0.0037804261074248077
19.0,0.010424,,18,0.0032875407627825062
16.0,0.010424,,14,0.0033174233715261574
20.0,0.020848,,19,0.0037804261074248077
19.0,0.020848,,18,0.0037330632931423984
17.0,0.031272,,14,0.004208468432245942
17.0,0.020848,,19,0.0037680237042199147
19.0,0.020848,,19,0.0037680237042199147
14.0,0.031272,,12,0.004268233649733244
19.0,0.020848,,18,0.008459948676229064
17.0,0.020848,,14,0.008489831284972715
18.0,0.031272,,14,0.008935353815332607
15.0,0.031272,,15,0.008970314226410123
18.0,0.010424,,18,0.0032875407627825062
17.0,0.020848,,14,0.0037629459018860495
17.0,0.010424,,14,0.0033174233715261574
17.0,0.020848,,15,0.003810308716168459
19.0,0.020848,,16,0.008507311490511472
16.0,0.020848,,12,0.008537194099255123
18.0,0.020848,,16,0.0037680237042199147
16.0,0.031272,,12,0.004243428843323458
20.0,0.010424,,22,0.003257658154038855
19.0,0.020848,,18,0.0037330632931423984
19.0,0.010424,,18,0.0032875407627825062
20.0,0.020848,,19,0.0037804261074248077
19.0,0.010424,,18,0.0032875407627825062
16.0,0.010424,,14,0.0033174233715261574
19.0,0.020848,,19,0.0037804261074248077
19.0,0.020848,,18,0.0037330632931423984
17.0,0.031272,,14,0.004208468432245942
19.0,0.020848,,19,0.0037680237042199147
17.0,0.020848,,19,0.0037680237042199147
14.0,0.031272,,12,0.004268233649733244
19.0,0.020848,,18,0.008459948676229064
17.0,0.020848,,14,0.008489831284972715
18.0,0.031272,,14,0.008935353815332607
15.0,0.031272,,15,0.008970314226410123
18.0,0.010424,,18,0.0032875407627825062
17.0,0.020848,,14,0.0037629459018860495
17.0,0.010424,,14,0.0033174233715261574
17.0,0.020848,,15,0.003810308716168459
19.0,0.020848,,16,0.008507311490511472
16.0,0.020848,,12,0.008537194099255123
18.0,0.020848,,16,0.0037680237042199147
16.0,0.031272,,12,0.004243428843323458
14.0,0.020848,,14,0.003757868099552185
13.0,0.031272,,10,0.004233273238655728
13.0,0.020848,,10,0.003787750708295836
14.0,0.031272,,11,0.004280636052938137
13.0,0.020848,,10,0.003787750708295836
10.0,0.020848,,6,0.003817633317039487
14.0,0.031272,,11,0.004280636052938137
13.0,0.031272,,10,0.004233273238655728
10.0,0.041696,,6,0.004708678377759272
14.0,0.031272,,11,0.004268233649733244
14.0,0.031272,,11,0.004268233649733244
7.0,0.041696,,4,0.004768443595246574
19.0,0.010424,,19,0.003257658154038855
18.0,0.020848,,15,0.0037330632931423984
18.0,0.010424,,15,0.0032875407627825062
18.0,0.020848,,13,0.0037804261074248077
18.0,0.010424,,15,0.0032875407627825062
15.0,0.010424,,11,0.0033174233715261574
19.0,0.020848,,13,0.0037804261074248077
18.0,0.020848,,15,0.0037330632931423984
16.0,0.031272,,11,0.004208468432245942
16.0,0.020848,,13,0.0037680237042199147
18.0,0.020848,,13,0.0037680237042199147
13.0,0.031272,,8,0.004268233649733244
18.0,0.020848,,15,0.008459948676229064
16.0,0.020848,,11,0.008489831284972715
17.0,0.031272,,11,0.008935353815332607
14.0,0.031272,,5,0.008970314226410123
18.0,0.010424,,15,0.0032875407627825062
17.0,0.020848,,11,0.0037629459018860495
16.0,0.010424,,11,0.0033174233715261574
16.0,0.020848,,9,0.003810308716168459
18.0,0.020848,,13,0.008507311490511472
15.0,0.020848,,9,0.008537194099255123
18.0,0.020848,,16,0.0037680237042199147
16.0,0.031272,,12,0.004243428843323458
19.0,0.010424,,19,0.003257658154038855
18.0,0.020848,,15,0.0037330632931423984
18.0,0.010424,,15,0.0032875407627825062
19.0,0.020848,,13,0.0037804261074248077
18.0,0.010424,,15,0.0032875407627825062
15.0,0.010424,,11,0.0033174233715261574
18.0,0.020848,,13,0.0037804261074248077
18.0,0.020848,,15,0.0037330632931423984
16.0,0.031272,,11,0.004208468432245942
18.0,0.020848,,13,0.0037680237042199147
16.0,0.020848,,13,0.0037680237042199147
13.0,0.031272,,8,0.004268233649733244
18.0,0.020848,,15,0.008459948676229064
16.0,0.020848,,11,0.008489831284972715
17.0,0.031272,,11,0.008935353815332607
14.0,0.031272,,5,0.008970314226410123
18.0,0.010424,,15,0.0032875407627825062
17.0,0.020848,,11,0.0037629459018860495
16.0,0.010424,,11,0.0033174233715261574
16.0,0.020848,,9,0.003810308716168459
18.0,0.020848,,13,0.008507311490511472
15.0,0.020848,,9,0.008537194099255123
18.0,0.020848,,16,0.0037680237042199147
16.0,0.031272,,12,0.004243428843323458
13.0,0.020848,,14,0.003757868099552185
12.0,0.031272,,10,0.004233273238655728
12.0,0.020848,,10,0.003787750708295836
13.0,0.031272,,8,0.004280636052938137
12.0,0.020848,,10,0.003787750708295836
9.0,0.020848,,6,0.003817633317039487
13.0,0.031272,,8,0.004280636052938137
12.0,0.031272,,10,0.004233273238655728
9.0,0.041696,,6,0.004708678377759272
13.0,0.031272,,8,0.004268233649733244
13.0,0.031272,,8,0.004268233649733244
6.0,0.041696,,3,0.004768443595246574
12.0,0.05212,,10,0.01467281469411366
9.0,0.062544,,4,0.015148219833217205
14.0,0.041696,,15,0.014102683926445298
13.0,0.05212,,11,0.014578089065548841
13.0,0.05212,,11,0.019304974448635506
13.0,0.05212,,11,0.019304974448635506
10.0,0.062544,,7,0.024507264970825712
13.0,0.05212,,11,0.014578089065548841
10.0,0.062544,,7,0.015053494204652386
7.0,0.083392,,5,0.0254580752490328
11.0,0.05212,,10,0.014648009887703874
8.0,0.062544,,4,0.015123415026807419
14.0,0.05212,,10,0.01937489527079054
11.0,0.062544,,4,0.024577185792980745
14.0,0.05212,,10,0.01937489527079054
11.0,0.062544,,4,0.024577185792980745
12.0,0.05212,,10,0.014648009887703874
9.0,0.062544,,4,0.015123415026807419
4.0,0.083392,,2,0.025577605684007406
18.0,0.041696,,20,0.011524191241379654
17.0,0.05212,,16,0.011999596380483197
17.0,0.05212,,16,0.01672648176356986
17.0,0.05212,,16,0.01672648176356986
14.0,0.062544,,12,0.021928772285760068
17.0,0.05212,,16,0.011999596380483197
14.0,0.062544,,12,0.012475001519586741
11.0,0.083392,,10,0.022879582563967157
9.0,0.083392,,18,0.023427510429664018
15.0,0.166704,,15,0.12243910368802434
14.0,0.177128,,11,0.12291450882712789
14.0,0.177128,,11,0.12764139421021453
14.0,0.177128,,11,0.12764139421021453
11.0,0.187552,,7,0.13284368473240474
14.0,0.177128,,11,0.12291450882712789
11.0,0.187552,,7,0.12338991396623143
8.0,0.2084,,3,0.13379449501061183
21.0,0.041555,,26,0.03724231993015431
20.0,0.051979,,22,0.03771772506925786
20.0,0.041555,,22,0.03727220253889796
23.0,0.051979,,20,0.037765087883540265
20.0,0.041555,,22,0.03727220253889796
17.0,0.041555,,18,0.03730208514764161
23.0,0.051979,,20,0.037765087883540265
20.0,0.051979,,22,0.03771772506925786
18.0,0.062403,,18,0.0381931302083614
23.0,0.051979,,20,0.03775268548033537
23.0,0.051979,,20,0.03775268548033537
16.0,0.062403,,15,0.038252895425848706
20.0,0.051979,,22,0.04244461045234452
19.0,0.051979,,18,0.042474493061088164
19.0,0.062403,,18,0.04292001559144806
21.0,0.062403,,16,0.042954976002525576
20.0,0.041555,,22,0.03727220253889796
19.0,0.051979,,18,0.037747607678001505
19.0,0.041555,,18,0.03730208514764161
22.0,0.051979,,16,0.03779497049228392
21.0,0.051979,,20,0.042491973266626924
18.0,0.051979,,16,0.04252185587537058
23.0,0.051979,,23,0.03775268548033537
21.0,0.062403,,19,0.038228090619438916
20.0,0.051979,,22,0.04244461045234452
18.0,0.062403,,18,0.04764690097453472
19.0,0.051979,,18,0.042474493061088164
20.0,0.051979,,18,0.042474493061088164
19.0,0.062403,,16,0.04769426378881713
19.0,0.062403,,18,0.04292001559144806
17.0,0.072827,,14,0.04812230611363827
21.0,0.062403,,16,0.042954976002525576
23.0,0.062403,,19,0.042954976002525576
20.0,0.051979,,22,0.03771772506925786
19.0,0.062403,,18,0.038193130208361396
19.0,0.051979,,18,0.037747607678001505
21.0,0.062403,,16,0.038240493022643804
19.0,0.051979,,18,0.037747607678001505
16.0,0.051979,,14,0.03777749028674516
22.0,0.062403,,16,0.038240493022643804
19.0,0.062403,,18,0.0381931302083614
16.0,0.072827,,14,0.03866853534746494
21.0,0.062403,,16,0.038228090619438916
22.0,0.062403,,16,0.038228090619438916
14.0,0.072827,,11,0.038728300564952245
17.0,0.083251,,16,0.048597711252741815
15.0,0.093675,,12,0.04907311639184536
24.0,0.051979,,23,0.037765087883540265
22.0,0.062403,,19,0.038240493022643804
23.0,0.051979,,19,0.03779497049228392
22.0,0.062403,,17,0.03828785583692621
20.0,0.041555,,22,0.03727220253889796
20.0,0.051979,,18,0.042474493061088164
19.0,0.041555,,18,0.03730208514764161
18.0,0.041555,,18,0.03730208514764161
19.0,0.051979,,16,0.04252185587537058
19.0,0.051979,,18,0.037747607678001505
17.0,0.051979,,14,0.03777749028674516
22.0,0.051979,,16,0.03779497049228392
21.0,0.051979,,20,0.042491973266626924
19.0,0.062403,,16,0.04769426378881713
18.0,0.051979,,16,0.04252185587537058
19.0,0.051979,,16,0.04252185587537058
16.0,0.062403,,14,0.04774162660309954
24.0,0.051979,,23,0.037765087883540265
23.0,0.062403,,19,0.038240493022643804
23.0,0.051979,,19,0.03779497049228392
22.0,0.062403,,17,0.03828785583692621
23.0,0.051979,,23,0.03775268548033537
22.0,0.062403,,19,0.038228090619438916
23.0,0.062403,,19,0.042954976002525576
17.0,0.062403,,16,0.038252895425848706
15.0,0.072827,,12,0.038728300564952245
14.0,0.093675,,11,0.04916784202041018
20.0,0.041555,,22,0.03727220253889796
19.0,0.051979,,18,0.037747607678001505
19.0,0.041555,,18,0.03730208514764161
23.0,0.051979,,19,0.03779497049228392
19.0,0.041555,,18,0.03730208514764161
17.0,0.041555,,14,0.03733196775638526
23.0,0.051979,,19,0.03779497049228392
19.0,0.051979,,18,0.037747607678001505
18.0,0.062403,,14,0.03822301281710505
22.0,0.051979,,19,0.037782568089079024
22.0,0.051979,,19,0.037782568089079024
16.0,0.062403,,12,0.03828277803459235
18.0,0.051979,,18,0.042474493061088164
18.0,0.051979,,14,0.04250437566983182
17.0,0.062403,,14,0.04294989820019171
21.0,0.062403,,15,0.04298485861126923
19.0,0.041555,,18,0.03730208514764161
18.0,0.051979,,14,0.03777749028674516
17.0,0.041555,,14,0.03733196775638526
21.0,0.051979,,15,0.03782485310102757
19.0,0.051979,,16,0.04252185587537058
17.0,0.051979,,12,0.04255173848411423
21.0,0.051979,,16,0.037782568089079024
19.0,0.062403,,12,0.03825797322818257
23.0,0.051979,,23,0.037765087883540265
22.0,0.062403,,19,0.038240493022643804
22.0,0.051979,,19,0.03779497049228392
22.0,0.062403,,20,0.03828785583692621
22.0,0.051979,,19,0.03779497049228392
20.0,0.051979,,15,0.03782485310102757
21.0,0.062403,,20,0.03828785583692621
22.0,0.062403,,19,0.03824049302264381
19.0,0.072827,,15,0.03871589816174735
22.0,0.062403,,20,0.03827545343372133
22.0,0.062403,,20,0.03827545343372133
17.0,0.072827,,13,0.03877566337923465
20.0,0.041555,,22,0.03727220253889796
19.0,0.051979,,18,0.037747607678001505
19.0,0.041555,,18,0.03730208514764161
22.0,0.051979,,16,0.03779497049228392
19.0,0.041555,,18,0.03730208514764161
16.0,0.041555,,14,0.03733196775638526
22.0,0.051979,,16,0.03779497049228392
19.0,0.051979,,18,0.037747607678001505
17.0,0.062403,,14,0.03822301281710505
22.0,0.051979,,16,0.037782568089079024
22.0,0.051979,,16,0.037782568089079024
15.0,0.062403,,11,0.03828277803459235
19.0,0.051979,,18,0.042474493061088164
18.0,0.051979,,14,0.04250437566983182
18.0,0.062403,,14,0.04294989820019171
20.0,0.062403,,12,0.04298485861126923
20.0,0.041555,,18,0.03730208514764161
19.0,0.051979,,14,0.03777749028674516
18.0,0.041555,,14,0.03733196775638526
21.0,0.051979,,12,0.03782485310102757
20.0,0.051979,,16,0.04252185587537058
17.0,0.051979,,12,0.04255173848411423
23.0,0.051979,,19,0.037782568089079024
21.0,0.062403,,15,0.03825797322818257
20.0,0.051979,,20,0.042491973266626924
18.0,0.062403,,16,0.04769426378881713
19.0,0.051979,,16,0.04252185587537058
20.0,0.051979,,16,0.04252185587537058
19.0,0.062403,,14,0.04774162660309954
19.0,0.062403,,16,0.04296737840573047
17.0,0.072827,,12,0.04816966892792068
21.0,0.062403,,14,0.04300233881680799
23.0,0.062403,,17,0.04300233881680799
23.0,0.051979,,20,0.037765087883540265
22.0,0.062403,,16,0.038240493022643804
23.0,0.051979,,16,0.03779497049228392
22.0,0.062403,,14,0.03828785583692621
23.0,0.051979,,16,0.03779497049228392
20.0,0.051979,,12,0.03782485310102757
21.0,0.062403,,14,0.03828785583692621
22.0,0.062403,,16,0.03824049302264381
17.0,0.072827,,12,0.03871589816174735
23.0,0.062403,,14,0.03827545343372133
23.0,0.062403,,14,0.03827545343372133
16.0,0.072827,,9,0.03877566337923465
19.0,0.051979,,22,0.04244461045234452
18.0,0.062403,,18,0.04764690097453472
18.0,0.051979,,18,0.042474493061088164
18.0,0.051979,,18,0.042474493061088164
18.0,0.062403,,16,0.04769426378881713
18.0,0.062403,,18,0.04292001559144806
17.0,0.062403,,14,0.04294989820019171
20.0,0.062403,,16,0.04296737840573047
18.0,0.062403,,18,0.04764690097453472
16.0,0.072827,,14,0.05284919149672493
16.0,0.062403,,14,0.04767678358327837
17.0,0.062403,,14,0.04767678358327837
16.0,0.072827,,12,0.052896554311007336
18.0,0.062403,,18,0.04292001559144806
17.0,0.072827,,14,0.0433954207305516
17.0,0.062403,,14,0.04294989820019171
18.0,0.072827,,12,0.04344278354483401
15.0,0.093675,,12,0.05380000177493202
22.0,0.062403,,19,0.04296737840573047
20.0,0.072827,,15,0.04344278354483401
20.0,0.051979,,20,0.04247957086342203
18.0,0.062403,,16,0.047681861385612236
18.0,0.051979,,16,0.042509453472165684
19.0,0.051979,,16,0.042509453472165684
18.0,0.062403,,14,0.04772922419989465
19.0,0.062403,,16,0.042954976002525576
17.0,0.062403,,12,0.04298485861126923
23.0,0.062403,,17,0.04300233881680799
20.0,0.051979,,20,0.04247957086342203
19.0,0.062403,,16,0.047681861385612236
19.0,0.051979,,16,0.042509453472165684
19.0,0.051979,,16,0.042509453472165684
19.0,0.062403,,14,0.04772922419989465
19.0,0.062403,,16,0.042954976002525576
18.0,0.062403,,12,0.04298485861126923
21.0,0.062403,,14,0.04300233881680799
17.0,0.062403,,15,0.047706666192022025
15.0,0.072827,,11,0.05290895671421223
15.0,0.062403,,11,0.04773654880076567
16.0,0.062403,,11,0.04773654880076567
15.0,0.072827,,9,0.05295631952849464
18.0,0.093675,,11,0.05389472740349684
22.0,0.083111,,24,0.07448463986030862
20.0,0.093535,,20,0.07968693038249883
21.0,0.083111,,20,0.07451452246905227
21.0,0.083111,,20,0.07451452246905227
21.0,0.093535,,18,0.07973429319678124
21.0,0.083111,,20,0.07451452246905227
19.0,0.083111,,16,0.07454440507779592
20.0,0.083111,,20,0.07451452246905227
19.0,0.083111,,16,0.07454440507779592
20.0,0.093535,,18,0.07973429319678124
20.0,0.093535,,20,0.07968693038249883
18.0,0.103959,,16,0.08488922090468903
21.0,0.093535,,18,0.07972189079357635
20.0,0.093535,,18,0.07972189079357635
17.0,0.103959,,13,0.08494898612217633
21.0,0.093535,,20,0.07496004499941217
20.0,0.093535,,16,0.07498992760815582
19.0,0.093535,,16,0.07498992760815582
19.0,0.103959,,16,0.08016233552160237
19.0,0.103959,,14,0.0801972959326799
24.0,0.093535,,18,0.07500740781369458
22.0,0.093535,,14,0.07503729042243823
24.0,0.093535,,21,0.07500740781369458
22.0,0.093535,,17,0.07503729042243823
21.0,0.083111,,20,0.07451452246905227
19.0,0.093535,,16,0.07971681299124247
18.0,0.083111,,16,0.07454440507779592
19.0,0.083111,,16,0.07454440507779592
19.0,0.093535,,14,0.07976417580552489
20.0,0.083111,,16,0.07454440507779592
17.0,0.083111,,12,0.07457428768653958
19.0,0.083111,,16,0.07454440507779592
16.0,0.083111,,12,0.07457428768653958
19.0,0.093535,,14,0.07976417580552489
19.0,0.093535,,16,0.07971681299124247
16.0,0.103959,,12,0.08491910351343268
19.0,0.093535,,14,0.07975177340232
19.0,0.093535,,14,0.07975177340232
15.0,0.103959,,9,0.08497886873091999
23.0,0.093535,,18,0.07500740781369458
21.0,0.093535,,14,0.07503729042243823
21.0,0.093535,,14,0.07503729042243823
20.0,0.103959,,14,0.08020969833588479
20.0,0.103959,,12,0.0802446587469623
21.0,0.093535,,20,0.07496004499941217
19.0,0.103959,,16,0.08016233552160237
20.0,0.093535,,16,0.07498992760815582
19.0,0.093535,,16,0.07498992760815582
19.0,0.103959,,14,0.08020969833588479
18.0,0.103959,,16,0.07543545013851571
16.0,0.103959,,12,0.07546533274725936
21.0,0.103959,,17,0.07548281295279813
23.0,0.093535,,18,0.07499500541048969
20.0,0.103959,,14,0.0801972959326799
21.0,0.093535,,14,0.07502488801923334
21.0,0.093535,,14,0.07502488801923334
20.0,0.103959,,12,0.0802446587469623
24.0,0.093535,,18,0.07499500541048969
22.0,0.093535,,14,0.07502488801923334
16.0,0.103959,,13,0.07549521535600301
14.0,0.103959,,9,0.07552509796474667
24.0,0.093535,,21,0.07499500541048969
21.0,0.103959,,17,0.07547041054959323
22.0,0.093535,,17,0.07502488801923334
20.0,0.103959,,18,0.07551777336387563
21.0,0.124747,,20,0.10668945853447158
18.0,0.135171,,16,0.11189174905666179
20.0,0.124747,,16,0.10671934114321523
20.0,0.124747,,16,0.10671934114321523
19.0,0.135171,,14,0.1119391118709442
19.0,0.124747,,16,0.10671934114321523
18.0,0.124747,,12,0.10674922375195887
19.0,0.124747,,16,0.10671934114321523
18.0,0.124747,,12,0.10674922375195887
18.0,0.135171,,14,0.1119391118709442
19.0,0.135171,,16,0.11189174905666179
16.0,0.145595,,12,0.11709403957885199
19.0,0.135171,,14,0.1119267094677393
19.0,0.135171,,14,0.1119267094677393
15.0,0.145595,,9,0.11715380479633929
19.0,0.135171,,16,0.10716486367357513
16.0,0.145595,,12,0.11236715419576533
17.0,0.135171,,12,0.10719474628231877
17.0,0.135171,,12,0.10719474628231877
16.0,0.145595,,10,0.11241451701004775
21.0,0.135171,,14,0.10719982408465265
19.0,0.135171,,10,0.10722970669339629
21.0,0.135171,,17,0.10719982408465265
19.0,0.135171,,13,0.10722970669339629
24.0,0.083111,,24,0.07448463986030862
23.0,0.093535,,20,0.07496004499941217
23.0,0.083111,,20,0.07451452246905227
26.0,0.093535,,18,0.07500740781369458
23.0,0.083111,,20,0.07451452246905227
20.0,0.083111,,16,0.07454440507779592
26.0,0.093535,,18,0.07500740781369458
23.0,0.093535,,20,0.07496004499941217
21.0,0.103959,,16,0.07543545013851571
26.0,0.093535,,18,0.07499500541048969
26.0,0.093535,,18,0.07499500541048969
19.0,0.103959,,13,0.07549521535600301
22.0,0.093535,,20,0.07968693038249883
21.0,0.093535,,16,0.07971681299124247
21.0,0.103959,,16,0.08016233552160237
23.0,0.103959,,14,0.0801972959326799
23.0,0.083111,,20,0.07451452246905227
22.0,0.093535,,16,0.07498992760815582
21.0,0.083111,,16,0.07454440507779592
24.0,0.093535,,14,0.07503729042243823
23.0,0.093535,,18,0.07973429319678124
21.0,0.093535,,14,0.07976417580552489
26.0,0.093535,,21,0.07499500541048969
24.0,0.103959,,17,0.07547041054959323
23.0,0.083111,,20,0.07451452246905227
20.0,0.093535,,16,0.07971681299124247
22.0,0.083111,,16,0.07454440507779592
21.0,0.083111,,16,0.07454440507779592
21.0,0.093535,,14,0.07976417580552489
22.0,0.093535,,16,0.07498992760815582
19.0,0.103959,,12,0.08019221813034602
24.0,0.093535,,14,0.07502488801923334
24.0,0.093535,,17,0.07502488801923334
26.0,0.093535,,21,0.07500740781369458
24.0,0.093535,,17,0.07503729042243823
24.0,0.103959,,17,0.07548281295279813
23.0,0.103959,,18,0.07551777336387563
22.0,0.093535,,20,0.07968693038249883
20.0,0.103959,,16,0.08488922090468903
21.0,0.093535,,16,0.07971681299124247
20.0,0.093535,,16,0.07971681299124247
20.0,0.103959,,14,0.08493658371897145
21.0,0.103959,,16,0.08016233552160237
19.0,0.103959,,12,0.08019221813034602
23.0,0.103959,,14,0.08020969833588479
23.0,0.093535,,18,0.07972189079357635
20.0,0.103959,,14,0.08492418131576655
21.0,0.093535,,14,0.07975177340232
21.0,0.093535,,14,0.07975177340232
20.0,0.103959,,12,0.08497154413004895
23.0,0.124747,,20,0.10668945853447158
20.0,0.135171,,16,0.11189174905666177
22.0,0.124747,,16,0.10671934114321523
22.0,0.124747,,16,0.10671934114321523
21.0,0.135171,,14,0.11193911187094419
22.0,0.135171,,16,0.10716486367357513
19.0,0.145595,,12,0.11236715419576532
24.0,0.135171,,14,0.10719982408465265
25.0,0.135171,,17,0.10719982408465265
21.0,0.135171,,16,0.11189174905666179
18.0,0.145595,,12,0.11709403957885198
19.0,0.135171,,12,0.11192163166540543
19.0,0.135171,,12,0.11192163166540543
18.0,0.145595,,10,0.11714140239313439
20.0,0.124747,,20,0.10196257315138496
19.0,0.135171,,16,0.10243797829048851
20.0,0.124747,,16,0.10199245576012861
21.0,0.135171,,14,0.10248534110477092
20.0,0.124747,,16,0.10199245576012861
17.0,0.124747,,12,0.10202233836887226
22.0,0.135171,,14,0.10248534110477092
19.0,0.135171,,16,0.10243797829048851
16.0,0.145595,,12,0.10291338342959205
21.0,0.135171,,14,0.10247293870156603
22.0,0.135171,,14,0.10247293870156603
15.0,0.145595,,9,0.10297314864707935
19.0,0.124747,,16,0.10199245576012861
18.0,0.124747,,12,0.10202233836887226
18.0,0.135171,,12,0.10246786089923215
19.0,0.135171,,10,0.10250282131030967
22.0,0.135171,,17,0.10248534110477092
18.0,0.145595,,13,0.10296074624387447
18.0,0.135171,,16,0.10716486367357517
17.0,0.145595,,12,0.10764026881267871
17.0,0.135171,,12,0.10719474628231881
18.0,0.145595,,10,0.10768763162696113
19.0,0.135171,,14,0.10719982408465269
17.0,0.135171,,10,0.10722970669339633
17.0,0.208259,,13,0.1568488325050148
15.0,0.218683,,9,0.15732423764411835
15.0,0.218683,,9,0.162051123027205
21.0,0.083111,,24,0.0746804787900554
20.0,0.093535,,20,0.07988276931224561
20.0,0.083111,,20,0.07471036139879905
18.0,0.083111,,20,0.07471036139879905
19.0,0.093535,,18,0.07993013212652801
20.0,0.083111,,20,0.07471036139879905
17.0,0.083111,,16,0.0747402440075427
20.0,0.083111,,20,0.07471036139879905
18.0,0.083111,,16,0.0747402440075427
20.0,0.093535,,18,0.07993013212652801
19.0,0.093535,,20,0.07988276931224561
17.0,0.103959,,16,0.08508505983443582
20.0,0.093535,,18,0.07991772972332312
19.0,0.093535,,18,0.07991772972332312
16.0,0.103959,,13,0.08514482505192311
19.0,0.093535,,20,0.07515588392915895
16.0,0.093535,,16,0.0751857665379026
18.0,0.093535,,16,0.0751857665379026
17.0,0.103959,,16,0.08035817445134916
17.0,0.103959,,14,0.08039313486242666
21.0,0.093535,,18,0.07520324674344135
19.0,0.093535,,14,0.075233129352185
21.0,0.093535,,21,0.07520324674344135
18.0,0.093535,,17,0.075233129352185
23.0,0.083111,,24,0.0746804787900554
22.0,0.093535,,20,0.07988276931224561
22.0,0.083111,,20,0.07471036139879905
20.0,0.083111,,20,0.07471036139879905
21.0,0.093535,,18,0.07993013212652801
22.0,0.093535,,20,0.07515588392915895
19.0,0.093535,,16,0.0751857665379026
25.0,0.093535,,18,0.07520324674344135
22.0,0.083111,,20,0.07471036139879905
20.0,0.093535,,16,0.07991265192098926
20.0,0.083111,,16,0.0747402440075427
19.0,0.083111,,16,0.0747402440075427
19.0,0.093535,,14,0.07996001473527166
24.0,0.093535,,21,0.07520324674344135
21.0,0.093535,,17,0.075233129352185
17.0,0.135171,,18,0.10277170744082424
15.0,0.145595,,14,0.10324711257992779
16.0,0.135171,,14,0.10280159004956789
16.0,0.145595,,15,0.10329447539421019
20.0,0.135171,,15,0.11222547820699752
17.0,0.145595,,11,0.11742776872918771
18.0,0.135171,,11,0.11225536081574117
18.0,0.135171,,11,0.11225536081574117
17.0,0.145595,,9,0.11747513154347011
15.0,0.218683,,9,0.1623866312047407
20.0,0.041555,,26,0.03728520113068635
19.0,0.051979,,22,0.042487491652876554
19.0,0.041555,,22,0.03731508373943
19.0,0.041555,,22,0.03731508373943
19.0,0.051979,,20,0.04253485446715896
17.0,0.041555,,22,0.03731508373943
16.0,0.041555,,18,0.03734496634817365
19.0,0.041555,,22,0.03731508373943
17.0,0.041555,,18,0.03734496634817365
18.0,0.051979,,20,0.04253485446715896
19.0,0.051979,,22,0.042487491652876554
17.0,0.062403,,18,0.04768978217506676
18.0,0.051979,,20,0.04252245206395407
19.0,0.051979,,20,0.04252245206395407
15.0,0.062403,,15,0.04774954739255406
19.0,0.051979,,22,0.037760606269789894
18.0,0.051979,,18,0.03779048887853355
16.0,0.051979,,18,0.03779048887853355
18.0,0.062403,,18,0.0429628967919801
17.0,0.062403,,16,0.04299785720305762
23.0,0.051979,,23,0.0378079690840723
20.0,0.051979,,19,0.037837851692815956
22.0,0.051979,,20,0.0378079690840723
21.0,0.051979,,16,0.037837851692815956
19.0,0.041555,,22,0.03731508373943
18.0,0.051979,,18,0.04251737426162021
17.0,0.041555,,18,0.03734496634817365
17.0,0.041555,,18,0.03734496634817365
17.0,0.051979,,16,0.042564737075902616
16.0,0.041555,,18,0.03734496634817365
14.0,0.041555,,14,0.037374848956917305
18.0,0.041555,,18,0.03734496634817365
16.0,0.041555,,14,0.037374848956917305
17.0,0.051979,,16,0.042564737075902616
17.0,0.051979,,18,0.04251737426162021
16.0,0.062403,,14,0.047719664783810414
16.0,0.051979,,16,0.04255233467269772
17.0,0.051979,,16,0.04255233467269772
13.0,0.062403,,11,0.04777943000129772
22.0,0.051979,,23,0.0378079690840723
20.0,0.051979,,19,0.037837851692815956
19.0,0.051979,,19,0.037837851692815956
20.0,0.062403,,19,0.04301025960626251
19.0,0.062403,,17,0.04304522001734003
19.0,0.051979,,22,0.037760606269789894
18.0,0.062403,,18,0.0429628967919801
16.0,0.051979,,18,0.03779048887853355
18.0,0.051979,,18,0.03779048887853355
17.0,0.062403,,16,0.04301025960626251
17.0,0.062403,,18,0.03823601140889344
14.0,0.062403,,14,0.038265894017637095
20.0,0.062403,,16,0.03828337422317585
21.0,0.051979,,20,0.037795566680867414
19.0,0.062403,,16,0.03827097181997096
20.0,0.051979,,16,0.03782544928961106
19.0,0.062403,,14,0.03831833463425337
21.0,0.051979,,23,0.037795566680867414
20.0,0.062403,,19,0.04299785720305762
18.0,0.051979,,19,0.03782544928961106
20.0,0.051979,,19,0.03782544928961106
19.0,0.062403,,17,0.04304522001734003
22.0,0.051979,,23,0.037795566680867414
19.0,0.051979,,19,0.03782544928961106
15.0,0.062403,,16,0.03829577662638074
12.0,0.062403,,12,0.0383256592351244
21.0,0.083111,,24,0.07452752106084067
19.0,0.093535,,20,0.07972981158303087
20.0,0.083111,,20,0.07455740366958431
20.0,0.083111,,20,0.07455740366958431
20.0,0.093535,,18,0.07977717439731327
18.0,0.083111,,20,0.07455740366958431
17.0,0.083111,,16,0.07458728627832796
20.0,0.083111,,20,0.07455740366958431
18.0,0.083111,,16,0.07458728627832796
19.0,0.093535,,18,0.07977717439731327
20.0,0.093535,,20,0.07972981158303087
17.0,0.103959,,16,0.08493210210522108
19.0,0.093535,,18,0.07976477199410838
20.0,0.093535,,18,0.07976477199410838
16.0,0.103959,,13,0.08499186732270837
19.0,0.093535,,20,0.07500292619994421
17.0,0.103959,,16,0.08020521672213442
16.0,0.093535,,16,0.07503280880868786
18.0,0.093535,,16,0.07503280880868786
17.0,0.103959,,14,0.08025257953641682
21.0,0.093535,,18,0.07503788661102172
19.0,0.093535,,14,0.07506776921976538
21.0,0.093535,,21,0.07503788661102172
18.0,0.093535,,17,0.07506776921976538
23.0,0.083111,,24,0.07452752106084067
22.0,0.083111,,20,0.07455740366958431
20.0,0.083111,,20,0.07455740366958431
22.0,0.093535,,20,0.07972981158303087
21.0,0.093535,,18,0.07976477199410838
22.0,0.093535,,20,0.07500292619994421
19.0,0.093535,,16,0.07503280880868786
24.0,0.093535,,18,0.07503788661102172
22.0,0.083111,,20,0.07455740366958431
20.0,0.083111,,16,0.07458728627832796
19.0,0.083111,,16,0.07458728627832796
19.0,0.093535,,16,0.07975969419177452
19.0,0.093535,,14,0.07979465460285204
24.0,0.093535,,21,0.07503788661102172
21.0,0.093535,,17,0.07506776921976538
22.0,0.124747,,20,0.10673233973500362
20.0,0.124747,,16,0.10676222234374727
21.0,0.135171,,16,0.10720774487410717
22.0,0.135171,,17,0.10724270528518468
20.0,0.135171,,16,0.11193463025719383
18.0,0.135171,,12,0.11196451286593748
20.0,0.124747,,20,0.102005454351917
19.0,0.124747,,16,0.10203533696066065
17.0,0.124747,,16,0.10203533696066065
18.0,0.135171,,16,0.10720774487410721
18.0,0.135171,,14,0.10724270528518472
18.0,0.135171,,16,0.10248085949102055
15.0,0.135171,,12,0.1025107420997642
20.0,0.135171,,14,0.10251581990209806
19.0,0.083111,,24,0.07472335999058743
17.0,0.093535,,20,0.07992565051277764
17.0,0.083111,,20,0.07475324259933108
16.0,0.083111,,20,0.07475324259933108
16.0,0.093535,,18,0.07997301332706006
16.0,0.083111,,20,0.07475324259933108
13.0,0.083111,,16,0.07478312520807474
17.0,0.083111,,20,0.07475324259933108
15.0,0.083111,,16,0.07478312520807474
16.0,0.093535,,18,0.07997301332706006
17.0,0.093535,,20,0.07992565051277764
15.0,0.103959,,16,0.08512794103496785
16.0,0.093535,,18,0.07996061092385516
16.0,0.093535,,18,0.07996061092385516
12.0,0.103959,,13,0.08518770625245516
22.0,0.083111,,24,0.07472335999058743
19.0,0.083111,,20,0.07475324259933108
19.0,0.083111,,20,0.07475324259933108
16.0,0.083111,,16,0.07478312520807474
15.0,0.135171,,18,0.10281458864135627
12.0,0.135171,,14,0.10284447125009993
18.0,0.135171,,15,0.11226835940752955
15.0,0.135171,,11,0.11229824201627321
20.0,0.083111,,20,0.07726181507291006
18.0,0.093535,,16,0.08246410559510027
19.0,0.083111,,16,0.07729169768165373
19.0,0.083111,,16,0.07729169768165373
19.0,0.093535,,14,0.08251146840938269
19.0,0.083111,,16,0.07729169768165373
17.0,0.083111,,12,0.07732158029039737
17.0,0.083111,,16,0.07729169768165373
16.0,0.083111,,12,0.07732158029039737
18.0,0.093535,,14,0.08251146840938269
18.0,0.093535,,16,0.08246410559510027
16.0,0.103959,,12,0.08766639611729048
19.0,0.093535,,14,0.08249906600617779
18.0,0.093535,,14,0.08249906600617779
15.0,0.103959,,9,0.08772616133477779
19.0,0.093535,,16,0.07773722021201361
18.0,0.093535,,12,0.07776710282075727
16.0,0.093535,,12,0.07776710282075727
17.0,0.103959,,12,0.08293951073420382
17.0,0.103959,,10,0.08297447114528134
22.0,0.093535,,14,0.07778458302629603
19.0,0.093535,,10,0.07781446563503967
22.0,0.093535,,17,0.07778458302629603
20.0,0.093535,,13,0.07781446563503967
19.0,0.083111,,16,0.07729169768165373
17.0,0.093535,,12,0.08249398820384393
16.0,0.083111,,12,0.07732158029039737
17.0,0.083111,,12,0.07732158029039737
16.0,0.093535,,10,0.08254135101812633
17.0,0.083111,,12,0.07732158029039737
15.0,0.083111,,8,0.07735146289914102
16.0,0.083111,,12,0.07732158029039737
13.0,0.083111,,8,0.07735146289914102
16.0,0.093535,,10,0.08254135101812633
17.0,0.093535,,12,0.08249398820384393
14.0,0.103959,,8,0.08769627872603414
16.0,0.093535,,10,0.08252894861492144
16.0,0.093535,,10,0.08252894861492144
12.0,0.103959,,5,0.08775604394352143
21.0,0.093535,,14,0.07778458302629603
19.0,0.093535,,10,0.07781446563503967
18.0,0.093535,,10,0.07781446563503967
18.0,0.103959,,10,0.08298687354848623
18.0,0.103959,,8,0.08302183395956375
19.0,0.093535,,16,0.07773722021201361
17.0,0.103959,,12,0.08293951073420382
18.0,0.093535,,12,0.07776710282075727
16.0,0.093535,,12,0.07776710282075727
17.0,0.103959,,10,0.08298687354848623
16.0,0.103959,,12,0.07821262535111716
14.0,0.103959,,8,0.07824250795986082
19.0,0.103959,,13,0.07825998816539957
21.0,0.093535,,14,0.07777218062309113
18.0,0.103959,,10,0.08297447114528134
19.0,0.093535,,10,0.07780206323183478
18.0,0.093535,,10,0.07780206323183478
18.0,0.103959,,8,0.08302183395956375
22.0,0.093535,,14,0.07777218062309113
19.0,0.093535,,10,0.07780206323183478
14.0,0.103959,,9,0.07827239056860447
11.0,0.103959,,5,0.07830227317734811
22.0,0.093535,,17,0.07777218062309113
19.0,0.103959,,13,0.07824758576219468
20.0,0.093535,,13,0.07780206323183478
18.0,0.103959,,14,0.07829494857647709
20.0,0.083192,,22,0.06944713860431727
19.0,0.093616,,18,0.07464942912650747
19.0,0.083192,,18,0.06947702121306092
19.0,0.083192,,18,0.06947702121306092
19.0,0.093616,,16,0.07469679194078989
19.0,0.083192,,18,0.06947702121306092
17.0,0.083192,,14,0.06950690382180456
19.0,0.083192,,18,0.06947702121306092
17.0,0.083192,,14,0.06950690382180456
19.0,0.093616,,16,0.07469679194078989
17.0,0.093616,,18,0.07464942912650747
16.0,0.10404,,14,0.07985171964869768
18.0,0.093616,,16,0.074684389537585
18.0,0.093616,,16,0.074684389537585
15.0,0.10404,,11,0.07991148486618498
19.0,0.093616,,18,0.06992254374342081
18.0,0.093616,,14,0.06995242635216446
18.0,0.093616,,14,0.06995242635216446
16.0,0.10404,,14,0.07512483426561102
17.0,0.10404,,12,0.07515979467668854
21.0,0.093616,,16,0.06996990655770323
20.0,0.093616,,12,0.06999978916644688
22.0,0.093616,,19,0.06996990655770323
20.0,0.093616,,15,0.06999978916644688
19.0,0.093616,,18,0.07464942912650747
17.0,0.10404,,14,0.07985171964869768
17.0,0.093616,,14,0.07467931173525112
18.0,0.093616,,14,0.07467931173525112
17.0,0.10404,,12,0.0798990824629801
17.0,0.093616,,14,0.07467931173525112
16.0,0.093616,,10,0.07470919434399477
18.0,0.093616,,14,0.07467931173525112
16.0,0.093616,,10,0.07470919434399477
17.0,0.10404,,12,0.0798990824629801
16.0,0.10404,,14,0.07985171964869768
14.0,0.114464,,10,0.08505401017088789
16.0,0.10404,,12,0.0798866800597752
17.0,0.10404,,12,0.0798866800597752
13.0,0.114464,,7,0.08511377538837518
19.0,0.093616,,18,0.06992254374342081
18.0,0.093616,,14,0.06995242635216446
18.0,0.093616,,14,0.06995242635216446
16.0,0.10404,,14,0.07512483426561102
17.0,0.10404,,12,0.07515979467668854
17.0,0.10404,,14,0.07039794888252436
14.0,0.114464,,10,0.07560023940471457
19.0,0.10404,,12,0.07044531169680678
20.0,0.10404,,15,0.07044531169680678
15.0,0.124888,,12,0.08080252992690477
12.0,0.135312,,8,0.08600482044909498
23.0,0.093616,,19,0.06996990655770323
20.0,0.10404,,15,0.07044531169680678
21.0,0.093616,,15,0.06999978916644688
17.0,0.10404,,16,0.07049267451108918
22.0,0.093616,,16,0.06996990655770323
20.0,0.10404,,12,0.07044531169680678
21.0,0.093616,,12,0.06999978916644688
17.0,0.10404,,10,0.07049267451108918
14.0,0.135312,,7,0.0860995460776598
21.0,0.124747,,20,0.10668945853447158
19.0,0.135171,,16,0.11189174905666179
20.0,0.124747,,16,0.10671934114321523
19.0,0.124747,,16,0.10671934114321523
19.0,0.135171,,14,0.1119391118709442
20.0,0.124747,,16,0.10671934114321523
17.0,0.124747,,12,0.10674922375195887
19.0,0.124747,,16,0.10671934114321523
18.0,0.124747,,12,0.10674922375195887
19.0,0.135171,,14,0.1119391118709442
18.0,0.135171,,16,0.11189174905666179
16.0,0.145595,,12,0.11709403957885199
19.0,0.135171,,14,0.1119267094677393
18.0,0.135171,,14,0.1119267094677393
15.0,0.145595,,9,0.11715380479633929
19.0,0.135171,,16,0.10716486367357513
17.0,0.135171,,12,0.10719474628231877
17.0,0.135171,,12,0.10719474628231877
16.0,0.145595,,12,0.11236715419576533
16.0,0.145595,,10,0.11240211460684285
21.0,0.135171,,14,0.10721222648785754
19.0,0.135171,,10,0.10724210909660119
21.0,0.135171,,17,0.10721222648785754
18.0,0.135171,,13,0.10724210909660119
19.0,0.166383,,16,0.13889427720863454
16.0,0.176807,,12,0.14409656773082474
17.0,0.166383,,12,0.13892415981737818
17.0,0.166383,,12,0.13892415981737818
16.0,0.176807,,10,0.14414393054510716
17.0,0.166383,,12,0.13892415981737818
14.0,0.166383,,8,0.13895404242612183
17.0,0.166383,,12,0.13892415981737818
14.0,0.166383,,8,0.13895404242612183
16.0,0.176807,,10,0.14414393054510716
16.0,0.176807,,12,0.14409656773082474
13.0,0.187231,,8,0.14929885825301495
16.0,0.176807,,10,0.14413152814190225
16.0,0.176807,,10,0.14413152814190225
11.0,0.187231,,5,0.14935862347050224
23.0,0.124747,,20,0.10668945853447158
22.0,0.124747,,16,0.10671934114321523
22.0,0.124747,,16,0.10671934114321523
20.0,0.135171,,16,0.11189174905666179
21.0,0.135171,,14,0.1119267094677393
22.0,0.135171,,16,0.10716486367357513
19.0,0.145595,,12,0.11236715419576533
24.0,0.135171,,14,0.10721222648785754
25.0,0.135171,,17,0.10721222648785754
21.0,0.135171,,16,0.11189174905666179
19.0,0.135171,,12,0.11192163166540543
19.0,0.135171,,12,0.11192163166540543
18.0,0.145595,,12,0.11709403957885199
18.0,0.145595,,10,0.11712899998992951
22.0,0.166383,,16,0.13889427720863454
19.0,0.176807,,12,0.14409656773082474
19.0,0.176807,,12,0.14409656773082474
16.0,0.187231,,8,0.14929885825301492
19.0,0.166383,,16,0.13416739182554793
18.0,0.166383,,12,0.13419727443429158
18.0,0.166383,,12,0.13419727443429158
16.0,0.176807,,12,0.1393696823477381
17.0,0.176807,,10,0.13940464275881562
17.0,0.176807,,12,0.13464279696465148
14.0,0.187231,,8,0.13984508748684166
19.0,0.176807,,10,0.1346901597789339
19.0,0.176807,,13,0.1346901597789339
15.0,0.249895,,9,0.18905365117917777
12.0,0.260319,,5,0.19425594170136795
22.0,0.124747,,20,0.10688529746421836
21.0,0.135171,,16,0.10736070260332191
20.0,0.124747,,16,0.10691518007296201
22.0,0.135171,,17,0.10740806541760431
20.0,0.135171,,16,0.11208758798640857
18.0,0.135171,,12,0.11211747059515222
17.0,0.176807,,11,0.14443029688116046
14.0,0.187231,,7,0.14963258740335064
10.0,0.260319,,3,0.19459144987890364
18.0,0.093616,,16,0.07473474704432305
16.0,0.10404,,12,0.07993703756651326
16.0,0.093616,,12,0.07476462965306671
16.0,0.093616,,12,0.07476462965306671
16.0,0.10404,,10,0.07998440038079567
15.0,0.093616,,12,0.07476462965306671
13.0,0.093616,,7,0.07479451226181036
17.0,0.093616,,12,0.07476462965306671
14.0,0.093616,,7,0.07479451226181036
16.0,0.10404,,10,0.07998440038079567
15.0,0.10404,,12,0.07993703756651326
13.0,0.114464,,8,0.08513932808870346
15.0,0.10404,,7,0.07997199797759078
16.0,0.10404,,7,0.07997199797759078
12.0,0.114464,,4,0.08519909330619077
20.0,0.135171,,15,0.11197706697447736
18.0,0.135171,,11,0.11200694958322102
18.0,0.135171,,11,0.11200694958322102
17.0,0.145595,,11,0.11717935749666757
17.0,0.145595,,9,0.11721431790774509
17.0,0.176807,,11,0.14418188564864032
14.0,0.187231,,7,0.1493841761708305
18.0,0.135171,,15,0.11217290590422414
15.0,0.135171,,11,0.11220278851296779
11.0,0.187231,,7,0.14971790532116624
17.0,0.166383,,13,0.14170133502997964
14.0,0.176807,,9,0.14690362555216985
14.0,0.166383,,9,0.1417312176387233
14.0,0.166383,,9,0.1417312176387233
13.0,0.176807,,7,0.14695098836645226
14.0,0.166383,,9,0.1417312176387233
11.0,0.166383,,5,0.14176110024746694
14.0,0.166383,,9,0.1417312176387233
11.0,0.166383,,5,0.14176110024746694
13.0,0.176807,,7,0.14695098836645226
14.0,0.176807,,9,0.14690362555216985
11.0,0.187231,,5,0.15210591607436005
13.0,0.176807,,7,0.14693858596324735
13.0,0.176807,,7,0.14693858596324735
8.0,0.187231,,2,0.15216568129184735
14.0,0.249895,,9,0.19190359263537718
11.0,0.260319,,3,0.19710588315756736
21.0,0.041555,,26,0.03724231993015431
20.0,0.051979,,22,0.03771772506925786
20.0,0.041555,,22,0.03727220253889796
23.0,0.051979,,20,0.037765087883540265
20.0,0.041555,,22,0.03727220253889796
17.0,0.041555,,18,0.03730208514764161
23.0,0.051979,,20,0.037765087883540265
20.0,0.051979,,22,0.03771772506925786
18.0,0.062403,,18,0.0381931302083614
23.0,0.051979,,20,0.03775268548033537
23.0,0.051979,,20,0.03775268548033537
16.0,0.062403,,15,0.038252895425848706
20.0,0.051979,,22,0.04244461045234452
19.0,0.051979,,18,0.042474493061088164
19.0,0.062403,,18,0.04292001559144806
21.0,0.062403,,16,0.042954976002525576
20.0,0.041555,,22,0.03727220253889796
19.0,0.051979,,18,0.037747607678001505
19.0,0.041555,,18,0.03730208514764161
22.0,0.051979,,16,0.03779497049228392
21.0,0.051979,,20,0.042491973266626924
18.0,0.051979,,16,0.04252185587537058
23.0,0.051979,,23,0.03775268548033537
22.0,0.062403,,19,0.038228090619438916
20.0,0.051979,,22,0.04244461045234452
18.0,0.062403,,18,0.04764690097453472
19.0,0.051979,,18,0.042474493061088164
20.0,0.051979,,18,0.042474493061088164
19.0,0.062403,,16,0.04769426378881713
19.0,0.062403,,18,0.04292001559144806
17.0,0.072827,,14,0.04812230611363827
21.0,0.062403,,16,0.042954976002525576
23.0,0.062403,,19,0.042954976002525576
20.0,0.051979,,22,0.03771772506925786
19.0,0.062403,,18,0.038193130208361396
19.0,0.051979,,18,0.037747607678001505
22.0,0.062403,,16,0.038240493022643804
19.0,0.051979,,18,0.037747607678001505
16.0,0.051979,,14,0.03777749028674516
21.0,0.062403,,16,0.038240493022643804
19.0,0.062403,,18,0.0381931302083614
16.0,0.072827,,14,0.03866853534746494
22.0,0.062403,,16,0.038228090619438916
21.0,0.062403,,16,0.038228090619438916
14.0,0.072827,,11,0.038728300564952245
17.0,0.083251,,16,0.048597711252741815
15.0,0.093675,,12,0.04907311639184536
24.0,0.051979,,23,0.037765087883540265
23.0,0.062403,,19,0.038240493022643804
23.0,0.051979,,19,0.03779497049228392
22.0,0.062403,,17,0.03828785583692621
20.0,0.041555,,22,0.03727220253889796
20.0,0.051979,,18,0.042474493061088164
19.0,0.041555,,18,0.03730208514764161
18.0,0.041555,,18,0.03730208514764161
19.0,0.051979,,16,0.04252185587537058
19.0,0.051979,,18,0.037747607678001505
17.0,0.051979,,14,0.03777749028674516
22.0,0.051979,,16,0.03779497049228392
21.0,0.051979,,20,0.042491973266626924
19.0,0.062403,,16,0.04769426378881713
18.0,0.051979,,16,0.04252185587537058
19.0,0.051979,,16,0.04252185587537058
16.0,0.062403,,14,0.04774162660309954
24.0,0.051979,,23,0.037765087883540265
22.0,0.062403,,19,0.038240493022643804
23.0,0.051979,,19,0.03779497049228392
22.0,0.062403,,17,0.03828785583692621
23.0,0.051979,,23,0.03775268548033537
21.0,0.062403,,19,0.038228090619438916
23.0,0.062403,,19,0.042954976002525576
17.0,0.062403,,16,0.038252895425848706
15.0,0.072827,,12,0.038728300564952245
14.0,0.093675,,11,0.04916784202041018
20.0,0.041555,,22,0.03727220253889796
19.0,0.051979,,18,0.037747607678001505
19.0,0.041555,,18,0.03730208514764161
23.0,0.051979,,19,0.03779497049228392
19.0,0.041555,,18,0.03730208514764161
17.0,0.041555,,14,0.03733196775638526
23.0,0.051979,,19,0.03779497049228392
19.0,0.051979,,18,0.037747607678001505
18.0,0.062403,,14,0.03822301281710505
22.0,0.051979,,19,0.037782568089079024
22.0,0.051979,,19,0.037782568089079024
16.0,0.062403,,12,0.03828277803459235
18.0,0.051979,,18,0.042474493061088164
18.0,0.051979,,14,0.04250437566983182
17.0,0.062403,,14,0.04294989820019171
21.0,0.062403,,15,0.04298485861126923
19.0,0.041555,,18,0.03730208514764161
18.0,0.051979,,14,0.03777749028674516
17.0,0.041555,,14,0.03733196775638526
21.0,0.051979,,15,0.03782485310102757
19.0,0.051979,,16,0.04252185587537058
17.0,0.051979,,12,0.04255173848411423
21.0,0.051979,,16,0.037782568089079024
19.0,0.062403,,12,0.03825797322818257
23.0,0.051979,,23,0.037765087883540265
22.0,0.062403,,19,0.038240493022643804
22.0,0.051979,,19,0.03779497049228392
21.0,0.062403,,20,0.03828785583692621
22.0,0.051979,,19,0.03779497049228392
20.0,0.051979,,15,0.03782485310102757
22.0,0.062403,,20,0.03828785583692621
22.0,0.062403,,19,0.03824049302264381
19.0,0.072827,,15,0.03871589816174735
22.0,0.062403,,20,0.03827545343372133
22.0,0.062403,,20,0.03827545343372133
17.0,0.072827,,13,0.03877566337923465
20.0,0.041555,,22,0.03727220253889796
19.0,0.051979,,18,0.037747607678001505
19.0,0.041555,,18,0.03730208514764161
22.0,0.051979,,16,0.03779497049228392
19.0,0.041555,,18,0.03730208514764161
16.0,0.041555,,14,0.03733196775638526
22.0,0.051979,,16,0.03779497049228392
19.0,0.051979,,18,0.037747607678001505
17.0,0.062403,,14,0.03822301281710505
22.0,0.051979,,16,0.037782568089079024
22.0,0.051979,,16,0.037782568089079024
15.0,0.062403,,11,0.03828277803459235
19.0,0.051979,,18,0.042474493061088164
18.0,0.051979,,14,0.04250437566983182
18.0,0.062403,,14,0.04294989820019171
20.0,0.062403,,12,0.04298485861126923
20.0,0.041555,,18,0.03730208514764161
19.0,0.051979,,14,0.03777749028674516
18.0,0.041555,,14,0.03733196775638526
21.0,0.051979,,12,0.03782485310102757
20.0,0.051979,,16,0.04252185587537058
17.0,0.051979,,12,0.04255173848411423
23.0,0.051979,,19,0.037782568089079024
21.0,0.062403,,15,0.03825797322818257
20.0,0.051979,,20,0.042491973266626924
18.0,0.062403,,16,0.04769426378881713
19.0,0.051979,,16,0.04252185587537058
20.0,0.051979,,16,0.04252185587537058
19.0,0.062403,,14,0.04774162660309954
19.0,0.062403,,16,0.04296737840573047
17.0,0.072827,,12,0.04816966892792068
21.0,0.062403,,14,0.04300233881680799
23.0,0.062403,,17,0.04300233881680799
23.0,0.051979,,20,0.037765087883540265
22.0,0.062403,,16,0.038240493022643804
23.0,0.051979,,16,0.03779497049228392
21.0,0.062403,,14,0.03828785583692621
23.0,0.051979,,16,0.03779497049228392
20.0,0.051979,,12,0.03782485310102757
22.0,0.062403,,14,0.03828785583692621
22.0,0.062403,,16,0.03824049302264381
17.0,0.072827,,12,0.03871589816174735
23.0,0.062403,,14,0.03827545343372133
23.0,0.062403,,14,0.03827545343372133
16.0,0.072827,,9,0.03877566337923465
19.0,0.051979,,22,0.04244461045234452
18.0,0.062403,,18,0.04764690097453472
18.0,0.051979,,18,0.042474493061088164
18.0,0.051979,,18,0.042474493061088164
18.0,0.062403,,16,0.04769426378881713
18.0,0.062403,,18,0.04292001559144806
17.0,0.062403,,14,0.04294989820019171
20.0,0.062403,,16,0.04296737840573047
18.0,0.062403,,18,0.04764690097453472
16.0,0.072827,,14,0.05284919149672493
16.0,0.062403,,14,0.04767678358327837
17.0,0.062403,,14,0.04767678358327837
16.0,0.072827,,12,0.052896554311007336
18.0,0.062403,,18,0.04292001559144806
17.0,0.072827,,14,0.0433954207305516
17.0,0.062403,,14,0.04294989820019171
18.0,0.072827,,12,0.04344278354483401
15.0,0.093675,,12,0.05380000177493202
22.0,0.062403,,19,0.04296737840573047
20.0,0.072827,,15,0.04344278354483401
20.0,0.051979,,20,0.04247957086342203
18.0,0.062403,,16,0.047681861385612236
18.0,0.051979,,16,0.042509453472165684
19.0,0.051979,,16,0.042509453472165684
18.0,0.062403,,14,0.04772922419989465
19.0,0.062403,,16,0.042954976002525576
17.0,0.062403,,12,0.04298485861126923
23.0,0.062403,,17,0.04300233881680799
20.0,0.051979,,20,0.04247957086342203
19.0,0.062403,,16,0.047681861385612236
19.0,0.051979,,16,0.042509453472165684
19.0,0.051979,,16,0.042509453472165684
19.0,0.062403,,14,0.04772922419989465
19.0,0.062403,,16,0.042954976002525576
18.0,0.062403,,12,0.04298485861126923
21.0,0.062403,,14,0.04300233881680799
17.0,0.062403,,15,0.047706666192022025
15.0,0.072827,,11,0.05290895671421223
15.0,0.062403,,11,0.04773654880076567
16.0,0.062403,,11,0.04773654880076567
15.0,0.072827,,9,0.05295631952849464
18.0,0.093675,,11,0.05389472740349684
24.0,0.083111,,24,0.07448463986030862
23.0,0.093535,,20,0.07496004499941217
23.0,0.083111,,20,0.07451452246905227
26.0,0.093535,,18,0.07500740781369458
23.0,0.083111,,20,0.07451452246905227
20.0,0.083111,,16,0.07454440507779592
26.0,0.093535,,18,0.07500740781369458
23.0,0.093535,,20,0.07496004499941217
21.0,0.103959,,16,0.07543545013851571
26.0,0.093535,,18,0.07499500541048969
26.0,0.093535,,18,0.07499500541048969
19.0,0.103959,,13,0.07549521535600301
22.0,0.093535,,20,0.07968693038249883
21.0,0.093535,,16,0.07971681299124247
21.0,0.103959,,16,0.08016233552160237
23.0,0.103959,,14,0.0801972959326799
23.0,0.083111,,20,0.07451452246905227
22.0,0.093535,,16,0.07498992760815582
21.0,0.083111,,16,0.07454440507779592
24.0,0.093535,,14,0.07503729042243823
23.0,0.093535,,18,0.07973429319678124
21.0,0.093535,,14,0.07976417580552489
26.0,0.093535,,21,0.07499500541048969
24.0,0.103959,,17,0.07547041054959323
23.0,0.083111,,20,0.07451452246905227
20.0,0.093535,,16,0.07971681299124247
22.0,0.083111,,16,0.07454440507779592
21.0,0.083111,,16,0.07454440507779592
21.0,0.093535,,14,0.07976417580552489
22.0,0.093535,,16,0.07498992760815582
19.0,0.103959,,12,0.08019221813034602
24.0,0.093535,,14,0.07502488801923334
24.0,0.093535,,17,0.07502488801923334
26.0,0.093535,,21,0.07500740781369458
24.0,0.093535,,17,0.07503729042243823
24.0,0.103959,,17,0.07548281295279813
23.0,0.103959,,18,0.07551777336387563
22.0,0.093535,,20,0.07968693038249883
20.0,0.103959,,16,0.08488922090468903
21.0,0.093535,,16,0.07971681299124247
20.0,0.093535,,16,0.07971681299124247
20.0,0.103959,,14,0.08493658371897145
21.0,0.103959,,16,0.08016233552160237
19.0,0.103959,,12,0.08019221813034602
23.0,0.103959,,14,0.08020969833588479
23.0,0.093535,,18,0.07972189079357635
20.0,0.103959,,14,0.08492418131576655
21.0,0.093535,,14,0.07975177340232
21.0,0.093535,,14,0.07975177340232
20.0,0.103959,,12,0.08497154413004895
23.0,0.124747,,20,0.10668945853447158
20.0,0.135171,,16,0.11189174905666179
22.0,0.124747,,16,0.10671934114321523
22.0,0.124747,,16,0.10671934114321523
21.0,0.135171,,14,0.1119391118709442
22.0,0.135171,,16,0.10716486367357513
19.0,0.145595,,12,0.11236715419576533
24.0,0.135171,,14,0.10719982408465265
25.0,0.135171,,17,0.10719982408465265
21.0,0.135171,,16,0.11189174905666179
18.0,0.145595,,12,0.11709403957885199
19.0,0.135171,,12,0.11192163166540543
19.0,0.135171,,12,0.11192163166540543
18.0,0.145595,,10,0.1171414023931344
22.0,0.083111,,24,0.07448463986030862
20.0,0.093535,,20,0.07968693038249883
21.0,0.083111,,20,0.07451452246905227
21.0,0.083111,,20,0.07451452246905227
21.0,0.093535,,18,0.07973429319678124
21.0,0.083111,,20,0.07451452246905227
19.0,0.083111,,16,0.07454440507779592
20.0,0.083111,,20,0.07451452246905227
19.0,0.083111,,16,0.07454440507779592
20.0,0.093535,,18,0.07973429319678124
20.0,0.093535,,20,0.07968693038249883
18.0,0.103959,,16,0.08488922090468903
21.0,0.093535,,18,0.07972189079357635
20.0,0.093535,,18,0.07972189079357635
17.0,0.103959,,13,0.08494898612217633
21.0,0.093535,,20,0.07496004499941217
20.0,0.093535,,16,0.07498992760815582
19.0,0.093535,,16,0.07498992760815582
19.0,0.103959,,16,0.08016233552160237
19.0,0.103959,,14,0.0801972959326799
24.0,0.093535,,18,0.07500740781369458
22.0,0.093535,,14,0.07503729042243823
24.0,0.093535,,21,0.07500740781369458
22.0,0.093535,,17,0.07503729042243823
21.0,0.083111,,20,0.07451452246905227
19.0,0.093535,,16,0.07971681299124247
18.0,0.083111,,16,0.07454440507779592
19.0,0.083111,,16,0.07454440507779592
19.0,0.093535,,14,0.07976417580552489
20.0,0.083111,,16,0.07454440507779592
17.0,0.083111,,12,0.07457428768653958
19.0,0.083111,,16,0.07454440507779592
16.0,0.083111,,12,0.07457428768653958
19.0,0.093535,,14,0.07976417580552489
19.0,0.093535,,16,0.07971681299124247
16.0,0.103959,,12,0.08491910351343268
19.0,0.093535,,14,0.07975177340232
19.0,0.093535,,14,0.07975177340232
15.0,0.103959,,9,0.08497886873091999
23.0,0.093535,,18,0.07500740781369458
21.0,0.093535,,14,0.07503729042243823
21.0,0.093535,,14,0.07503729042243823
20.0,0.103959,,14,0.08020969833588479
20.0,0.103959,,12,0.0802446587469623
21.0,0.093535,,20,0.07496004499941217
19.0,0.103959,,16,0.08016233552160237
20.0,0.093535,,16,0.07498992760815582
19.0,0.093535,,16,0.07498992760815582
19.0,0.103959,,14,0.08020969833588479
18.0,0.103959,,16,0.07543545013851571
16.0,0.103959,,12,0.07546533274725936
21.0,0.103959,,17,0.07548281295279813
24.0,0.093535,,18,0.07499500541048969
22.0,0.093535,,14,0.07502488801923334
23.0,0.093535,,18,0.07499500541048969
20.0,0.103959,,14,0.0801972959326799
21.0,0.093535,,14,0.07502488801923334
21.0,0.093535,,14,0.07502488801923334
20.0,0.103959,,12,0.0802446587469623
16.0,0.103959,,13,0.07549521535600301
14.0,0.103959,,9,0.07552509796474667
24.0,0.093535,,21,0.07499500541048969
21.0,0.103959,,17,0.07547041054959323
22.0,0.093535,,17,0.07502488801923334
20.0,0.103959,,18,0.07551777336387563
21.0,0.124747,,20,0.10668945853447158
18.0,0.135171,,16,0.11189174905666177
20.0,0.124747,,16,0.10671934114321523
20.0,0.124747,,16,0.10671934114321523
19.0,0.135171,,14,0.11193911187094419
19.0,0.124747,,16,0.10671934114321523
18.0,0.124747,,12,0.10674922375195887
19.0,0.124747,,16,0.10671934114321523
18.0,0.124747,,12,0.10674922375195887
18.0,0.135171,,14,0.11193911187094419
19.0,0.135171,,16,0.11189174905666179
16.0,0.145595,,12,0.11709403957885198
19.0,0.135171,,14,0.1119267094677393
19.0,0.135171,,14,0.1119267094677393
15.0,0.145595,,9,0.11715380479633927
19.0,0.135171,,16,0.10716486367357513
16.0,0.145595,,12,0.11236715419576532
17.0,0.135171,,12,0.10719474628231877
17.0,0.135171,,12,0.10719474628231877
16.0,0.145595,,10,0.11241451701004773
21.0,0.135171,,14,0.10719982408465265
19.0,0.135171,,10,0.10722970669339629
21.0,0.135171,,17,0.10719982408465265
19.0,0.135171,,13,0.10722970669339629
20.0,0.124747,,20,0.10196257315138496
19.0,0.135171,,16,0.10243797829048851
20.0,0.124747,,16,0.10199245576012861
22.0,0.135171,,14,0.10248534110477092
20.0,0.124747,,16,0.10199245576012861
17.0,0.124747,,12,0.10202233836887226
21.0,0.135171,,14,0.10248534110477092
19.0,0.135171,,16,0.10243797829048851
16.0,0.145595,,12,0.10291338342959205
22.0,0.135171,,14,0.10247293870156603
21.0,0.135171,,14,0.10247293870156603
15.0,0.145595,,9,0.10297314864707935
19.0,0.124747,,16,0.10199245576012861
18.0,0.124747,,12,0.10202233836887226
18.0,0.135171,,12,0.10246786089923215
19.0,0.135171,,10,0.10250282131030967
22.0,0.135171,,17,0.10248534110477092
18.0,0.145595,,13,0.10296074624387447
18.0,0.135171,,16,0.10716486367357517
17.0,0.145595,,12,0.10764026881267871
17.0,0.135171,,12,0.10719474628231881
18.0,0.145595,,10,0.10768763162696113
19.0,0.135171,,14,0.10719982408465269
17.0,0.135171,,10,0.10722970669339633
17.0,0.208259,,13,0.1568488325050148
15.0,0.218683,,9,0.15732423764411835
15.0,0.218683,,9,0.162051123027205
23.0,0.083111,,24,0.0746804787900554
22.0,0.093535,,20,0.07988276931224561
22.0,0.083111,,20,0.07471036139879905
20.0,0.083111,,20,0.07471036139879905
21.0,0.093535,,18,0.07993013212652801
22.0,0.093535,,20,0.07515588392915895
19.0,0.093535,,16,0.0751857665379026
25.0,0.093535,,18,0.07520324674344135
22.0,0.083111,,20,0.07471036139879905
20.0,0.093535,,16,0.07991265192098926
20.0,0.083111,,16,0.0747402440075427
19.0,0.083111,,16,0.0747402440075427
19.0,0.093535,,14,0.07996001473527166
24.0,0.093535,,21,0.07520324674344135
21.0,0.093535,,17,0.075233129352185
21.0,0.083111,,24,0.0746804787900554
20.0,0.093535,,20,0.07988276931224561
20.0,0.083111,,20,0.07471036139879905
18.0,0.083111,,20,0.07471036139879905
19.0,0.093535,,18,0.07993013212652801
20.0,0.083111,,20,0.07471036139879905
17.0,0.083111,,16,0.0747402440075427
20.0,0.083111,,20,0.07471036139879905
18.0,0.083111,,16,0.0747402440075427
20.0,0.093535,,18,0.07993013212652801
19.0,0.093535,,20,0.07988276931224561
17.0,0.103959,,16,0.08508505983443582
20.0,0.093535,,18,0.07991772972332312
19.0,0.093535,,18,0.07991772972332312
16.0,0.103959,,13,0.08514482505192311
19.0,0.093535,,20,0.07515588392915895
16.0,0.093535,,16,0.0751857665379026
18.0,0.093535,,16,0.0751857665379026
17.0,0.103959,,16,0.08035817445134916
17.0,0.103959,,14,0.08039313486242666
21.0,0.093535,,18,0.07520324674344135
19.0,0.093535,,14,0.075233129352185
21.0,0.093535,,21,0.07520324674344135
18.0,0.093535,,17,0.075233129352185
17.0,0.135171,,18,0.10277170744082424
15.0,0.145595,,14,0.10324711257992779
16.0,0.135171,,14,0.10280159004956789
16.0,0.145595,,15,0.10329447539421019
20.0,0.135171,,15,0.11222547820699752
17.0,0.145595,,11,0.11742776872918773
18.0,0.135171,,11,0.11225536081574117
18.0,0.135171,,11,0.11225536081574117
17.0,0.145595,,9,0.11747513154347013
15.0,0.218683,,9,0.1623866312047407
20.0,0.041555,,26,0.03728520113068635
19.0,0.051979,,22,0.042487491652876554
19.0,0.041555,,22,0.03731508373943
19.0,0.041555,,22,0.03731508373943
19.0,0.051979,,20,0.04253485446715896
17.0,0.041555,,22,0.03731508373943
16.0,0.041555,,18,0.03734496634817365
19.0,0.041555,,22,0.03731508373943
17.0,0.041555,,18,0.03734496634817365
18.0,0.051979,,20,0.04253485446715896
19.0,0.051979,,22,0.042487491652876554
17.0,0.062403,,18,0.04768978217506676
18.0,0.051979,,20,0.04252245206395407
19.0,0.051979,,20,0.04252245206395407
15.0,0.062403,,15,0.04774954739255406
19.0,0.051979,,22,0.037760606269789894
18.0,0.051979,,18,0.03779048887853355
16.0,0.051979,,18,0.03779048887853355
18.0,0.062403,,18,0.0429628967919801
17.0,0.062403,,16,0.04299785720305762
23.0,0.051979,,23,0.0378079690840723
20.0,0.051979,,19,0.037837851692815956
22.0,0.051979,,20,0.0378079690840723
21.0,0.051979,,16,0.037837851692815956
19.0,0.041555,,22,0.03731508373943
18.0,0.051979,,18,0.04251737426162021
17.0,0.041555,,18,0.03734496634817365
17.0,0.041555,,18,0.03734496634817365
17.0,0.051979,,16,0.042564737075902616
16.0,0.041555,,18,0.03734496634817365
14.0,0.041555,,14,0.037374848956917305
18.0,0.041555,,18,0.03734496634817365
16.0,0.041555,,14,0.037374848956917305
17.0,0.051979,,16,0.042564737075902616
17.0,0.051979,,18,0.04251737426162021
16.0,0.062403,,14,0.047719664783810414
16.0,0.051979,,16,0.04255233467269772
17.0,0.051979,,16,0.04255233467269772
13.0,0.062403,,11,0.04777943000129772
22.0,0.051979,,23,0.0378079690840723
20.0,0.051979,,19,0.037837851692815956
19.0,0.051979,,19,0.037837851692815956
20.0,0.062403,,19,0.04301025960626251
19.0,0.062403,,17,0.04304522001734003
19.0,0.051979,,22,0.037760606269789894
18.0,0.062403,,18,0.0429628967919801
16.0,0.051979,,18,0.03779048887853355
18.0,0.051979,,18,0.03779048887853355
17.0,0.062403,,16,0.04301025960626251
17.0,0.062403,,18,0.03823601140889344
14.0,0.062403,,14,0.038265894017637095
20.0,0.062403,,16,0.03828337422317585
21.0,0.051979,,20,0.037795566680867414
19.0,0.062403,,16,0.03827097181997096
20.0,0.051979,,16,0.03782544928961106
19.0,0.062403,,14,0.03831833463425337
22.0,0.051979,,23,0.037795566680867414
19.0,0.051979,,19,0.03782544928961106
21.0,0.051979,,23,0.037795566680867414
20.0,0.062403,,19,0.04299785720305762
18.0,0.051979,,19,0.03782544928961106
20.0,0.051979,,19,0.03782544928961106
19.0,0.062403,,17,0.04304522001734003
15.0,0.062403,,16,0.03829577662638074
12.0,0.062403,,12,0.0383256592351244
23.0,0.083111,,24,0.07452752106084067
22.0,0.083111,,20,0.07455740366958431
20.0,0.083111,,20,0.07455740366958431
22.0,0.093535,,20,0.07972981158303087
21.0,0.093535,,18,0.07976477199410838
22.0,0.093535,,20,0.07500292619994421
19.0,0.093535,,16,0.07503280880868786
24.0,0.093535,,18,0.07503788661102172
22.0,0.083111,,20,0.07455740366958431
20.0,0.083111,,16,0.07458728627832796
19.0,0.083111,,16,0.07458728627832796
19.0,0.093535,,16,0.07975969419177452
19.0,0.093535,,14,0.07979465460285204
24.0,0.093535,,21,0.07503788661102172
21.0,0.093535,,17,0.07506776921976538
22.0,0.124747,,20,0.10673233973500362
20.0,0.124747,,16,0.10676222234374727
21.0,0.135171,,16,0.10720774487410717
22.0,0.135171,,17,0.10724270528518468
20.0,0.135171,,16,0.11193463025719383
18.0,0.135171,,12,0.11196451286593748
21.0,0.083111,,24,0.07452752106084067
19.0,0.093535,,20,0.07972981158303087
20.0,0.083111,,20,0.07455740366958431
20.0,0.083111,,20,0.07455740366958431
20.0,0.093535,,18,0.07977717439731327
18.0,0.083111,,20,0.07455740366958431
17.0,0.083111,,16,0.07458728627832796
20.0,0.083111,,20,0.07455740366958431
18.0,0.083111,,16,0.07458728627832796
19.0,0.093535,,18,0.07977717439731327
20.0,0.093535,,20,0.07972981158303087
17.0,0.103959,,16,0.08493210210522108
19.0,0.093535,,18,0.07976477199410838
20.0,0.093535,,18,0.07976477199410838
16.0,0.103959,,13,0.08499186732270837
19.0,0.093535,,20,0.07500292619994421
17.0,0.103959,,16,0.08020521672213442
16.0,0.093535,,16,0.07503280880868786
18.0,0.093535,,16,0.07503280880868786
17.0,0.103959,,14,0.08025257953641682
21.0,0.093535,,18,0.07503788661102172
19.0,0.093535,,14,0.07506776921976538
21.0,0.093535,,21,0.07503788661102172
18.0,0.093535,,17,0.07506776921976538
20.0,0.124747,,20,0.102005454351917
19.0,0.124747,,16,0.10203533696066065
17.0,0.124747,,16,0.10203533696066065
18.0,0.135171,,16,0.10720774487410721
18.0,0.135171,,14,0.10724270528518472
18.0,0.135171,,16,0.10248085949102055
15.0,0.135171,,12,0.1025107420997642
20.0,0.135171,,14,0.10251581990209806
22.0,0.083111,,24,0.07472335999058743
19.0,0.083111,,20,0.07475324259933108
19.0,0.083111,,20,0.07475324259933108
16.0,0.083111,,16,0.07478312520807474
19.0,0.083111,,24,0.07472335999058743
17.0,0.093535,,20,0.07992565051277764
17.0,0.083111,,20,0.07475324259933108
16.0,0.083111,,20,0.07475324259933108
16.0,0.093535,,18,0.07997301332706006
16.0,0.083111,,20,0.07475324259933108
13.0,0.083111,,16,0.07478312520807474
17.0,0.083111,,20,0.07475324259933108
15.0,0.083111,,16,0.07478312520807474
16.0,0.093535,,18,0.07997301332706006
17.0,0.093535,,20,0.07992565051277764
15.0,0.103959,,16,0.08512794103496785
16.0,0.093535,,18,0.07996061092385516
16.0,0.093535,,18,0.07996061092385516
12.0,0.103959,,13,0.08518770625245516
15.0,0.135171,,18,0.10281458864135627
12.0,0.135171,,14,0.10284447125009993
18.0,0.135171,,15,0.11226835940752955
15.0,0.135171,,11,0.11229824201627321
20.0,0.083111,,20,0.07726181507291006
18.0,0.093535,,16,0.08246410559510027
19.0,0.083111,,16,0.07729169768165373
19.0,0.083111,,16,0.07729169768165373
19.0,0.093535,,14,0.08251146840938269
19.0,0.083111,,16,0.07729169768165373
17.0,0.083111,,12,0.07732158029039737
17.0,0.083111,,16,0.07729169768165373
16.0,0.083111,,12,0.07732158029039737
18.0,0.093535,,14,0.08251146840938269
18.0,0.093535,,16,0.08246410559510027
16.0,0.103959,,12,0.08766639611729048
19.0,0.093535,,14,0.08249906600617779
18.0,0.093535,,14,0.08249906600617779
15.0,0.103959,,9,0.08772616133477779
19.0,0.093535,,16,0.07773722021201361
18.0,0.093535,,12,0.07776710282075727
16.0,0.093535,,12,0.07776710282075727
17.0,0.103959,,12,0.08293951073420382
17.0,0.103959,,10,0.08297447114528134
22.0,0.093535,,14,0.07778458302629603
19.0,0.093535,,10,0.07781446563503967
22.0,0.093535,,17,0.07778458302629603
20.0,0.093535,,13,0.07781446563503967
19.0,0.083111,,16,0.07729169768165373
17.0,0.093535,,12,0.08249398820384393
16.0,0.083111,,12,0.07732158029039737
17.0,0.083111,,12,0.07732158029039737
16.0,0.093535,,10,0.08254135101812633
17.0,0.083111,,12,0.07732158029039737
15.0,0.083111,,8,0.07735146289914102
16.0,0.083111,,12,0.07732158029039737
13.0,0.083111,,8,0.07735146289914102
16.0,0.093535,,10,0.08254135101812633
17.0,0.093535,,12,0.08249398820384393
14.0,0.103959,,8,0.08769627872603414
16.0,0.093535,,10,0.08252894861492144
16.0,0.093535,,10,0.08252894861492144
12.0,0.103959,,5,0.08775604394352143
21.0,0.093535,,14,0.07778458302629603
19.0,0.093535,,10,0.07781446563503967
18.0,0.093535,,10,0.07781446563503967
18.0,0.103959,,10,0.08298687354848623
18.0,0.103959,,8,0.08302183395956375
19.0,0.093535,,16,0.07773722021201361
17.0,0.103959,,12,0.08293951073420382
18.0,0.093535,,12,0.07776710282075727
16.0,0.093535,,12,0.07776710282075727
17.0,0.103959,,10,0.08298687354848623
16.0,0.103959,,12,0.07821262535111716
14.0,0.103959,,8,0.07824250795986082
19.0,0.103959,,13,0.07825998816539957
22.0,0.093535,,14,0.07777218062309113
19.0,0.093535,,10,0.07780206323183478
21.0,0.093535,,14,0.07777218062309113
18.0,0.103959,,10,0.08297447114528134
19.0,0.093535,,10,0.07780206323183478
18.0,0.093535,,10,0.07780206323183478
18.0,0.103959,,8,0.08302183395956375
14.0,0.103959,,9,0.07827239056860447
11.0,0.103959,,5,0.07830227317734811
22.0,0.093535,,17,0.07777218062309113
19.0,0.103959,,13,0.07824758576219468
20.0,0.093535,,13,0.07780206323183478
18.0,0.103959,,14,0.07829494857647709
20.0,0.083192,,22,0.06944713860431727
19.0,0.093616,,18,0.07464942912650747
19.0,0.083192,,18,0.06947702121306092
19.0,0.083192,,18,0.06947702121306092
19.0,0.093616,,16,0.07469679194078989
19.0,0.083192,,18,0.06947702121306092
17.0,0.083192,,14,0.06950690382180456
19.0,0.083192,,18,0.06947702121306092
17.0,0.083192,,14,0.06950690382180456
19.0,0.093616,,16,0.07469679194078989
17.0,0.093616,,18,0.07464942912650746
16.0,0.10404,,14,0.07985171964869767
18.0,0.093616,,16,0.07468438953758498
18.0,0.093616,,16,0.07468438953758498
15.0,0.10404,,11,0.07991148486618496
19.0,0.093616,,18,0.06992254374342081
18.0,0.093616,,14,0.06995242635216446
18.0,0.093616,,14,0.06995242635216446
16.0,0.10404,,14,0.075124834265611
17.0,0.10404,,12,0.07515979467668853
21.0,0.093616,,16,0.06996990655770323
20.0,0.093616,,12,0.06999978916644688
22.0,0.093616,,19,0.06996990655770323
20.0,0.093616,,15,0.06999978916644688
19.0,0.093616,,18,0.07464942912650747
17.0,0.10404,,14,0.07985171964869768
17.0,0.093616,,14,0.07467931173525112
18.0,0.093616,,14,0.07467931173525112
17.0,0.10404,,12,0.0798990824629801
17.0,0.093616,,14,0.07467931173525112
16.0,0.093616,,10,0.07470919434399477
18.0,0.093616,,14,0.07467931173525112
16.0,0.093616,,10,0.07470919434399477
17.0,0.10404,,12,0.0798990824629801
16.0,0.10404,,14,0.07985171964869767
14.0,0.114464,,10,0.08505401017088787
16.0,0.10404,,12,0.07988668005977519
17.0,0.10404,,12,0.07988668005977519
13.0,0.114464,,7,0.08511377538837517
19.0,0.093616,,18,0.06992254374342081
18.0,0.093616,,14,0.06995242635216446
18.0,0.093616,,14,0.06995242635216446
16.0,0.10404,,14,0.075124834265611
17.0,0.10404,,12,0.07515979467668853
17.0,0.10404,,14,0.07039794888252436
14.0,0.114464,,10,0.07560023940471455
19.0,0.10404,,12,0.07044531169680678
20.0,0.10404,,15,0.07044531169680678
15.0,0.124888,,12,0.08080252992690477
12.0,0.135312,,8,0.08600482044909497
23.0,0.093616,,19,0.06996990655770323
20.0,0.10404,,15,0.07044531169680678
21.0,0.093616,,15,0.06999978916644688
17.0,0.10404,,16,0.07049267451108918
22.0,0.093616,,16,0.06996990655770323
20.0,0.10404,,12,0.07044531169680678
21.0,0.093616,,12,0.06999978916644688
17.0,0.10404,,8,0.07049267451108918
14.0,0.135312,,6,0.08609954607765978
23.0,0.124747,,20,0.10668945853447158
22.0,0.124747,,16,0.10671934114321523
22.0,0.124747,,16,0.10671934114321523
20.0,0.135171,,16,0.11189174905666177
21.0,0.135171,,14,0.11192670946773929
22.0,0.135171,,16,0.10716486367357513
19.0,0.145595,,12,0.11236715419576532
24.0,0.135171,,14,0.10721222648785754
25.0,0.135171,,17,0.10721222648785754
21.0,0.135171,,16,0.11189174905666179
19.0,0.135171,,12,0.11192163166540543
19.0,0.135171,,12,0.11192163166540543
18.0,0.145595,,12,0.11709403957885198
18.0,0.145595,,10,0.1171289999899295
22.0,0.166383,,16,0.13889427720863454
19.0,0.176807,,12,0.14409656773082474
19.0,0.176807,,12,0.14409656773082474
16.0,0.187231,,8,0.14929885825301492
21.0,0.124747,,20,0.10668945853447158
19.0,0.135171,,16,0.11189174905666179
20.0,0.124747,,16,0.10671934114321523
19.0,0.124747,,16,0.10671934114321523
19.0,0.135171,,14,0.1119391118709442
20.0,0.124747,,16,0.10671934114321523
17.0,0.124747,,12,0.10674922375195887
19.0,0.124747,,16,0.10671934114321523
18.0,0.124747,,12,0.10674922375195887
19.0,0.135171,,14,0.1119391118709442
18.0,0.135171,,16,0.11189174905666177
16.0,0.145595,,12,0.11709403957885198
19.0,0.135171,,14,0.11192670946773929
18.0,0.135171,,14,0.11192670946773929
15.0,0.145595,,9,0.11715380479633927
19.0,0.135171,,16,0.10716486367357513
17.0,0.135171,,12,0.10719474628231877
17.0,0.135171,,12,0.10719474628231877
16.0,0.145595,,12,0.11236715419576532
16.0,0.145595,,10,0.11240211460684284
21.0,0.135171,,14,0.10721222648785754
19.0,0.135171,,10,0.10724210909660119
21.0,0.135171,,17,0.10721222648785754
18.0,0.135171,,13,0.10724210909660119
19.0,0.166383,,16,0.13889427720863454
16.0,0.176807,,12,0.14409656773082474
17.0,0.166383,,12,0.13892415981737818
17.0,0.166383,,12,0.13892415981737818
16.0,0.176807,,10,0.14414393054510716
17.0,0.166383,,12,0.13892415981737818
14.0,0.166383,,8,0.13895404242612183
17.0,0.166383,,12,0.13892415981737818
14.0,0.166383,,8,0.13895404242612183
16.0,0.176807,,10,0.14414393054510716
16.0,0.176807,,12,0.14409656773082474
13.0,0.187231,,8,0.14929885825301492
16.0,0.176807,,10,0.14413152814190225
16.0,0.176807,,10,0.14413152814190225
11.0,0.187231,,5,0.14935862347050222
19.0,0.166383,,16,0.13416739182554793
18.0,0.166383,,12,0.13419727443429158
18.0,0.166383,,12,0.13419727443429158
16.0,0.176807,,12,0.1393696823477381
17.0,0.176807,,10,0.13940464275881562
17.0,0.176807,,12,0.13464279696465148
14.0,0.187231,,8,0.13984508748684166
19.0,0.176807,,10,0.1346901597789339
19.0,0.176807,,13,0.1346901597789339
15.0,0.249895,,9,0.18905365117917777
12.0,0.260319,,5,0.19425594170136795
22.0,0.124747,,20,0.10688529746421836
21.0,0.135171,,16,0.10736070260332191
20.0,0.124747,,16,0.10691518007296201
22.0,0.135171,,17,0.10740806541760431
20.0,0.135171,,16,0.11208758798640857
18.0,0.135171,,12,0.11211747059515222
17.0,0.176807,,11,0.14443029688116046
14.0,0.187231,,7,0.14963258740335064
10.0,0.260319,,3,0.19459144987890364
18.0,0.093616,,16,0.07473474704432305
16.0,0.10404,,12,0.07993703756651326
16.0,0.093616,,12,0.07476462965306671
16.0,0.093616,,12,0.07476462965306671
16.0,0.10404,,10,0.07998440038079567
15.0,0.093616,,12,0.07476462965306671
13.0,0.093616,,7,0.07479451226181036
17.0,0.093616,,12,0.07476462965306671
14.0,0.093616,,7,0.07479451226181036
16.0,0.10404,,10,0.07998440038079567
15.0,0.10404,,12,0.07993703756651324
13.0,0.114464,,8,0.08513932808870345
15.0,0.10404,,7,0.07997199797759076
16.0,0.10404,,7,0.07997199797759076
12.0,0.114464,,4,0.08519909330619076
20.0,0.135171,,15,0.11197706697447736
18.0,0.135171,,11,0.11200694958322102
18.0,0.135171,,11,0.11200694958322102
17.0,0.145595,,11,0.11717935749666755
17.0,0.145595,,9,0.11721431790774507
17.0,0.176807,,11,0.14418188564864032
14.0,0.187231,,7,0.1493841761708305
18.0,0.135171,,15,0.11217290590422414
15.0,0.135171,,11,0.11220278851296779
11.0,0.187231,,7,0.14971790532116624
17.0,0.166383,,13,0.14170133502997964
14.0,0.176807,,9,0.14690362555216985
14.0,0.166383,,9,0.1417312176387233
14.0,0.166383,,9,0.1417312176387233
13.0,0.176807,,7,0.14695098836645226
14.0,0.166383,,9,0.1417312176387233
11.0,0.166383,,5,0.14176110024746694
14.0,0.166383,,9,0.1417312176387233
11.0,0.166383,,5,0.14176110024746694
13.0,0.176807,,7,0.14695098836645226
14.0,0.176807,,9,0.14690362555216985
11.0,0.187231,,5,0.15210591607436003
13.0,0.176807,,7,0.14693858596324735
13.0,0.176807,,7,0.14693858596324735
8.0,0.187231,,2,0.15216568129184732
14.0,0.249895,,9,0.19190359263537718
11.0,0.260319,,3,0.19710588315756736
17.0,0.083192,,22,0.06472025322123065
16.0,0.093616,,18,0.0651956583603342
17.0,0.083192,,18,0.0647501358299743
19.0,0.093616,,16,0.06524302117461661
17.0,0.083192,,18,0.0647501358299743
14.0,0.083192,,14,0.06478001843871795
19.0,0.093616,,16,0.06524302117461661
16.0,0.093616,,18,0.0651956583603342
14.0,0.10404,,14,0.06567106349943774
19.0,0.093616,,16,0.06523061877141172
19.0,0.093616,,16,0.06523061877141172
13.0,0.10404,,11,0.06573082871692504
16.0,0.093616,,18,0.06992254374342086
15.0,0.093616,,14,0.0699524263521645
15.0,0.10404,,14,0.0703979488825244
17.0,0.10404,,12,0.07043290929360192
17.0,0.083192,,18,0.0647501358299743
16.0,0.093616,,14,0.06522554096907784
15.0,0.083192,,14,0.06478001843871795
18.0,0.093616,,12,0.06527290378336026
17.0,0.093616,,16,0.06996990655770327
15.0,0.093616,,12,0.06999978916644692
20.0,0.093616,,19,0.06523061877141172
18.0,0.10404,,15,0.06570602391051526
16.0,0.093616,,18,0.06992254374342086
14.0,0.10404,,14,0.07512483426561106
15.0,0.093616,,14,0.0699524263521645
16.0,0.093616,,14,0.0699524263521645
15.0,0.10404,,12,0.07517219707989348
15.0,0.10404,,14,0.0703979488825244
13.0,0.114464,,10,0.07560023940471461
17.0,0.10404,,12,0.07043290929360192
19.0,0.10404,,15,0.07043290929360192
16.0,0.093616,,18,0.0651956583603342
15.0,0.10404,,14,0.06567106349943774
16.0,0.093616,,14,0.06522554096907784
17.0,0.10404,,12,0.06571842631372016
16.0,0.093616,,14,0.06522554096907784
13.0,0.093616,,10,0.06525542357782149
17.0,0.10404,,12,0.06571842631372016
15.0,0.10404,,14,0.06567106349943774
11.0,0.114464,,10,0.06614646863854129
17.0,0.10404,,12,0.06570602391051526
17.0,0.10404,,12,0.06570602391051526
10.0,0.114464,,7,0.06620623385602858
13.0,0.124888,,12,0.07607564454381815
10.0,0.135312,,8,0.0765510496829217
21.0,0.093616,,19,0.06524302117461661
19.0,0.10404,,15,0.06571842631372016
19.0,0.093616,,15,0.06527290378336026
17.0,0.10404,,13,0.06576578912800256
17.0,0.083192,,18,0.0647501358299743
16.0,0.093616,,14,0.0699524263521645
15.0,0.083192,,14,0.06478001843871795
15.0,0.083192,,14,0.06478001843871795
16.0,0.093616,,12,0.06999978916644692
16.0,0.093616,,14,0.06522554096907784
14.0,0.093616,,10,0.06525542357782149
18.0,0.093616,,12,0.06527290378336026
17.0,0.093616,,16,0.06996990655770327
15.0,0.10404,,12,0.07517219707989348
15.0,0.093616,,12,0.06999978916644692
16.0,0.093616,,12,0.06999978916644692
13.0,0.10404,,8,0.07521955989417588
21.0,0.093616,,19,0.06524302117461661
19.0,0.10404,,15,0.06571842631372016
19.0,0.093616,,15,0.06527290378336026
17.0,0.10404,,13,0.06576578912800256
20.0,0.093616,,19,0.06523061877141172
18.0,0.10404,,15,0.06570602391051526
19.0,0.10404,,15,0.07043290929360192
14.0,0.10404,,12,0.06573082871692504
11.0,0.114464,,8,0.06620623385602858
10.0,0.135312,,6,0.07664577531148652
20.0,0.124747,,20,0.10196257315138496
19.0,0.135171,,16,0.10243797829048851
20.0,0.124747,,16,0.10199245576012861
21.0,0.135171,,14,0.10248534110477092
20.0,0.124747,,16,0.10199245576012861
17.0,0.124747,,12,0.10202233836887226
22.0,0.135171,,14,0.10248534110477092
19.0,0.135171,,16,0.10243797829048851
16.0,0.145595,,12,0.10291338342959205
21.0,0.135171,,14,0.10247293870156603
22.0,0.135171,,14,0.10247293870156603
15.0,0.145595,,9,0.10297314864707935
18.0,0.135171,,16,0.10716486367357517
17.0,0.135171,,12,0.10719474628231881
17.0,0.145595,,12,0.10764026881267871
18.0,0.145595,,10,0.10767522922375623
19.0,0.124747,,16,0.10199245576012861
18.0,0.135171,,12,0.10246786089923215
17.0,0.124747,,12,0.10202233836887226
19.0,0.135171,,10,0.10251522371351457
19.0,0.135171,,14,0.10721222648785758
17.0,0.135171,,10,0.10724210909660123
22.0,0.135171,,17,0.10247293870156603
18.0,0.145595,,13,0.10294834384066957
19.0,0.166383,,16,0.13416739182554793
16.0,0.176807,,12,0.1393696823477381
18.0,0.166383,,12,0.13419727443429158
18.0,0.166383,,12,0.13419727443429158
17.0,0.176807,,10,0.13941704516202053
17.0,0.176807,,12,0.13464279696465148
14.0,0.187231,,8,0.13984508748684166
19.0,0.176807,,10,0.13467775737572898
19.0,0.176807,,13,0.13467775737572898
20.0,0.124747,,20,0.10196257315138496
19.0,0.135171,,16,0.10243797829048851
20.0,0.124747,,16,0.10199245576012861
22.0,0.135171,,14,0.10248534110477092
20.0,0.124747,,16,0.10199245576012861
17.0,0.124747,,12,0.10202233836887226
21.0,0.135171,,14,0.10248534110477092
19.0,0.135171,,16,0.10243797829048851
16.0,0.145595,,12,0.10291338342959205
22.0,0.135171,,14,0.10247293870156603
21.0,0.135171,,14,0.10247293870156603
15.0,0.145595,,9,0.10297314864707935
18.0,0.135171,,16,0.10716486367357517
17.0,0.135171,,12,0.10719474628231881
17.0,0.145595,,12,0.10764026881267871
18.0,0.145595,,10,0.10767522922375623
19.0,0.124747,,16,0.10199245576012861
18.0,0.135171,,12,0.10246786089923215
17.0,0.124747,,12,0.10202233836887226
19.0,0.135171,,10,0.10251522371351457
19.0,0.135171,,14,0.10721222648785758
17.0,0.135171,,10,0.10724210909660123
22.0,0.135171,,17,0.10247293870156603
18.0,0.145595,,13,0.10294834384066957
19.0,0.166383,,16,0.13416739182554793
16.0,0.176807,,12,0.1393696823477381
18.0,0.166383,,12,0.13419727443429158
18.0,0.166383,,12,0.13419727443429158
17.0,0.176807,,10,0.13941704516202053
17.0,0.176807,,12,0.13464279696465148
14.0,0.187231,,8,0.13984508748684166
19.0,0.176807,,10,0.13467775737572898
19.0,0.176807,,13,0.13467775737572898
16.0,0.166383,,16,0.1294405064424613
15.0,0.176807,,12,0.12991591158156485
16.0,0.166383,,12,0.12947038905120495
17.0,0.176807,,10,0.12996327439584726
16.0,0.166383,,12,0.12947038905120495
13.0,0.166383,,8,0.1295002716599486
17.0,0.176807,,10,0.12996327439584726
15.0,0.176807,,12,0.12991591158156485
10.0,0.187231,,8,0.1303913167206684
17.0,0.176807,,10,0.12995087199264235
17.0,0.176807,,10,0.12995087199264235
9.0,0.187231,,5,0.1304510819381557
13.0,0.249895,,9,0.18432676579609114
9.0,0.260319,,5,0.1848021709351947
20.0,0.124747,,20,0.10215841208113174
18.0,0.135171,,16,0.10736070260332195
18.0,0.124747,,16,0.10218829468987539
17.0,0.124747,,16,0.10218829468987539
18.0,0.135171,,14,0.10740806541760435
18.0,0.135171,,16,0.10263381722023529
15.0,0.135171,,12,0.10266369982897894
19.0,0.135171,,14,0.10268118003451769
20.0,0.124747,,20,0.10215841208113174
18.0,0.135171,,16,0.10736070260332195
18.0,0.124747,,16,0.10218829468987539
17.0,0.124747,,16,0.10218829468987539
18.0,0.135171,,14,0.10740806541760435
18.0,0.135171,,16,0.10263381722023529
15.0,0.135171,,12,0.10266369982897894
19.0,0.135171,,14,0.10268118003451769
14.0,0.176807,,14,0.13024964073190057
10.0,0.187231,,10,0.13072504587100411
14.0,0.093616,,20,0.06528097627814977
13.0,0.10404,,16,0.06575638141725332
13.0,0.093616,,16,0.06531085888689343
16.0,0.10404,,17,0.06580374423153573
13.0,0.093616,,16,0.06531085888689343
11.0,0.093616,,12,0.06534074149563708
16.0,0.10404,,17,0.06580374423153573
13.0,0.10404,,16,0.06575638141725332
10.0,0.114464,,12,0.06623178655635686
15.0,0.10404,,17,0.06579134182833084
15.0,0.10404,,17,0.06579134182833084
8.0,0.114464,,10,0.06629155177384417
17.0,0.135171,,18,0.10252329620830408
16.0,0.135171,,14,0.10255317881704774
15.0,0.145595,,14,0.10299870134740763
16.0,0.145595,,15,0.10303366175848515
17.0,0.135171,,18,0.10252329620830408
16.0,0.135171,,14,0.10255317881704774
15.0,0.145595,,14,0.10299870134740763
16.0,0.145595,,15,0.10303366175848515
14.0,0.176807,,14,0.13000122949938042
10.0,0.187231,,10,0.13047663463848397
15.0,0.135171,,18,0.10271913513805087
12.0,0.135171,,14,0.10274901774679451
15.0,0.135171,,18,0.10271913513805087
12.0,0.135171,,14,0.10274901774679451
7.0,0.187231,,18,0.13081036378881972
14.0,0.166383,,13,0.1322475642638064
13.0,0.176807,,9,0.13272296940290995
13.0,0.166383,,9,0.13227744687255005
15.0,0.176807,,7,0.13277033221719237
13.0,0.166383,,9,0.13227744687255005
10.0,0.166383,,5,0.1323073294812937
15.0,0.176807,,7,0.13277033221719237
13.0,0.176807,,9,0.13272296940290995
8.0,0.187231,,5,0.1331983745420135
15.0,0.176807,,7,0.13275792981398746
15.0,0.176807,,7,0.13275792981398746
7.0,0.187231,,2,0.1332581397595008
14.0,0.166704,,15,0.11960651257486049
17.0,0.208259,,13,0.1568488325050148
17.0,0.208259,,13,0.1568488325050148
13.0,0.177128,,11,0.12008191771396404
13.0,0.249895,,9,0.18432676579609114
13.0,0.177128,,11,0.1248088030970507
15.0,0.218683,,9,0.162051123027205
15.0,0.249895,,9,0.18905365117917777
13.0,0.177128,,11,0.12008191771396404
15.0,0.218683,,9,0.15732423764411835
15.0,0.218683,,9,0.15732423764411835
10.0,0.187552,,7,0.12055732285306758
9.0,0.260319,,5,0.1848021709351947
13.0,0.177128,,11,0.1248088030970507
11.0,0.187552,,7,0.1300110936192409
15.0,0.218683,,9,0.162051123027205
12.0,0.260319,,5,0.19425594170136795
15.0,0.249895,,9,0.18905365117917777
12.0,0.260319,,5,0.19425594170136795
8.0,0.2084,,5,0.130961903897448
5.0,0.333407,,2,0.23921302514972098
15.0,0.166704,,15,0.12238620118754782
14.0,0.177128,,11,0.12286160632665137
14.0,0.177128,,11,0.12758849170973804
14.0,0.177128,,11,0.12758849170973804
11.0,0.187552,,7,0.13279078223192825
14.0,0.177128,,11,0.12286160632665137
11.0,0.187552,,7,0.12333701146575492
8.0,0.2084,,3,0.13374159251013534
13.0,0.177128,,11,0.12489413962518466
11.0,0.187552,,4,0.13009643014737488
16.0,0.218683,,9,0.16213645955533898
10.0,0.260319,,3,0.19434127822950192
14.0,0.249895,,9,0.1918771364644717
11.0,0.260319,,3,0.19707942698666187
13.0,0.177128,,11,0.12489413962518466
11.0,0.187552,,5,0.13009643014737488
16.0,0.218683,,9,0.16213645955533898
10.0,0.260319,,3,0.19434127822950192
14.0,0.249895,,9,0.1918771364644717
11.0,0.260319,,3,0.19707942698666187
7.0,0.2084,,3,0.13113085175249697
3.0,0.333407,,1,0.24207984818855338
