complexity,cost,freqs,feature_complexity,feature_cost
16.0,0.0,136.0,28,0.0
15.0,0.00841,63.0,24,0.0
16.0,0.00841,61.0,24,0.0
16.0,0.019994,56.0,22,0.0
16.0,0.00841,50.0,24,0.0
13.0,0.01682,49.0,20,0.0
16.0,0.019994,48.0,22,0.0
15.0,0.00841,15.0,24,0.0
14.0,0.01682,12.0,20,0.0
16.0,0.019994,11.0,22,0.0
16.0,0.019994,8.0,22,0.0
12.0,0.03364,3.0,18,0.0
15.0,0.007663,3.0,24,0.0019550673660100274
14.0,0.016073,3.0,20,0.0019550673660100274
14.0,0.016073,2.0,20,0.0019550673660100274
15.0,0.027657,2.0,18,0.0019550673660100274
16.0,0.018822,1.0,22,0.0026565646781431767
15.0,0.027232,1.0,18,0.0026565646781431767
16.0,0.007663,1.0,24,0.0019550673660100274
14.0,0.016073,1.0,20,0.0019550673660100274
15.0,0.016073,1.0,20,0.0019550673660100274
15.0,0.027657,1.0,18,0.0019550673660100274
16.0,0.018822,1.0,22,0.0026565646781431767
14.0,0.027232,,18,0.0026565646781431767
16.0,0.018822,,25,0.0026565646781431767
15.0,0.027232,,21,0.0026565646781431767
16.0,0.03217,,22,0.003106419743318678
15.0,0.047119,,19,0.0034388236397356075
15.0,0.007008,,24,0.0
12.0,0.015418,,20,0.0
14.0,0.015418,,20,0.0
14.0,0.027002,,18,0.0
14.0,0.015418,,20,0.0
12.0,0.023828,,16,0.0
14.0,0.027002,,18,0.0
14.0,0.015418,,20,0.0
11.0,0.023828,,16,0.0
15.0,0.027002,,18,0.0
15.0,0.027002,,18,0.0
11.0,0.040648,,14,0.0
16.0,0.01771,,22,0.0027304570103834956
15.0,0.02612,,18,0.0027304570103834956
15.0,0.02612,,18,0.0027304570103834956
16.0,0.037704,,16,0.0027304570103834956
15.0,0.007663,,24,0.0019550673660100274
14.0,0.015326,,20,0.003910134732020055
14.0,0.016073,,20,0.0019550673660100274
14.0,0.015326,,20,0.003910134732020055
15.0,0.026485,,18,0.004611632044153204
14.0,0.016073,,20,0.0019550673660100274
13.0,0.023736,,16,0.003910134732020055
15.0,0.027657,,18,0.0019550673660100274
15.0,0.026485,,21,0.004611632044153204
15.0,0.039833,,18,0.005061487109328705
16.0,0.018822,,22,0.0026565646781431767
15.0,0.026485,,18,0.004611632044153204
15.0,0.027232,,18,0.0026565646781431767
16.0,0.037645,,19,0.0053131293562863535
16.0,0.01183,,22,0.0027304570103834956
15.0,0.02024,,18,0.0027304570103834956
15.0,0.02024,,18,0.0027304570103834956
16.0,0.031824,,16,0.0027304570103834956
11.0,0.030744,,17,0.003910134732020056
10.0,0.039154,,13,0.003910134732020056
16.0,0.01771,,25,0.0027304570103834956
14.0,0.02612,,21,0.0027304570103834956
15.0,0.02612,,21,0.0027304570103834956
14.0,0.037704,,19,0.0027304570103834956
14.0,0.045453,,19,0.004707468682550341
16.0,0.007663,,24,0.0019550673660100274
14.0,0.015326,,20,0.003910134732020055
15.0,0.016073,,20,0.0019550673660100274
13.0,0.015326,,20,0.003910134732020055
14.0,0.026485,,18,0.004611632044153204
14.0,0.016073,,20,0.0019550673660100274
12.0,0.023736,,16,0.003910134732020055
15.0,0.026485,,18,0.004611632044153204
15.0,0.027657,,18,0.0019550673660100274
16.0,0.01771,,25,0.0027304570103834956
14.0,0.02612,,21,0.0027304570103834956
15.0,0.02612,,21,0.0027304570103834956
14.0,0.037704,,19,0.0027304570103834956
16.0,0.018822,,22,0.0026565646781431767
15.0,0.026485,,18,0.004611632044153204
14.0,0.027232,,18,0.0026565646781431767
14.0,0.026485,,18,0.004611632044153204
12.0,0.037645,,16,0.0053131293562863535
14.0,0.045453,,19,0.004707468682550341
16.0,0.018822,,25,0.0026565646781431767
15.0,0.026485,,21,0.004611632044153204
15.0,0.027232,,21,0.0026565646781431767
16.0,0.037645,,19,0.0053131293562863535
12.0,0.030744,,18,0.003910134732020055
11.0,0.039154,,14,0.003910134732020055
16.0,0.03217,,22,0.003106419743318678
15.0,0.039833,,18,0.005061487109328705
15.0,0.047119,,19,0.0034388236397356105
11.0,0.061473,,13,0.0053131293562863535
16.0,0.007663,,24,0.0019550673660100274
14.0,0.014671,,20,0.0019550673660100274
13.0,0.015326,,20,0.003910134732020055
14.0,0.025373,,21,0.004685524376393523
15.0,0.015326,,20,0.003910134732020055
12.0,0.022989,,16,0.005865202098030082
15.0,0.025373,,21,0.004685524376393523
14.0,0.016073,,20,0.0019550673660100274
13.0,0.023081,,16,0.0019550673660100274
14.0,0.026485,,21,0.004611632044153204
15.0,0.026485,,21,0.004611632044153204
11.0,0.038407,,14,0.005865202098030082
14.0,0.015326,,20,0.003910134732020055
12.0,0.022989,,16,0.005865202098030082
13.0,0.023736,,16,0.003910134732020055
13.0,0.034148,,17,0.006566699410163231
15.0,0.019493,,18,0.004685524376393523
14.0,0.027903,,14,0.004685524376393523
15.0,0.016073,,20,0.0019550673660100274
14.0,0.023081,,16,0.0019550673660100274
13.0,0.023736,,16,0.003910134732020055
13.0,0.033783,,17,0.004685524376393523
15.0,0.026485,,18,0.004611632044153204
12.0,0.034148,,14,0.006566699410163231
15.0,0.027657,,18,0.0019550673660100274
14.0,0.034665,,14,0.0019550673660100274
15.0,0.039833,,18,0.005061487109328705
16.0,0.007008,,24,0.0
14.0,0.015418,,20,0.0
13.0,0.015418,,20,0.0
14.0,0.027002,,18,0.0
15.0,0.015418,,20,0.0
12.0,0.023828,,16,0.0
15.0,0.027002,,18,0.0
15.0,0.015418,,20,0.0
13.0,0.023828,,16,0.0
14.0,0.027002,,18,0.0
15.0,0.027002,,18,0.0
11.0,0.040648,,14,0.0
14.0,0.014671,,20,0.0019550673660100274
12.0,0.023081,,16,0.0019550673660100274
13.0,0.023081,,16,0.0019550673660100274
13.0,0.034665,,14,0.0019550673660100274
15.0,0.02583,,18,0.0026565646781431767
14.0,0.03424,,14,0.0026565646781431767
15.0,0.014671,,20,0.0019550673660100274
14.0,0.023081,,16,0.0019550673660100274
13.0,0.023081,,16,0.0019550673660100274
13.0,0.034665,,14,0.0019550673660100274
15.0,0.02583,,18,0.0026565646781431767
12.0,0.03424,,14,0.0026565646781431767
15.0,0.02583,,21,0.0026565646781431767
14.0,0.03424,,17,0.0026565646781431767
15.0,0.039178,,18,0.003106419743318678
13.0,0.054127,,15,0.0034388236397356105
16.0,0.01771,,22,0.0027304570103834956
15.0,0.025373,,18,0.004685524376393523
15.0,0.02612,,18,0.0027304570103834956
15.0,0.025373,,18,0.004685524376393522
15.0,0.036533,,16,0.005387021688526672
15.0,0.02612,,18,0.0027304570103834956
14.0,0.033783,,14,0.004685524376393523
15.0,0.037704,,16,0.0027304570103834956
15.0,0.036533,,19,0.005387021688526672
15.0,0.04988,,16,0.005836876753702173
16.0,0.018822,,25,0.0026565646781431767
14.0,0.02583,,21,0.0026565646781431767
14.0,0.026485,,21,0.004611632044153204
11.0,0.036533,,22,0.005387021688526673
15.0,0.026485,,21,0.004611632044153204
12.0,0.034148,,17,0.006566699410163231
13.0,0.036533,,22,0.005387021688526673
15.0,0.027232,,21,0.0026565646781431767
12.0,0.03424,,17,0.0026565646781431767
14.0,0.037645,,22,0.0053131293562863535
15.0,0.037645,,22,0.0053131293562863535
10.0,0.049566,,15,0.006566699410163231
16.0,0.016661,,22,0.0
14.0,0.025071,,18,0.0
14.0,0.025071,,18,0.0
11.0,0.036655,,16,0.0
15.0,0.025071,,18,0.0
12.0,0.033481,,14,0.0
13.0,0.036655,,16,0.0
15.0,0.025071,,18,0.0
12.0,0.033481,,14,0.0
14.0,0.036655,,16,0.0
15.0,0.036655,,16,0.0
10.0,0.050301,,12,0.0
14.0,0.043824,,19,0.004784540190319368
12.0,0.052234,,15,0.004784540190319368
15.0,0.007663,,24,0.0019550673660100274
14.0,0.015326,,20,0.003910134732020055
14.0,0.016073,,20,0.0019550673660100274
15.0,0.026485,,18,0.004611632044153204
14.0,0.014671,,20,0.0019550673660100274
11.0,0.023081,,16,0.0019550673660100274
15.0,0.025373,,18,0.004685524376393523
14.0,0.015326,,20,0.003910134732020055
13.0,0.022989,,16,0.005865202098030082
15.0,0.026485,,18,0.004611632044153204
15.0,0.019493,,18,0.004685524376393524
10.0,0.038407,,13,0.005865202098030082
14.0,0.016073,,20,0.0019550673660100274
13.0,0.023736,,16,0.003910134732020055
13.0,0.023081,,16,0.0019550673660100274
14.0,0.033783,,14,0.004685524376393523
15.0,0.027657,,18,0.0019550673660100274
13.0,0.034665,,14,0.0019550673660100274
14.0,0.015326,,20,0.003910134732020055
13.0,0.022989,,16,0.005865202098030082
13.0,0.023736,,16,0.003910134732020055
14.0,0.034148,,14,0.006566699410163231
15.0,0.025373,,21,0.004685524376393524
13.0,0.033783,,17,0.004685524376393524
15.0,0.026485,,18,0.004611632044153204
14.0,0.034148,,14,0.006566699410163231
13.0,0.053116,,15,0.006662536048560367
16.0,0.018822,,22,0.0026565646781431767
15.0,0.026485,,18,0.004611632044153204
14.0,0.027232,,18,0.0026565646781431767
15.0,0.026485,,18,0.004611632044153204
14.0,0.037645,,16,0.0053131293562863535
15.0,0.02583,,18,0.0026565646781431767
13.0,0.03424,,14,0.0026565646781431767
16.0,0.030653,,16,0.005387021688526673
15.0,0.036533,,19,0.005387021688526673
16.0,0.01771,,22,0.0027304570103834956
15.0,0.025373,,18,0.004685524376393522
15.0,0.02612,,18,0.0027304570103834956
14.0,0.025373,,18,0.004685524376393522
14.0,0.036533,,16,0.005387021688526672
15.0,0.02612,,18,0.0027304570103834956
13.0,0.033783,,14,0.004685524376393522
16.0,0.036533,,16,0.005387021688526673
15.0,0.037704,,16,0.0027304570103834956
12.0,0.030744,,17,0.003910134732020056
11.0,0.038407,,13,0.005865202098030082
11.0,0.039154,,13,0.003910134732020056
11.0,0.038407,,13,0.005865202098030082
11.0,0.049566,,11,0.006566699410163232
16.0,0.03217,,22,0.0031064197433186775
14.0,0.039178,,18,0.0031064197433186775
15.0,0.039833,,18,0.005061487109328706
13.0,0.04988,,19,0.005836876753702174
16.0,0.029364,,22,0.0032408596089775104
14.0,0.037774,,18,0.0032408596089775104
15.0,0.037774,,18,0.0032408596089775104
13.0,0.049358,,16,0.0032408596089775104
10.0,0.059644,,13,0.005865202098030082
16.0,0.018822,,22,0.0026565646781431767
15.0,0.026485,,18,0.004611632044153204
15.0,0.027232,,18,0.0026565646781431767
14.0,0.037645,,16,0.0053131293562863535
15.0,0.02583,,18,0.0026565646781431767
12.0,0.03424,,14,0.0026565646781431767
15.0,0.036533,,16,0.005387021688526672
15.0,0.026485,,18,0.004611632044153204
14.0,0.034148,,14,0.006566699410163231
15.0,0.037645,,16,0.0053131293562863535
16.0,0.030653,,16,0.005387021688526672
11.0,0.049566,,11,0.006566699410163232
15.0,0.047119,,19,0.0034388236397356105
13.0,0.054127,,15,0.0034388236397356105
12.0,0.061473,,13,0.0053131293562863535
11.0,0.076573,,9,0.006702925077874446
16.0,0.007663,,24,0.0019550673660100274
15.0,0.015326,,20,0.003910134732020055
15.0,0.016073,,20,0.0019550673660100274
15.0,0.015326,,20,0.003910134732020055
15.0,0.026485,,18,0.004611632044153204
13.0,0.015326,,20,0.003910134732020055
12.0,0.022989,,16,0.005865202098030082
15.0,0.014671,,20,0.0019550673660100274
13.0,0.023081,,16,0.0019550673660100274
14.0,0.025373,,18,0.004685524376393523
14.0,0.015326,,20,0.003910134732020055
13.0,0.022989,,16,0.005865202098030082
14.0,0.026485,,18,0.004611632044153204
15.0,0.025373,,18,0.004685524376393522
11.0,0.038407,,13,0.005865202098030082
14.0,0.014671,,20,0.0019550673660100274
14.0,0.023081,,16,0.0019550673660100274
12.0,0.022334,,16,0.003910134732020055
13.0,0.022334,,16,0.003910134732020055
13.0,0.033493,,14,0.004611632044153204
15.0,0.025373,,18,0.004685524376393523
14.0,0.033036,,14,0.00664059174240355
15.0,0.025373,,21,0.004685524376393524
12.0,0.033036,,17,0.00664059174240355
15.0,0.024324,,18,0.0019550673660100274
13.0,0.032734,,14,0.0019550673660100274
15.0,0.037027,,18,0.005195926974987538
13.0,0.015326,,20,0.003910134732020055
12.0,0.022989,,16,0.005865202098030082
13.0,0.023736,,16,0.003910134732020055
12.0,0.022989,,16,0.005865202098030082
12.0,0.034148,,14,0.006566699410163231
12.0,0.022989,,16,0.005865202098030082
9.0,0.030652,,12,0.00782026946404011
13.0,0.022334,,16,0.003910134732020055
11.0,0.030744,,12,0.003910134732020055
12.0,0.033036,,14,0.00664059174240355
12.0,0.022989,,16,0.005865202098030082
11.0,0.030652,,12,0.00782026946404011
12.0,0.034148,,14,0.006566699410163231
12.0,0.033036,,14,0.006640591742403551
8.0,0.04607,,9,0.00782026946404011
14.0,0.025373,,21,0.004685524376393524
13.0,0.033783,,17,0.004685524376393524
12.0,0.033036,,17,0.006640591742403551
13.0,0.033036,,17,0.006640591742403551
12.0,0.044196,,15,0.0073420890545367
15.0,0.016073,,20,0.0019550673660100274
13.0,0.023736,,16,0.003910134732020055
12.0,0.023736,,16,0.003910134732020055
14.0,0.023081,,16,0.0019550673660100274
13.0,0.033783,,14,0.004685524376393523
13.0,0.023081,,16,0.0019550673660100274
10.0,0.030744,,12,0.003910134732020055
14.0,0.033783,,14,0.004685524376393523
14.0,0.032734,,14,0.0019550673660100274
15.0,0.027657,,18,0.0019550673660100274
14.0,0.034665,,14,0.0019550673660100274
13.0,0.034665,,14,0.0019550673660100274
12.0,0.044318,,12,0.0019550673660100274
15.0,0.026485,,21,0.004611632044153204
12.0,0.034148,,17,0.006566699410163231
15.0,0.039833,,18,0.005061487109328705
14.0,0.026485,,21,0.004611632044153204
13.0,0.034148,,17,0.006566699410163231
12.0,0.034148,,17,0.006566699410163231
13.0,0.033493,,17,0.004611632044153204
12.0,0.044196,,15,0.007342089054536699
11.0,0.038407,,14,0.005865202098030082
8.0,0.04607,,10,0.00782026946404011
15.0,0.026485,,18,0.004611632044153204
14.0,0.034148,,14,0.006566699410163231
14.0,0.033493,,14,0.004611632044153204
14.0,0.044196,,12,0.007342089054536699
16.0,0.018822,,25,0.0026565646781431767
14.0,0.02583,,21,0.0026565646781431767
15.0,0.026485,,21,0.004611632044153204
13.0,0.036533,,22,0.005387021688526673
14.0,0.026485,,21,0.004611632044153204
12.0,0.034148,,17,0.006566699410163231
11.0,0.036533,,22,0.005387021688526673
15.0,0.027232,,21,0.0026565646781431767
12.0,0.03424,,17,0.0026565646781431767
15.0,0.037645,,22,0.0053131293562863535
14.0,0.037645,,22,0.0053131293562863535
10.0,0.049566,,15,0.006566699410163231
15.0,0.02583,,21,0.0026565646781431767
13.0,0.033493,,17,0.004611632044153204
14.0,0.03424,,17,0.0026565646781431767
12.0,0.044653,,18,0.0053131293562863535
14.0,0.035484,,19,0.0026565646781431767
11.0,0.043894,,15,0.0026565646781431767
15.0,0.026485,,21,0.004611632044153204
13.0,0.033493,,17,0.004611632044153204
13.0,0.034148,,17,0.006566699410163231
10.0,0.044196,,18,0.0073420890545366985
15.0,0.036533,,19,0.005387021688526673
12.0,0.044196,,15,0.0073420890545367
13.0,0.048186,,19,0.005897424287120687
16.0,0.037645,,19,0.0053131293562863535
13.0,0.044653,,15,0.0053131293562863535
16.0,0.007008,,24,0.0
14.0,0.014671,,20,0.0019550673660100274
15.0,0.015418,,20,0.0
15.0,0.014671,,20,0.0019550673660100274
15.0,0.02583,,18,0.0026565646781431767
15.0,0.014671,,20,0.0019550673660100274
13.0,0.022334,,16,0.003910134732020055
13.0,0.014016,,20,0.0
12.0,0.022426,,16,0.0
14.0,0.024718,,18,0.0027304570103834956
14.0,0.014671,,20,0.0019550673660100274
13.0,0.022334,,16,0.003910134732020055
15.0,0.02583,,18,0.0026565646781431767
14.0,0.024718,,18,0.0027304570103834956
11.0,0.037752,,13,0.003910134732020056
14.0,0.015418,,20,0.0
14.0,0.023081,,16,0.0019550673660100274
12.0,0.022426,,16,0.0
13.0,0.023081,,16,0.0019550673660100274
13.0,0.033128,,14,0.0027304570103834956
15.0,0.02583,,18,0.0026565646781431767
14.0,0.033493,,14,0.004611632044153204
15.0,0.027002,,18,0.0
12.0,0.03401,,14,0.0
15.0,0.02583,,21,0.0026565646781431767
13.0,0.033493,,17,0.004611632044153204
15.0,0.039178,,18,0.0031064197433186775
13.0,0.015418,,20,0.0
12.0,0.023081,,16,0.0019550673660100274
12.0,0.023828,,16,0.0
13.0,0.023081,,16,0.0019550673660100274
12.0,0.03424,,14,0.0026565646781431767
13.0,0.023081,,16,0.0019550673660100274
11.0,0.030744,,12,0.003910134732020055
12.0,0.022426,,16,0.0
9.0,0.030836,,12,0.0
12.0,0.033128,,14,0.0027304570103834956
12.0,0.023081,,16,0.0019550673660100274
11.0,0.030744,,12,0.003910134732020055
12.0,0.03424,,14,0.0026565646781431767
12.0,0.033128,,14,0.0027304570103834956
8.0,0.046162,,9,0.003910134732020056
14.0,0.027002,,18,0.0
13.0,0.034665,,14,0.0019550673660100274
12.0,0.03401,,14,0.0
13.0,0.034665,,14,0.0019550673660100274
12.0,0.044712,,12,0.0027304570103834956
15.0,0.015418,,20,0.0
13.0,0.023081,,16,0.0019550673660100274
14.0,0.023081,,16,0.0019550673660100274
12.0,0.022426,,16,0.0
13.0,0.033128,,14,0.0027304570103834956
13.0,0.023828,,16,0.0
11.0,0.030836,,12,0.0
14.0,0.03424,,14,0.0026565646781431767
14.0,0.03424,,17,0.0026565646781431767
15.0,0.027002,,18,0.0
12.0,0.03401,,14,0.0
15.0,0.02583,,21,0.0026565646781431767
14.0,0.03424,,17,0.0026565646781431767
13.0,0.033493,,17,0.004611632044153204
12.0,0.044653,,18,0.0053131293562863535
15.0,0.039178,,18,0.003106419743318678
14.0,0.027002,,18,0.0
13.0,0.034665,,14,0.0019550673660100274
13.0,0.034665,,14,0.0019550673660100274
12.0,0.03401,,14,0.0
12.0,0.044712,,12,0.0027304570103834956
11.0,0.040648,,14,0.0
8.0,0.047656,,10,0.0
13.0,0.054127,,15,0.0034388236397356075
15.0,0.02583,,18,0.0026565646781431767
14.0,0.033493,,14,0.004611632044153204
14.0,0.03424,,14,0.0026565646781431767
13.0,0.044653,,10,0.0053131293562863535
13.0,0.054127,,15,0.0034388236397356105
9.0,0.068481,,8,0.0053131293562863535
16.0,0.016661,,22,0.0
14.0,0.025071,,18,0.0
15.0,0.025071,,18,0.0
13.0,0.036655,,16,0.0
14.0,0.025071,,18,0.0
12.0,0.033481,,14,0.0
11.0,0.036655,,16,0.0
15.0,0.025071,,18,0.0
12.0,0.033481,,14,0.0
15.0,0.036655,,16,0.0
14.0,0.036655,,16,0.0
10.0,0.050301,,12,0.0
15.0,0.024324,,18,0.0019550673660100274
13.0,0.032734,,14,0.0019550673660100274
14.0,0.032734,,14,0.0019550673660100274
12.0,0.044318,,12,0.0019550673660100274
14.0,0.035484,,19,0.0026565646781431767
11.0,0.043894,,15,0.0026565646781431767
15.0,0.024324,,18,0.0019550673660100274
13.0,0.032734,,14,0.0019550673660100274
13.0,0.032734,,14,0.0019550673660100274
10.0,0.044318,,10,0.0019550673660100274
15.0,0.035484,,16,0.0026565646781431767
12.0,0.043894,,12,0.0026565646781431767
13.0,0.048831,,16,0.0031064197433186775
16.0,0.035484,,16,0.0026565646781431767
13.0,0.043894,,12,0.0026565646781431767
11.0,0.06378,,13,0.0034388236397356105
16.0,0.01771,,22,0.0027304570103834956
15.0,0.025373,,18,0.004685524376393523
15.0,0.02612,,18,0.0027304570103834956
15.0,0.025373,,18,0.004685524376393523
15.0,0.036533,,16,0.005387021688526672
14.0,0.025373,,18,0.004685524376393523
12.0,0.033036,,14,0.0066405917424035505
14.0,0.024718,,18,0.0027304570103834956
12.0,0.033128,,14,0.0027304570103834956
12.0,0.03542,,16,0.005460914020766991
15.0,0.025373,,18,0.004685524376393523
14.0,0.033036,,14,0.0066405917424035505
14.0,0.036533,,16,0.005387021688526673
14.0,0.03542,,16,0.005460914020766991
11.0,0.048454,,11,0.006640591742403551
15.0,0.02612,,18,0.0027304570103834956
14.0,0.033783,,14,0.004685524376393523
13.0,0.033783,,14,0.004685524376393523
13.0,0.033128,,14,0.0027304570103834956
11.0,0.04383,,10,0.005460914020766991
15.0,0.037704,,16,0.0027304570103834956
12.0,0.044712,,12,0.0027304570103834956
15.0,0.036533,,19,0.005387021688526672
12.0,0.044196,,15,0.0073420890545366985
15.0,0.04988,,16,0.005836876753702174
16.0,0.036533,,16,0.005387021688526672
15.0,0.044196,,12,0.007342089054536699
14.0,0.043824,,19,0.004784540190319368
13.0,0.051487,,15,0.006739607556329396
12.0,0.052234,,15,0.004784540190319368
13.0,0.062647,,13,0.007441104868462545
15.0,0.007008,,24,0.0
14.0,0.015418,,20,0.0
15.0,0.015418,,20,0.0
15.0,0.027002,,18,0.0
15.0,0.015418,,20,0.0
12.0,0.023828,,16,0.0
15.0,0.027002,,18,0.0
12.0,0.015418,,20,0.0
11.0,0.023828,,16,0.0
14.0,0.027002,,18,0.0
14.0,0.027002,,18,0.0
11.0,0.040648,,14,0.0
14.0,0.014671,,20,0.0019550673660100274
13.0,0.023081,,16,0.0019550673660100274
11.0,0.023081,,16,0.0019550673660100274
13.0,0.034665,,14,0.0019550673660100274
15.0,0.02583,,18,0.0026565646781431767
12.0,0.03424,,14,0.0026565646781431767
15.0,0.014671,,20,0.0019550673660100274
13.0,0.023081,,16,0.0019550673660100274
14.0,0.023081,,16,0.0019550673660100274
14.0,0.034665,,14,0.0019550673660100274
15.0,0.02583,,18,0.0026565646781431767
13.0,0.03424,,14,0.0026565646781431767
14.0,0.02583,,21,0.0026565646781431767
12.0,0.03424,,17,0.0026565646781431767
14.0,0.039178,,18,0.003106419743318678
13.0,0.054127,,15,0.0034388236397356075
14.0,0.014016,,20,0.0
11.0,0.022426,,16,0.0
13.0,0.022426,,16,0.0
12.0,0.03401,,14,0.0
13.0,0.022426,,16,0.0
11.0,0.030836,,12,0.0
12.0,0.03401,,14,0.0
11.0,0.022426,,16,0.0
8.0,0.030836,,12,0.0
12.0,0.03401,,14,0.0
12.0,0.03401,,14,0.0
8.0,0.047656,,10,0.0
15.0,0.024718,,18,0.0027304570103834956
14.0,0.033128,,14,0.0027304570103834956
12.0,0.033128,,14,0.0027304570103834956
13.0,0.044712,,12,0.0027304570103834956
14.0,0.014671,,20,0.0019550673660100274
13.0,0.022334,,16,0.003910134732020055
13.0,0.023081,,16,0.0019550673660100274
13.0,0.022334,,16,0.003910134732020055
14.0,0.033493,,14,0.004611632044153204
11.0,0.023081,,16,0.0019550673660100274
10.0,0.030744,,12,0.003910134732020055
13.0,0.034665,,14,0.0019550673660100274
13.0,0.033493,,17,0.004611632044153204
13.0,0.046841,,14,0.005061487109328705
15.0,0.02583,,18,0.0026565646781431767
14.0,0.033493,,14,0.004611632044153204
12.0,0.03424,,14,0.0026565646781431767
13.0,0.044653,,15,0.0053131293562863535
15.0,0.018838,,18,0.0027304570103834956
14.0,0.027248,,14,0.0027304570103834956
12.0,0.027248,,14,0.0027304570103834956
13.0,0.038832,,12,0.0027304570103834956
10.0,0.037752,,13,0.003910134732020056
7.0,0.046162,,9,0.003910134732020056
15.0,0.024718,,21,0.0027304570103834956
12.0,0.033128,,17,0.0027304570103834956
14.0,0.033128,,17,0.0027304570103834956
11.0,0.044712,,15,0.0027304570103834956
12.0,0.052461,,15,0.004707468682550341
15.0,0.014671,,20,0.0019550673660100274
13.0,0.022334,,16,0.003910134732020055
14.0,0.023081,,16,0.0019550673660100274
12.0,0.022334,,16,0.003910134732020055
13.0,0.033493,,14,0.004611632044153204
13.0,0.023081,,16,0.0019550673660100274
10.0,0.030744,,12,0.003910134732020055
14.0,0.033493,,14,0.004611632044153204
14.0,0.034665,,14,0.0019550673660100274
15.0,0.024718,,21,0.0027304570103834956
12.0,0.033128,,17,0.0027304570103834956
14.0,0.033128,,17,0.0027304570103834956
11.0,0.044712,,15,0.0027304570103834956
15.0,0.02583,,18,0.0026565646781431767
14.0,0.033493,,14,0.004611632044153204
13.0,0.03424,,14,0.0026565646781431767
13.0,0.033493,,14,0.004611632044153204
11.0,0.044653,,10,0.0053131293562863535
12.0,0.052461,,15,0.004707468682550341
14.0,0.02583,,21,0.0026565646781431767
13.0,0.033493,,17,0.004611632044153204
12.0,0.03424,,17,0.0026565646781431767
13.0,0.044653,,15,0.0053131293562863535
11.0,0.037752,,14,0.003910134732020055
7.0,0.046162,,10,0.003910134732020055
14.0,0.039178,,18,0.003106419743318678
13.0,0.046841,,14,0.005061487109328705
13.0,0.054127,,15,0.0034388236397356105
8.0,0.068481,,8,0.0053131293562863535
16.0,0.01771,,25,0.0027304570103834956
15.0,0.024718,,21,0.0027304570103834956
14.0,0.025373,,21,0.004685524376393523
14.0,0.03542,,22,0.005460914020766991
15.0,0.025373,,21,0.004685524376393523
12.0,0.033036,,17,0.0066405917424035505
15.0,0.03542,,22,0.005460914020766991
14.0,0.02612,,21,0.0027304570103834956
12.0,0.033128,,17,0.0027304570103834956
11.0,0.036533,,22,0.005387021688526672
13.0,0.036533,,22,0.005387021688526672
10.0,0.048454,,15,0.0066405917424035505
15.0,0.025373,,21,0.004685524376393523
13.0,0.033036,,17,0.0066405917424035505
13.0,0.033783,,17,0.004685524376393523
10.0,0.044196,,18,0.007342089054536699
16.0,0.02954,,19,0.005460914020766991
13.0,0.03795,,15,0.005460914020766991
15.0,0.02612,,21,0.0027304570103834956
14.0,0.033128,,17,0.0027304570103834956
13.0,0.033783,,17,0.004685524376393523
12.0,0.04383,,18,0.005460914020766991
15.0,0.036533,,19,0.005387021688526672
12.0,0.044196,,15,0.007342089054536699
14.0,0.037704,,19,0.0027304570103834956
11.0,0.044712,,15,0.0027304570103834956
13.0,0.04988,,19,0.005836876753702174
16.0,0.016661,,22,0.0
15.0,0.025071,,18,0.0
14.0,0.025071,,18,0.0
14.0,0.036655,,16,0.0
15.0,0.025071,,18,0.0
12.0,0.033481,,14,0.0
15.0,0.036655,,16,0.0
14.0,0.025071,,18,0.0
12.0,0.033481,,14,0.0
11.0,0.036655,,16,0.0
13.0,0.036655,,16,0.0
10.0,0.050301,,12,0.0
15.0,0.024324,,18,0.0019550673660100274
13.0,0.032734,,14,0.0019550673660100274
13.0,0.032734,,14,0.0019550673660100274
10.0,0.044318,,12,0.0019550673660100274
16.0,0.035484,,16,0.0026565646781431767
13.0,0.043894,,12,0.0026565646781431767
15.0,0.024324,,18,0.0019550673660100274
14.0,0.032734,,14,0.0019550673660100274
13.0,0.032734,,14,0.0019550673660100274
12.0,0.044318,,12,0.0019550673660100274
15.0,0.035484,,16,0.0026565646781431767
12.0,0.043894,,12,0.0026565646781431767
14.0,0.035484,,19,0.0026565646781431767
11.0,0.043894,,15,0.0026565646781431767
13.0,0.048831,,16,0.003106419743318678
11.0,0.06378,,13,0.0034388236397356105
16.0,0.029364,,22,0.0032408596089775104
15.0,0.037027,,18,0.005195926974987538
15.0,0.037774,,18,0.0032408596089775104
15.0,0.037027,,18,0.005195926974987538
15.0,0.048186,,16,0.005897424287120687
14.0,0.037774,,18,0.0032408596089775104
13.0,0.045437,,14,0.005195926974987538
13.0,0.049358,,16,0.0032408596089775104
13.0,0.048186,,19,0.005897424287120687
12.0,0.061534,,16,0.006347279352296188
16.0,0.01771,,25,0.0027304570103834956
15.0,0.024718,,21,0.0027304570103834956
15.0,0.025373,,21,0.004685524376393523
15.0,0.03542,,22,0.005460914020766991
14.0,0.025373,,21,0.004685524376393523
12.0,0.033036,,17,0.0066405917424035505
14.0,0.03542,,22,0.005460914020766991
14.0,0.02612,,21,0.0027304570103834956
12.0,0.033128,,17,0.0027304570103834956
13.0,0.036533,,22,0.005387021688526672
11.0,0.036533,,22,0.005387021688526672
10.0,0.048454,,15,0.0066405917424035505
15.0,0.025373,,21,0.004685524376393523
13.0,0.033036,,17,0.0066405917424035505
13.0,0.033783,,17,0.004685524376393523
10.0,0.044196,,18,0.007342089054536699
16.0,0.03542,,19,0.005460914020766991
13.0,0.04383,,15,0.005460914020766991
15.0,0.02612,,21,0.0027304570103834956
14.0,0.033128,,17,0.0027304570103834956
13.0,0.033783,,17,0.004685524376393523
12.0,0.04383,,18,0.005460914020766991
15.0,0.036533,,19,0.005387021688526672
12.0,0.044196,,15,0.007342089054536699
14.0,0.037704,,19,0.0027304570103834956
11.0,0.044712,,15,0.0027304570103834956
13.0,0.04988,,19,0.005836876753702174
12.0,0.030744,,17,0.003910134732020056
11.0,0.037752,,13,0.003910134732020056
11.0,0.038407,,13,0.005865202098030083
10.0,0.048454,,14,0.006640591742403551
11.0,0.038407,,13,0.005865202098030083
8.0,0.04607,,9,0.007820269464040111
10.0,0.048454,,14,0.006640591742403551
11.0,0.039154,,13,0.003910134732020056
7.0,0.046162,,9,0.003910134732020056
10.0,0.049566,,14,0.006566699410163232
10.0,0.049566,,14,0.006566699410163232
5.0,0.061488,,7,0.007820269464040111
16.0,0.016661,,22,0.0
15.0,0.025071,,18,0.0
15.0,0.025071,,18,0.0
15.0,0.036655,,16,0.0
14.0,0.025071,,18,0.0
12.0,0.033481,,14,0.0
14.0,0.036655,,16,0.0
14.0,0.025071,,18,0.0
12.0,0.033481,,14,0.0
13.0,0.036655,,16,0.0
11.0,0.036655,,16,0.0
10.0,0.050301,,12,0.0
15.0,0.024324,,18,0.0019550673660100274
13.0,0.032734,,14,0.0019550673660100274
13.0,0.032734,,14,0.0019550673660100274
10.0,0.044318,,12,0.0019550673660100274
16.0,0.035484,,16,0.0026565646781431767
13.0,0.043894,,12,0.0026565646781431767
15.0,0.024324,,18,0.0019550673660100274
14.0,0.032734,,14,0.0019550673660100274
13.0,0.032734,,14,0.0019550673660100274
12.0,0.044318,,12,0.0019550673660100274
15.0,0.035484,,16,0.0026565646781431767
12.0,0.043894,,12,0.0026565646781431767
14.0,0.035484,,19,0.0026565646781431767
11.0,0.043894,,15,0.0026565646781431767
13.0,0.048831,,16,0.003106419743318678
11.0,0.06378,,13,0.0034388236397356075
12.0,0.028032,,18,0.0
11.0,0.036442,,14,0.0
11.0,0.036442,,14,0.0
10.0,0.048026,,12,0.0
11.0,0.036442,,14,0.0
8.0,0.044852,,10,0.0
10.0,0.048026,,12,0.0
11.0,0.036442,,14,0.0
8.0,0.044852,,10,0.0
10.0,0.048026,,12,0.0
10.0,0.048026,,12,0.0
5.0,0.061672,,8,0.0
15.0,0.042233,,19,0.003623057731506553
13.0,0.050643,,15,0.003623057731506553
13.0,0.050643,,15,0.003623057731506553
11.0,0.062227,,13,0.003623057731506553
16.0,0.029364,,22,0.0032408596089775104
15.0,0.037027,,18,0.005195926974987538
15.0,0.037774,,18,0.0032408596089775104
15.0,0.037027,,18,0.005195926974987538
15.0,0.048186,,16,0.005897424287120687
14.0,0.037774,,18,0.0032408596089775104
13.0,0.045437,,14,0.005195926974987538
13.0,0.049358,,16,0.0032408596089775104
13.0,0.048186,,19,0.005897424287120687
12.0,0.061534,,16,0.006347279352296189
15.0,0.042233,,19,0.0036230577315065522
13.0,0.050643,,15,0.0036230577315065522
13.0,0.050643,,15,0.0036230577315065522
11.0,0.062227,,13,0.0036230577315065522
11.0,0.057846,,13,0.00546091402076699
8.0,0.066256,,8,0.00546091402076699
16.0,0.01771,,22,0.0027304570103834956
15.0,0.025373,,18,0.004685524376393523
15.0,0.02612,,18,0.0027304570103834956
15.0,0.036533,,16,0.005387021688526672
15.0,0.024718,,18,0.0027304570103834956
12.0,0.033128,,14,0.0027304570103834956
14.0,0.03542,,16,0.005460914020766991
15.0,0.025373,,18,0.004685524376393523
14.0,0.033036,,14,0.0066405917424035505
16.0,0.036533,,16,0.005387021688526672
15.0,0.02954,,16,0.005460914020766991
11.0,0.048454,,11,0.0066405917424035505
15.0,0.02612,,18,0.0027304570103834956
14.0,0.033783,,14,0.004685524376393523
14.0,0.033128,,14,0.0027304570103834956
13.0,0.04383,,10,0.005460914020766991
16.0,0.037704,,16,0.0027304570103834956
13.0,0.044712,,12,0.0027304570103834956
15.0,0.025373,,18,0.004685524376393523
14.0,0.033036,,14,0.0066405917424035505
14.0,0.033783,,14,0.004685524376393523
14.0,0.044196,,12,0.007342089054536699
16.0,0.03542,,19,0.005460914020766991
13.0,0.04383,,15,0.005460914020766991
16.0,0.036533,,16,0.005387021688526672
15.0,0.044196,,12,0.007342089054536699
13.0,0.063164,,13,0.007437925692933836
15.0,0.042233,,19,0.003623057731506553
13.0,0.050643,,15,0.003623057731506553
13.0,0.050643,,15,0.003623057731506553
11.0,0.062227,,13,0.003623057731506553
12.0,0.057846,,13,0.005460914020766991
9.0,0.066256,,8,0.005460914020766991
11.0,0.074604,,9,0.006780847539792292
15.0,0.007663,,24,0.0019550673660100274
14.0,0.015326,,20,0.003910134732020055
14.0,0.016073,,20,0.0019550673660100274
14.0,0.015326,,20,0.003910134732020055
15.0,0.026485,,18,0.004611632044153204
14.0,0.015326,,20,0.003910134732020055
12.0,0.022989,,16,0.005865202098030082
14.0,0.014671,,20,0.0019550673660100274
12.0,0.023081,,16,0.0019550673660100274
15.0,0.025373,,18,0.004685524376393523
13.0,0.015326,,20,0.003910134732020055
12.0,0.022989,,16,0.005865202098030082
14.0,0.026485,,18,0.004611632044153204
14.0,0.025373,,18,0.004685524376393524
11.0,0.038407,,13,0.005865202098030082
14.0,0.016073,,20,0.0019550673660100274
13.0,0.023736,,16,0.003910134732020055
13.0,0.023081,,16,0.0019550673660100274
12.0,0.023736,,16,0.003910134732020055
13.0,0.033783,,14,0.004685524376393524
15.0,0.026485,,18,0.004611632044153204
14.0,0.034148,,14,0.006566699410163231
15.0,0.027657,,18,0.0019550673660100274
13.0,0.034665,,14,0.0019550673660100274
15.0,0.026485,,21,0.004611632044153204
13.0,0.034148,,17,0.006566699410163231
14.0,0.039833,,18,0.005061487109328707
14.0,0.014671,,20,0.0019550673660100274
13.0,0.023081,,16,0.0019550673660100274
13.0,0.022334,,16,0.003910134732020055
12.0,0.022334,,16,0.003910134732020055
13.0,0.033493,,14,0.004611632044153204
11.0,0.023081,,16,0.0019550673660100274
10.0,0.030744,,12,0.003910134732020055
13.0,0.034665,,14,0.0019550673660100274
13.0,0.033493,,17,0.004611632044153204
12.0,0.046841,,14,0.005061487109328707
15.0,0.025373,,18,0.004685524376393523
14.0,0.033036,,14,0.006640591742403551
14.0,0.015326,,20,0.003910134732020055
13.0,0.022989,,16,0.005865202098030082
13.0,0.023736,,16,0.003910134732020055
13.0,0.022989,,16,0.005865202098030082
14.0,0.034148,,14,0.006566699410163231
13.0,0.022989,,16,0.005865202098030082
11.0,0.030652,,12,0.00782026946404011
13.0,0.022334,,16,0.003910134732020055
11.0,0.030744,,12,0.003910134732020055
14.0,0.033036,,14,0.00664059174240355
12.0,0.022989,,16,0.005865202098030082
11.0,0.030652,,12,0.00782026946404011
12.0,0.034148,,14,0.006566699410163231
12.0,0.033036,,14,0.006640591742403551
10.0,0.04607,,9,0.00782026946404011
15.0,0.026485,,18,0.004611632044153204
14.0,0.034148,,14,0.006566699410163231
14.0,0.033493,,14,0.004611632044153204
14.0,0.034148,,14,0.006566699410163231
14.0,0.044196,,12,0.0073420890545367
15.0,0.019493,,18,0.004685524376393524
14.0,0.027903,,14,0.004685524376393524
14.0,0.027156,,14,0.006640591742403551
14.0,0.027156,,14,0.006640591742403551
14.0,0.038316,,12,0.0073420890545367
10.0,0.038407,,13,0.005865202098030082
9.0,0.04607,,9,0.00782026946404011
15.0,0.025373,,21,0.004685524376393524
13.0,0.033783,,17,0.004685524376393524
13.0,0.033036,,17,0.006640591742403551
10.0,0.044196,,18,0.0073420890545366985
13.0,0.053116,,15,0.0066625360485603686
15.0,0.024324,,18,0.0019550673660100274
13.0,0.032734,,14,0.0019550673660100274
13.0,0.032734,,14,0.0019550673660100274
10.0,0.044318,,8,0.0019550673660100274
13.0,0.051487,,15,0.006739607556329396
14.0,0.037027,,18,0.005195926974987538
12.0,0.045437,,14,0.005195926974987538
9.0,0.067307,,7,0.00782026946404011
16.0,0.018822,,22,0.0026565646781431767
15.0,0.026485,,18,0.004611632044153204
14.0,0.027232,,18,0.0026565646781431767
15.0,0.026485,,18,0.004611632044153204
14.0,0.037645,,16,0.0053131293562863535
14.0,0.026485,,18,0.004611632044153204
12.0,0.034148,,14,0.006566699410163231
15.0,0.02583,,18,0.0026565646781431767
12.0,0.03424,,14,0.0026565646781431767
14.0,0.036533,,16,0.005387021688526672
14.0,0.026485,,18,0.004611632044153204
12.0,0.034148,,14,0.006566699410163231
11.0,0.037645,,16,0.0053131293562863535
14.0,0.036533,,16,0.005387021688526672
10.0,0.049566,,11,0.006566699410163232
15.0,0.02583,,18,0.0026565646781431767
13.0,0.03424,,14,0.0026565646781431767
13.0,0.033493,,14,0.004611632044153204
13.0,0.033493,,14,0.004611632044153204
10.0,0.044653,,10,0.0053131293562863535
16.0,0.036533,,16,0.005387021688526672
14.0,0.044196,,12,0.007342089054536699
15.0,0.036533,,19,0.005387021688526672
12.0,0.044196,,15,0.007342089054536699
15.0,0.035484,,16,0.0026565646781431767
12.0,0.043894,,12,0.0026565646781431767
14.0,0.048186,,16,0.005897424287120687
16.0,0.03217,,22,0.0031064197433186775
15.0,0.039833,,18,0.005061487109328705
15.0,0.039178,,18,0.0031064197433186775
14.0,0.039833,,18,0.005061487109328706
14.0,0.04988,,16,0.005836876753702174
14.0,0.039178,,18,0.0031064197433186775
12.0,0.046841,,14,0.005061487109328706
13.0,0.04988,,19,0.005836876753702174
13.0,0.048831,,16,0.0031064197433186775
10.0,0.061534,,16,0.006347279352296189
16.0,0.01771,,22,0.0027304570103834956
15.0,0.025373,,18,0.004685524376393523
15.0,0.02612,,18,0.0027304570103834956
14.0,0.025373,,18,0.004685524376393523
14.0,0.036533,,16,0.005387021688526672
15.0,0.025373,,18,0.004685524376393523
12.0,0.033036,,14,0.00664059174240355
14.0,0.024718,,18,0.0027304570103834956
12.0,0.033128,,14,0.0027304570103834956
14.0,0.03542,,16,0.005460914020766991
14.0,0.025373,,18,0.004685524376393522
12.0,0.033036,,14,0.00664059174240355
14.0,0.036533,,16,0.005387021688526673
11.0,0.03542,,16,0.005460914020766991
10.0,0.048454,,11,0.006640591742403551
15.0,0.02612,,18,0.0027304570103834956
13.0,0.033783,,14,0.004685524376393523
13.0,0.033128,,14,0.0027304570103834956
13.0,0.033783,,14,0.004685524376393522
10.0,0.04383,,10,0.005460914020766991
16.0,0.036533,,16,0.005387021688526672
14.0,0.044196,,12,0.0073420890545366985
15.0,0.037704,,16,0.0027304570103834956
12.0,0.044712,,12,0.0027304570103834956
15.0,0.036533,,19,0.005387021688526672
12.0,0.044196,,15,0.007342089054536699
14.0,0.04988,,16,0.005836876753702175
16.0,0.029364,,22,0.0032408596089775104
15.0,0.037774,,18,0.0032408596089775104
15.0,0.037027,,18,0.005195926974987538
14.0,0.037027,,18,0.005195926974987538
14.0,0.048186,,16,0.005897424287120687
14.0,0.037774,,18,0.0032408596089775104
12.0,0.045437,,14,0.005195926974987538
13.0,0.049358,,16,0.0032408596089775104
13.0,0.048186,,19,0.005897424287120687
10.0,0.061534,,16,0.006347279352296189
12.0,0.030744,,17,0.003910134732020056
11.0,0.038407,,13,0.005865202098030083
11.0,0.039154,,13,0.003910134732020056
11.0,0.038407,,13,0.005865202098030083
11.0,0.049566,,11,0.006566699410163232
11.0,0.038407,,13,0.005865202098030082
8.0,0.04607,,9,0.00782026946404011
11.0,0.037752,,13,0.003910134732020056
8.0,0.046162,,9,0.003910134732020056
11.0,0.048454,,11,0.006640591742403551
11.0,0.038407,,13,0.005865202098030082
10.0,0.04607,,9,0.00782026946404011
10.0,0.049566,,11,0.006566699410163232
10.0,0.048454,,11,0.006640591742403551
7.0,0.061488,,6,0.007820269464040111
10.0,0.059644,,13,0.005865202098030082
9.0,0.067307,,8,0.00782026946404011
16.0,0.018822,,22,0.0026565646781431767
15.0,0.026485,,18,0.004611632044153204
15.0,0.027232,,18,0.0026565646781431767
15.0,0.037645,,16,0.0053131293562863535
15.0,0.02583,,18,0.0026565646781431767
12.0,0.03424,,14,0.0026565646781431767
16.0,0.036533,,16,0.005387021688526672
15.0,0.026485,,18,0.004611632044153204
14.0,0.034148,,14,0.006566699410163231
14.0,0.037645,,16,0.0053131293562863535
15.0,0.030653,,16,0.005387021688526672
11.0,0.049566,,11,0.006566699410163232
15.0,0.026485,,18,0.004611632044153204
14.0,0.033493,,14,0.004611632044153204
14.0,0.034148,,14,0.006566699410163231
14.0,0.038316,,12,0.007342089054536699
15.0,0.02583,,18,0.0026565646781431767
14.0,0.03424,,14,0.0026565646781431767
14.0,0.033493,,14,0.004611632044153204
13.0,0.044653,,10,0.0053131293562863535
16.0,0.036533,,16,0.005387021688526672
15.0,0.044196,,12,0.007342089054536699
16.0,0.037645,,19,0.0053131293562863535
13.0,0.044653,,15,0.0053131293562863535
16.0,0.035484,,16,0.0026565646781431767
13.0,0.043894,,12,0.0026565646781431767
13.0,0.062647,,13,0.007441104868462545
15.0,0.047119,,19,0.0034388236397356105
13.0,0.054127,,15,0.0034388236397356105
13.0,0.054127,,15,0.0034388236397356105
11.0,0.06378,,13,0.0034388236397356105
12.0,0.061473,,13,0.0053131293562863535
9.0,0.068481,,8,0.0053131293562863535
11.0,0.076573,,9,0.006702925077874446
16.0,0.01771,,22,0.0027304570103834956
15.0,0.025373,,18,0.004685524376393523
15.0,0.02612,,18,0.0027304570103834956
16.0,0.036533,,16,0.005387021688526672
15.0,0.024718,,18,0.0027304570103834956
12.0,0.033128,,14,0.0027304570103834956
15.0,0.03542,,16,0.005460914020766991
15.0,0.025373,,18,0.004685524376393523
14.0,0.033036,,14,0.0066405917424035505
15.0,0.036533,,16,0.005387021688526672
14.0,0.02954,,16,0.005460914020766991
11.0,0.048454,,11,0.0066405917424035505
15.0,0.02612,,18,0.0027304570103834956
14.0,0.033128,,14,0.0027304570103834956
14.0,0.033783,,14,0.004685524376393523
13.0,0.03795,,10,0.005460914020766991
15.0,0.025373,,18,0.004685524376393523
14.0,0.033783,,14,0.004685524376393523
14.0,0.033036,,14,0.0066405917424035505
14.0,0.044196,,12,0.007342089054536699
16.0,0.036533,,16,0.005387021688526672
15.0,0.044196,,12,0.007342089054536699
16.0,0.037704,,16,0.0027304570103834956
13.0,0.044712,,12,0.0027304570103834956
16.0,0.03542,,19,0.005460914020766991
13.0,0.04383,,15,0.005460914020766991
13.0,0.063164,,13,0.007437925692933836
15.0,0.042233,,19,0.0036230577315065535
13.0,0.050643,,15,0.0036230577315065535
13.0,0.050643,,15,0.0036230577315065535
11.0,0.062227,,13,0.0036230577315065535
12.0,0.057846,,13,0.005460914020766991
9.0,0.066256,,8,0.005460914020766991
11.0,0.074604,,9,0.006780847539792292
11.0,0.030744,,17,0.003910134732020056
10.0,0.038407,,13,0.005865202098030083
10.0,0.039154,,13,0.003910134732020056
11.0,0.049566,,11,0.006566699410163232
10.0,0.037752,,13,0.003910134732020056
7.0,0.046162,,9,0.003910134732020056
11.0,0.048454,,11,0.006640591742403551
10.0,0.038407,,13,0.005865202098030083
9.0,0.04607,,9,0.007820269464040111
11.0,0.049566,,11,0.006566699410163232
11.0,0.042574,,11,0.006640591742403551
6.0,0.061488,,6,0.007820269464040111
14.0,0.045453,,19,0.004707468682550343
12.0,0.052461,,15,0.004707468682550343
12.0,0.053116,,15,0.00666253604856037
12.0,0.057283,,13,0.0074379256929338385
14.0,0.043824,,19,0.004784540190319368
12.0,0.052234,,15,0.004784540190319368
12.0,0.051487,,15,0.006739607556329396
12.0,0.062647,,13,0.0074411048684625445
10.0,0.059644,,13,0.005865202098030082
9.0,0.067307,,9,0.00782026946404011
14.0,0.045453,,19,0.004707468682550343
12.0,0.053116,,15,0.00666253604856037
12.0,0.052461,,15,0.004707468682550343
12.0,0.063164,,13,0.0074379256929338385
10.0,0.061473,,13,0.005313129356286354
7.0,0.068481,,8,0.005313129356286354
11.0,0.076573,,9,0.006702925077874446
14.0,0.043824,,19,0.004784540190319368
12.0,0.051487,,15,0.006739607556329396
12.0,0.052234,,15,0.004784540190319368
12.0,0.062647,,13,0.0074411048684625445
10.0,0.057846,,13,0.005460914020766991
7.0,0.066256,,8,0.005460914020766991
11.0,0.074604,,9,0.006780847539792292
10.0,0.059644,,13,0.005865202098030082
9.0,0.067307,,9,0.00782026946404011
11.0,0.076573,,9,0.006702925077874446
11.0,0.074604,,9,0.006780847539792292
4.0,0.092324,,5,0.00782026946404011
16.0,0.070461,,22,0.019593557799669634
13.0,0.077469,,18,0.019593557799669634
15.0,0.077469,,18,0.019593557799669634
14.0,0.087122,,16,0.019593557799669634
15.0,0.077469,,18,0.019593557799669634
12.0,0.084477,,14,0.019593557799669634
14.0,0.087122,,16,0.019593557799669634
15.0,0.077469,,18,0.019593557799669634
12.0,0.084477,,14,0.019593557799669634
15.0,0.087122,,16,0.019593557799669634
15.0,0.087122,,16,0.019593557799669634
11.0,0.098493,,12,0.019593557799669634
16.0,0.078124,,18,0.02154862516567966
14.0,0.085132,,14,0.02154862516567966
15.0,0.085132,,14,0.02154862516567966
14.0,0.094785,,12,0.02154862516567966
15.0,0.088171,,19,0.02232401481005313
13.0,0.095179,,15,0.02232401481005313
15.0,0.078124,,18,0.02154862516567966
12.0,0.085132,,14,0.02154862516567966
14.0,0.085132,,14,0.02154862516567966
13.0,0.094785,,12,0.02154862516567966
15.0,0.088171,,16,0.02232401481005313
13.0,0.095179,,12,0.02232401481005313
14.0,0.099825,,16,0.022834417408647143
16.0,0.088171,,16,0.02232401481005313
13.0,0.095179,,12,0.02232401481005313
13.0,0.112694,,13,0.023216615531176182
16.0,0.078124,,18,0.02154862516567966
13.0,0.085787,,14,0.02350369253168969
14.0,0.085132,,14,0.02154862516567966
14.0,0.085787,,14,0.023503692531689685
14.0,0.095834,,12,0.02427908217606315
15.0,0.085132,,14,0.02154862516567966
12.0,0.092795,,10,0.02350369253168969
14.0,0.094785,,12,0.02154862516567966
15.0,0.095834,,12,0.024279082176063158
15.0,0.088171,,19,0.02232401481005313
14.0,0.095834,,15,0.02427908217606315
13.0,0.095179,,15,0.02232401481005313
13.0,0.105881,,13,0.025054471820436623
15.0,0.078871,,18,0.019593557799669634
12.0,0.085879,,14,0.019593557799669634
14.0,0.085879,,14,0.019593557799669634
12.0,0.095532,,12,0.019593557799669634
14.0,0.085879,,14,0.019593557799669634
11.0,0.092887,,10,0.019593557799669634
12.0,0.095532,,12,0.019593557799669634
12.0,0.085879,,14,0.019593557799669634
9.0,0.092887,,10,0.019593557799669634
13.0,0.095532,,12,0.019593557799669634
13.0,0.095532,,12,0.019593557799669634
8.0,0.106903,,8,0.019593557799669634
16.0,0.089283,,19,0.02225012247781281
14.0,0.096291,,15,0.02225012247781281
14.0,0.096291,,15,0.02225012247781281
11.0,0.105944,,13,0.02225012247781281
16.0,0.089283,,19,0.022250122477812807
14.0,0.096291,,15,0.022250122477812807
14.0,0.096291,,15,0.022250122477812807
11.0,0.105944,,13,0.022250122477812807
12.0,0.101205,,12,0.02350369253168969
9.0,0.108213,,8,0.02350369253168969
16.0,0.089283,,16,0.022250122477812807
13.0,0.096291,,12,0.022250122477812807
15.0,0.096291,,12,0.022250122477812807
13.0,0.105944,,10,0.022250122477812807
15.0,0.078124,,18,0.02154862516567966
14.0,0.085787,,14,0.023503692531689685
14.0,0.085132,,14,0.02154862516567966
13.0,0.085787,,14,0.023503692531689685
14.0,0.095834,,12,0.02427908217606315
12.0,0.085132,,14,0.02154862516567966
11.0,0.092795,,10,0.023503692531689685
14.0,0.095834,,15,0.02427908217606315
13.0,0.094785,,12,0.02154862516567966
12.0,0.107488,,12,0.024789484774657172
15.0,0.088171,,16,0.02232401481005313
14.0,0.095834,,12,0.024279082176063158
13.0,0.095179,,12,0.02232401481005313
14.0,0.095834,,12,0.024279082176063158
10.0,0.105881,,10,0.025054471820436623
14.0,0.099825,,16,0.022834417408647143
12.0,0.107488,,12,0.024789484774657172
16.0,0.089283,,16,0.022250122477812807
13.0,0.096291,,12,0.022250122477812807
15.0,0.096291,,12,0.022250122477812807
13.0,0.105944,,10,0.022250122477812807
16.0,0.088171,,16,0.02232401481005313
13.0,0.095179,,12,0.02232401481005313
15.0,0.095834,,12,0.024279082176063158
13.0,0.105881,,13,0.025054471820436623
13.0,0.112694,,13,0.023216615531176186
11.0,0.101205,,11,0.02350369253168969
8.0,0.108213,,7,0.02350369253168969
13.0,0.114285,,13,0.024378097989989002
13.0,0.114285,,13,0.024378097989989002
7.0,0.128307,,7,0.025054471820436623
12.0,0.131169,,16,0.0454128132103755
11.0,0.138832,,12,0.047367880576385524
11.0,0.139579,,12,0.0454128132103755
12.0,0.149992,,7,0.04806937788851868
11.0,0.138177,,12,0.0454128132103755
8.0,0.146587,,8,0.0454128132103755
12.0,0.14888,,10,0.048143270220758996
11.0,0.138832,,12,0.047367880576385524
10.0,0.146495,,7,0.049322947942395556
12.0,0.149992,,7,0.04806937788851868
12.0,0.14888,,10,0.048143270220758996
7.0,0.161913,,4,0.049322947942395556
15.0,0.105765,,20,0.0270835840597815
13.0,0.112773,,16,0.0270835840597815
13.0,0.112773,,16,0.0270835840597815
12.0,0.122426,,14,0.0270835840597815
14.0,0.112773,,16,0.0270835840597815
11.0,0.119781,,12,0.0270835840597815
13.0,0.122426,,14,0.0270835840597815
14.0,0.112773,,16,0.0270835840597815
11.0,0.119781,,12,0.0270835840597815
13.0,0.122426,,14,0.0270835840597815
14.0,0.122426,,14,0.0270835840597815
9.0,0.133797,,10,0.0270835840597815
15.0,0.113428,,16,0.029038651425791533
12.0,0.120436,,12,0.029038651425791533
14.0,0.120436,,12,0.029038651425791533
12.0,0.130089,,10,0.029038651425791533
14.0,0.123475,,17,0.029814041070165
12.0,0.130483,,13,0.029814041070165
14.0,0.113428,,16,0.029038651425791533
12.0,0.120436,,12,0.029038651425791533
12.0,0.120436,,12,0.029038651425791533
11.0,0.130089,,6,0.029038651425791533
15.0,0.123475,,14,0.029814041070165
12.0,0.130483,,10,0.029814041070165
14.0,0.135129,,14,0.030324443668759013
16.0,0.123475,,14,0.029814041070165
13.0,0.130483,,10,0.029814041070165
10.0,0.147998,,11,0.030706641791288056
15.0,0.100798,,23,0.03362577046341978
13.0,0.107806,,19,0.03362577046341978
13.0,0.108461,,19,0.03558083782942981
12.0,0.118508,,20,0.036356227473803265
14.0,0.108461,,19,0.03558083782942981
11.0,0.116124,,15,0.03753590519543983
13.0,0.118508,,20,0.036356227473803265
14.0,0.109208,,19,0.03362577046341978
11.0,0.116216,,15,0.03362577046341978
13.0,0.119621,,20,0.036282335141562955
14.0,0.119621,,20,0.036282335141562955
9.0,0.131542,,13,0.03753590519543983
15.0,0.107806,,19,0.03362577046341978
12.0,0.115469,,15,0.03558083782942981
14.0,0.116216,,15,0.03362577046341978
12.0,0.126629,,16,0.036282335141562955
14.0,0.117459,,17,0.03362577046341978
12.0,0.125869,,13,0.03362577046341978
14.0,0.108461,,19,0.03558083782942981
12.0,0.115469,,15,0.03558083782942981
12.0,0.116124,,15,0.03753590519543983
11.0,0.126171,,16,0.03831129483981329
15.0,0.118508,,17,0.03635622747380327
12.0,0.126171,,13,0.0383112948398133
14.0,0.130162,,17,0.03686663007239729
16.0,0.119621,,17,0.036282335141562955
13.0,0.126629,,13,0.036282335141562955
15.0,0.131169,,16,0.0454128132103755
14.0,0.138832,,12,0.047367880576385524
14.0,0.139579,,12,0.0454128132103755
14.0,0.138832,,12,0.047367880576385524
14.0,0.149992,,7,0.04806937788851867
14.0,0.138832,,12,0.047367880576385524
11.0,0.146495,,7,0.04932294794239555
14.0,0.138177,,12,0.0454128132103755
11.0,0.146587,,8,0.0454128132103755
14.0,0.14888,,10,0.048143270220758996
14.0,0.138832,,12,0.047367880576385524
13.0,0.146495,,7,0.04932294794239555
14.0,0.149992,,7,0.04806937788851867
13.0,0.14888,,10,0.04814327022075899
10.0,0.161913,,4,0.049322947942395556
15.0,0.105765,,20,0.0270835840597815
13.0,0.112773,,16,0.0270835840597815
14.0,0.112773,,16,0.0270835840597815
13.0,0.122426,,14,0.0270835840597815
13.0,0.112773,,16,0.0270835840597815
11.0,0.119781,,12,0.0270835840597815
12.0,0.122426,,14,0.0270835840597815
14.0,0.112773,,16,0.0270835840597815
11.0,0.119781,,12,0.0270835840597815
14.0,0.122426,,14,0.0270835840597815
13.0,0.122426,,14,0.0270835840597815
9.0,0.133797,,10,0.0270835840597815
15.0,0.113428,,16,0.029038651425791526
12.0,0.120436,,12,0.029038651425791526
14.0,0.120436,,12,0.029038651425791526
12.0,0.130089,,10,0.029038651425791526
14.0,0.123475,,17,0.029814041070165
12.0,0.130483,,13,0.029814041070165
14.0,0.113428,,16,0.029038651425791533
12.0,0.120436,,12,0.029038651425791533
12.0,0.120436,,12,0.029038651425791533
11.0,0.130089,,8,0.029038651425791533
15.0,0.123475,,14,0.029814041070165
12.0,0.130483,,10,0.029814041070165
14.0,0.135129,,14,0.030324443668759013
16.0,0.123475,,14,0.029814041070165
13.0,0.130483,,10,0.029814041070165
10.0,0.147998,,11,0.030706641791288056
15.0,0.105765,,20,0.0270835840597815
14.0,0.112773,,16,0.0270835840597815
13.0,0.112773,,16,0.0270835840597815
13.0,0.122426,,14,0.0270835840597815
14.0,0.112773,,16,0.0270835840597815
11.0,0.119781,,12,0.0270835840597815
14.0,0.122426,,14,0.0270835840597815
13.0,0.112773,,16,0.0270835840597815
11.0,0.119781,,12,0.0270835840597815
12.0,0.122426,,14,0.0270835840597815
13.0,0.122426,,14,0.0270835840597815
9.0,0.133797,,10,0.0270835840597815
14.0,0.113428,,16,0.029038651425791526
12.0,0.120436,,12,0.029038651425791526
12.0,0.120436,,12,0.029038651425791526
11.0,0.130089,,10,0.029038651425791526
16.0,0.117595,,14,0.02981404107016499
13.0,0.124603,,10,0.02981404107016499
15.0,0.113428,,16,0.029038651425791533
14.0,0.120436,,12,0.029038651425791533
12.0,0.120436,,12,0.029038651425791533
12.0,0.130089,,10,0.029038651425791533
15.0,0.123475,,14,0.029814041070165
12.0,0.130483,,10,0.029814041070165
14.0,0.123475,,17,0.029814041070165
12.0,0.130483,,13,0.029814041070165
14.0,0.135129,,14,0.030324443668759013
10.0,0.147998,,11,0.030706641791288056
15.0,0.105765,,20,0.0270835840597815
14.0,0.112773,,16,0.0270835840597815
14.0,0.112773,,16,0.0270835840597815
14.0,0.122426,,14,0.0270835840597815
13.0,0.112773,,16,0.0270835840597815
11.0,0.119781,,12,0.0270835840597815
13.0,0.122426,,14,0.0270835840597815
13.0,0.112773,,16,0.0270835840597815
11.0,0.119781,,12,0.0270835840597815
13.0,0.122426,,14,0.0270835840597815
12.0,0.122426,,14,0.0270835840597815
9.0,0.133797,,10,0.0270835840597815
14.0,0.113428,,16,0.029038651425791526
12.0,0.120436,,12,0.029038651425791526
12.0,0.120436,,12,0.029038651425791526
11.0,0.130089,,10,0.029038651425791526
16.0,0.123475,,14,0.029814041070165
13.0,0.130483,,10,0.029814041070165
15.0,0.113428,,16,0.029038651425791533
14.0,0.120436,,12,0.029038651425791533
12.0,0.120436,,12,0.029038651425791533
12.0,0.130089,,10,0.029038651425791533
15.0,0.123475,,14,0.029814041070165
12.0,0.130483,,10,0.029814041070165
14.0,0.123475,,17,0.029814041070165
12.0,0.130483,,13,0.029814041070165
14.0,0.135129,,14,0.03032444366875901
10.0,0.147998,,11,0.030706641791288056
13.0,0.141118,,15,0.03393809779436669
11.0,0.148126,,11,0.03393809779436669
12.0,0.148126,,11,0.03393809779436669
11.0,0.157779,,9,0.03393809779436669
12.0,0.148126,,11,0.03393809779436669
9.0,0.155134,,7,0.03393809779436669
11.0,0.157779,,9,0.03393809779436669
11.0,0.148126,,11,0.03393809779436669
8.0,0.155134,,7,0.03393809779436669
11.0,0.157779,,9,0.03393809779436669
11.0,0.157779,,9,0.03393809779436669
6.0,0.16915,,5,0.03393809779436669
15.0,0.171536,,17,0.047048373680427795
13.0,0.178544,,13,0.047048373680427795
13.0,0.178544,,13,0.047048373680427795
11.0,0.188198,,11,0.047048373680427795
13.0,0.131169,,20,0.0454128132103755
12.0,0.139579,,16,0.0454128132103755
12.0,0.138832,,16,0.04736788057638553
11.0,0.149992,,17,0.048069377888518686
12.0,0.138832,,16,0.04736788057638553
9.0,0.146495,,12,0.049322947942395556
11.0,0.149992,,17,0.048069377888518686
12.0,0.138177,,16,0.0454128132103755
8.0,0.146587,,12,0.0454128132103755
11.0,0.14888,,17,0.048143270220758996
11.0,0.14888,,17,0.048143270220758996
6.0,0.161913,,9,0.049322947942395556
15.0,0.171536,,17,0.04704837368042779
13.0,0.178544,,13,0.04704837368042779
13.0,0.178544,,13,0.04704837368042779
11.0,0.188198,,11,0.04704837368042779
11.0,0.201988,,11,0.05811308524600682
8.0,0.208996,,4,0.05811308524600682
15.0,0.171536,,17,0.04704837368042779
13.0,0.178544,,13,0.04704837368042779
13.0,0.178544,,13,0.04704837368042779
11.0,0.188198,,11,0.04704837368042779
12.0,0.201988,,11,0.05811308524600682
9.0,0.208996,,4,0.05811308524600682
10.0,0.232473,,5,0.06828624412860843
15.0,0.100798,,23,0.03362577046341978
13.0,0.107806,,19,0.03362577046341978
14.0,0.108461,,19,0.03558083782942981
13.0,0.118508,,20,0.036356227473803265
13.0,0.108461,,19,0.03558083782942981
11.0,0.116124,,15,0.03753590519543983
12.0,0.118508,,20,0.036356227473803265
14.0,0.109208,,19,0.03362577046341978
11.0,0.116216,,15,0.03362577046341978
14.0,0.119621,,20,0.036282335141562955
13.0,0.119621,,20,0.036282335141562955
9.0,0.131542,,13,0.03753590519543983
15.0,0.107806,,19,0.03362577046341978
12.0,0.115469,,15,0.03558083782942981
14.0,0.116216,,15,0.03362577046341978
12.0,0.126629,,16,0.036282335141562955
14.0,0.117459,,17,0.03362577046341978
12.0,0.125869,,13,0.03362577046341978
14.0,0.108461,,19,0.03558083782942981
12.0,0.115469,,15,0.03558083782942981
12.0,0.116124,,15,0.03753590519543983
11.0,0.126171,,16,0.0383112948398133
15.0,0.118508,,17,0.03635622747380327
12.0,0.126171,,13,0.0383112948398133
14.0,0.130162,,17,0.03686663007239729
16.0,0.119621,,17,0.03628233514156296
13.0,0.126629,,13,0.03628233514156296
15.0,0.095833,,23,0.03834939130475284
14.0,0.102841,,19,0.03834939130475284
13.0,0.103495,,19,0.04030445867076286
13.0,0.113543,,20,0.041079848315136336
14.0,0.103495,,19,0.04030445867076286
11.0,0.111158,,15,0.04225952603677289
14.0,0.113543,,20,0.041079848315136336
13.0,0.104243,,19,0.03834939130475284
11.0,0.111251,,15,0.03834939130475284
12.0,0.114655,,20,0.04100595598289601
13.0,0.114655,,20,0.04100595598289601
9.0,0.126576,,13,0.04225952603677289
14.0,0.103495,,19,0.04030445867076286
12.0,0.111158,,15,0.04225952603677289
12.0,0.111905,,15,0.04030445867076286
11.0,0.122318,,16,0.04296102334890604
16.0,0.107663,,17,0.041079848315136336
13.0,0.116073,,13,0.041079848315136336
15.0,0.104243,,19,0.03834939130475284
14.0,0.111251,,15,0.03834939130475284
12.0,0.111905,,15,0.04030445867076286
12.0,0.121953,,16,0.041079848315136336
15.0,0.114655,,17,0.04100595598289601
12.0,0.122318,,13,0.04296102334890604
14.0,0.115827,,17,0.03834939130475284
12.0,0.122835,,13,0.03834939130475284
14.0,0.128002,,17,0.041455811048071514
15.0,0.095833,,23,0.03834939130475284
14.0,0.102841,,19,0.03834939130475284
14.0,0.103495,,19,0.04030445867076286
14.0,0.113543,,20,0.041079848315136336
13.0,0.103495,,19,0.04030445867076286
11.0,0.111158,,15,0.04225952603677289
13.0,0.113543,,20,0.041079848315136336
13.0,0.104243,,19,0.03834939130475284
11.0,0.111251,,15,0.03834939130475284
13.0,0.114655,,20,0.04100595598289601
12.0,0.114655,,20,0.04100595598289601
9.0,0.126576,,13,0.04225952603677289
14.0,0.103495,,19,0.04030445867076286
12.0,0.111158,,15,0.04225952603677289
12.0,0.111905,,15,0.04030445867076286
11.0,0.122318,,16,0.04296102334890604
16.0,0.113543,,17,0.041079848315136336
13.0,0.121953,,13,0.041079848315136336
15.0,0.104243,,19,0.03834939130475284
14.0,0.111251,,15,0.03834939130475284
12.0,0.111905,,15,0.04030445867076286
12.0,0.121953,,16,0.041079848315136336
15.0,0.114655,,17,0.04100595598289602
12.0,0.122318,,13,0.042961023348906044
14.0,0.115827,,17,0.03834939130475284
12.0,0.122835,,13,0.03834939130475284
14.0,0.128002,,17,0.041455811048071514
13.0,0.131169,,20,0.04541281321037544
12.0,0.138177,,16,0.04541281321037544
12.0,0.138832,,16,0.04736788057638547
11.0,0.14888,,17,0.04814327022075894
12.0,0.138832,,16,0.04736788057638547
9.0,0.146495,,12,0.049322947942395494
11.0,0.14888,,17,0.04814327022075894
12.0,0.139579,,16,0.04541281321037544
8.0,0.146587,,12,0.04541281321037544
11.0,0.149992,,17,0.048069377888518616
11.0,0.149992,,17,0.048069377888518616
6.0,0.161913,,10,0.049322947942395494
13.0,0.121226,,20,0.05320629613114131
12.0,0.129636,,16,0.05320629613114131
12.0,0.129636,,16,0.05320629613114131
11.0,0.14122,,14,0.05320629613114131
12.0,0.129636,,16,0.05320629613114131
9.0,0.138046,,12,0.05320629613114131
11.0,0.14122,,14,0.05320629613114131
12.0,0.129636,,16,0.05320629613114131
9.0,0.138046,,12,0.05320629613114131
11.0,0.14122,,14,0.05320629613114131
11.0,0.14122,,14,0.05320629613114131
6.0,0.154866,,10,0.05320629613114131
15.0,0.131169,,16,0.0454128132103755
14.0,0.138832,,12,0.047367880576385524
14.0,0.139579,,12,0.0454128132103755
14.0,0.138832,,12,0.047367880576385524
14.0,0.149992,,7,0.04806937788851867
14.0,0.138832,,12,0.047367880576385524
11.0,0.146495,,7,0.04932294794239555
14.0,0.138177,,12,0.0454128132103755
11.0,0.146587,,8,0.0454128132103755
14.0,0.14888,,10,0.04814327022075899
14.0,0.138832,,12,0.047367880576385524
13.0,0.146495,,7,0.04932294794239555
14.0,0.149992,,7,0.04806937788851867
13.0,0.14888,,10,0.048143270220758996
10.0,0.161913,,4,0.04932294794239555
15.0,0.171536,,17,0.04704837368042779
13.0,0.178544,,13,0.04704837368042779
13.0,0.178544,,13,0.04704837368042779
11.0,0.188198,,11,0.04704837368042779
12.0,0.201988,,11,0.058113085246006835
9.0,0.208996,,5,0.058113085246006835
10.0,0.232473,,6,0.06828624412860843
12.0,0.131169,,16,0.04541281321037545
11.0,0.138832,,12,0.047367880576385475
11.0,0.139579,,12,0.04541281321037545
12.0,0.149992,,7,0.04806937788851863
11.0,0.138177,,12,0.04541281321037545
8.0,0.146587,,8,0.04541281321037545
12.0,0.14888,,10,0.04814327022075895
11.0,0.138832,,12,0.047367880576385475
10.0,0.146495,,7,0.0493229479423955
12.0,0.149992,,7,0.04806937788851863
12.0,0.142999,,10,0.04814327022075895
7.0,0.161913,,4,0.0493229479423955
12.0,0.201988,,11,0.05811308524600678
9.0,0.208996,,5,0.05811308524600678
11.0,0.232473,,7,0.06828624412860841
11.0,0.232473,,7,0.06828624412860841
5.0,0.262991,,3,0.07783472196852045
16.0,0.059469,,22,0.01656618295474149
13.0,0.067879,,18,0.01656618295474149
15.0,0.067879,,18,0.01656618295474149
14.0,0.079464,,16,0.01656618295474149
15.0,0.067879,,18,0.01656618295474149
12.0,0.076289,,14,0.01656618295474149
14.0,0.079464,,16,0.01656618295474149
15.0,0.067879,,18,0.01656618295474149
12.0,0.076289,,14,0.01656618295474149
15.0,0.079464,,16,0.01656618295474149
15.0,0.079464,,16,0.01656618295474149
11.0,0.093109,,12,0.01656618295474149
16.0,0.067132,,18,0.01852125032075152
14.0,0.075542,,14,0.01852125032075152
15.0,0.075542,,14,0.01852125032075152
14.0,0.087127,,12,0.01852125032075152
15.0,0.078292,,19,0.019222747632884667
13.0,0.086702,,15,0.019222747632884667
15.0,0.067132,,18,0.01852125032075152
12.0,0.075542,,14,0.01852125032075152
14.0,0.075542,,14,0.01852125032075152
13.0,0.087127,,12,0.01852125032075152
15.0,0.078292,,16,0.019222747632884667
13.0,0.086702,,12,0.019222747632884667
14.0,0.091639,,16,0.019672602698060166
16.0,0.078292,,16,0.019222747632884667
13.0,0.086702,,12,0.019222747632884667
13.0,0.106588,,13,0.020005006594477102
16.0,0.067132,,18,0.01852125032075152
14.0,0.075542,,14,0.01852125032075152
13.0,0.074795,,14,0.020476317686761544
15.0,0.074795,,14,0.020476317686761544
14.0,0.085955,,12,0.021177814998894692
15.0,0.075542,,14,0.01852125032075152
12.0,0.083205,,10,0.020476317686761544
14.0,0.087127,,12,0.01852125032075152
16.0,0.085955,,12,0.021177814998894696
15.0,0.078292,,19,0.019222747632884667
14.0,0.085955,,15,0.021177814998894696
13.0,0.086702,,15,0.019222747632884667
14.0,0.097114,,13,0.021879312311027844
15.0,0.066477,,18,0.01656618295474149
12.0,0.074887,,14,0.01656618295474149
14.0,0.074887,,14,0.01656618295474149
12.0,0.086472,,12,0.01656618295474149
14.0,0.074887,,14,0.01656618295474149
11.0,0.083297,,10,0.01656618295474149
12.0,0.086472,,12,0.01656618295474149
12.0,0.074887,,14,0.01656618295474149
9.0,0.083297,,10,0.01656618295474149
13.0,0.086472,,12,0.01656618295474149
13.0,0.086472,,12,0.01656618295474149
8.0,0.100117,,8,0.01656618295474149
16.0,0.07718,,19,0.019296639965124984
14.0,0.08559,,15,0.019296639965124984
14.0,0.08559,,15,0.019296639965124984
11.0,0.097174,,13,0.019296639965124984
16.0,0.07718,,19,0.019296639965124988
14.0,0.08559,,15,0.019296639965124988
14.0,0.08559,,15,0.019296639965124988
11.0,0.097174,,13,0.019296639965124988
12.0,0.090213,,11,0.020476317686761544
9.0,0.098623,,7,0.020476317686761544
16.0,0.07718,,16,0.019296639965124988
13.0,0.08559,,12,0.019296639965124988
15.0,0.08559,,12,0.019296639965124988
13.0,0.097174,,10,0.019296639965124988
15.0,0.067132,,18,0.01852125032075152
14.0,0.075542,,14,0.01852125032075152
15.0,0.074795,,14,0.020476317686761544
13.0,0.074795,,14,0.020476317686761544
14.0,0.085955,,12,0.021177814998894692
12.0,0.075542,,14,0.01852125032075152
11.0,0.083205,,10,0.020476317686761544
13.0,0.087127,,12,0.01852125032075152
14.0,0.085955,,15,0.021177814998894696
13.0,0.099302,,12,0.021627670064070195
15.0,0.078292,,16,0.01922274763288467
13.0,0.086702,,12,0.01922274763288467
14.0,0.085955,,12,0.021177814998894696
14.0,0.085955,,12,0.021177814998894696
11.0,0.097114,,10,0.021879312311027844
14.0,0.091639,,16,0.019672602698060166
13.0,0.099302,,12,0.021627670064070195
16.0,0.078292,,16,0.019222747632884667
13.0,0.086702,,12,0.019222747632884667
16.0,0.085955,,12,0.021177814998894696
14.0,0.097114,,13,0.021879312311027844
13.0,0.106588,,13,0.020005006594477102
16.0,0.07718,,16,0.019296639965124988
13.0,0.08559,,12,0.019296639965124988
15.0,0.08559,,12,0.019296639965124988
13.0,0.097174,,10,0.019296639965124988
11.0,0.090213,,11,0.020476317686761548
8.0,0.098623,,7,0.020476317686761548
13.0,0.104923,,13,0.02127365163729183
13.0,0.104923,,13,0.021273651637291835
8.0,0.120942,,7,0.021879312311027847
13.0,0.12993,,16,0.03615974075441113
12.0,0.137593,,12,0.03811480812042115
12.0,0.13834,,12,0.03615974075441113
13.0,0.148753,,10,0.0388163054325543
12.0,0.136938,,12,0.03615974075441113
9.0,0.145348,,8,0.03615974075441113
13.0,0.14764,,10,0.03889019776479462
12.0,0.137593,,12,0.03811480812042115
11.0,0.145256,,8,0.04006987548643118
13.0,0.148753,,10,0.0388163054325543
13.0,0.14764,,10,0.03889019776479462
8.0,0.160674,,5,0.04006987548643118
13.0,0.165234,,14,0.04364976701452299
11.0,0.172242,,10,0.04364976701452299
12.0,0.172897,,10,0.04560483438053302
13.0,0.182945,,8,0.04638022402490649
14.0,0.160267,,17,0.05019195341816127
12.0,0.168677,,13,0.05019195341816127
13.0,0.16793,,13,0.05214702078417129
14.0,0.17909,,11,0.05284851809630445
13.0,0.165234,,14,0.04364976701452299
12.0,0.172897,,10,0.04560483438053302
11.0,0.172242,,10,0.04364976701452299
13.0,0.182945,,8,0.04638022402490649
14.0,0.165234,,14,0.04364976701452299
14.0,0.172897,,10,0.04560483438053302
12.0,0.172242,,10,0.04364976701452299
13.0,0.182945,,11,0.04638022402490649
14.0,0.165234,,14,0.04364976701452299
14.0,0.172897,,10,0.04560483438053302
12.0,0.172242,,10,0.04364976701452299
13.0,0.182945,,11,0.046380224024906484
11.0,0.200587,,9,0.05050428074910818
8.0,0.207595,,5,0.05050428074910818
13.0,0.231006,,11,0.06361455663516928
14.0,0.160267,,17,0.05019195341816127
13.0,0.16793,,13,0.0521470207841713
12.0,0.168677,,13,0.05019195341816127
14.0,0.17909,,11,0.05284851809630445
15.0,0.155302,,17,0.05491557425949433
14.0,0.163712,,13,0.05491557425949433
13.0,0.163712,,13,0.05491557425949433
13.0,0.175296,,11,0.05491557425949433
15.0,0.155302,,17,0.05491557425949433
14.0,0.163712,,13,0.05491557425949433
13.0,0.163712,,13,0.05491557425949433
13.0,0.175296,,11,0.05491557425949433
12.0,0.190639,,14,0.06197899616511693
9.0,0.199049,,10,0.06197899616511693
13.0,0.231006,,11,0.06361455663516928
12.0,0.190639,,11,0.06197899616511694
9.0,0.199049,,7,0.06197899616511694
9.0,0.261458,,3,0.07467926820074826
12.0,0.128824,,16,0.04651982922257725
11.0,0.136487,,12,0.04847489658858727
11.0,0.137234,,12,0.04651982922257725
12.0,0.147646,,10,0.04917639390072042
11.0,0.135832,,12,0.04651982922257725
8.0,0.144242,,8,0.04651982922257725
12.0,0.146534,,7,0.049250286232960745
11.0,0.136487,,12,0.04847489658858727
10.0,0.14415,,7,0.0504299639545973
12.0,0.147646,,10,0.04917639390072042
12.0,0.146534,,7,0.049250286232960745
7.0,0.159568,,4,0.050429963954597305
8.0,0.259993,,7,0.0919326424329527
16.0,0.967165,,25,0.24677057472531758
15.0,0.975575,,21,0.24677057472531758
16.0,0.975575,,21,0.24677057472531758
16.0,0.987159,,19,0.24677057472531758
16.0,0.975575,,21,0.24677057472531758
13.0,0.983985,,17,0.24677057472531758
16.0,0.987159,,19,0.24677057472531758
15.0,0.975575,,21,0.24677057472531758
14.0,0.983985,,17,0.24677057472531758
16.0,0.987159,,19,0.24677057472531758
16.0,0.987159,,19,0.24677057472531758
12.0,1.000805,,15,0.24677057472531758
15.0,0.974827,,21,0.2487256420913276
14.0,0.983237,,17,0.2487256420913276
14.0,0.983237,,17,0.2487256420913276
15.0,0.994822,,15,0.2487256420913276
16.0,0.985987,,19,0.24942713940346076
15.0,0.994397,,15,0.24942713940346076
15.0,0.974827,,21,0.2487256420913276
14.0,0.983237,,17,0.2487256420913276
15.0,0.983237,,17,0.2487256420913276
15.0,0.994822,,15,0.2487256420913276
16.0,0.985987,,19,0.24942713940346076
14.0,0.994397,,15,0.24942713940346076
16.0,0.985987,,22,0.24942713940346076
15.0,0.994397,,18,0.24942713940346076
16.0,0.999334,,19,0.24987699446863626
14.0,1.014283,,16,0.2502093983650532
15.0,0.974173,,21,0.24677057472531758
12.0,0.982583,,17,0.24677057472531758
14.0,0.982583,,17,0.24677057472531758
14.0,0.994167,,15,0.24677057472531758
14.0,0.982583,,17,0.24677057472531758
12.0,0.990993,,13,0.24677057472531758
14.0,0.994167,,15,0.24677057472531758
14.0,0.982583,,17,0.24677057472531758
11.0,0.990993,,13,0.24677057472531758
15.0,0.994167,,15,0.24677057472531758
15.0,0.994167,,15,0.24677057472531758
11.0,1.007813,,11,0.24677057472531758
16.0,0.984875,,19,0.24950103173570107
15.0,0.993285,,15,0.24950103173570107
15.0,0.993285,,15,0.24950103173570107
16.0,1.004869,,13,0.24950103173570107
15.0,0.974827,,21,0.2487256420913276
13.0,0.98249,,17,0.2506807094573376
14.0,0.983237,,17,0.2487256420913276
14.0,0.98249,,17,0.25068070945733767
14.0,0.99365,,15,0.2513822067694708
14.0,0.983237,,17,0.2487256420913276
12.0,0.9909,,13,0.2506807094573376
15.0,0.994822,,15,0.2487256420913276
15.0,0.99365,,18,0.2513822067694708
14.0,1.006997,,15,0.25183206183464624
16.0,0.985987,,19,0.24942713940346076
15.0,0.99365,,15,0.2513822067694708
15.0,0.994397,,15,0.24942713940346076
16.0,1.004809,,16,0.25208370408160397
16.0,0.978995,,19,0.24950103173570107
15.0,0.987405,,15,0.24950103173570107
15.0,0.987405,,15,0.24950103173570107
16.0,0.998989,,13,0.24950103173570107
11.0,0.997908,,14,0.2506807094573376
10.0,1.006318,,10,0.2506807094573376
16.0,0.984875,,22,0.24950103173570107
14.0,0.993285,,18,0.24950103173570107
15.0,0.993285,,18,0.24950103173570107
14.0,1.004869,,16,0.24950103173570107
14.0,1.012618,,16,0.2514780434078679
15.0,0.974827,,21,0.2487256420913276
14.0,0.98249,,17,0.2506807094573376
15.0,0.983237,,17,0.2487256420913276
13.0,0.98249,,17,0.2506807094573376
14.0,0.99365,,15,0.25138220676947076
14.0,0.983237,,17,0.2487256420913276
12.0,0.9909,,13,0.2506807094573376
15.0,0.99365,,15,0.2513822067694708
15.0,0.994822,,15,0.2487256420913276
16.0,0.984875,,22,0.24950103173570107
14.0,0.993285,,18,0.24950103173570107
15.0,0.993285,,18,0.24950103173570107
14.0,1.004869,,16,0.24950103173570107
16.0,0.985987,,19,0.24942713940346076
14.0,0.99365,,15,0.2513822067694708
14.0,0.994397,,15,0.24942713940346076
14.0,0.99365,,15,0.25138220676947076
11.0,1.004809,,13,0.25208370408160397
14.0,1.012618,,16,0.2514780434078679
16.0,0.985987,,22,0.24942713940346076
15.0,0.99365,,18,0.2513822067694708
15.0,0.994397,,18,0.24942713940346076
16.0,1.004809,,16,0.25208370408160397
12.0,0.997908,,15,0.2506807094573376
11.0,1.006318,,11,0.2506807094573376
16.0,0.999334,,19,0.24987699446863626
14.0,1.006997,,15,0.2518320618346463
14.0,1.014283,,16,0.2502093983650532
10.0,1.028637,,10,0.25208370408160397
15.0,0.974827,,21,0.2487256420913276
14.0,0.981835,,17,0.2487256420913276
13.0,0.98249,,17,0.2506807094573376
14.0,0.992538,,18,0.25145609910171113
15.0,0.98249,,17,0.2506807094573376
12.0,0.990153,,13,0.25263577682334765
15.0,0.992538,,18,0.25145609910171113
15.0,0.983237,,17,0.2487256420913276
13.0,0.990245,,13,0.2487256420913276
14.0,0.99365,,18,0.2513822067694708
15.0,0.99365,,18,0.2513822067694708
11.0,1.005571,,11,0.25263577682334765
14.0,0.98249,,17,0.2506807094573376
12.0,0.990153,,13,0.25263577682334765
13.0,0.9909,,13,0.2506807094573376
13.0,1.001313,,14,0.2533372741354808
15.0,0.986658,,15,0.2514560991017111
14.0,0.995068,,11,0.2514560991017111
15.0,0.983237,,17,0.2487256420913276
14.0,0.990245,,13,0.2487256420913276
13.0,0.9909,,13,0.2506807094573376
13.0,1.000948,,14,0.25145609910171113
15.0,0.99365,,15,0.25138220676947076
12.0,1.001313,,11,0.25333727413548085
15.0,0.994822,,15,0.2487256420913276
14.0,1.00183,,11,0.2487256420913276
15.0,1.006997,,15,0.2518320618346463
16.0,0.974173,,21,0.24677057472531758
14.0,0.982583,,17,0.24677057472531758
13.0,0.982583,,17,0.24677057472531758
14.0,0.994167,,15,0.24677057472531758
15.0,0.982583,,17,0.24677057472531758
12.0,0.990993,,13,0.24677057472531758
15.0,0.994167,,15,0.24677057472531758
15.0,0.982583,,17,0.24677057472531758
13.0,0.990993,,13,0.24677057472531758
14.0,0.994167,,15,0.24677057472531758
15.0,0.994167,,15,0.24677057472531758
11.0,1.007813,,11,0.24677057472531758
14.0,0.981835,,17,0.2487256420913276
12.0,0.990245,,13,0.2487256420913276
13.0,0.990245,,13,0.2487256420913276
13.0,1.00183,,11,0.2487256420913276
15.0,0.992995,,15,0.24942713940346076
14.0,1.001405,,11,0.24942713940346076
15.0,0.981835,,17,0.2487256420913276
14.0,0.990245,,13,0.2487256420913276
13.0,0.990245,,13,0.2487256420913276
13.0,1.00183,,11,0.2487256420913276
15.0,0.992995,,15,0.24942713940346076
12.0,1.001405,,11,0.24942713940346076
15.0,0.992995,,18,0.24942713940346076
14.0,1.001405,,14,0.24942713940346076
15.0,1.006342,,15,0.24987699446863626
12.0,1.021291,,12,0.2502093983650532
16.0,0.984875,,19,0.24950103173570107
14.0,0.992538,,15,0.25145609910171113
15.0,0.993285,,15,0.24950103173570107
15.0,0.992538,,15,0.2514560991017111
14.0,1.003697,,13,0.2521575964138442
15.0,0.993285,,15,0.24950103173570107
13.0,1.000948,,11,0.25145609910171113
15.0,1.004869,,13,0.24950103173570107
15.0,1.003697,,16,0.2521575964138443
14.0,1.017045,,13,0.2526074514790197
16.0,0.985987,,22,0.24942713940346076
14.0,0.992995,,18,0.24942713940346076
14.0,0.99365,,18,0.2513822067694708
11.0,1.003697,,19,0.2521575964138442
15.0,0.99365,,18,0.2513822067694708
12.0,1.001313,,14,0.2533372741354808
13.0,1.003697,,19,0.2521575964138442
15.0,0.994397,,18,0.24942713940346076
12.0,1.001405,,14,0.24942713940346076
14.0,1.004809,,19,0.25208370408160397
15.0,1.004809,,19,0.25208370408160397
10.0,1.016731,,12,0.2533372741354808
16.0,0.983826,,19,0.24677057472531758
14.0,0.992236,,15,0.24677057472531758
14.0,0.992236,,15,0.24677057472531758
11.0,1.00382,,13,0.24677057472531758
15.0,0.992236,,15,0.24677057472531758
12.0,1.000646,,11,0.24677057472531758
13.0,1.00382,,13,0.24677057472531758
15.0,0.992236,,15,0.24677057472531758
12.0,1.000646,,11,0.24677057472531758
14.0,1.00382,,13,0.24677057472531758
15.0,1.00382,,13,0.24677057472531758
10.0,1.017466,,9,0.24677057472531758
14.0,1.010989,,16,0.2515551149156369
12.0,1.019399,,12,0.2515551149156369
15.0,0.974827,,21,0.2487256420913276
14.0,0.98249,,17,0.2506807094573376
14.0,0.983237,,17,0.2487256420913276
15.0,0.99365,,15,0.2513822067694708
14.0,0.981835,,17,0.2487256420913276
11.0,0.990245,,13,0.2487256420913276
15.0,0.992538,,15,0.25145609910171113
14.0,0.98249,,17,0.2506807094573376
12.0,0.990153,,13,0.25263577682334765
15.0,0.99365,,15,0.2513822067694708
15.0,0.986658,,15,0.25145609910171113
10.0,1.005571,,10,0.25263577682334765
14.0,0.983237,,17,0.2487256420913276
13.0,0.9909,,13,0.2506807094573376
13.0,0.990245,,13,0.2487256420913276
14.0,1.000948,,11,0.25145609910171113
15.0,0.994822,,15,0.2487256420913276
13.0,1.00183,,11,0.2487256420913276
14.0,0.98249,,17,0.2506807094573376
13.0,0.990153,,13,0.25263577682334765
13.0,0.9909,,13,0.2506807094573376
14.0,1.001313,,11,0.2533372741354808
15.0,0.992538,,18,0.2514560991017111
13.0,1.000948,,14,0.2514560991017111
15.0,0.99365,,15,0.2513822067694708
12.0,1.001313,,11,0.25333727413548085
12.0,1.020281,,12,0.2534331107738779
16.0,0.985987,,19,0.24942713940346076
15.0,0.99365,,15,0.25138220676947076
14.0,0.994397,,15,0.24942713940346076
15.0,0.99365,,15,0.25138220676947076
14.0,1.004809,,13,0.25208370408160397
15.0,0.992995,,15,0.24942713940346076
13.0,1.001405,,11,0.24942713940346076
16.0,0.997817,,13,0.2521575964138443
15.0,1.003697,,16,0.2521575964138443
16.0,0.984875,,19,0.24950103173570107
15.0,0.992538,,15,0.2514560991017111
15.0,0.993285,,15,0.24950103173570107
14.0,0.992538,,15,0.25145609910171113
14.0,1.003697,,13,0.2521575964138443
15.0,0.993285,,15,0.24950103173570107
13.0,1.000948,,11,0.25145609910171113
16.0,1.003697,,13,0.2521575964138443
15.0,1.004869,,13,0.24950103173570107
12.0,0.997908,,14,0.2506807094573376
11.0,1.005571,,10,0.25263577682334765
11.0,1.006318,,10,0.2506807094573376
11.0,1.005571,,10,0.25263577682334765
10.0,1.016731,,8,0.25333727413548085
16.0,0.999334,,19,0.2498769944686363
14.0,1.006342,,15,0.2498769944686363
15.0,1.006997,,15,0.25183206183464624
13.0,1.017045,,16,0.25260745147901975
16.0,0.996528,,19,0.2500114343342951
14.0,1.004938,,15,0.2500114343342951
15.0,1.004938,,15,0.2500114343342951
13.0,1.016523,,13,0.2500114343342951
10.0,1.026809,,10,0.25263577682334765
16.0,0.985987,,19,0.24942713940346076
15.0,0.99365,,15,0.2513822067694708
15.0,0.994397,,15,0.24942713940346076
14.0,1.004809,,13,0.25208370408160397
15.0,0.992995,,15,0.24942713940346076
12.0,1.001405,,11,0.24942713940346076
15.0,1.003697,,13,0.2521575964138442
15.0,0.99365,,15,0.2513822067694708
13.0,1.001313,,11,0.25333727413548085
15.0,1.004809,,13,0.25208370408160397
16.0,0.997817,,13,0.2521575964138442
11.0,1.016731,,8,0.25333727413548085
14.0,1.014283,,16,0.2502093983650532
12.0,1.021291,,12,0.2502093983650532
11.0,1.028637,,10,0.25208370408160397
10.0,1.043738,,5,0.25347349980319206
16.0,0.974827,,21,0.2487256420913276
14.0,0.98249,,17,0.2506807094573376
15.0,0.983237,,17,0.2487256420913276
15.0,0.98249,,17,0.25068070945733767
15.0,0.99365,,15,0.2513822067694708
13.0,0.98249,,17,0.25068070945733767
12.0,0.990153,,13,0.25263577682334765
15.0,0.981835,,17,0.2487256420913276
13.0,0.990245,,13,0.2487256420913276
14.0,0.992538,,15,0.25145609910171113
14.0,0.98249,,17,0.2506807094573376
13.0,0.990153,,13,0.25263577682334765
14.0,0.99365,,15,0.25138220676947076
15.0,0.992538,,15,0.25145609910171113
11.0,1.005571,,10,0.25263577682334765
14.0,0.981835,,17,0.2487256420913276
14.0,0.990245,,13,0.2487256420913276
12.0,0.989498,,13,0.25068070945733767
13.0,0.989498,,13,0.2506807094573376
13.0,1.000658,,11,0.25138220676947076
15.0,0.992538,,15,0.25145609910171113
14.0,1.000201,,11,0.2534111664677211
15.0,0.992538,,18,0.25145609910171113
12.0,1.000201,,14,0.25341116646772116
15.0,0.991489,,15,0.2487256420913276
13.0,0.999899,,11,0.2487256420913276
15.0,1.004191,,15,0.2519665017003052
13.0,0.98249,,17,0.2506807094573376
12.0,0.990153,,13,0.25263577682334765
13.0,0.9909,,13,0.2506807094573376
12.0,0.990153,,13,0.25263577682334765
12.0,1.001313,,11,0.25333727413548085
12.0,0.990153,,13,0.2526357768233477
9.0,0.997816,,9,0.25459084418935773
13.0,0.989498,,13,0.2506807094573376
11.0,0.997908,,9,0.2506807094573376
12.0,1.000201,,11,0.25341116646772116
12.0,0.990153,,13,0.2526357768233477
11.0,0.997816,,9,0.25459084418935773
12.0,1.001313,,11,0.2533372741354808
12.0,1.000201,,11,0.25341116646772116
8.0,1.013234,,6,0.25459084418935773
14.0,0.992538,,18,0.25145609910171113
13.0,1.000948,,14,0.25145609910171113
12.0,1.000201,,14,0.25341116646772116
13.0,1.000201,,14,0.2534111664677211
12.0,1.01136,,12,0.2541126637798543
15.0,0.983237,,17,0.2487256420913276
13.0,0.9909,,13,0.2506807094573376
12.0,0.9909,,13,0.25068070945733767
14.0,0.990245,,13,0.2487256420913276
13.0,1.000948,,11,0.25145609910171113
13.0,0.990245,,13,0.2487256420913276
10.0,0.997908,,9,0.25068070945733767
14.0,1.000948,,11,0.25145609910171113
14.0,0.999899,,11,0.2487256420913276
15.0,0.994822,,15,0.2487256420913276
14.0,1.00183,,11,0.2487256420913276
13.0,1.00183,,11,0.2487256420913276
12.0,1.011483,,9,0.2487256420913276
15.0,0.99365,,18,0.2513822067694708
12.0,1.001313,,14,0.2533372741354808
15.0,1.006997,,15,0.2518320618346463
14.0,0.99365,,18,0.2513822067694708
13.0,1.001313,,14,0.25333727413548085
12.0,1.001313,,14,0.25333727413548085
13.0,1.000658,,14,0.2513822067694708
12.0,1.01136,,12,0.2541126637798543
11.0,1.005571,,11,0.25263577682334765
8.0,1.013234,,7,0.25459084418935773
15.0,0.99365,,15,0.25138220676947076
14.0,1.001313,,11,0.2533372741354808
14.0,1.000658,,11,0.25138220676947076
13.0,1.01136,,9,0.25411266377985425
16.0,0.985987,,22,0.24942713940346076
14.0,0.992995,,18,0.24942713940346076
15.0,0.99365,,18,0.2513822067694708
13.0,1.003697,,19,0.2521575964138442
14.0,0.99365,,18,0.2513822067694708
12.0,1.001313,,14,0.2533372741354808
11.0,1.003697,,19,0.2521575964138442
15.0,0.994397,,18,0.24942713940346076
12.0,1.001405,,14,0.24942713940346076
15.0,1.004809,,19,0.25208370408160397
14.0,1.004809,,19,0.25208370408160397
10.0,1.016731,,12,0.2533372741354808
15.0,0.992995,,18,0.24942713940346076
13.0,1.000658,,14,0.2513822067694708
14.0,1.001405,,14,0.24942713940346076
12.0,1.011817,,15,0.25208370408160397
14.0,1.002648,,16,0.24942713940346076
11.0,1.011058,,12,0.24942713940346076
15.0,0.99365,,18,0.25138220676947076
13.0,1.000658,,14,0.25138220676947076
13.0,1.001313,,14,0.2533372741354808
10.0,1.01136,,15,0.2541126637798543
15.0,1.003697,,16,0.2521575964138442
12.0,1.01136,,12,0.25411266377985425
13.0,1.015351,,16,0.2526679990124383
16.0,1.004809,,16,0.25208370408160397
13.0,1.011817,,12,0.25208370408160397
16.0,0.974173,,21,0.24677057472531758
14.0,0.981835,,17,0.2487256420913276
15.0,0.982583,,17,0.24677057472531758
15.0,0.981835,,17,0.2487256420913276
15.0,0.992995,,15,0.24942713940346076
15.0,0.981835,,17,0.2487256420913276
13.0,0.989498,,13,0.2506807094573376
13.0,0.981181,,17,0.24677057472531758
12.0,0.989591,,13,0.24677057472531758
14.0,0.991883,,15,0.24950103173570107
14.0,0.981835,,17,0.2487256420913276
13.0,0.989498,,13,0.2506807094573376
15.0,0.992995,,15,0.24942713940346076
14.0,0.991883,,15,0.24950103173570107
11.0,1.004916,,10,0.2506807094573376
14.0,0.982583,,17,0.24677057472531758
14.0,0.990245,,13,0.2487256420913276
12.0,0.989591,,13,0.24677057472531758
13.0,0.990245,,13,0.2487256420913276
13.0,1.000293,,11,0.24950103173570107
15.0,0.992995,,15,0.24942713940346076
14.0,1.000658,,11,0.2513822067694708
15.0,0.994167,,15,0.24677057472531758
12.0,1.001175,,11,0.24677057472531758
15.0,0.992995,,18,0.24942713940346076
13.0,1.000658,,14,0.2513822067694708
15.0,1.006342,,15,0.2498769944686363
13.0,0.982583,,17,0.24677057472531758
12.0,0.990245,,13,0.2487256420913276
12.0,0.990993,,13,0.24677057472531758
13.0,0.990245,,13,0.2487256420913276
12.0,1.001405,,11,0.24942713940346076
13.0,0.990245,,13,0.2487256420913276
11.0,0.997908,,9,0.2506807094573376
12.0,0.989591,,13,0.24677057472531758
9.0,0.998001,,9,0.24677057472531758
12.0,1.000293,,11,0.24950103173570107
12.0,0.990245,,13,0.2487256420913276
11.0,0.997908,,9,0.2506807094573376
12.0,1.001405,,11,0.24942713940346076
12.0,1.000293,,11,0.24950103173570107
8.0,1.013326,,6,0.2506807094573376
14.0,0.994167,,15,0.24677057472531758
13.0,1.00183,,11,0.2487256420913276
12.0,1.001175,,11,0.24677057472531758
13.0,1.00183,,11,0.2487256420913276
12.0,1.011877,,9,0.24950103173570107
15.0,0.982583,,17,0.24677057472531758
13.0,0.990245,,13,0.2487256420913276
14.0,0.990245,,13,0.2487256420913276
12.0,0.989591,,13,0.24677057472531758
13.0,1.000293,,11,0.24950103173570107
13.0,0.990993,,13,0.24677057472531758
11.0,0.998001,,9,0.24677057472531758
14.0,1.001405,,11,0.24942713940346076
14.0,1.001405,,14,0.24942713940346076
15.0,0.994167,,15,0.24677057472531758
12.0,1.001175,,11,0.24677057472531758
15.0,0.992995,,18,0.24942713940346076
14.0,1.001405,,14,0.24942713940346076
13.0,1.000658,,14,0.2513822067694708
12.0,1.011817,,15,0.25208370408160397
15.0,1.006342,,15,0.24987699446863626
14.0,0.994167,,15,0.24677057472531758
13.0,1.00183,,11,0.2487256420913276
13.0,1.00183,,11,0.2487256420913276
12.0,1.001175,,11,0.24677057472531758
12.0,1.011877,,9,0.24950103173570107
11.0,1.007813,,11,0.24677057472531758
8.0,1.014821,,7,0.24677057472531758
12.0,1.021291,,12,0.2502093983650532
15.0,0.992995,,15,0.24942713940346076
14.0,1.000658,,11,0.2513822067694708
14.0,1.001405,,11,0.24942713940346076
12.0,1.011817,,5,0.25208370408160397
12.0,1.021291,,12,0.2502093983650532
8.0,1.035645,,4,0.25208370408160397
16.0,0.983826,,19,0.24677057472531758
14.0,0.992236,,15,0.24677057472531758
15.0,0.992236,,15,0.24677057472531758
13.0,1.00382,,13,0.24677057472531758
14.0,0.992236,,15,0.24677057472531758
12.0,1.000646,,11,0.24677057472531758
11.0,1.00382,,13,0.24677057472531758
15.0,0.992236,,15,0.24677057472531758
12.0,1.000646,,11,0.24677057472531758
15.0,1.00382,,13,0.24677057472531758
14.0,1.00382,,13,0.24677057472531758
10.0,1.017466,,9,0.24677057472531758
15.0,0.991489,,15,0.2487256420913276
13.0,0.999899,,11,0.2487256420913276
14.0,0.999899,,11,0.2487256420913276
12.0,1.011483,,9,0.2487256420913276
14.0,1.002648,,16,0.24942713940346076
11.0,1.011058,,12,0.24942713940346076
15.0,0.991489,,15,0.2487256420913276
13.0,0.999899,,11,0.2487256420913276
13.0,0.999899,,11,0.2487256420913276
10.0,1.011483,,7,0.2487256420913276
15.0,1.002648,,13,0.24942713940346076
12.0,1.011058,,9,0.24942713940346076
13.0,1.015996,,13,0.2498769944686363
16.0,1.002648,,13,0.24942713940346076
13.0,1.011058,,9,0.24942713940346076
10.0,1.030944,,10,0.2502093983650532
16.0,0.984875,,19,0.24950103173570107
14.0,0.992538,,15,0.25145609910171113
15.0,0.993285,,15,0.24950103173570107
15.0,0.992538,,15,0.2514560991017111
14.0,1.003697,,13,0.2521575964138443
14.0,0.992538,,15,0.25145609910171113
12.0,1.000201,,11,0.25341116646772116
14.0,0.991883,,15,0.24950103173570107
12.0,1.000293,,11,0.24950103173570107
11.0,1.002585,,13,0.2522314887460846
15.0,0.992538,,15,0.25145609910171113
12.0,1.000201,,11,0.25341116646772116
14.0,1.003697,,13,0.2521575964138442
14.0,1.002585,,13,0.25223148874608453
10.0,1.015619,,8,0.25341116646772116
15.0,0.993285,,15,0.24950103173570107
13.0,1.000948,,11,0.25145609910171113
13.0,1.000948,,11,0.25145609910171113
13.0,1.000293,,11,0.24950103173570107
10.0,1.010995,,5,0.2522314887460846
15.0,1.004869,,13,0.24950103173570107
12.0,1.011877,,9,0.24950103173570107
15.0,1.003697,,16,0.2521575964138443
12.0,1.01136,,12,0.25411266377985425
14.0,1.017045,,13,0.2526074514790197
16.0,1.003697,,13,0.2521575964138443
13.0,1.01136,,9,0.2541126637798543
14.0,1.010989,,16,0.2515551149156369
12.0,1.018652,,12,0.25351018228164696
12.0,1.019399,,12,0.2515551149156369
11.0,1.029811,,10,0.2542116795937801
15.0,0.974173,,21,0.24677057472531758
14.0,0.982583,,17,0.24677057472531758
15.0,0.982583,,17,0.24677057472531758
15.0,0.994167,,15,0.24677057472531758
15.0,0.982583,,17,0.24677057472531758
12.0,0.990993,,13,0.24677057472531758
15.0,0.994167,,15,0.24677057472531758
12.0,0.982583,,17,0.24677057472531758
11.0,0.990993,,13,0.24677057472531758
14.0,0.994167,,15,0.24677057472531758
14.0,0.994167,,15,0.24677057472531758
11.0,1.007813,,11,0.24677057472531758
14.0,0.981835,,17,0.2487256420913276
13.0,0.990245,,13,0.2487256420913276
11.0,0.990245,,13,0.2487256420913276
13.0,1.00183,,11,0.2487256420913276
15.0,0.992995,,15,0.24942713940346076
12.0,1.001405,,11,0.24942713940346076
15.0,0.981835,,17,0.2487256420913276
13.0,0.990245,,13,0.2487256420913276
14.0,0.990245,,13,0.2487256420913276
14.0,1.00183,,11,0.2487256420913276
15.0,0.992995,,15,0.24942713940346076
13.0,1.001405,,11,0.24942713940346076
14.0,0.992995,,18,0.24942713940346076
12.0,1.001405,,14,0.24942713940346076
14.0,1.006342,,15,0.24987699446863626
12.0,1.021291,,12,0.2502093983650532
14.0,0.981181,,17,0.24677057472531758
11.0,0.989591,,13,0.24677057472531758
13.0,0.989591,,13,0.24677057472531758
12.0,1.001175,,11,0.24677057472531758
13.0,0.989591,,13,0.24677057472531758
11.0,0.998001,,9,0.24677057472531758
12.0,1.001175,,11,0.24677057472531758
11.0,0.989591,,13,0.24677057472531758
8.0,0.998001,,9,0.24677057472531758
12.0,1.001175,,11,0.24677057472531758
12.0,1.001175,,11,0.24677057472531758
8.0,1.014821,,7,0.24677057472531758
15.0,0.991883,,15,0.24950103173570107
14.0,1.000293,,11,0.24950103173570107
12.0,1.000293,,11,0.24950103173570107
13.0,1.011877,,9,0.24950103173570107
14.0,0.981835,,17,0.2487256420913276
12.0,0.989498,,13,0.2506807094573376
13.0,0.990245,,13,0.2487256420913276
13.0,0.989498,,13,0.25068070945733767
13.0,1.000658,,11,0.2513822067694708
11.0,0.990245,,13,0.2487256420913276
10.0,0.997908,,9,0.2506807094573376
13.0,1.00183,,11,0.2487256420913276
13.0,1.000658,,14,0.2513822067694708
12.0,1.014005,,11,0.25183206183464624
15.0,0.992995,,15,0.24942713940346076
14.0,1.000658,,11,0.2513822067694708
12.0,1.001405,,11,0.24942713940346076
13.0,1.011817,,12,0.25208370408160397
15.0,0.986003,,15,0.24950103173570107
14.0,0.994413,,11,0.24950103173570107
12.0,0.994413,,11,0.24950103173570107
13.0,1.005997,,9,0.24950103173570107
10.0,1.004916,,10,0.2506807094573376
7.0,1.013326,,6,0.2506807094573376
15.0,0.991883,,18,0.24950103173570107
12.0,1.000293,,14,0.24950103173570107
14.0,1.000293,,14,0.24950103173570107
11.0,1.011877,,12,0.24950103173570107
12.0,1.019626,,12,0.2514780434078679
15.0,0.981835,,17,0.2487256420913276
13.0,0.989498,,13,0.2506807094573376
14.0,0.990245,,13,0.2487256420913276
12.0,0.989498,,13,0.2506807094573376
13.0,1.000658,,11,0.25138220676947076
13.0,0.990245,,13,0.2487256420913276
10.0,0.997908,,9,0.2506807094573376
14.0,1.000658,,11,0.2513822067694708
14.0,1.00183,,11,0.2487256420913276
15.0,0.991883,,18,0.24950103173570107
12.0,1.000293,,14,0.24950103173570107
14.0,1.000293,,14,0.24950103173570107
11.0,1.011877,,12,0.24950103173570107
15.0,0.992995,,15,0.24942713940346076
13.0,1.000658,,11,0.2513822067694708
13.0,1.001405,,11,0.24942713940346076
13.0,1.000658,,11,0.25138220676947076
10.0,1.011817,,5,0.25208370408160397
12.0,1.019626,,12,0.2514780434078679
14.0,0.992995,,18,0.24942713940346076
13.0,1.000658,,14,0.2513822067694708
12.0,1.001405,,14,0.24942713940346076
13.0,1.011817,,12,0.25208370408160397
11.0,1.004916,,11,0.2506807094573376
7.0,1.013326,,7,0.2506807094573376
14.0,1.006342,,15,0.24987699446863626
12.0,1.014005,,11,0.2518320618346463
12.0,1.021291,,12,0.2502093983650532
7.0,1.035645,,4,0.25208370408160397
16.0,0.984875,,22,0.24950103173570107
15.0,0.991883,,18,0.24950103173570107
14.0,0.992538,,18,0.2514560991017111
14.0,1.002585,,19,0.25223148874608453
15.0,0.992538,,18,0.2514560991017111
12.0,1.000201,,14,0.2534111664677211
15.0,1.002585,,19,0.25223148874608453
14.0,0.993285,,18,0.24950103173570107
12.0,1.000293,,14,0.24950103173570107
11.0,1.003697,,19,0.2521575964138443
13.0,1.003697,,19,0.2521575964138443
10.0,1.015619,,12,0.2534111664677211
15.0,0.992538,,18,0.25145609910171113
13.0,1.000201,,14,0.2534111664677211
13.0,1.000948,,14,0.25145609910171113
10.0,1.01136,,15,0.2541126637798543
16.0,0.996705,,16,0.2522314887460846
13.0,1.005115,,12,0.2522314887460846
15.0,0.993285,,18,0.24950103173570107
14.0,1.000293,,14,0.24950103173570107
13.0,1.000948,,14,0.2514560991017111
12.0,1.010995,,15,0.25223148874608453
15.0,1.003697,,16,0.2521575964138443
12.0,1.01136,,12,0.25411266377985425
14.0,1.004869,,16,0.24950103173570107
11.0,1.011877,,12,0.24950103173570107
13.0,1.017045,,16,0.2526074514790197
16.0,0.983826,,19,0.24677057472531758
15.0,0.992236,,15,0.24677057472531758
14.0,0.992236,,15,0.24677057472531758
14.0,1.00382,,13,0.24677057472531758
15.0,0.992236,,15,0.24677057472531758
12.0,1.000646,,11,0.24677057472531758
15.0,1.00382,,13,0.24677057472531758
14.0,0.992236,,15,0.24677057472531758
12.0,1.000646,,11,0.24677057472531758
11.0,1.00382,,13,0.24677057472531758
13.0,1.00382,,13,0.24677057472531758
10.0,1.017466,,9,0.24677057472531758
15.0,0.991489,,15,0.2487256420913276
13.0,0.999899,,11,0.2487256420913276
13.0,0.999899,,11,0.2487256420913276
10.0,1.011483,,9,0.2487256420913276
16.0,1.002648,,13,0.24942713940346076
13.0,1.011058,,9,0.24942713940346076
15.0,0.991489,,15,0.2487256420913276
14.0,0.999899,,11,0.2487256420913276
13.0,0.999899,,11,0.2487256420913276
12.0,1.011483,,9,0.2487256420913276
15.0,1.002648,,13,0.24942713940346076
12.0,1.011058,,9,0.24942713940346076
14.0,1.002648,,16,0.24942713940346076
11.0,1.011058,,12,0.24942713940346076
13.0,1.015996,,13,0.24987699446863626
10.0,1.030944,,10,0.2502093983650532
16.0,0.996528,,19,0.25001143433429507
14.0,1.004191,,15,0.2519665017003051
15.0,1.004938,,15,0.25001143433429507
15.0,1.004191,,15,0.2519665017003051
14.0,1.015351,,13,0.2526679990124382
14.0,1.004938,,15,0.25001143433429507
12.0,1.012601,,11,0.2519665017003051
13.0,1.016523,,13,0.25001143433429507
13.0,1.015351,,16,0.2526679990124383
10.0,1.028698,,13,0.25311785407761367
16.0,0.984875,,22,0.24950103173570107
15.0,0.991883,,18,0.24950103173570107
15.0,0.992538,,18,0.2514560991017111
15.0,1.002585,,19,0.25223148874608453
14.0,0.992538,,18,0.2514560991017111
12.0,1.000201,,14,0.2534111664677211
14.0,1.002585,,19,0.25223148874608453
14.0,0.993285,,18,0.24950103173570107
12.0,1.000293,,14,0.24950103173570107
13.0,1.003697,,19,0.2521575964138443
11.0,1.003697,,19,0.2521575964138443
10.0,1.015619,,12,0.2534111664677211
15.0,0.992538,,18,0.25145609910171113
13.0,1.000201,,14,0.2534111664677211
13.0,1.000948,,14,0.25145609910171113
10.0,1.01136,,15,0.2541126637798543
16.0,1.002585,,16,0.2522314887460846
13.0,1.010995,,12,0.2522314887460846
15.0,0.993285,,18,0.24950103173570107
14.0,1.000293,,14,0.24950103173570107
13.0,1.000948,,14,0.2514560991017111
12.0,1.010995,,15,0.25223148874608453
15.0,1.003697,,16,0.2521575964138443
12.0,1.01136,,12,0.25411266377985425
14.0,1.004869,,16,0.24950103173570107
11.0,1.011877,,12,0.24950103173570107
13.0,1.017045,,16,0.2526074514790197
12.0,0.997908,,14,0.25068070945733767
11.0,1.004916,,10,0.25068070945733767
11.0,1.005571,,10,0.25263577682334765
10.0,1.015619,,11,0.25341116646772116
11.0,1.005571,,10,0.2526357768233477
8.0,1.013234,,6,0.25459084418935773
10.0,1.015619,,11,0.25341116646772116
11.0,1.006318,,10,0.25068070945733767
7.0,1.013326,,6,0.25068070945733767
10.0,1.016731,,11,0.2533372741354808
10.0,1.016731,,11,0.25333727413548085
5.0,1.028652,,4,0.25459084418935773
16.0,0.983826,,19,0.24677057472531758
15.0,0.992236,,15,0.24677057472531758
15.0,0.992236,,15,0.24677057472531758
15.0,1.00382,,13,0.24677057472531758
14.0,0.992236,,15,0.24677057472531758
12.0,1.000646,,11,0.24677057472531758
14.0,1.00382,,13,0.24677057472531758
14.0,0.992236,,15,0.24677057472531758
12.0,1.000646,,11,0.24677057472531758
13.0,1.00382,,13,0.24677057472531758
11.0,1.00382,,13,0.24677057472531758
10.0,1.017466,,9,0.24677057472531758
15.0,0.991489,,15,0.2487256420913276
13.0,0.999899,,11,0.2487256420913276
13.0,0.999899,,11,0.2487256420913276
10.0,1.011483,,9,0.2487256420913276
16.0,1.002648,,13,0.24942713940346076
13.0,1.011058,,9,0.24942713940346076
15.0,0.991489,,15,0.2487256420913276
14.0,0.999899,,11,0.2487256420913276
13.0,0.999899,,11,0.2487256420913276
12.0,1.011483,,9,0.2487256420913276
15.0,1.002648,,13,0.24942713940346076
12.0,1.011058,,9,0.24942713940346076
14.0,1.002648,,16,0.24942713940346076
11.0,1.011058,,12,0.24942713940346076
13.0,1.015996,,13,0.24987699446863626
10.0,1.030944,,10,0.2502093983650532
12.0,0.995197,,15,0.24677057472531758
11.0,1.003607,,11,0.24677057472531758
11.0,1.003607,,11,0.24677057472531758
10.0,1.015191,,9,0.24677057472531758
11.0,1.003607,,11,0.24677057472531758
8.0,1.012017,,7,0.24677057472531758
10.0,1.015191,,9,0.24677057472531758
11.0,1.003607,,11,0.24677057472531758
8.0,1.012017,,7,0.24677057472531758
10.0,1.015191,,9,0.24677057472531758
10.0,1.015191,,9,0.24677057472531758
4.0,1.028837,,5,0.24677057472531758
14.0,1.009397,,16,0.2503936324568241
12.0,1.017807,,12,0.2503936324568241
12.0,1.017807,,12,0.2503936324568241
10.0,1.029392,,10,0.2503936324568241
16.0,0.996528,,19,0.25001143433429507
14.0,1.004191,,15,0.2519665017003051
15.0,1.004938,,15,0.25001143433429507
15.0,1.004191,,15,0.2519665017003051
14.0,1.015351,,13,0.25266799901243825
14.0,1.004938,,15,0.25001143433429507
12.0,1.012601,,11,0.2519665017003051
13.0,1.016523,,13,0.25001143433429507
13.0,1.015351,,16,0.25266799901243825
10.0,1.028698,,13,0.2531178540776137
14.0,1.009397,,16,0.25039363245682417
12.0,1.017807,,12,0.25039363245682417
12.0,1.017807,,12,0.25039363245682417
10.0,1.029392,,10,0.25039363245682417
10.0,1.025011,,10,0.2522314887460846
7.0,1.033421,,4,0.2522314887460846
16.0,0.984875,,19,0.24950103173570107
15.0,0.992538,,15,0.25145609910171113
15.0,0.993285,,15,0.24950103173570107
15.0,1.003697,,13,0.2521575964138442
15.0,0.991883,,15,0.24950103173570107
12.0,1.000293,,11,0.24950103173570107
14.0,1.002585,,13,0.25223148874608453
15.0,0.992538,,15,0.25145609910171113
13.0,1.000201,,11,0.25341116646772116
16.0,1.003697,,13,0.2521575964138443
15.0,0.996705,,13,0.25223148874608453
11.0,1.015619,,8,0.25341116646772116
15.0,0.993285,,15,0.24950103173570107
14.0,1.000948,,11,0.25145609910171113
14.0,1.000293,,11,0.24950103173570107
12.0,1.010995,,5,0.25223148874608453
16.0,1.004869,,13,0.24950103173570107
13.0,1.011877,,9,0.24950103173570107
15.0,0.992538,,15,0.2514560991017111
14.0,1.000201,,11,0.2534111664677211
14.0,1.000948,,11,0.2514560991017111
13.0,1.01136,,9,0.25411266377985425
16.0,1.002585,,16,0.2522314887460846
13.0,1.010995,,12,0.2522314887460846
16.0,1.003697,,13,0.2521575964138442
13.0,1.01136,,9,0.25411266377985425
11.0,1.030328,,10,0.2542085004182514
14.0,1.009397,,16,0.25039363245682417
12.0,1.017807,,12,0.25039363245682417
12.0,1.017807,,12,0.25039363245682417
10.0,1.029392,,10,0.25039363245682417
11.0,1.025011,,10,0.25223148874608453
8.0,1.033421,,4,0.25223148874608453
10.0,1.041769,,5,0.25355142226510985
15.0,0.974827,,21,0.2487256420913276
14.0,0.98249,,17,0.2506807094573376
14.0,0.983237,,17,0.2487256420913276
14.0,0.98249,,17,0.2506807094573376
15.0,0.99365,,15,0.2513822067694708
14.0,0.98249,,17,0.2506807094573376
12.0,0.990153,,13,0.2526357768233477
14.0,0.981835,,17,0.2487256420913276
12.0,0.990245,,13,0.2487256420913276
15.0,0.992538,,15,0.25145609910171113
13.0,0.98249,,17,0.25068070945733767
12.0,0.990153,,13,0.2526357768233477
14.0,0.99365,,15,0.25138220676947076
14.0,0.992538,,15,0.25145609910171113
11.0,1.005571,,10,0.2526357768233477
14.0,0.983237,,17,0.2487256420913276
13.0,0.9909,,13,0.2506807094573376
13.0,0.990245,,13,0.2487256420913276
12.0,0.9909,,13,0.25068070945733767
13.0,1.000948,,11,0.25145609910171113
15.0,0.99365,,15,0.2513822067694708
13.0,1.001313,,11,0.25333727413548085
15.0,0.994822,,15,0.2487256420913276
13.0,1.00183,,11,0.2487256420913276
15.0,0.99365,,18,0.25138220676947076
13.0,1.001313,,14,0.2533372741354808
14.0,1.006997,,15,0.25183206183464624
14.0,0.981835,,17,0.2487256420913276
13.0,0.990245,,13,0.2487256420913276
13.0,0.989498,,13,0.2506807094573376
12.0,0.989498,,13,0.25068070945733767
13.0,1.000658,,11,0.25138220676947076
11.0,0.990245,,13,0.2487256420913276
10.0,0.997908,,9,0.25068070945733767
13.0,1.00183,,11,0.2487256420913276
13.0,1.000658,,14,0.25138220676947076
12.0,1.014005,,11,0.25183206183464624
15.0,0.992538,,15,0.25145609910171113
13.0,1.000201,,11,0.25341116646772116
14.0,0.98249,,17,0.2506807094573376
12.0,0.990153,,13,0.25263577682334765
13.0,0.9909,,13,0.2506807094573376
13.0,0.990153,,13,0.25263577682334765
12.0,1.001313,,11,0.25333727413548085
13.0,0.990153,,13,0.2526357768233477
11.0,0.997816,,9,0.25459084418935773
13.0,0.989498,,13,0.2506807094573376
11.0,0.997908,,9,0.2506807094573376
12.0,1.000201,,11,0.25341116646772116
12.0,0.990153,,13,0.2526357768233477
9.0,0.997816,,9,0.25459084418935773
12.0,1.001313,,11,0.2533372741354808
12.0,1.000201,,11,0.25341116646772116
8.0,1.013234,,6,0.25459084418935773
15.0,0.99365,,15,0.2513822067694708
14.0,1.001313,,11,0.2533372741354808
14.0,1.000658,,11,0.2513822067694708
13.0,1.001313,,11,0.25333727413548085
13.0,1.01136,,9,0.2541126637798543
15.0,0.986658,,15,0.25145609910171113
14.0,0.995068,,11,0.25145609910171113
14.0,0.994321,,11,0.2534111664677211
13.0,0.994321,,11,0.25341116646772116
13.0,1.00548,,9,0.25411266377985425
10.0,1.005571,,10,0.25263577682334765
8.0,1.013234,,6,0.25459084418935773
15.0,0.992538,,18,0.2514560991017111
13.0,1.000948,,14,0.2514560991017111
13.0,1.000201,,14,0.2534111664677211
10.0,1.01136,,15,0.2541126637798543
12.0,1.020281,,12,0.2534331107738779
15.0,0.991489,,15,0.2487256420913276
13.0,0.999899,,11,0.2487256420913276
13.0,0.999899,,11,0.2487256420913276
10.0,1.011483,,5,0.2487256420913276
12.0,1.018652,,12,0.25351018228164696
14.0,1.004191,,15,0.25196650170030516
12.0,1.012601,,11,0.25196650170030516
7.0,1.034472,,4,0.25459084418935773
16.0,0.985987,,19,0.24942713940346076
15.0,0.99365,,15,0.2513822067694708
14.0,0.994397,,15,0.24942713940346076
15.0,0.99365,,15,0.25138220676947076
14.0,1.004809,,13,0.25208370408160397
14.0,0.99365,,15,0.25138220676947076
12.0,1.001313,,11,0.2533372741354808
15.0,0.992995,,15,0.24942713940346076
12.0,1.001405,,11,0.24942713940346076
14.0,1.003697,,13,0.2521575964138442
14.0,0.99365,,15,0.25138220676947076
12.0,1.001313,,11,0.2533372741354808
11.0,1.004809,,13,0.25208370408160397
14.0,1.003697,,13,0.2521575964138442
10.0,1.016731,,8,0.2533372741354808
15.0,0.992995,,15,0.24942713940346076
13.0,1.001405,,11,0.24942713940346076
13.0,1.000658,,11,0.25138220676947076
13.0,1.000658,,11,0.25138220676947076
10.0,1.011817,,5,0.25208370408160397
16.0,1.003697,,13,0.2521575964138442
13.0,1.01136,,9,0.25411266377985425
15.0,1.003697,,16,0.2521575964138443
12.0,1.01136,,12,0.2541126637798543
15.0,1.002648,,13,0.24942713940346076
12.0,1.011058,,9,0.24942713940346076
14.0,1.015351,,13,0.2526679990124383
16.0,0.999334,,19,0.2498769944686363
15.0,1.006997,,15,0.25183206183464624
15.0,1.006342,,15,0.2498769944686363
14.0,1.006997,,15,0.25183206183464624
14.0,1.017045,,13,0.2526074514790197
14.0,1.006342,,15,0.2498769944686363
12.0,1.014005,,11,0.25183206183464624
13.0,1.017045,,16,0.25260745147901975
13.0,1.015996,,13,0.2498769944686363
10.0,1.028698,,13,0.2531178540776138
16.0,0.984875,,19,0.24950103173570107
15.0,0.992538,,15,0.25145609910171113
15.0,0.993285,,15,0.24950103173570107
14.0,0.992538,,15,0.2514560991017111
14.0,1.003697,,13,0.2521575964138442
15.0,0.992538,,15,0.25145609910171113
12.0,1.000201,,11,0.25341116646772116
14.0,0.991883,,15,0.24950103173570107
12.0,1.000293,,11,0.24950103173570107
14.0,1.002585,,13,0.25223148874608453
14.0,0.992538,,15,0.25145609910171113
12.0,1.000201,,11,0.25341116646772116
14.0,1.003697,,13,0.2521575964138442
11.0,1.002585,,13,0.2522314887460846
10.0,1.015619,,8,0.25341116646772116
15.0,0.993285,,15,0.24950103173570107
13.0,1.000948,,11,0.2514560991017111
13.0,1.000293,,11,0.24950103173570107
13.0,1.000948,,11,0.25145609910171113
10.0,1.010995,,5,0.2522314887460846
16.0,1.003697,,13,0.2521575964138442
13.0,1.01136,,9,0.2541126637798543
15.0,1.004869,,13,0.24950103173570107
12.0,1.011877,,9,0.24950103173570107
15.0,1.003697,,16,0.2521575964138442
12.0,1.01136,,12,0.25411266377985425
14.0,1.017045,,13,0.2526074514790197
16.0,0.996528,,19,0.2500114343342951
15.0,1.004938,,15,0.2500114343342951
15.0,1.004191,,15,0.2519665017003052
14.0,1.004191,,15,0.25196650170030516
14.0,1.015351,,13,0.2526679990124383
14.0,1.004938,,15,0.2500114343342951
12.0,1.012601,,11,0.25196650170030516
13.0,1.016523,,13,0.2500114343342951
13.0,1.015351,,16,0.2526679990124383
10.0,1.028698,,13,0.2531178540776138
12.0,0.997908,,14,0.2506807094573376
11.0,1.005571,,10,0.25263577682334765
11.0,1.006318,,10,0.2506807094573376
11.0,1.005571,,10,0.25263577682334765
10.0,1.016731,,8,0.25333727413548085
11.0,1.005571,,10,0.2526357768233477
8.0,1.013234,,6,0.25459084418935773
11.0,1.004916,,10,0.2506807094573376
8.0,1.013326,,6,0.2506807094573376
10.0,1.015619,,8,0.25341116646772116
11.0,1.005571,,10,0.2526357768233477
8.0,1.013234,,6,0.25459084418935773
10.0,1.016731,,8,0.2533372741354808
10.0,1.015619,,8,0.25341116646772116
5.0,1.028652,,3,0.25459084418935773
10.0,1.026809,,10,0.25263577682334765
7.0,1.034472,,5,0.25459084418935773
16.0,0.985987,,19,0.24942713940346076
15.0,0.99365,,15,0.2513822067694708
15.0,0.994397,,15,0.24942713940346076
15.0,1.004809,,13,0.25208370408160397
15.0,0.992995,,15,0.24942713940346076
12.0,1.001405,,11,0.24942713940346076
16.0,1.003697,,13,0.2521575964138442
15.0,0.99365,,15,0.2513822067694708
13.0,1.001313,,11,0.25333727413548085
14.0,1.004809,,13,0.25208370408160397
15.0,0.997817,,13,0.2521575964138442
11.0,1.016731,,8,0.25333727413548085
15.0,0.99365,,15,0.25138220676947076
14.0,1.000658,,11,0.25138220676947076
14.0,1.001313,,11,0.2533372741354808
13.0,1.00548,,9,0.25411266377985425
15.0,0.992995,,15,0.24942713940346076
14.0,1.001405,,11,0.24942713940346076
14.0,1.000658,,11,0.2513822067694708
12.0,1.011817,,5,0.25208370408160397
16.0,1.003697,,13,0.2521575964138443
13.0,1.01136,,9,0.2541126637798543
16.0,1.004809,,16,0.25208370408160397
13.0,1.011817,,12,0.25208370408160397
16.0,1.002648,,13,0.24942713940346076
13.0,1.011058,,9,0.24942713940346076
11.0,1.029811,,10,0.2542116795937801
14.0,1.014283,,16,0.2502093983650532
12.0,1.021291,,12,0.2502093983650532
12.0,1.021291,,12,0.2502093983650532
10.0,1.030944,,10,0.2502093983650532
11.0,1.028637,,10,0.25208370408160397
8.0,1.035645,,4,0.25208370408160397
10.0,1.043738,,5,0.25347349980319206
16.0,0.984875,,19,0.24950103173570107
15.0,0.992538,,15,0.25145609910171113
15.0,0.993285,,15,0.24950103173570107
16.0,1.003697,,13,0.2521575964138442
15.0,0.991883,,15,0.24950103173570107
12.0,1.000293,,11,0.24950103173570107
15.0,1.002585,,13,0.25223148874608453
15.0,0.992538,,15,0.25145609910171113
13.0,1.000201,,11,0.25341116646772116
15.0,1.003697,,13,0.2521575964138443
14.0,0.996705,,13,0.25223148874608453
11.0,1.015619,,8,0.25341116646772116
15.0,0.993285,,15,0.24950103173570107
14.0,1.000293,,11,0.24950103173570107
14.0,1.000948,,11,0.25145609910171113
12.0,1.005115,,5,0.25223148874608453
15.0,0.992538,,15,0.2514560991017111
14.0,1.000948,,11,0.2514560991017111
14.0,1.000201,,11,0.2534111664677211
13.0,1.01136,,9,0.25411266377985425
16.0,1.003697,,13,0.2521575964138442
13.0,1.01136,,9,0.25411266377985425
16.0,1.004869,,13,0.24950103173570107
13.0,1.011877,,9,0.24950103173570107
16.0,1.002585,,16,0.2522314887460846
13.0,1.010995,,12,0.2522314887460846
11.0,1.030328,,10,0.2542085004182514
14.0,1.009397,,16,0.25039363245682417
12.0,1.017807,,12,0.25039363245682417
12.0,1.017807,,12,0.25039363245682417
10.0,1.029392,,10,0.25039363245682417
11.0,1.025011,,10,0.25223148874608453
8.0,1.033421,,4,0.25223148874608453
10.0,1.041769,,5,0.25355142226510985
11.0,0.997908,,14,0.25068070945733767
10.0,1.005571,,10,0.2526357768233477
10.0,1.006318,,10,0.25068070945733767
11.0,1.016731,,8,0.25333727413548085
10.0,1.004916,,10,0.25068070945733767
7.0,1.013326,,6,0.25068070945733767
11.0,1.015619,,8,0.25341116646772116
10.0,1.005571,,10,0.2526357768233477
8.0,1.013234,,6,0.25459084418935773
11.0,1.016731,,8,0.25333727413548085
11.0,1.009739,,8,0.25341116646772116
5.0,1.028652,,3,0.25459084418935773
14.0,1.012618,,16,0.25147804340786795
12.0,1.019626,,12,0.25147804340786795
12.0,1.020281,,12,0.253433110773878
11.0,1.024448,,10,0.25420850041825144
14.0,1.010989,,16,0.2515551149156369
12.0,1.019399,,12,0.2515551149156369
12.0,1.018652,,12,0.25351018228164696
11.0,1.029811,,10,0.2542116795937801
10.0,1.026809,,10,0.2526357768233477
7.0,1.034472,,6,0.25459084418935773
14.0,1.012618,,16,0.25147804340786795
12.0,1.020281,,12,0.253433110773878
12.0,1.019626,,12,0.25147804340786795
11.0,1.030328,,10,0.25420850041825144
10.0,1.028637,,10,0.25208370408160397
7.0,1.035645,,4,0.25208370408160397
10.0,1.043738,,5,0.25347349980319206
14.0,1.010989,,16,0.2515551149156369
12.0,1.018652,,12,0.25351018228164696
12.0,1.019399,,12,0.2515551149156369
11.0,1.029811,,10,0.2542116795937801
10.0,1.025011,,10,0.2522314887460846
7.0,1.033421,,4,0.2522314887460846
10.0,1.041769,,5,0.25355142226510985
10.0,1.026809,,10,0.2526357768233477
7.0,1.034472,,6,0.25459084418935773
10.0,1.043738,,5,0.25347349980319206
10.0,1.041769,,5,0.25355142226510985
2.0,1.059488,,2,0.25459084418935773
15.0,1.039756,,20,0.26923031951658744
14.0,1.047419,,16,0.27118538688259747
15.0,1.048166,,16,0.26923031951658744
15.0,1.047419,,16,0.27118538688259747
16.0,1.058579,,14,0.2718868841947306
15.0,1.047419,,16,0.27118538688259747
14.0,1.055082,,12,0.2731404542486075
15.0,1.046764,,16,0.26923031951658744
14.0,1.055174,,12,0.26923031951658744
16.0,1.057466,,14,0.2719607765269709
14.0,1.047419,,16,0.27118538688259747
13.0,1.055082,,12,0.2731404542486075
16.0,1.058579,,14,0.2718868841947306
16.0,1.057466,,14,0.2719607765269709
13.0,1.0705,,9,0.2731404542486075
14.0,1.048166,,16,0.26923031951658744
13.0,1.055829,,12,0.27118538688259747
14.0,1.055829,,12,0.27118538688259747
14.0,1.055174,,12,0.26923031951658744
15.0,1.065876,,10,0.2719607765269709
16.0,1.059751,,14,0.26923031951658744
15.0,1.066759,,10,0.26923031951658744
16.0,1.058579,,17,0.2718868841947306
15.0,1.066242,,13,0.27384195156074065
16.0,1.071926,,14,0.2723367392599061
15.0,1.058579,,14,0.2718868841947306
14.0,1.066242,,10,0.27384195156074065
14.0,1.047419,,16,0.27118538688259747
13.0,1.055082,,12,0.2731404542486075
14.0,1.055829,,12,0.27118538688259747
14.0,1.055082,,12,0.2731404542486075
14.0,1.066242,,10,0.27384195156074065
14.0,1.055082,,12,0.2731404542486075
13.0,1.062745,,8,0.27509552161461753
14.0,1.054427,,12,0.27118538688259747
13.0,1.062837,,8,0.27118538688259747
14.0,1.065129,,10,0.27391584389298096
13.0,1.055082,,12,0.2731404542486075
11.0,1.062745,,8,0.27509552161461753
14.0,1.066242,,10,0.27384195156074065
14.0,1.065129,,10,0.27391584389298096
10.0,1.078163,,5,0.27509552161461753
15.0,1.058579,,14,0.2718868841947306
14.0,1.066242,,10,0.27384195156074065
15.0,1.066242,,10,0.27384195156074065
15.0,1.065587,,10,0.2718868841947306
14.0,1.076289,,8,0.2746173412051141
14.0,1.046764,,16,0.26923031951658744
13.0,1.054427,,12,0.27118538688259747
14.0,1.055174,,12,0.26923031951658744
14.0,1.054427,,12,0.27118538688259747
15.0,1.065587,,10,0.2718868841947306
11.0,1.055174,,12,0.26923031951658744
10.0,1.062837,,8,0.27118538688259747
13.0,1.066759,,10,0.26923031951658744
13.0,1.065587,,13,0.2718868841947306
13.0,1.078934,,10,0.2723367392599061
16.0,1.057466,,17,0.2719607765269709
15.0,1.065129,,13,0.27391584389298096
13.0,1.065876,,13,0.2719607765269709
11.0,1.076289,,14,0.2746173412051141
16.0,1.056417,,14,0.26923031951658744
15.0,1.064827,,10,0.26923031951658744
13.0,1.064827,,10,0.26923031951658744
11.0,1.076412,,4,0.26923031951658744
16.0,1.06912,,14,0.27247117912556496
13.0,1.07753,,10,0.27247117912556496
15.0,1.057466,,14,0.2719607765269709
14.0,1.065129,,10,0.27391584389298096
15.0,1.065876,,10,0.2719607765269709
15.0,1.065129,,10,0.27391584389298096
14.0,1.076289,,8,0.2746173412051141
15.0,1.057466,,14,0.2719607765269709
14.0,1.065129,,10,0.27391584389298096
10.0,1.0705,,9,0.2731404542486075
8.0,1.078163,,5,0.27509552161461753
12.0,1.08521,,11,0.2739377881991378
12.0,1.083581,,11,0.2740148597069068
8.0,1.099401,,3,0.27509552161461753
15.0,1.039756,,20,0.26923031951658744
14.0,1.047419,,16,0.27118538688259747
15.0,1.048166,,16,0.26923031951658744
15.0,1.047419,,16,0.27118538688259747
16.0,1.058579,,14,0.2718868841947306
15.0,1.047419,,16,0.27118538688259747
14.0,1.055082,,12,0.2731404542486075
15.0,1.046764,,16,0.26923031951658744
14.0,1.055174,,12,0.26923031951658744
16.0,1.057466,,14,0.2719607765269709
14.0,1.047419,,16,0.27118538688259747
13.0,1.055082,,12,0.2731404542486075
16.0,1.058579,,14,0.2718868841947306
16.0,1.057466,,14,0.2719607765269709
13.0,1.0705,,9,0.2731404542486075
14.0,1.048166,,16,0.26923031951658744
13.0,1.055829,,12,0.27118538688259747
14.0,1.055829,,12,0.27118538688259747
14.0,1.055174,,12,0.26923031951658744
15.0,1.065876,,10,0.2719607765269709
16.0,1.059751,,14,0.26923031951658744
15.0,1.066759,,10,0.26923031951658744
16.0,1.058579,,17,0.2718868841947306
15.0,1.066242,,13,0.27384195156074065
16.0,1.071926,,14,0.2723367392599061
15.0,1.058579,,14,0.2718868841947306
14.0,1.066242,,10,0.27384195156074065
14.0,1.046764,,16,0.26923031951658744
13.0,1.054427,,12,0.27118538688259747
14.0,1.055174,,12,0.26923031951658744
14.0,1.054427,,12,0.27118538688259747
15.0,1.065587,,10,0.2718868841947306
11.0,1.055174,,12,0.26923031951658744
10.0,1.062837,,8,0.27118538688259747
13.0,1.066759,,10,0.26923031951658744
13.0,1.065587,,13,0.2718868841947306
13.0,1.078934,,10,0.2723367392599061
16.0,1.057466,,17,0.2719607765269709
15.0,1.065129,,13,0.27391584389298096
13.0,1.065876,,13,0.2719607765269709
11.0,1.076289,,14,0.2746173412051141
16.0,1.056417,,14,0.26923031951658744
15.0,1.064827,,10,0.26923031951658744
13.0,1.064827,,10,0.26923031951658744
11.0,1.076412,,4,0.26923031951658744
16.0,1.06912,,14,0.27247117912556496
13.0,1.07753,,10,0.27247117912556496
15.0,1.057466,,14,0.2719607765269709
14.0,1.065129,,10,0.27391584389298096
14.0,1.047419,,16,0.27118538688259747
13.0,1.055082,,12,0.2731404542486075
14.0,1.055829,,12,0.27118538688259747
14.0,1.055082,,12,0.2731404542486075
14.0,1.066242,,10,0.27384195156074065
14.0,1.055082,,12,0.2731404542486075
13.0,1.062745,,8,0.27509552161461753
14.0,1.054427,,12,0.27118538688259747
13.0,1.062837,,8,0.27118538688259747
14.0,1.065129,,10,0.27391584389298096
13.0,1.055082,,12,0.2731404542486075
11.0,1.062745,,8,0.27509552161461753
14.0,1.066242,,10,0.27384195156074065
14.0,1.065129,,10,0.27391584389298096
10.0,1.078163,,5,0.27509552161461753
15.0,1.058579,,14,0.2718868841947306
14.0,1.066242,,10,0.27384195156074065
15.0,1.066242,,10,0.27384195156074065
15.0,1.065587,,10,0.2718868841947306
14.0,1.076289,,8,0.2746173412051141
15.0,1.057466,,14,0.2719607765269709
14.0,1.065129,,10,0.27391584389298096
15.0,1.065876,,10,0.2719607765269709
15.0,1.065129,,10,0.27391584389298096
14.0,1.076289,,8,0.2746173412051141
10.0,1.0705,,9,0.2731404542486075
8.0,1.078163,,5,0.27509552161461753
12.0,1.08521,,11,0.2739377881991378
12.0,1.083581,,11,0.2740148597069068
8.0,1.099401,,3,0.27509552161461753
11.0,1.112436,,13,0.28684923260193296
10.0,1.120099,,9,0.288804299967943
10.0,1.120846,,9,0.28684923260193296
11.0,1.131258,,7,0.28950579728007614
10.0,1.119444,,9,0.28684923260193296
7.0,1.127854,,5,0.28684923260193296
11.0,1.130146,,7,0.28957968961231645
10.0,1.120099,,9,0.288804299967943
9.0,1.127762,,5,0.290759367333953
11.0,1.131258,,7,0.28950579728007614
11.0,1.130146,,7,0.28957968961231645
6.0,1.14318,,2,0.290759367333953
15.0,0.09412,,23,0.032968416170419505
13.0,0.10253,,19,0.032968416170419505
13.0,0.101782,,19,0.03492348353642953
12.0,0.112942,,20,0.035624980848562686
14.0,0.101782,,19,0.03492348353642953
11.0,0.109445,,15,0.036878550902439564
13.0,0.112942,,20,0.035624980848562686
14.0,0.101128,,19,0.032968416170419505
11.0,0.109538,,15,0.032968416170419505
13.0,0.11183,,20,0.035698873180803004
14.0,0.11183,,20,0.035698873180803004
9.0,0.124863,,12,0.036878550902439564
14.0,0.16458,,17,0.05256197397008914
12.0,0.171588,,13,0.05256197397008914
11.0,0.194918,,18,0.06659418663383927
12.0,0.194918,,18,0.06659418663383927
12.0,0.189952,,18,0.07131780747517234
13.0,0.189952,,18,0.07131780747517234
10.0,0.225289,,15,0.07838122938079495
15.0,0.10253,,19,0.032968416170419505
12.0,0.110192,,15,0.03492348353642953
14.0,0.109538,,15,0.032968416170419505
12.0,0.12024,,16,0.035698873180803004
12.0,0.198362,,14,0.07131780747517234
14.0,0.114114,,17,0.032968416170419505
12.0,0.121122,,13,0.032968416170419505
13.0,0.199885,,15,0.060052000230201005
12.0,0.206893,,11,0.060052000230201005
14.0,0.101782,,19,0.03492348353642953
12.0,0.110192,,15,0.03492348353642953
12.0,0.109445,,15,0.036878550902439564
11.0,0.120605,,16,0.03758004821457271
13.0,0.172243,,13,0.054517041336099165
10.0,0.202581,,14,0.06854925399984929
15.0,0.112942,,17,0.035624980848562686
12.0,0.120605,,13,0.03758004821457271
14.0,0.126289,,17,0.03607483591373819
16.0,0.11183,,17,0.035698873180803004
13.0,0.12024,,13,0.035698873180803004
13.0,0.18229,,11,0.05529243098047264
15.0,0.089261,,20,0.02292558879371627
13.0,0.097671,,16,0.02292558879371627
13.0,0.097671,,16,0.02292558879371627
12.0,0.109256,,14,0.02292558879371627
14.0,0.097671,,16,0.02292558879371627
11.0,0.106081,,12,0.02292558879371627
13.0,0.109256,,14,0.02292558879371627
14.0,0.097671,,16,0.02292558879371627
11.0,0.106081,,12,0.02292558879371627
13.0,0.109256,,14,0.02292558879371627
14.0,0.109256,,14,0.02292558879371627
9.0,0.122901,,10,0.02292558879371627
15.0,0.096924,,16,0.0248806561597263
12.0,0.105334,,12,0.0248806561597263
14.0,0.105334,,12,0.0248806561597263
12.0,0.116918,,10,0.0248806561597263
14.0,0.108084,,17,0.025582153471859444
12.0,0.116494,,13,0.025582153471859444
14.0,0.096924,,16,0.0248806561597263
12.0,0.105334,,12,0.0248806561597263
12.0,0.105334,,12,0.0248806561597263
11.0,0.116918,,6,0.0248806561597263
15.0,0.108084,,14,0.025582153471859444
12.0,0.116494,,10,0.025582153471859444
14.0,0.121431,,14,0.026032008537034947
16.0,0.108084,,14,0.025582153471859447
13.0,0.116494,,10,0.025582153471859447
10.0,0.13638,,11,0.02636441243345188
13.0,0.159722,,14,0.04251914659338591
11.0,0.168132,,10,0.04251914659338591
12.0,0.167385,,10,0.04447421395939593
13.0,0.178544,,8,0.04517571127152908
11.0,0.195026,,12,0.05000917285349777
9.0,0.202689,,4,0.0519642402195078
12.0,0.195026,,12,0.05000917285349777
12.0,0.195026,,12,0.05000917285349777
11.0,0.202689,,8,0.05196424021950779
13.0,0.195026,,12,0.05000917285349778
10.0,0.230379,,7,0.056863686588082954
13.0,0.190059,,15,0.056551359257136044
12.0,0.198469,,11,0.056551359257136044
11.0,0.260798,,9,0.06997396247414406
15.0,0.128824,,16,0.04651982922257724
14.0,0.136487,,12,0.048474896588587266
14.0,0.137234,,12,0.04651982922257724
14.0,0.136487,,12,0.048474896588587266
14.0,0.147646,,10,0.049176393900720414
14.0,0.136487,,12,0.04847489658858727
11.0,0.14415,,7,0.0504299639545973
14.0,0.135832,,12,0.04651982922257724
11.0,0.144242,,8,0.04651982922257724
14.0,0.146534,,7,0.04925028623296074
14.0,0.136487,,12,0.04847489658858727
13.0,0.14415,,7,0.0504299639545973
13.0,0.147646,,10,0.04917639390072042
14.0,0.146534,,7,0.04925028623296074
10.0,0.159568,,4,0.050429963954597305
10.0,0.259993,,7,0.09193264243295274
15.0,1.112436,,13,0.2868492326019329
14.0,1.120099,,9,0.28880429996794293
14.0,1.120846,,9,0.2868492326019329
14.0,1.120099,,9,0.28880429996794293
13.0,1.131258,,7,0.2895057972800761
14.0,1.120099,,9,0.288804299967943
11.0,1.127762,,5,0.29075936733395297
14.0,1.119444,,9,0.2868492326019329
11.0,1.127854,,5,0.2868492326019329
13.0,1.130146,,7,0.2895796896123164
14.0,1.120099,,9,0.28880429996794293
11.0,1.127762,,5,0.29075936733395297
13.0,1.131258,,7,0.2895057972800761
13.0,1.130146,,7,0.2895796896123164
8.0,1.14318,,2,0.29075936733395297
9.0,1.185203,,9,0.302658021083125
6.0,1.192866,,3,0.30461308844913504
15.0,0.09412,,23,0.032968416170419505
13.0,0.10253,,19,0.032968416170419505
14.0,0.101782,,19,0.03492348353642953
13.0,0.112942,,20,0.035624980848562686
13.0,0.101782,,19,0.03492348353642953
11.0,0.109445,,15,0.036878550902439564
12.0,0.112942,,20,0.035624980848562686
14.0,0.101128,,19,0.032968416170419505
11.0,0.109538,,15,0.032968416170419505
14.0,0.11183,,20,0.035698873180803004
13.0,0.11183,,20,0.035698873180803004
9.0,0.124863,,12,0.036878550902439564
14.0,0.16458,,17,0.05256197397008914
12.0,0.171588,,13,0.05256197397008914
12.0,0.194918,,18,0.06659418663383927
11.0,0.194918,,18,0.06659418663383927
13.0,0.189952,,18,0.07131780747517234
12.0,0.189952,,18,0.07131780747517234
10.0,0.225289,,15,0.07838122938079495
15.0,0.10253,,19,0.032968416170419505
12.0,0.110192,,15,0.03492348353642953
14.0,0.109538,,15,0.032968416170419505
12.0,0.12024,,16,0.035698873180803004
12.0,0.198362,,14,0.07131780747517234
14.0,0.114114,,17,0.032968416170419505
12.0,0.121122,,13,0.032968416170419505
13.0,0.199885,,15,0.060052000230201005
12.0,0.206893,,11,0.060052000230201005
14.0,0.101782,,19,0.03492348353642954
12.0,0.110192,,15,0.03492348353642954
12.0,0.109445,,15,0.036878550902439564
11.0,0.120605,,16,0.03758004821457271
13.0,0.172243,,13,0.054517041336099165
10.0,0.202581,,14,0.06854925399984929
15.0,0.112942,,17,0.035624980848562686
12.0,0.120605,,13,0.03758004821457271
14.0,0.126289,,17,0.03607483591373819
16.0,0.11183,,17,0.035698873180803004
13.0,0.12024,,13,0.035698873180803004
13.0,0.18229,,11,0.05529243098047264
15.0,0.098979,,23,0.04083682294822782
14.0,0.107389,,19,0.04083682294822782
13.0,0.106642,,19,0.04279189031423784
13.0,0.117802,,20,0.043493387626371
14.0,0.106642,,19,0.04279189031423784
11.0,0.114305,,15,0.04474695768024787
14.0,0.117802,,20,0.043493387626371
13.0,0.105987,,19,0.04083682294822782
11.0,0.114397,,15,0.04083682294822782
12.0,0.116689,,20,0.04356727995861131
13.0,0.116689,,20,0.04356727995861131
9.0,0.129723,,12,0.04474695768024787
14.0,0.106642,,19,0.04279189031423784
12.0,0.114305,,15,0.04474695768024787
12.0,0.11365,,15,0.04279189031423784
11.0,0.124352,,16,0.045522347324621334
16.0,0.117802,,17,0.043493387626371
13.0,0.12481,,13,0.043493387626371
15.0,0.105987,,19,0.04083682294822782
14.0,0.114397,,15,0.04083682294822782
12.0,0.11365,,15,0.04279189031423784
12.0,0.12481,,16,0.043493387626371
15.0,0.116689,,17,0.043567279958611316
12.0,0.124352,,13,0.04552234732462134
14.0,0.11564,,17,0.04083682294822782
12.0,0.12405,,13,0.04083682294822782
14.0,0.128343,,17,0.04407768255720533
15.0,0.16944,,17,0.06043038074789745
14.0,0.176448,,13,0.06043038074789745
13.0,0.176448,,13,0.06043038074789745
13.0,0.186101,,11,0.06043038074789745
12.0,0.199777,,18,0.0744625934116476
12.0,0.206785,,14,0.0744625934116476
13.0,0.199777,,18,0.0744625934116476
11.0,0.194812,,18,0.07918621425298067
10.0,0.202475,,14,0.0811412816189907
12.0,0.194812,,18,0.07918621425298067
10.0,0.230149,,15,0.08624963615860327
13.0,0.138563,,20,0.05990041121172105
12.0,0.145571,,16,0.05990041121172105
12.0,0.145571,,16,0.05990041121172105
11.0,0.155224,,14,0.05990041121172105
12.0,0.145571,,16,0.05990041121172105
9.0,0.152579,,12,0.05990041121172105
11.0,0.155224,,14,0.05990041121172105
12.0,0.145571,,16,0.05990041121172105
9.0,0.152579,,12,0.05990041121172105
11.0,0.155224,,14,0.05990041121172105
11.0,0.155224,,14,0.05990041121172105
6.0,0.166595,,10,0.05990041121172105
7.0,0.259789,,18,0.11310670734286238
15.0,0.098979,,23,0.04083682294822782
14.0,0.107389,,19,0.04083682294822782
14.0,0.106642,,19,0.04279189031423784
14.0,0.117802,,20,0.043493387626371
13.0,0.106642,,19,0.04279189031423784
11.0,0.114305,,15,0.04474695768024787
13.0,0.117802,,20,0.043493387626371
13.0,0.105987,,19,0.04083682294822782
11.0,0.114397,,15,0.04083682294822782
13.0,0.116689,,20,0.04356727995861131
12.0,0.116689,,20,0.04356727995861131
9.0,0.129723,,12,0.04474695768024787
14.0,0.106642,,19,0.04279189031423784
12.0,0.114305,,15,0.04474695768024787
12.0,0.11365,,15,0.04279189031423784
11.0,0.124352,,16,0.045522347324621334
16.0,0.117802,,17,0.043493387626371
13.0,0.12481,,13,0.043493387626371
15.0,0.105987,,19,0.04083682294822782
14.0,0.114397,,15,0.04083682294822782
12.0,0.11365,,15,0.04279189031423784
12.0,0.12481,,16,0.043493387626371
15.0,0.116689,,17,0.043567279958611316
12.0,0.124352,,13,0.04552234732462134
14.0,0.11564,,17,0.04083682294822782
12.0,0.12405,,13,0.04083682294822782
14.0,0.128343,,17,0.04407768255720533
15.0,0.16944,,17,0.06043038074789745
14.0,0.176448,,13,0.06043038074789745
13.0,0.176448,,13,0.06043038074789745
13.0,0.186101,,11,0.06043038074789745
13.0,0.199777,,18,0.0744625934116476
12.0,0.199777,,18,0.0744625934116476
12.0,0.206785,,14,0.0744625934116476
12.0,0.194812,,18,0.07918621425298067
11.0,0.194812,,18,0.07918621425298067
10.0,0.202475,,14,0.0811412816189907
10.0,0.230149,,15,0.08624963615860327
13.0,0.128824,,20,0.04651982922257725
12.0,0.137234,,16,0.04651982922257725
12.0,0.136487,,16,0.04847489658858727
11.0,0.147646,,17,0.04917639390072043
12.0,0.136487,,16,0.04847489658858727
9.0,0.14415,,12,0.0504299639545973
11.0,0.147646,,17,0.04917639390072043
12.0,0.135832,,16,0.04651982922257725
8.0,0.144242,,12,0.04651982922257725
11.0,0.146534,,17,0.04925028623296074
11.0,0.146534,,17,0.04925028623296074
6.0,0.159568,,9,0.0504299639545973
12.0,0.199285,,14,0.06611338702224688
9.0,0.206293,,10,0.06611338702224688
10.0,0.229622,,15,0.08014559968599702
10.0,0.229622,,15,0.08014559968599702
10.0,0.224656,,15,0.08486922052733009
10.0,0.224656,,15,0.08486922052733009
6.0,0.259993,,18,0.0919326424329527
13.0,1.123652,,15,0.2894826894151673
12.0,1.13066,,11,0.2894826894151673
12.0,1.13066,,11,0.2894826894151673
11.0,1.140313,,9,0.2894826894151673
12.0,1.13066,,11,0.2894826894151673
9.0,1.137668,,7,0.2894826894151673
11.0,1.140313,,9,0.2894826894151673
12.0,1.13066,,11,0.2894826894151673
9.0,1.137668,,7,0.2894826894151673
11.0,1.140313,,9,0.2894826894151673
11.0,1.140313,,9,0.2894826894151673
5.0,1.151684,,3,0.2894826894151673
13.0,1.112436,,13,0.2868492326019329
12.0,1.120846,,9,0.2868492326019329
12.0,1.120099,,9,0.28880429996794293
11.0,1.131258,,10,0.2895057972800761
12.0,1.120099,,9,0.28880429996794293
9.0,1.127762,,5,0.29075936733395297
11.0,1.131258,,10,0.2895057972800761
12.0,1.119444,,9,0.2868492326019329
8.0,1.127854,,5,0.2868492326019329
11.0,1.130146,,10,0.2895796896123164
11.0,1.130146,,10,0.2895796896123164
6.0,1.14318,,2,0.29075936733395297
12.0,1.190818,,9,0.30386727043594086
9.0,1.197826,,3,0.30386727043594086
13.0,1.190818,,9,0.30386727043594086
10.0,1.197826,,3,0.30386727043594086
15.0,0.089261,,20,0.02292558879371627
13.0,0.097671,,16,0.02292558879371627
14.0,0.097671,,16,0.02292558879371627
13.0,0.109256,,14,0.02292558879371627
13.0,0.097671,,16,0.02292558879371627
11.0,0.106081,,12,0.02292558879371627
12.0,0.109256,,14,0.02292558879371627
14.0,0.097671,,16,0.02292558879371627
11.0,0.106081,,12,0.02292558879371627
14.0,0.109256,,14,0.02292558879371627
13.0,0.109256,,14,0.02292558879371627
9.0,0.122901,,10,0.02292558879371627
15.0,0.096924,,16,0.0248806561597263
12.0,0.105334,,12,0.0248806561597263
14.0,0.105334,,12,0.0248806561597263
12.0,0.116918,,10,0.0248806561597263
14.0,0.108084,,17,0.025582153471859444
12.0,0.116494,,13,0.025582153471859444
14.0,0.096924,,16,0.0248806561597263
12.0,0.105334,,12,0.0248806561597263
12.0,0.105334,,12,0.0248806561597263
11.0,0.116918,,8,0.0248806561597263
15.0,0.108084,,14,0.025582153471859444
12.0,0.116494,,10,0.025582153471859444
14.0,0.121431,,14,0.026032008537034947
16.0,0.108084,,14,0.025582153471859447
13.0,0.116494,,10,0.025582153471859447
10.0,0.13638,,11,0.02636441243345188
13.0,0.159722,,14,0.04251914659338591
12.0,0.167385,,10,0.04447421395939593
11.0,0.168132,,10,0.04251914659338591
13.0,0.178544,,8,0.04517571127152908
12.0,0.195026,,12,0.05000917285349777
13.0,0.190059,,15,0.056551359257136044
12.0,0.198469,,11,0.056551359257136044
11.0,0.195026,,12,0.05000917285349777
9.0,0.202689,,4,0.0519642402195078
13.0,0.195026,,12,0.05000917285349777
12.0,0.195026,,12,0.05000917285349778
11.0,0.202689,,8,0.051964240219507796
10.0,0.230379,,7,0.056863686588082954
11.0,0.260798,,9,0.06997396247414404
15.0,0.089261,,20,0.022925588793716246
14.0,0.097671,,16,0.022925588793716246
13.0,0.097671,,16,0.022925588793716246
13.0,0.109256,,14,0.022925588793716246
14.0,0.097671,,16,0.022925588793716246
11.0,0.106081,,12,0.022925588793716246
14.0,0.109256,,14,0.022925588793716246
13.0,0.097671,,16,0.022925588793716246
11.0,0.106081,,12,0.022925588793716246
12.0,0.109256,,14,0.022925588793716246
13.0,0.109256,,14,0.022925588793716246
9.0,0.122901,,10,0.022925588793716246
14.0,0.096924,,16,0.02488065615972627
12.0,0.105334,,12,0.02488065615972627
12.0,0.105334,,12,0.02488065615972627
11.0,0.116918,,10,0.02488065615972627
16.0,0.108084,,14,0.02558215347185942
13.0,0.116494,,10,0.02558215347185942
15.0,0.096924,,16,0.02488065615972627
14.0,0.105334,,12,0.02488065615972627
12.0,0.105334,,12,0.02488065615972627
12.0,0.116918,,10,0.02488065615972627
15.0,0.108084,,14,0.02558215347185942
12.0,0.116494,,10,0.02558215347185942
14.0,0.108084,,17,0.02558215347185942
12.0,0.116494,,13,0.02558215347185942
14.0,0.121431,,14,0.026032008537034922
10.0,0.13638,,11,0.026364412433451858
14.0,0.159722,,14,0.04251914659338588
14.0,0.167385,,10,0.0444742139593959
12.0,0.168132,,10,0.04251914659338588
13.0,0.178544,,11,0.04517571127152905
12.0,0.195026,,12,0.050009172853497756
11.0,0.202689,,8,0.051964240219507775
13.0,0.195026,,12,0.050009172853497756
11.0,0.195026,,12,0.050009172853497756
9.0,0.202689,,4,0.051964240219507775
12.0,0.195026,,12,0.05000917285349775
10.0,0.230379,,7,0.05686368658808294
11.0,0.260798,,9,0.06997396247414403
13.0,0.128824,,20,0.046519829222577226
12.0,0.135832,,16,0.046519829222577226
12.0,0.136487,,16,0.04847489658858725
11.0,0.146534,,17,0.04925028623296072
12.0,0.136487,,16,0.04847489658858725
9.0,0.14415,,12,0.05042996395459728
11.0,0.146534,,17,0.04925028623296072
12.0,0.137234,,16,0.046519829222577226
8.0,0.144242,,12,0.046519829222577226
11.0,0.147646,,17,0.0491763939007204
11.0,0.147646,,17,0.0491763939007204
6.0,0.159568,,10,0.05042996395459728
7.0,0.259993,,18,0.09193264243295271
15.0,0.089261,,20,0.022925588793716246
14.0,0.097671,,16,0.022925588793716246
14.0,0.097671,,16,0.022925588793716246
14.0,0.109256,,14,0.022925588793716246
13.0,0.097671,,16,0.022925588793716246
11.0,0.106081,,12,0.022925588793716246
13.0,0.109256,,14,0.022925588793716246
13.0,0.097671,,16,0.022925588793716246
11.0,0.106081,,12,0.022925588793716246
13.0,0.109256,,14,0.022925588793716246
12.0,0.109256,,14,0.022925588793716246
9.0,0.122901,,10,0.022925588793716246
14.0,0.096924,,16,0.02488065615972627
12.0,0.105334,,12,0.02488065615972627
12.0,0.105334,,12,0.02488065615972627
11.0,0.116918,,10,0.02488065615972627
16.0,0.108084,,14,0.02558215347185942
13.0,0.116494,,10,0.02558215347185942
15.0,0.096924,,16,0.02488065615972627
14.0,0.105334,,12,0.02488065615972627
12.0,0.105334,,12,0.02488065615972627
12.0,0.116918,,10,0.02488065615972627
15.0,0.108084,,14,0.025582153471859423
12.0,0.116494,,10,0.025582153471859423
14.0,0.108084,,17,0.02558215347185942
12.0,0.116494,,13,0.02558215347185942
14.0,0.121431,,14,0.026032008537034922
10.0,0.13638,,11,0.026364412433451855
14.0,0.159722,,14,0.04251914659338588
14.0,0.167385,,10,0.04447421395939591
12.0,0.168132,,10,0.04251914659338588
13.0,0.178544,,11,0.045175711271529057
13.0,0.195026,,12,0.05000917285349775
12.0,0.195026,,12,0.05000917285349775
11.0,0.202689,,8,0.051964240219507775
12.0,0.195026,,12,0.050009172853497756
11.0,0.195026,,12,0.050009172853497756
9.0,0.202689,,4,0.05196424021950778
10.0,0.230379,,7,0.05686368658808294
11.0,0.260798,,9,0.06997396247414403
13.0,0.119091,,15,0.0287544921349978
11.0,0.127501,,11,0.0287544921349978
12.0,0.127501,,11,0.0287544921349978
11.0,0.139085,,9,0.0287544921349978
12.0,0.127501,,11,0.0287544921349978
9.0,0.135911,,7,0.0287544921349978
11.0,0.139085,,9,0.0287544921349978
11.0,0.127501,,11,0.0287544921349978
8.0,0.135911,,7,0.0287544921349978
11.0,0.139085,,9,0.0287544921349978
11.0,0.139085,,9,0.0287544921349978
6.0,0.152731,,5,0.0287544921349978
11.0,0.189552,,9,0.04834804993466744
8.0,0.197962,,5,0.04834804993466744
10.0,0.224856,,7,0.05583807619477931
10.0,0.224856,,7,0.05583807619477931
10.0,0.224856,,7,0.0558380761947793
10.0,0.224856,,7,0.055838076194779304
4.0,0.260209,,2,0.06269258992936448
15.0,0.153831,,17,0.044103482129440486
13.0,0.162241,,13,0.044103482129440486
13.0,0.162241,,13,0.044103482129440486
11.0,0.173826,,11,0.044103482129440486
11.0,0.259596,,9,0.07118706618922196
15.0,0.153831,,17,0.04410348212944048
13.0,0.162241,,13,0.04410348212944048
13.0,0.162241,,13,0.04410348212944048
11.0,0.173826,,11,0.04410348212944048
11.0,0.259596,,9,0.07118706618922196
12.0,0.188625,,11,0.05689133335479215
9.0,0.197035,,4,0.05689133335479215
13.0,1.112436,,18,0.28684923260193307
12.0,1.119444,,14,0.28684923260193307
12.0,1.120099,,14,0.2888042999679431
11.0,1.130146,,15,0.28957968961231656
12.0,1.120099,,14,0.2888042999679431
9.0,1.127762,,10,0.29075936733395313
11.0,1.130146,,15,0.28957968961231656
12.0,1.120846,,14,0.28684923260193307
8.0,1.127854,,10,0.28684923260193307
11.0,1.131258,,15,0.28950579728007625
11.0,1.131258,,15,0.28950579728007625
6.0,1.14318,,8,0.29075936733395313
13.0,1.101223,,15,0.2840703052861084
12.0,1.109633,,11,0.2840703052861084
12.0,1.109633,,11,0.2840703052861084
11.0,1.121217,,9,0.2840703052861084
12.0,1.109633,,11,0.2840703052861084
9.0,1.118043,,7,0.2840703052861084
11.0,1.121217,,9,0.2840703052861084
12.0,1.109633,,11,0.2840703052861084
9.0,1.118043,,7,0.2840703052861084
11.0,1.121217,,9,0.2840703052861084
11.0,1.121217,,9,0.2840703052861084
5.0,1.134863,,3,0.2840703052861084
13.0,1.179588,,9,0.3014174307672241
10.0,1.187998,,3,0.3014174307672241
15.0,0.153831,,17,0.044103482129440465
13.0,0.162241,,13,0.044103482129440465
13.0,0.162241,,13,0.044103482129440465
11.0,0.173826,,11,0.044103482129440465
13.0,0.224292,,11,0.06369703992911009
11.0,0.259596,,9,0.07118706618922198
12.0,0.188625,,11,0.05689133335479215
9.0,0.197035,,4,0.05689133335479215
11.0,0.223472,,5,0.06853830203422377
13.0,1.179588,,9,0.30141743076722394
10.0,1.187998,,3,0.30141743076722394
15.0,0.128824,,16,0.04651982922257724
14.0,0.136487,,12,0.048474896588587266
14.0,0.137234,,12,0.04651982922257724
14.0,0.136487,,12,0.048474896588587266
14.0,0.147646,,10,0.04917639390072042
14.0,0.136487,,12,0.048474896588587266
11.0,0.14415,,7,0.05042996395459729
14.0,0.135832,,12,0.04651982922257724
11.0,0.144242,,8,0.04651982922257724
14.0,0.146534,,7,0.04925028623296074
14.0,0.136487,,12,0.048474896588587266
13.0,0.14415,,7,0.05042996395459729
13.0,0.147646,,10,0.04917639390072042
14.0,0.146534,,7,0.04925028623296074
10.0,0.159568,,4,0.0504299639545973
10.0,0.259993,,7,0.09193264243295272
19.0,1.039756,,20,0.2692303195165874
18.0,1.047419,,16,0.2711853868825974
18.0,1.048166,,16,0.2692303195165874
18.0,1.047419,,16,0.2711853868825974
19.0,1.058579,,14,0.27188688419473056
18.0,1.047419,,16,0.2711853868825974
16.0,1.055082,,12,0.27314045424860744
18.0,1.046764,,16,0.2692303195165874
16.0,1.055174,,12,0.2692303195165874
19.0,1.057466,,14,0.27196077652697087
18.0,1.047419,,16,0.2711853868825974
17.0,1.055082,,12,0.27314045424860744
18.0,1.058579,,14,0.27188688419473056
18.0,1.057466,,14,0.27196077652697087
15.0,1.0705,,9,0.27314045424860744
18.0,1.048166,,16,0.2692303195165874
17.0,1.055829,,12,0.2711853868825974
17.0,1.055174,,12,0.2692303195165874
17.0,1.055829,,12,0.2711853868825974
17.0,1.065876,,10,0.27196077652697087
19.0,1.058579,,14,0.27188688419473056
18.0,1.066242,,10,0.2738419515607406
19.0,1.059751,,14,0.2692303195165874
17.0,1.066759,,10,0.2692303195165874
19.0,1.058579,,17,0.27188688419473056
17.0,1.066242,,13,0.2738419515607406
18.0,1.071926,,14,0.27233673925990604
18.0,1.046764,,16,0.2692303195165874
17.0,1.055174,,12,0.2692303195165874
17.0,1.054427,,12,0.2711853868825974
17.0,1.054427,,12,0.2711853868825974
17.0,1.065587,,10,0.27188688419473056
15.0,1.055174,,12,0.2692303195165874
14.0,1.062837,,8,0.2711853868825974
17.0,1.066759,,10,0.2692303195165874
17.0,1.065587,,13,0.27188688419473056
15.0,1.078934,,10,0.27233673925990604
19.0,1.057466,,14,0.27196077652697087
18.0,1.065129,,10,0.2739158438929809
18.0,1.047419,,16,0.2711853868825974
17.0,1.055082,,12,0.27314045424860744
17.0,1.055829,,12,0.2711853868825974
17.0,1.055082,,12,0.27314045424860744
17.0,1.066242,,10,0.2738419515607406
17.0,1.055082,,12,0.27314045424860744
15.0,1.062745,,8,0.2750955216146175
17.0,1.054427,,12,0.2711853868825974
15.0,1.062837,,8,0.2711853868825974
17.0,1.065129,,10,0.2739158438929809
17.0,1.055082,,12,0.27314045424860744
14.0,1.062745,,8,0.2750955216146175
16.0,1.066242,,10,0.2738419515607406
16.0,1.065129,,10,0.2739158438929809
12.0,1.078163,,5,0.2750955216146175
19.0,1.058579,,14,0.27188688419473056
18.0,1.066242,,10,0.2738419515607406
18.0,1.065587,,10,0.27188688419473056
17.0,1.066242,,10,0.2738419515607406
16.0,1.076289,,8,0.27461734120511405
19.0,1.051586,,14,0.27196077652697087
18.0,1.059996,,10,0.27196077652697087
18.0,1.059249,,10,0.2739158438929809
17.0,1.059249,,10,0.2739158438929809
16.0,1.070409,,8,0.27461734120511405
14.0,1.0705,,9,0.27314045424860744
12.0,1.078163,,5,0.2750955216146175
19.0,1.057466,,17,0.27196077652697087
17.0,1.065876,,13,0.27196077652697087
17.0,1.065129,,13,0.27391584389298096
13.0,1.076289,,14,0.27461734120511405
16.0,1.08521,,11,0.2739377881991377
19.0,1.056417,,14,0.2692303195165874
17.0,1.064827,,10,0.2692303195165874
17.0,1.064827,,10,0.2692303195165874
13.0,1.076412,,4,0.2692303195165874
16.0,1.083581,,11,0.2740148597069067
18.0,1.06912,,14,0.27247117912556496
15.0,1.07753,,10,0.27247117912556496
10.0,1.099401,,3,0.2750955216146175
15.0,1.112436,,13,0.2868492326019329
14.0,1.120099,,9,0.28880429996794293
14.0,1.120846,,9,0.2868492326019329
14.0,1.120099,,9,0.28880429996794293
13.0,1.131258,,7,0.2895057972800761
14.0,1.120099,,9,0.28880429996794293
11.0,1.127762,,5,0.29075936733395297
14.0,1.119444,,9,0.2868492326019329
11.0,1.127854,,5,0.2868492326019329
13.0,1.130146,,7,0.2895796896123164
14.0,1.120099,,9,0.28880429996794293
11.0,1.127762,,5,0.29075936733395297
13.0,1.131258,,7,0.2895057972800761
13.0,1.130146,,7,0.2895796896123164
8.0,1.14318,,2,0.29075936733395297
9.0,1.185203,,9,0.302658021083125
6.0,1.192866,,3,0.30461308844913504
13.0,1.190818,,9,0.30386727043594086
10.0,1.197826,,3,0.30386727043594086
15.0,0.153831,,17,0.04410348212944047
13.0,0.162241,,13,0.04410348212944047
13.0,0.162241,,13,0.04410348212944047
11.0,0.173826,,11,0.04410348212944047
13.0,0.224292,,11,0.0636970399291101
11.0,0.259596,,9,0.07118706618922198
12.0,0.188625,,11,0.056891333354792156
9.0,0.197035,,5,0.056891333354792156
11.0,0.223472,,6,0.06853830203422383
13.0,1.179588,,9,0.3014174307672241
10.0,1.187998,,3,0.3014174307672241
12.0,0.128824,,16,0.04651982922257722
11.0,0.136487,,12,0.048474896588587245
11.0,0.137234,,12,0.04651982922257722
12.0,0.147646,,10,0.0491763939007204
11.0,0.135832,,12,0.04651982922257722
8.0,0.144242,,8,0.04651982922257722
12.0,0.146534,,7,0.04925028623296072
11.0,0.136487,,12,0.048474896588587245
10.0,0.14415,,7,0.05042996395459727
12.0,0.147646,,10,0.0491763939007204
12.0,0.140654,,7,0.04925028623296072
7.0,0.159568,,4,0.05042996395459727
12.0,0.199285,,11,0.06611338702224685
9.0,0.206293,,7,0.06611338702224685
8.0,0.259993,,7,0.09193264243295271
11.0,0.188625,,11,0.05689133335479214
8.0,0.197035,,5,0.05689133335479214
8.0,0.259086,,3,0.07648489115446176
10.0,0.223472,,7,0.06853830203422383
10.0,0.223472,,7,0.06853830203422383
5.0,0.258371,,3,0.07938563346639352
12.0,1.112436,,13,0.28684923260193285
11.0,1.120099,,9,0.2888042999679429
11.0,1.120846,,9,0.28684923260193285
12.0,1.131258,,7,0.289505797280076
11.0,1.119444,,9,0.28684923260193285
8.0,1.127854,,5,0.28684923260193285
12.0,1.130146,,7,0.28957968961231634
11.0,1.120099,,9,0.2888042999679429
9.0,1.127762,,5,0.2907593673339529
12.0,1.131258,,7,0.289505797280076
12.0,1.124266,,7,0.28957968961231634
6.0,1.14318,,2,0.2907593673339529
9.0,1.185203,,9,0.302658021083125
6.0,1.192866,,3,0.30461308844913504
13.0,1.190818,,9,0.30386727043594086
10.0,1.197826,,3,0.30386727043594086
12.0,1.179588,,9,0.3014174307672241
9.0,1.187998,,3,0.3014174307672241
9.0,1.185203,,9,0.302658021083125
6.0,1.192866,,3,0.30461308844913504
2.0,1.258056,,1,0.31730072851939484
