complexity,cost,feature_complexity,feature_cost,freqs
18.0,0.0,9,0.0,151.0
17.0,0.010424,14,0.0020847194499889117,143.0
17.0,0.0,14,0.0,88.0
19.0,0.010424,14,0.0020847194499889117,65.0
17.0,0.0,14,0.0,63.0
14.0,0.0,11,0.0,15.0
19.0,0.010424,14,0.0020847194499889117,14.0
17.0,0.010424,14,0.0020847194499889117,7.0
15.0,0.020848,11,0.004169438899977823,4.0
19.0,0.010424,14,0.0020847194499889117,4.0
19.0,0.010424,14,0.0020847194499889117,2.0
13.0,0.020848,9,0.004169438899977823,1.0
17.0,0.010424,14,0.0020847194499889117,1.0
16.0,0.010424,17,0.0020847194499889117,
16.0,0.020848,15,0.004169438899977823,
18.0,0.020848,15,0.004169438899977823,
17.0,0.0,19,0.0,
16.0,0.010424,17,0.0020847194499889117,
16.0,0.0,17,0.0,
18.0,0.010424,15,0.0020847194499889117,
18.0,0.010424,17,0.0020847194499889117,
15.0,0.010424,15,0.0020847194499889117,
19.0,0.010424,23,0.0020847194499889117,
18.0,0.020848,21,0.004169438899977823,
17.0,0.010424,14,0.0020847194499889117,
15.0,0.020848,11,0.004169438899977823,
16.0,0.010424,17,0.0020847194499889117,
17.0,0.010424,17,0.0020847194499889117,
16.0,0.020848,15,0.004169438899977823,
16.0,0.020848,15,0.004169438899977823,
14.0,0.031272,12,0.006254158349966735,
18.0,0.020848,15,0.004169438899977823,
19.0,0.020848,21,0.004169438899977823,
17.0,0.010424,14,0.0020847194499889117,
16.0,0.020848,11,0.004169438899977823,
16.0,0.010424,15,0.0020847194499889117,
18.0,0.020848,15,0.004169438899977823,
16.0,0.010424,15,0.0020847194499889117,
13.0,0.010424,12,0.0020847194499889117,
18.0,0.020848,15,0.004169438899977823,
16.0,0.020848,15,0.004169438899977823,
14.0,0.031272,12,0.006254158349966735,
18.0,0.020848,15,0.004169438899977823,
18.0,0.020848,15,0.004169438899977823,
12.0,0.031272,10,0.006254158349966735,
14.0,0.041696,10,0.008338877799955647,
13.0,0.05212,11,0.010423597249944558,
20.0,0.010424,23,0.0020847194499889117,
19.0,0.020848,21,0.004169438899977823,
19.0,0.010424,21,0.0020847194499889117,
19.0,0.020848,19,0.004169438899977823,
17.0,0.0,19,0.0,
17.0,0.010424,17,0.0020847194499889117,
16.0,0.0,17,0.0,
15.0,0.0,14,0.0,
16.0,0.010424,15,0.0020847194499889117,
16.0,0.010424,17,0.0020847194499889117,
14.0,0.010424,12,0.0020847194499889117,
18.0,0.010424,15,0.0020847194499889117,
18.0,0.010424,17,0.0020847194499889117,
16.0,0.020848,15,0.004169438899977823,
15.0,0.010424,15,0.0020847194499889117,
16.0,0.010424,15,0.0020847194499889117,
13.0,0.020848,11,0.004169438899977823,
20.0,0.010424,23,0.0020847194499889117,
19.0,0.020848,21,0.004169438899977823,
19.0,0.010424,21,0.0020847194499889117,
19.0,0.020848,19,0.004169438899977823,
19.0,0.010424,23,0.0020847194499889117,
18.0,0.020848,21,0.004169438899977823,
19.0,0.020848,21,0.004169438899977823,
14.0,0.020848,13,0.004169438899977823,
13.0,0.031272,11,0.006254158349966735,
12.0,0.05212,10,0.010423597249944558,
17.0,0.0,19,0.0,
16.0,0.010424,17,0.0020847194499889117,
16.0,0.0,12,0.0,
19.0,0.010424,21,0.0020847194499889117,
16.0,0.0,19,0.0,
14.0,0.0,14,0.0,
19.0,0.010424,23,0.0020847194499889117,
16.0,0.010424,17,0.0020847194499889117,
15.0,0.020848,15,0.004169438899977823,
18.0,0.010424,21,0.0020847194499889117,
18.0,0.010424,23,0.0020847194499889117,
13.0,0.020848,13,0.004169438899977823,
16.0,0.010424,17,0.0020847194499889117,
15.0,0.010424,13,0.0020847194499889117,
15.0,0.020848,15,0.004169438899977823,
17.0,0.020848,19,0.004169438899977823,
16.0,0.0,17,0.0,
15.0,0.010424,15,0.0020847194499889117,
14.0,0.0,13,0.0,
17.0,0.010424,19,0.0020847194499889117,
16.0,0.010424,17,0.0020847194499889117,
14.0,0.010424,13,0.0020847194499889117,
18.0,0.010424,15,0.0020847194499889117,
17.0,0.020848,13,0.004169438899977823,
19.0,0.010424,23,0.0020847194499889117,
18.0,0.020848,21,0.004169438899977823,
18.0,0.010424,21,0.0020847194499889117,
17.0,0.020848,25,0.004169438899977823,
18.0,0.010424,23,0.0020847194499889117,
16.0,0.010424,18,0.0020847194499889117,
19.0,0.020848,27,0.004169438899977823,
18.0,0.020848,21,0.004169438899977823,
16.0,0.031272,19,0.006254158349966735,
18.0,0.020848,25,0.004169438899977823,
19.0,0.020848,27,0.004169438899977823,
14.0,0.031272,17,0.006254158349966735,
17.0,0.0,14,0.0,
16.0,0.010424,17,0.0020847194499889117,
16.0,0.0,11,0.0,
18.0,0.010424,15,0.0020847194499889117,
16.0,0.0,15,0.0,
13.0,0.0,12,0.0,
18.0,0.010424,15,0.0020847194499889117,
16.0,0.010424,15,0.0020847194499889117,
15.0,0.020848,12,0.004169438899977823,
18.0,0.010424,15,0.0020847194499889117,
18.0,0.010424,15,0.0020847194499889117,
12.0,0.020848,10,0.004169438899977823,
17.0,0.010424,15,0.0020847194499889117,
15.0,0.010424,12,0.0020847194499889117,
16.0,0.020848,15,0.004169438899977823,
17.0,0.020848,13,0.004169438899977823,
17.0,0.0,17,0.0,
16.0,0.010424,15,0.0020847194499889117,
15.0,0.0,14,0.0,
17.0,0.010424,13,0.0020847194499889117,
17.0,0.010424,15,0.0020847194499889117,
14.0,0.010424,12,0.0020847194499889117,
19.0,0.010424,21,0.0020847194499889117,
18.0,0.020848,19,0.004169438899977823,
18.0,0.010424,14,0.0020847194499889117,
16.0,0.020848,15,0.004169438899977823,
16.0,0.010424,15,0.0020847194499889117,
17.0,0.010424,17,0.0020847194499889117,
17.0,0.020848,15,0.004169438899977823,
17.0,0.020848,15,0.004169438899977823,
15.0,0.031272,13,0.006254158349966735,
18.0,0.020848,13,0.004169438899977823,
19.0,0.020848,21,0.004169438899977823,
20.0,0.010424,17,0.0020847194499889117,
19.0,0.020848,15,0.004169438899977823,
19.0,0.010424,15,0.0020847194499889117,
17.0,0.020848,11,0.004169438899977823,
19.0,0.010424,15,0.0020847194499889117,
16.0,0.010424,12,0.0020847194499889117,
19.0,0.020848,15,0.004169438899977823,
19.0,0.020848,15,0.004169438899977823,
16.0,0.031272,12,0.006254158349966735,
19.0,0.020848,15,0.004169438899977823,
20.0,0.020848,15,0.004169438899977823,
14.0,0.031272,10,0.006254158349966735,
17.0,0.010424,14,0.0020847194499889117,
16.0,0.020848,15,0.004169438899977823,
16.0,0.010424,15,0.0020847194499889117,
16.0,0.010424,17,0.0020847194499889117,
16.0,0.020848,15,0.004169438899977823,
16.0,0.020848,15,0.004169438899977823,
15.0,0.020848,15,0.004169438899977823,
18.0,0.020848,15,0.004169438899977823,
16.0,0.020848,11,0.004169438899977823,
14.0,0.031272,12,0.006254158349966735,
14.0,0.020848,12,0.004169438899977823,
15.0,0.020848,14,0.004169438899977823,
14.0,0.031272,12,0.006254158349966735,
16.0,0.020848,15,0.004169438899977823,
15.0,0.031272,12,0.006254158349966735,
15.0,0.020848,15,0.004169438899977823,
17.0,0.031272,13,0.006254158349966735,
13.0,0.05212,11,0.010423597249944558,
19.0,0.020848,21,0.004169438899977823,
18.0,0.031272,19,0.006254158349966735,
18.0,0.010424,17,0.0020847194499889117,
16.0,0.020848,15,0.004169438899977823,
15.0,0.010424,15,0.0020847194499889117,
16.0,0.010424,17,0.0020847194499889117,
15.0,0.020848,15,0.004169438899977823,
17.0,0.020848,15,0.004169438899977823,
14.0,0.020848,13,0.004169438899977823,
19.0,0.020848,21,0.004169438899977823,
18.0,0.010424,14,0.0020847194499889117,
17.0,0.020848,15,0.004169438899977823,
16.0,0.010424,15,0.0020847194499889117,
16.0,0.010424,15,0.0020847194499889117,
17.0,0.020848,15,0.004169438899977823,
17.0,0.020848,15,0.004169438899977823,
15.0,0.020848,13,0.004169438899977823,
18.0,0.020848,13,0.004169438899977823,
15.0,0.020848,9,0.004169438899977823,
13.0,0.031272,10,0.006254158349966735,
12.0,0.020848,10,0.004169438899977823,
13.0,0.020848,12,0.004169438899977823,
12.0,0.031272,10,0.006254158349966735,
15.0,0.05212,10,0.010423597249944558,
17.0,0.0,19,0.0,
16.0,0.010424,17,0.0020847194499889117,
16.0,0.0,17,0.0,
16.0,0.0,19,0.0,
16.0,0.010424,17,0.0020847194499889117,
15.0,0.0,14,0.0,
14.0,0.0,14,0.0,
17.0,0.0,17,0.0,
15.0,0.0,14,0.0,
16.0,0.010424,15,0.0020847194499889117,
17.0,0.010424,17,0.0020847194499889117,
15.0,0.020848,14,0.004169438899977823,
16.0,0.010424,15,0.0020847194499889117,
17.0,0.010424,17,0.0020847194499889117,
13.0,0.020848,12,0.004169438899977823,
16.0,0.010424,17,0.0020847194499889117,
15.0,0.010424,15,0.0020847194499889117,
14.0,0.010424,12,0.0020847194499889117,
16.0,0.020848,15,0.004169438899977823,
15.0,0.020848,13,0.004169438899977823,
19.0,0.010424,23,0.0020847194499889117,
17.0,0.010424,18,0.0020847194499889117,
20.0,0.010424,15,0.0020847194499889117,
18.0,0.010424,13,0.0020847194499889117,
16.0,0.0,12,0.0,
15.0,0.010424,13,0.0020847194499889117,
14.0,0.0,13,0.0,
14.0,0.0,14,0.0,
14.0,0.010424,13,0.0020847194499889117,
14.0,0.0,14,0.0,
12.0,0.0,9,0.0,
16.0,0.0,13,0.0,
14.0,0.0,10,0.0,
15.0,0.010424,13,0.0020847194499889117,
15.0,0.010424,13,0.0020847194499889117,
14.0,0.020848,10,0.004169438899977823,
14.0,0.010424,13,0.0020847194499889117,
15.0,0.010424,13,0.0020847194499889117,
11.0,0.020848,8,0.004169438899977823,
19.0,0.010424,21,0.0020847194499889117,
17.0,0.010424,19,0.0020847194499889117,
17.0,0.010424,18,0.0020847194499889117,
18.0,0.020848,19,0.004169438899977823,
17.0,0.020848,17,0.004169438899977823,
16.0,0.010424,17,0.0020847194499889117,
15.0,0.020848,15,0.004169438899977823,
14.0,0.010424,12,0.0020847194499889117,
16.0,0.010424,15,0.0020847194499889117,
15.0,0.020848,13,0.004169438899977823,
15.0,0.020848,15,0.004169438899977823,
13.0,0.020848,10,0.004169438899977823,
19.0,0.020848,13,0.004169438899977823,
18.0,0.010424,15,0.0020847194499889117,
17.0,0.020848,13,0.004169438899977823,
17.0,0.010424,13,0.0020847194499889117,
18.0,0.020848,11,0.004169438899977823,
18.0,0.010424,23,0.0020847194499889117,
16.0,0.010424,18,0.0020847194499889117,
18.0,0.010424,21,0.0020847194499889117,
17.0,0.020848,19,0.004169438899977823,
16.0,0.010424,18,0.0020847194499889117,
18.0,0.010424,19,0.0020847194499889117,
17.0,0.020848,17,0.004169438899977823,
13.0,0.020848,13,0.004169438899977823,
11.0,0.020848,8,0.004169438899977823,
19.0,0.010424,23,0.0020847194499889117,
18.0,0.020848,21,0.004169438899977823,
18.0,0.010424,23,0.0020847194499889117,
19.0,0.020848,27,0.004169438899977823,
18.0,0.010424,21,0.0020847194499889117,
16.0,0.010424,18,0.0020847194499889117,
17.0,0.020848,25,0.004169438899977823,
18.0,0.020848,21,0.004169438899977823,
16.0,0.031272,19,0.006254158349966735,
19.0,0.020848,27,0.004169438899977823,
18.0,0.020848,25,0.004169438899977823,
14.0,0.031272,17,0.006254158349966735,
19.0,0.010424,21,0.0020847194499889117,
18.0,0.010424,19,0.0020847194499889117,
18.0,0.020848,19,0.004169438899977823,
18.0,0.020848,23,0.004169438899977823,
20.0,0.020848,19,0.004169438899977823,
18.0,0.031272,17,0.006254158349966735,
19.0,0.020848,21,0.004169438899977823,
18.0,0.031272,19,0.006254158349966735,
17.0,0.020848,19,0.004169438899977823,
16.0,0.031272,23,0.006254158349966735,
19.0,0.020848,21,0.004169438899977823,
17.0,0.020848,17,0.004169438899977823,
17.0,0.0,14,0.0,
17.0,0.010424,15,0.0020847194499889117,
16.0,0.0,15,0.0,
17.0,0.0,17,0.0,
17.0,0.010424,15,0.0020847194499889117,
17.0,0.0,17,0.0,
16.0,0.0,13,0.0,
16.0,0.0,11,0.0,
15.0,0.0,12,0.0,
17.0,0.010424,15,0.0020847194499889117,
17.0,0.010424,15,0.0020847194499889117,
16.0,0.020848,12,0.004169438899977823,
17.0,0.010424,15,0.0020847194499889117,
17.0,0.010424,15,0.0020847194499889117,
14.0,0.020848,10,0.004169438899977823,
16.0,0.010424,17,0.0020847194499889117,
16.0,0.010424,15,0.0020847194499889117,
15.0,0.010424,12,0.0020847194499889117,
16.0,0.020848,15,0.004169438899977823,
16.0,0.020848,13,0.004169438899977823,
18.0,0.010424,15,0.0020847194499889117,
17.0,0.010424,12,0.0020847194499889117,
19.0,0.010424,21,0.0020847194499889117,
18.0,0.010424,19,0.0020847194499889117,
16.0,0.0,11,0.0,
15.0,0.010424,12,0.0020847194499889117,
13.0,0.0,12,0.0,
15.0,0.0,14,0.0,
14.0,0.010424,12,0.0020847194499889117,
15.0,0.0,14,0.0,
14.0,0.0,10,0.0,
15.0,0.0,12,0.0,
12.0,0.0,7,0.0,
15.0,0.010424,12,0.0020847194499889117,
15.0,0.010424,12,0.0020847194499889117,
14.0,0.020848,9,0.004169438899977823,
14.0,0.010424,12,0.0020847194499889117,
15.0,0.010424,12,0.0020847194499889117,
11.0,0.020848,7,0.004169438899977823,
18.0,0.010424,15,0.0020847194499889117,
17.0,0.010424,13,0.0020847194499889117,
17.0,0.010424,12,0.0020847194499889117,
17.0,0.020848,13,0.004169438899977823,
17.0,0.020848,11,0.004169438899977823,
16.0,0.010424,15,0.0020847194499889117,
16.0,0.020848,15,0.004169438899977823,
16.0,0.010424,15,0.0020847194499889117,
15.0,0.010424,12,0.0020847194499889117,
16.0,0.020848,13,0.004169438899977823,
15.0,0.020848,12,0.004169438899977823,
14.0,0.020848,9,0.004169438899977823,
18.0,0.020848,19,0.004169438899977823,
18.0,0.010424,15,0.0020847194499889117,
17.0,0.010424,12,0.0020847194499889117,
18.0,0.010424,15,0.0020847194499889117,
17.0,0.020848,13,0.004169438899977823,
17.0,0.010424,13,0.0020847194499889117,
17.0,0.010424,12,0.0020847194499889117,
17.0,0.020848,11,0.004169438899977823,
12.0,0.020848,10,0.004169438899977823,
11.0,0.020848,7,0.004169438899977823,
19.0,0.010424,21,0.0020847194499889117,
18.0,0.020848,19,0.004169438899977823,
18.0,0.010424,19,0.0020847194499889117,
18.0,0.020848,23,0.004169438899977823,
18.0,0.010424,14,0.0020847194499889117,
16.0,0.020848,15,0.004169438899977823,
16.0,0.010424,15,0.0020847194499889117,
17.0,0.010424,17,0.0020847194499889117,
17.0,0.020848,15,0.004169438899977823,
16.0,0.010424,15,0.0020847194499889117,
15.0,0.010424,13,0.0020847194499889117,
17.0,0.010424,15,0.0020847194499889117,
15.0,0.010424,12,0.0020847194499889117,
15.0,0.020848,11,0.004169438899977823,
17.0,0.020848,15,0.004169438899977823,
15.0,0.031272,12,0.006254158349966735,
17.0,0.020848,15,0.004169438899977823,
18.0,0.020848,15,0.004169438899977823,
14.0,0.031272,10,0.006254158349966735,
17.0,0.020848,15,0.004169438899977823,
15.0,0.031272,13,0.006254158349966735,
15.0,0.020848,13,0.004169438899977823,
16.0,0.020848,13,0.004169438899977823,
14.0,0.031272,9,0.006254158349966735,
18.0,0.020848,13,0.004169438899977823,
17.0,0.020848,11,0.004169438899977823,
19.0,0.020848,21,0.004169438899977823,
17.0,0.020848,17,0.004169438899977823,
20.0,0.010424,17,0.0020847194499889117,
19.0,0.020848,15,0.004169438899977823,
19.0,0.010424,15,0.0020847194499889117,
19.0,0.020848,15,0.004169438899977823,
19.0,0.010424,15,0.0020847194499889117,
16.0,0.010424,12,0.0020847194499889117,
17.0,0.020848,11,0.004169438899977823,
19.0,0.020848,15,0.004169438899977823,
16.0,0.031272,12,0.006254158349966735,
20.0,0.020848,15,0.004169438899977823,
19.0,0.020848,15,0.004169438899977823,
14.0,0.031272,10,0.006254158349966735,
20.0,0.010424,15,0.0020847194499889117,
18.0,0.010424,13,0.0020847194499889117,
19.0,0.020848,13,0.004169438899977823,
18.0,0.020848,11,0.004169438899977823,
20.0,0.020848,19,0.004169438899977823,
18.0,0.031272,17,0.006254158349966735,
19.0,0.020848,15,0.004169438899977823,
18.0,0.031272,13,0.006254158349966735,
18.0,0.020848,13,0.004169438899977823,
16.0,0.031272,9,0.006254158349966735,
20.0,0.020848,13,0.004169438899977823,
17.0,0.020848,11,0.004169438899977823,
17.0,0.010424,14,0.0020847194499889117,
16.0,0.020848,15,0.004169438899977823,
16.0,0.010424,15,0.0020847194499889117,
16.0,0.010424,17,0.0020847194499889117,
16.0,0.020848,15,0.004169438899977823,
17.0,0.010424,17,0.0020847194499889117,
15.0,0.010424,13,0.0020847194499889117,
17.0,0.010424,15,0.0020847194499889117,
15.0,0.010424,12,0.0020847194499889117,
17.0,0.020848,15,0.004169438899977823,
15.0,0.020848,11,0.004169438899977823,
14.0,0.031272,12,0.006254158349966735,
16.0,0.020848,15,0.004169438899977823,
16.0,0.020848,15,0.004169438899977823,
13.0,0.031272,10,0.006254158349966735,
16.0,0.020848,15,0.004169438899977823,
15.0,0.020848,15,0.004169438899977823,
16.0,0.020848,15,0.004169438899977823,
14.0,0.031272,12,0.006254158349966735,
15.0,0.031272,13,0.006254158349966735,
18.0,0.020848,15,0.004169438899977823,
17.0,0.020848,13,0.004169438899977823,
19.0,0.020848,21,0.004169438899977823,
17.0,0.020848,19,0.004169438899977823,
16.0,0.020848,11,0.004169438899977823,
14.0,0.031272,12,0.006254158349966735,
14.0,0.020848,12,0.004169438899977823,
15.0,0.020848,14,0.004169438899977823,
14.0,0.031272,12,0.006254158349966735,
15.0,0.020848,14,0.004169438899977823,
14.0,0.020848,10,0.004169438899977823,
16.0,0.020848,12,0.004169438899977823,
14.0,0.020848,9,0.004169438899977823,
15.0,0.031272,12,0.006254158349966735,
14.0,0.031272,12,0.006254158349966735,
12.0,0.041696,7,0.008338877799955647,
14.0,0.031272,12,0.006254158349966735,
15.0,0.031272,12,0.006254158349966735,
11.0,0.041696,7,0.008338877799955647,
16.0,0.020848,15,0.004169438899977823,
15.0,0.020848,15,0.004169438899977823,
16.0,0.020848,15,0.004169438899977823,
14.0,0.031272,12,0.006254158349966735,
15.0,0.031272,13,0.006254158349966735,
15.0,0.031272,12,0.006254158349966735,
13.0,0.041696,9,0.008338877799955647,
17.0,0.031272,13,0.006254158349966735,
18.0,0.031272,19,0.006254158349966735,
13.0,0.05212,11,0.010423597249944558,
11.0,0.062544,8,0.01250831669993347,
19.0,0.020848,21,0.004169438899977823,
18.0,0.031272,19,0.006254158349966735,
18.0,0.020848,19,0.004169438899977823,
16.0,0.031272,23,0.006254158349966735,
19.0,0.020848,15,0.004169438899977823,
18.0,0.031272,13,0.006254158349966735,
18.0,0.020848,13,0.004169438899977823,
16.0,0.031272,9,0.006254158349966735,
13.0,0.062544,8,0.01250831669993347,
18.0,0.010424,17,0.0020847194499889117,
16.0,0.020848,15,0.004169438899977823,
15.0,0.010424,15,0.0020847194499889117,
16.0,0.010424,17,0.0020847194499889117,
15.0,0.020848,15,0.004169438899977823,
16.0,0.010424,15,0.0020847194499889117,
14.0,0.010424,13,0.0020847194499889117,
17.0,0.010424,15,0.0020847194499889117,
14.0,0.010424,12,0.0020847194499889117,
17.0,0.020848,15,0.004169438899977823,
16.0,0.020848,15,0.004169438899977823,
14.0,0.031272,12,0.006254158349966735,
13.0,0.020848,11,0.004169438899977823,
17.0,0.020848,15,0.004169438899977823,
12.0,0.031272,10,0.006254158349966735,
17.0,0.020848,15,0.004169438899977823,
14.0,0.020848,13,0.004169438899977823,
15.0,0.020848,13,0.004169438899977823,
15.0,0.031272,13,0.006254158349966735,
12.0,0.031272,9,0.006254158349966735,
19.0,0.020848,21,0.004169438899977823,
17.0,0.020848,17,0.004169438899977823,
20.0,0.020848,13,0.004169438899977823,
17.0,0.020848,11,0.004169438899977823,
18.0,0.010424,14,0.0020847194499889117,
17.0,0.020848,15,0.004169438899977823,
16.0,0.010424,15,0.0020847194499889117,
16.0,0.010424,15,0.0020847194499889117,
17.0,0.020848,15,0.004169438899977823,
17.0,0.010424,17,0.0020847194499889117,
15.0,0.010424,13,0.0020847194499889117,
17.0,0.010424,15,0.0020847194499889117,
15.0,0.010424,12,0.0020847194499889117,
18.0,0.020848,15,0.004169438899977823,
16.0,0.020848,15,0.004169438899977823,
15.0,0.031272,12,0.006254158349966735,
17.0,0.020848,15,0.004169438899977823,
15.0,0.020848,11,0.004169438899977823,
14.0,0.031272,10,0.006254158349966735,
17.0,0.020848,15,0.004169438899977823,
15.0,0.020848,13,0.004169438899977823,
16.0,0.020848,13,0.004169438899977823,
15.0,0.031272,13,0.006254158349966735,
14.0,0.031272,9,0.006254158349966735,
18.0,0.020848,13,0.004169438899977823,
17.0,0.020848,11,0.004169438899977823,
19.0,0.020848,21,0.004169438899977823,
17.0,0.020848,17,0.004169438899977823,
15.0,0.020848,9,0.004169438899977823,
13.0,0.031272,10,0.006254158349966735,
12.0,0.020848,10,0.004169438899977823,
13.0,0.020848,12,0.004169438899977823,
12.0,0.031272,10,0.006254158349966735,
13.0,0.020848,12,0.004169438899977823,
11.0,0.020848,8,0.004169438899977823,
14.0,0.020848,10,0.004169438899977823,
11.0,0.020848,7,0.004169438899977823,
14.0,0.031272,10,0.006254158349966735,
13.0,0.031272,10,0.006254158349966735,
11.0,0.041696,7,0.008338877799955647,
12.0,0.031272,10,0.006254158349966735,
14.0,0.031272,10,0.006254158349966735,
9.0,0.041696,5,0.008338877799955647,
15.0,0.05212,10,0.010423597249944558,
13.0,0.062544,8,0.01250831669993347,
17.0,0.010424,14,0.0020847194499889117,
16.0,0.020848,15,0.004169438899977823,
16.0,0.010424,15,0.0020847194499889117,
18.0,0.020848,15,0.004169438899977823,
16.0,0.010424,15,0.0020847194499889117,
13.0,0.010424,12,0.0020847194499889117,
18.0,0.020848,15,0.004169438899977823,
16.0,0.020848,11,0.004169438899977823,
14.0,0.031272,12,0.006254158349966735,
18.0,0.020848,15,0.004169438899977823,
18.0,0.020848,15,0.004169438899977823,
12.0,0.031272,10,0.006254158349966735,
16.0,0.020848,15,0.004169438899977823,
15.0,0.020848,15,0.004169438899977823,
15.0,0.031272,12,0.006254158349966735,
17.0,0.031272,13,0.006254158349966735,
16.0,0.010424,17,0.0020847194499889117,
15.0,0.020848,15,0.004169438899977823,
15.0,0.010424,15,0.0020847194499889117,
17.0,0.020848,13,0.004169438899977823,
17.0,0.020848,15,0.004169438899977823,
14.0,0.020848,13,0.004169438899977823,
18.0,0.020848,21,0.004169438899977823,
16.0,0.031272,19,0.006254158349966735,
16.0,0.020848,15,0.004169438899977823,
14.0,0.031272,12,0.006254158349966735,
15.0,0.020848,15,0.004169438899977823,
16.0,0.020848,15,0.004169438899977823,
15.0,0.031272,13,0.006254158349966735,
15.0,0.031272,12,0.006254158349966735,
13.0,0.041696,9,0.008338877799955647,
17.0,0.031272,13,0.006254158349966735,
18.0,0.031272,19,0.006254158349966735,
16.0,0.020848,11,0.004169438899977823,
15.0,0.031272,12,0.006254158349966735,
15.0,0.020848,12,0.004169438899977823,
16.0,0.031272,12,0.006254158349966735,
15.0,0.020848,12,0.004169438899977823,
12.0,0.020848,9,0.004169438899977823,
16.0,0.031272,12,0.006254158349966735,
15.0,0.031272,12,0.006254158349966735,
11.0,0.041696,7,0.008338877799955647,
16.0,0.031272,12,0.006254158349966735,
16.0,0.031272,12,0.006254158349966735,
9.0,0.041696,7,0.008338877799955647,
13.0,0.05212,11,0.010423597249944558,
10.0,0.062544,8,0.01250831669993347,
19.0,0.020848,21,0.004169438899977823,
17.0,0.031272,19,0.006254158349966735,
18.0,0.020848,19,0.004169438899977823,
17.0,0.031272,17,0.006254158349966735,
16.0,0.010424,17,0.0020847194499889117,
16.0,0.020848,15,0.004169438899977823,
15.0,0.010424,15,0.0020847194499889117,
14.0,0.010424,12,0.0020847194499889117,
15.0,0.020848,13,0.004169438899977823,
15.0,0.020848,15,0.004169438899977823,
13.0,0.020848,10,0.004169438899977823,
17.0,0.020848,13,0.004169438899977823,
17.0,0.020848,15,0.004169438899977823,
15.0,0.031272,13,0.006254158349966735,
14.0,0.020848,13,0.004169438899977823,
15.0,0.020848,13,0.004169438899977823,
12.0,0.031272,9,0.006254158349966735,
19.0,0.020848,21,0.004169438899977823,
17.0,0.031272,19,0.006254158349966735,
18.0,0.020848,19,0.004169438899977823,
17.0,0.031272,17,0.006254158349966735,
18.0,0.020848,21,0.004169438899977823,
16.0,0.031272,19,0.006254158349966735,
18.0,0.031272,19,0.006254158349966735,
13.0,0.031272,11,0.006254158349966735,
10.0,0.041696,9,0.008338877799955647,
9.0,0.062544,8,0.01250831669993347,
20.0,0.010424,23,0.0020847194499889117,
19.0,0.020848,21,0.004169438899977823,
19.0,0.010424,21,0.0020847194499889117,
20.0,0.020848,25,0.004169438899977823,
19.0,0.010424,23,0.0020847194499889117,
17.0,0.010424,18,0.0020847194499889117,
21.0,0.020848,27,0.004169438899977823,
19.0,0.020848,21,0.004169438899977823,
17.0,0.031272,19,0.006254158349966735,
17.0,0.020848,25,0.004169438899977823,
19.0,0.020848,27,0.004169438899977823,
15.0,0.031272,17,0.006254158349966735,
19.0,0.020848,21,0.004169438899977823,
18.0,0.020848,19,0.004169438899977823,
18.0,0.031272,19,0.006254158349966735,
16.0,0.031272,23,0.006254158349966735,
19.0,0.010424,21,0.0020847194499889117,
18.0,0.020848,19,0.004169438899977823,
17.0,0.010424,19,0.0020847194499889117,
18.0,0.020848,23,0.004169438899977823,
19.0,0.020848,21,0.004169438899977823,
17.0,0.020848,17,0.004169438899977823,
19.0,0.020848,19,0.004169438899977823,
17.0,0.031272,17,0.006254158349966735,
20.0,0.010424,23,0.0020847194499889117,
19.0,0.020848,21,0.004169438899977823,
19.0,0.010424,23,0.0020847194499889117,
21.0,0.020848,27,0.004169438899977823,
19.0,0.010424,21,0.0020847194499889117,
17.0,0.010424,18,0.0020847194499889117,
20.0,0.020848,25,0.004169438899977823,
19.0,0.020848,21,0.004169438899977823,
17.0,0.031272,19,0.006254158349966735,
19.0,0.020848,27,0.004169438899977823,
17.0,0.020848,25,0.004169438899977823,
15.0,0.031272,17,0.006254158349966735,
19.0,0.020848,21,0.004169438899977823,
18.0,0.020848,19,0.004169438899977823,
18.0,0.031272,19,0.006254158349966735,
16.0,0.031272,23,0.006254158349966735,
19.0,0.010424,21,0.0020847194499889117,
18.0,0.020848,19,0.004169438899977823,
17.0,0.010424,19,0.0020847194499889117,
18.0,0.020848,23,0.004169438899977823,
19.0,0.020848,21,0.004169438899977823,
17.0,0.020848,17,0.004169438899977823,
19.0,0.020848,19,0.004169438899977823,
17.0,0.031272,17,0.006254158349966735,
14.0,0.020848,12,0.004169438899977823,
13.0,0.031272,10,0.006254158349966735,
13.0,0.020848,12,0.004169438899977823,
15.0,0.031272,16,0.006254158349966735,
13.0,0.020848,12,0.004169438899977823,
11.0,0.020848,7,0.004169438899977823,
15.0,0.031272,16,0.006254158349966735,
13.0,0.031272,10,0.006254158349966735,
10.0,0.041696,8,0.008338877799955647,
14.0,0.031272,16,0.006254158349966735,
14.0,0.031272,16,0.006254158349966735,
8.0,0.041696,6,0.008338877799955647,
20.0,0.010424,17,0.0020847194499889117,
19.0,0.020848,15,0.004169438899977823,
19.0,0.010424,15,0.0020847194499889117,
19.0,0.020848,15,0.004169438899977823,
19.0,0.010424,15,0.0020847194499889117,
16.0,0.010424,12,0.0020847194499889117,
20.0,0.020848,15,0.004169438899977823,
19.0,0.020848,15,0.004169438899977823,
16.0,0.031272,12,0.006254158349966735,
17.0,0.020848,11,0.004169438899977823,
19.0,0.020848,15,0.004169438899977823,
14.0,0.031272,10,0.006254158349966735,
19.0,0.020848,15,0.004169438899977823,
18.0,0.020848,13,0.004169438899977823,
18.0,0.031272,13,0.006254158349966735,
16.0,0.031272,9,0.006254158349966735,
20.0,0.010424,15,0.0020847194499889117,
19.0,0.020848,13,0.004169438899977823,
18.0,0.010424,13,0.0020847194499889117,
18.0,0.020848,11,0.004169438899977823,
20.0,0.020848,13,0.004169438899977823,
17.0,0.020848,11,0.004169438899977823,
20.0,0.020848,19,0.004169438899977823,
18.0,0.031272,17,0.006254158349966735,
20.0,0.010424,17,0.0020847194499889117,
19.0,0.020848,15,0.004169438899977823,
19.0,0.010424,15,0.0020847194499889117,
20.0,0.020848,15,0.004169438899977823,
19.0,0.010424,15,0.0020847194499889117,
16.0,0.010424,12,0.0020847194499889117,
19.0,0.020848,15,0.004169438899977823,
19.0,0.020848,15,0.004169438899977823,
16.0,0.031272,12,0.006254158349966735,
19.0,0.020848,15,0.004169438899977823,
17.0,0.020848,11,0.004169438899977823,
14.0,0.031272,10,0.006254158349966735,
19.0,0.020848,15,0.004169438899977823,
18.0,0.020848,13,0.004169438899977823,
18.0,0.031272,13,0.006254158349966735,
16.0,0.031272,9,0.006254158349966735,
20.0,0.010424,15,0.0020847194499889117,
19.0,0.020848,13,0.004169438899977823,
18.0,0.010424,13,0.0020847194499889117,
18.0,0.020848,11,0.004169438899977823,
20.0,0.020848,13,0.004169438899977823,
17.0,0.020848,11,0.004169438899977823,
20.0,0.020848,19,0.004169438899977823,
18.0,0.031272,17,0.006254158349966735,
15.0,0.020848,9,0.004169438899977823,
14.0,0.031272,10,0.006254158349966735,
14.0,0.020848,10,0.004169438899977823,
15.0,0.031272,10,0.006254158349966735,
14.0,0.020848,10,0.004169438899977823,
11.0,0.020848,7,0.004169438899977823,
15.0,0.031272,10,0.006254158349966735,
14.0,0.031272,10,0.006254158349966735,
10.0,0.041696,7,0.008338877799955647,
15.0,0.031272,10,0.006254158349966735,
15.0,0.031272,10,0.006254158349966735,
8.0,0.041696,5,0.008338877799955647,
14.0,0.05212,10,0.010423597249944558,
11.0,0.062544,8,0.01250831669993347,
14.0,0.041696,10,0.008338877799955647,
13.0,0.05212,11,0.010423597249944558,
13.0,0.05212,11,0.010423597249944558,
13.0,0.05212,11,0.010423597249944558,
11.0,0.062544,8,0.01250831669993347,
13.0,0.05212,11,0.010423597249944558,
10.0,0.062544,8,0.01250831669993347,
8.0,0.083392,4,0.016677755599911293,
12.0,0.05212,10,0.010423597249944558,
9.0,0.062544,8,0.01250831669993347,
15.0,0.05212,10,0.010423597249944558,
13.0,0.062544,8,0.01250831669993347,
15.0,0.05212,10,0.010423597249944558,
13.0,0.062544,8,0.01250831669993347,
14.0,0.05212,10,0.010423597249944558,
11.0,0.062544,8,0.01250831669993347,
6.0,0.083392,4,0.016677755599911293,
21.0,0.041555,19,0.021941057392650152,
20.0,0.051979,17,0.024025776842639065,
20.0,0.041555,20,0.021941057392650152,
23.0,0.051979,20,0.024025776842639065,
20.0,0.041555,20,0.021941057392650152,
17.0,0.041555,17,0.021941057392650152,
23.0,0.051979,20,0.024025776842639065,
20.0,0.051979,20,0.024025776842639065,
18.0,0.062403,17,0.026110496292627978,
23.0,0.051979,18,0.024025776842639065,
23.0,0.051979,20,0.024025776842639065,
16.0,0.062403,15,0.026110496292627978,
20.0,0.041555,17,0.021941057392650152,
19.0,0.041555,18,0.021941057392650152,
19.0,0.051979,18,0.024025776842639065,
21.0,0.051979,16,0.024025776842639065,
23.0,0.051979,26,0.024025776842639065,
21.0,0.062403,22,0.026110496292627978,
20.0,0.051979,17,0.024025776842639065,
19.0,0.062403,18,0.026110496292627978,
19.0,0.051979,18,0.024025776842639065,
21.0,0.062403,16,0.026110496292627978,
21.0,0.051979,15,0.024025776842639065,
18.0,0.051979,16,0.024025776842639065,
20.0,0.041555,22,0.021941057392650152,
19.0,0.041555,20,0.021941057392650152,
18.0,0.041555,17,0.021941057392650152,
20.0,0.051979,20,0.024025776842639065,
19.0,0.051979,18,0.024025776842639065,
19.0,0.051979,20,0.024025776842639065,
17.0,0.051979,15,0.024025776842639065,
21.0,0.051979,18,0.024025776842639065,
23.0,0.051979,26,0.024025776842639065,
22.0,0.062403,24,0.026110496292627978,
23.0,0.062403,24,0.026110496292627978,
20.0,0.051979,20,0.024025776842639065,
19.0,0.051979,18,0.024025776842639065,
20.0,0.051979,18,0.024025776842639065,
18.0,0.062403,17,0.026110496292627974,
19.0,0.062403,16,0.026110496292627974,
19.0,0.062403,18,0.026110496292627978,
17.0,0.072827,15,0.028195215742616887,
21.0,0.062403,18,0.026110496292627978,
23.0,0.062403,24,0.026110496292627978,
21.0,0.051979,20,0.024025776842639065,
18.0,0.051979,18,0.024025776842639065,
19.0,0.051979,18,0.024025776842639065,
19.0,0.062403,18,0.026110496292627974,
16.0,0.062403,14,0.026110496292627974,
20.0,0.051979,20,0.024025776842639065,
19.0,0.062403,18,0.026110496292627978,
19.0,0.051979,18,0.024025776842639065,
21.0,0.062403,18,0.026110496292627978,
19.0,0.051979,18,0.024025776842639065,
16.0,0.051979,15,0.024025776842639065,
22.0,0.062403,18,0.026110496292627978,
19.0,0.062403,17,0.026110496292627974,
16.0,0.072827,15,0.028195215742616887,
21.0,0.062403,16,0.026110496292627974,
22.0,0.062403,18,0.026110496292627974,
14.0,0.072827,13,0.028195215742616887,
24.0,0.051979,24,0.024025776842639065,
23.0,0.051979,24,0.024025776842639065,
22.0,0.062403,22,0.026110496292627974,
22.0,0.062403,22,0.026110496292627974,
24.0,0.051979,26,0.024025776842639065,
23.0,0.051979,24,0.024025776842639065,
23.0,0.062403,24,0.026110496292627974,
22.0,0.062403,22,0.026110496292627974,
17.0,0.062403,15,0.026110496292627978,
15.0,0.072827,13,0.028195215742616887,
17.0,0.083251,15,0.0302799351926058,
15.0,0.093675,13,0.03236465464259471,
14.0,0.093675,13,0.03236465464259471,
19.0,0.051979,17,0.024025776842639065,
18.0,0.051979,18,0.024025776842639065,
18.0,0.051979,18,0.024025776842639065,
18.0,0.062403,18,0.026110496292627978,
18.0,0.062403,16,0.026110496292627978,
18.0,0.062403,18,0.026110496292627978,
17.0,0.062403,16,0.026110496292627978,
20.0,0.062403,16,0.026110496292627978,
18.0,0.062403,17,0.026110496292627978,
16.0,0.062403,15,0.026110496292627978,
17.0,0.062403,15,0.026110496292627978,
16.0,0.072827,15,0.028195215742616887,
16.0,0.072827,13,0.028195215742616887,
18.0,0.062403,18,0.026110496292627978,
17.0,0.062403,16,0.026110496292627978,
17.0,0.072827,15,0.028195215742616887,
18.0,0.072827,14,0.028195215742616887,
22.0,0.062403,22,0.026110496292627978,
20.0,0.072827,20,0.028195215742616887,
15.0,0.093675,13,0.03236465464259471,
20.0,0.041555,20,0.021941057392650152,
19.0,0.051979,18,0.024025776842639065,
19.0,0.041555,20,0.021941057392650152,
22.0,0.051979,24,0.024025776842639065,
19.0,0.041555,18,0.021941057392650152,
17.0,0.041555,15,0.021941057392650152,
22.0,0.051979,22,0.024025776842639065,
19.0,0.051979,18,0.024025776842639065,
18.0,0.062403,16,0.026110496292627978,
23.0,0.051979,24,0.024025776842639065,
23.0,0.051979,22,0.024025776842639065,
16.0,0.062403,13,0.026110496292627978,
18.0,0.041555,18,0.021941057392650152,
17.0,0.041555,16,0.021941057392650152,
17.0,0.051979,16,0.024025776842639065,
21.0,0.051979,20,0.024025776842639065,
21.0,0.051979,16,0.024025776842639065,
19.0,0.062403,14,0.026110496292627978,
18.0,0.051979,18,0.024025776842639065,
17.0,0.062403,16,0.026110496292627978,
17.0,0.051979,16,0.024025776842639065,
20.0,0.062403,20,0.026110496292627978,
19.0,0.051979,18,0.024025776842639065,
17.0,0.051979,14,0.024025776842639065,
20.0,0.051979,18,0.024025776842639065,
18.0,0.051979,16,0.024025776842639065,
19.0,0.051979,18,0.024025776842639065,
18.0,0.062403,18,0.026110496292627978,
18.0,0.062403,16,0.026110496292627978,
19.0,0.062403,16,0.026110496292627978,
17.0,0.062403,14,0.026110496292627978,
23.0,0.062403,22,0.026110496292627978,
23.0,0.051979,24,0.024025776842639065,
22.0,0.062403,22,0.026110496292627978,
22.0,0.051979,24,0.024025776842639065,
22.0,0.062403,28,0.026110496292627978,
22.0,0.051979,24,0.024025776842639065,
20.0,0.051979,19,0.024025776842639065,
22.0,0.062403,28,0.026110496292627978,
22.0,0.062403,22,0.026110496292627974,
19.0,0.072827,20,0.028195215742616887,
22.0,0.062403,28,0.026110496292627974,
21.0,0.062403,28,0.026110496292627974,
17.0,0.072827,17,0.028195215742616887,
20.0,0.041555,20,0.021941057392650152,
19.0,0.051979,18,0.024025776842639065,
19.0,0.041555,18,0.021941057392650152,
22.0,0.051979,18,0.024025776842639065,
19.0,0.041555,17,0.021941057392650152,
16.0,0.041555,15,0.021941057392650152,
22.0,0.051979,16,0.024025776842639065,
19.0,0.051979,18,0.024025776842639065,
17.0,0.062403,15,0.026110496292627978,
22.0,0.051979,18,0.024025776842639065,
22.0,0.051979,18,0.024025776842639065,
15.0,0.062403,13,0.026110496292627978,
20.0,0.041555,18,0.021941057392650152,
18.0,0.041555,15,0.021941057392650152,
19.0,0.051979,16,0.024025776842639065,
21.0,0.051979,14,0.024025776842639065,
23.0,0.051979,22,0.024025776842639065,
21.0,0.062403,20,0.026110496292627978,
19.0,0.051979,18,0.024025776842639065,
18.0,0.062403,16,0.026110496292627978,
18.0,0.051979,15,0.024025776842639065,
20.0,0.062403,14,0.026110496292627978,
20.0,0.051979,16,0.024025776842639065,
17.0,0.051979,13,0.024025776842639065,
20.0,0.051979,20,0.024025776842639065,
19.0,0.051979,18,0.024025776842639065,
19.0,0.051979,16,0.024025776842639065,
19.0,0.062403,18,0.026110496292627978,
19.0,0.062403,16,0.026110496292627978,
19.0,0.062403,18,0.026110496292627978,
18.0,0.062403,14,0.026110496292627978,
21.0,0.062403,16,0.026110496292627978,
20.0,0.051979,18,0.024025776842639065,
19.0,0.051979,18,0.024025776842639065,
20.0,0.051979,18,0.024025776842639065,
18.0,0.062403,16,0.026110496292627974,
19.0,0.062403,16,0.026110496292627974,
19.0,0.062403,16,0.026110496292627978,
17.0,0.072827,14,0.028195215742616887,
21.0,0.062403,16,0.026110496292627978,
23.0,0.062403,22,0.026110496292627978,
17.0,0.062403,15,0.026110496292627978,
15.0,0.062403,13,0.026110496292627978,
16.0,0.062403,13,0.026110496292627978,
15.0,0.072827,13,0.028195215742616887,
15.0,0.072827,11,0.028195215742616887,
23.0,0.051979,15,0.024025776842639065,
22.0,0.062403,16,0.026110496292627978,
23.0,0.051979,16,0.024025776842639065,
23.0,0.062403,16,0.026110496292627978,
23.0,0.051979,16,0.024025776842639065,
20.0,0.051979,13,0.024025776842639065,
23.0,0.062403,16,0.026110496292627978,
22.0,0.062403,16,0.026110496292627974,
17.0,0.072827,13,0.028195215742616887,
22.0,0.062403,16,0.026110496292627974,
21.0,0.062403,14,0.026110496292627974,
16.0,0.072827,11,0.028195215742616887,
18.0,0.093675,13,0.03236465464259471,
20.0,0.083192,14,0.039793235834909825,
17.0,0.093616,11,0.04187795528489874,
19.0,0.083192,17,0.039793235834909825,
19.0,0.083192,17,0.039793235834909825,
18.0,0.093616,15,0.04187795528489874,
19.0,0.083192,17,0.039793235834909825,
17.0,0.083192,13,0.039793235834909825,
19.0,0.083192,15,0.039793235834909825,
17.0,0.083192,12,0.039793235834909825,
18.0,0.093616,15,0.04187795528489874,
19.0,0.093616,15,0.04187795528489874,
16.0,0.10404,12,0.04396267473488765,
19.0,0.093616,15,0.04187795528489874,
19.0,0.093616,15,0.04187795528489874,
15.0,0.10404,10,0.04396267473488765,
19.0,0.093616,15,0.04187795528489874,
16.0,0.10404,12,0.04396267473488765,
18.0,0.093616,15,0.04187795528489874,
18.0,0.093616,15,0.04187795528489874,
17.0,0.10404,13,0.04396267473488765,
21.0,0.093616,15,0.04187795528489874,
19.0,0.093616,13,0.04187795528489874,
22.0,0.093616,21,0.04187795528489874,
20.0,0.093616,19,0.04187795528489874,
19.0,0.093616,12,0.04187795528489874,
16.0,0.10404,12,0.04396267473488765,
17.0,0.093616,13,0.04187795528489874,
17.0,0.093616,15,0.04187795528489874,
16.0,0.10404,13,0.04396267473488765,
18.0,0.093616,15,0.04187795528489874,
16.0,0.093616,11,0.04187795528489874,
18.0,0.093616,13,0.04187795528489874,
16.0,0.093616,10,0.04187795528489874,
17.0,0.10404,13,0.04396267473488765,
17.0,0.10404,12,0.04396267473488765,
14.0,0.114464,9,0.046047394184876564,
17.0,0.10404,13,0.04396267473488765,
17.0,0.10404,13,0.04396267473488765,
13.0,0.114464,8,0.046047394184876564,
19.0,0.093616,15,0.04187795528489874,
16.0,0.10404,12,0.04396267473488765,
18.0,0.093616,15,0.04187795528489874,
18.0,0.093616,15,0.04187795528489874,
17.0,0.10404,13,0.04396267473488765,
17.0,0.10404,12,0.04396267473488765,
14.0,0.114464,9,0.046047394184876564,
19.0,0.10404,13,0.04396267473488765,
20.0,0.10404,19,0.04396267473488765,
23.0,0.093616,21,0.04187795528489874,
21.0,0.093616,19,0.04187795528489874,
20.0,0.10404,19,0.04396267473488765,
17.0,0.10404,23,0.04396267473488765,
22.0,0.093616,15,0.04187795528489874,
21.0,0.093616,13,0.04187795528489874,
20.0,0.10404,13,0.04396267473488765,
17.0,0.10404,9,0.04396267473488765,
15.0,0.124888,10,0.04813211363486547,
12.0,0.135312,7,0.05021683308485438,
14.0,0.135312,8,0.05021683308485438,
21.0,0.041555,19,0.021941057392650152,
20.0,0.051979,17,0.024025776842639065,
20.0,0.041555,20,0.021941057392650152,
23.0,0.051979,20,0.024025776842639065,
20.0,0.041555,20,0.021941057392650152,
17.0,0.041555,17,0.021941057392650152,
23.0,0.051979,20,0.024025776842639065,
20.0,0.051979,20,0.024025776842639065,
18.0,0.062403,17,0.026110496292627978,
23.0,0.051979,20,0.024025776842639065,
23.0,0.051979,18,0.024025776842639065,
16.0,0.062403,15,0.026110496292627978,
20.0,0.041555,22,0.021941057392650152,
19.0,0.041555,20,0.021941057392650152,
19.0,0.051979,20,0.024025776842639065,
21.0,0.051979,18,0.024025776842639065,
23.0,0.051979,26,0.024025776842639065,
22.0,0.062403,24,0.026110496292627978,
20.0,0.051979,20,0.024025776842639065,
19.0,0.062403,18,0.026110496292627978,
19.0,0.051979,18,0.024025776842639065,
21.0,0.062403,18,0.026110496292627978,
21.0,0.051979,20,0.024025776842639065,
18.0,0.051979,18,0.024025776842639065,
20.0,0.041555,17,0.021941057392650152,
19.0,0.041555,18,0.021941057392650152,
18.0,0.041555,17,0.021941057392650152,
20.0,0.051979,18,0.024025776842639065,
19.0,0.051979,18,0.024025776842639065,
19.0,0.051979,18,0.024025776842639065,
17.0,0.051979,15,0.024025776842639065,
21.0,0.051979,16,0.024025776842639065,
23.0,0.051979,26,0.024025776842639065,
21.0,0.062403,22,0.026110496292627978,
23.0,0.062403,24,0.026110496292627978,
20.0,0.051979,17,0.024025776842639065,
19.0,0.051979,18,0.024025776842639065,
20.0,0.051979,20,0.024025776842639065,
18.0,0.062403,17,0.026110496292627974,
19.0,0.062403,18,0.026110496292627974,
19.0,0.062403,18,0.026110496292627978,
17.0,0.072827,15,0.028195215742616887,
21.0,0.062403,16,0.026110496292627978,
23.0,0.062403,24,0.026110496292627978,
21.0,0.051979,15,0.024025776842639065,
18.0,0.051979,16,0.024025776842639065,
19.0,0.051979,18,0.024025776842639065,
19.0,0.062403,16,0.026110496292627974,
16.0,0.062403,14,0.026110496292627974,
20.0,0.051979,20,0.024025776842639065,
19.0,0.062403,18,0.026110496292627978,
19.0,0.051979,18,0.024025776842639065,
22.0,0.062403,18,0.026110496292627978,
19.0,0.051979,18,0.024025776842639065,
16.0,0.051979,15,0.024025776842639065,
21.0,0.062403,18,0.026110496292627978,
19.0,0.062403,17,0.026110496292627974,
16.0,0.072827,15,0.028195215742616887,
22.0,0.062403,18,0.026110496292627974,
21.0,0.062403,16,0.026110496292627974,
14.0,0.072827,13,0.028195215742616887,
24.0,0.051979,26,0.024025776842639065,
23.0,0.051979,24,0.024025776842639065,
23.0,0.062403,24,0.026110496292627974,
22.0,0.062403,22,0.026110496292627974,
24.0,0.051979,24,0.024025776842639065,
23.0,0.051979,24,0.024025776842639065,
22.0,0.062403,22,0.026110496292627974,
22.0,0.062403,22,0.026110496292627974,
17.0,0.062403,15,0.026110496292627978,
15.0,0.072827,13,0.028195215742616887,
17.0,0.083251,15,0.0302799351926058,
15.0,0.093675,13,0.03236465464259471,
14.0,0.093675,13,0.03236465464259471,
19.0,0.051979,17,0.024025776842639065,
18.0,0.051979,18,0.024025776842639065,
18.0,0.051979,18,0.024025776842639065,
18.0,0.062403,18,0.026110496292627978,
18.0,0.062403,16,0.026110496292627978,
18.0,0.062403,18,0.026110496292627978,
17.0,0.062403,16,0.026110496292627978,
20.0,0.062403,16,0.026110496292627978,
18.0,0.062403,17,0.026110496292627978,
16.0,0.062403,15,0.026110496292627978,
17.0,0.062403,15,0.026110496292627978,
16.0,0.072827,15,0.028195215742616887,
16.0,0.072827,13,0.028195215742616887,
18.0,0.062403,18,0.026110496292627978,
17.0,0.062403,16,0.026110496292627978,
17.0,0.072827,15,0.028195215742616887,
18.0,0.072827,14,0.028195215742616887,
22.0,0.062403,22,0.026110496292627978,
20.0,0.072827,20,0.028195215742616887,
15.0,0.093675,13,0.03236465464259471,
20.0,0.041555,20,0.021941057392650152,
19.0,0.051979,18,0.024025776842639065,
19.0,0.041555,18,0.021941057392650152,
22.0,0.051979,22,0.024025776842639065,
19.0,0.041555,20,0.021941057392650152,
17.0,0.041555,15,0.021941057392650152,
22.0,0.051979,24,0.024025776842639065,
19.0,0.051979,18,0.024025776842639065,
18.0,0.062403,16,0.026110496292627978,
23.0,0.051979,22,0.024025776842639065,
23.0,0.051979,24,0.024025776842639065,
16.0,0.062403,13,0.026110496292627978,
18.0,0.041555,18,0.021941057392650152,
17.0,0.041555,16,0.021941057392650152,
17.0,0.051979,16,0.024025776842639065,
21.0,0.051979,20,0.024025776842639065,
21.0,0.051979,16,0.024025776842639065,
19.0,0.062403,14,0.026110496292627978,
18.0,0.051979,18,0.024025776842639065,
17.0,0.062403,16,0.026110496292627978,
17.0,0.051979,16,0.024025776842639065,
20.0,0.062403,20,0.026110496292627978,
19.0,0.051979,18,0.024025776842639065,
17.0,0.051979,14,0.024025776842639065,
20.0,0.051979,18,0.024025776842639065,
18.0,0.051979,16,0.024025776842639065,
19.0,0.051979,18,0.024025776842639065,
18.0,0.062403,18,0.026110496292627978,
18.0,0.062403,16,0.026110496292627978,
19.0,0.062403,16,0.026110496292627978,
17.0,0.062403,14,0.026110496292627978,
23.0,0.062403,22,0.026110496292627978,
23.0,0.051979,24,0.024025776842639065,
22.0,0.062403,22,0.026110496292627978,
22.0,0.051979,24,0.024025776842639065,
22.0,0.062403,28,0.026110496292627978,
22.0,0.051979,24,0.024025776842639065,
20.0,0.051979,19,0.024025776842639065,
22.0,0.062403,28,0.026110496292627978,
22.0,0.062403,22,0.026110496292627974,
19.0,0.072827,20,0.028195215742616887,
21.0,0.062403,28,0.026110496292627974,
22.0,0.062403,28,0.026110496292627974,
17.0,0.072827,17,0.028195215742616887,
20.0,0.041555,20,0.021941057392650152,
19.0,0.051979,18,0.024025776842639065,
19.0,0.041555,17,0.021941057392650152,
22.0,0.051979,16,0.024025776842639065,
19.0,0.041555,18,0.021941057392650152,
16.0,0.041555,15,0.021941057392650152,
22.0,0.051979,18,0.024025776842639065,
19.0,0.051979,18,0.024025776842639065,
17.0,0.062403,15,0.026110496292627978,
22.0,0.051979,18,0.024025776842639065,
22.0,0.051979,18,0.024025776842639065,
15.0,0.062403,13,0.026110496292627978,
20.0,0.041555,18,0.021941057392650152,
18.0,0.041555,15,0.021941057392650152,
19.0,0.051979,16,0.024025776842639065,
21.0,0.051979,14,0.024025776842639065,
23.0,0.051979,22,0.024025776842639065,
21.0,0.062403,20,0.026110496292627978,
19.0,0.051979,18,0.024025776842639065,
18.0,0.062403,16,0.026110496292627978,
18.0,0.051979,15,0.024025776842639065,
20.0,0.062403,14,0.026110496292627978,
20.0,0.051979,16,0.024025776842639065,
17.0,0.051979,13,0.024025776842639065,
20.0,0.051979,20,0.024025776842639065,
19.0,0.051979,18,0.024025776842639065,
19.0,0.051979,16,0.024025776842639065,
19.0,0.062403,18,0.026110496292627978,
19.0,0.062403,16,0.026110496292627978,
19.0,0.062403,18,0.026110496292627978,
18.0,0.062403,14,0.026110496292627978,
21.0,0.062403,16,0.026110496292627978,
20.0,0.051979,18,0.024025776842639065,
19.0,0.051979,18,0.024025776842639065,
20.0,0.051979,18,0.024025776842639065,
18.0,0.062403,16,0.026110496292627974,
19.0,0.062403,16,0.026110496292627974,
19.0,0.062403,16,0.026110496292627978,
17.0,0.072827,14,0.028195215742616887,
21.0,0.062403,16,0.026110496292627978,
23.0,0.062403,22,0.026110496292627978,
17.0,0.062403,15,0.026110496292627978,
15.0,0.062403,13,0.026110496292627978,
16.0,0.062403,13,0.026110496292627978,
15.0,0.072827,13,0.028195215742616887,
15.0,0.072827,11,0.028195215742616887,
23.0,0.051979,15,0.024025776842639065,
22.0,0.062403,16,0.026110496292627978,
23.0,0.051979,16,0.024025776842639065,
23.0,0.062403,16,0.026110496292627978,
23.0,0.051979,16,0.024025776842639065,
20.0,0.051979,13,0.024025776842639065,
23.0,0.062403,16,0.026110496292627978,
22.0,0.062403,16,0.026110496292627974,
17.0,0.072827,13,0.028195215742616887,
21.0,0.062403,14,0.026110496292627974,
22.0,0.062403,16,0.026110496292627974,
16.0,0.072827,11,0.028195215742616887,
18.0,0.093675,13,0.03236465464259471,
20.0,0.083192,14,0.039793235834909825,
17.0,0.093616,11,0.04187795528489874,
19.0,0.083192,17,0.039793235834909825,
19.0,0.083192,17,0.039793235834909825,
18.0,0.093616,15,0.04187795528489874,
19.0,0.083192,17,0.039793235834909825,
17.0,0.083192,13,0.039793235834909825,
19.0,0.083192,15,0.039793235834909825,
17.0,0.083192,12,0.039793235834909825,
18.0,0.093616,15,0.04187795528489874,
19.0,0.093616,15,0.04187795528489874,
16.0,0.10404,12,0.04396267473488765,
19.0,0.093616,15,0.04187795528489874,
19.0,0.093616,15,0.04187795528489874,
15.0,0.10404,10,0.04396267473488765,
19.0,0.093616,15,0.04187795528489874,
16.0,0.10404,12,0.04396267473488765,
18.0,0.093616,15,0.04187795528489874,
18.0,0.093616,15,0.04187795528489874,
17.0,0.10404,13,0.04396267473488765,
21.0,0.093616,15,0.04187795528489874,
19.0,0.093616,13,0.04187795528489874,
22.0,0.093616,21,0.04187795528489874,
20.0,0.093616,19,0.04187795528489874,
19.0,0.093616,12,0.04187795528489874,
16.0,0.10404,12,0.04396267473488765,
17.0,0.093616,13,0.04187795528489874,
17.0,0.093616,15,0.04187795528489874,
16.0,0.10404,13,0.04396267473488765,
18.0,0.093616,15,0.04187795528489874,
16.0,0.093616,11,0.04187795528489874,
18.0,0.093616,13,0.04187795528489874,
16.0,0.093616,10,0.04187795528489874,
17.0,0.10404,13,0.04396267473488765,
17.0,0.10404,12,0.04396267473488765,
14.0,0.114464,9,0.046047394184876564,
17.0,0.10404,13,0.04396267473488765,
17.0,0.10404,13,0.04396267473488765,
13.0,0.114464,8,0.046047394184876564,
19.0,0.093616,15,0.04187795528489874,
16.0,0.10404,12,0.04396267473488765,
18.0,0.093616,15,0.04187795528489874,
18.0,0.093616,15,0.04187795528489874,
17.0,0.10404,13,0.04396267473488765,
17.0,0.10404,12,0.04396267473488765,
14.0,0.114464,9,0.046047394184876564,
19.0,0.10404,13,0.04396267473488765,
20.0,0.10404,19,0.04396267473488765,
23.0,0.093616,21,0.04187795528489874,
21.0,0.093616,19,0.04187795528489874,
20.0,0.10404,19,0.04396267473488765,
17.0,0.10404,23,0.04396267473488765,
22.0,0.093616,15,0.04187795528489874,
21.0,0.093616,13,0.04187795528489874,
20.0,0.10404,13,0.04396267473488765,
17.0,0.10404,9,0.04396267473488765,
15.0,0.124888,10,0.04813211363486547,
12.0,0.135312,7,0.05021683308485438,
14.0,0.135312,8,0.05021683308485438,
17.0,0.083192,14,0.03979323583490987,
16.0,0.093616,11,0.04187795528489877,
17.0,0.083192,15,0.03979323583490987,
19.0,0.093616,15,0.04187795528489877,
17.0,0.083192,15,0.03979323583490987,
14.0,0.083192,12,0.03979323583490987,
19.0,0.093616,15,0.04187795528489877,
16.0,0.093616,15,0.04187795528489878,
14.0,0.10404,12,0.043962674734887686,
19.0,0.093616,15,0.04187795528489878,
19.0,0.093616,15,0.04187795528489878,
13.0,0.10404,10,0.043962674734887686,
17.0,0.083192,17,0.03979323583490987,
16.0,0.083192,15,0.03979323583490987,
16.0,0.093616,15,0.04187795528489878,
18.0,0.093616,13,0.04187795528489878,
20.0,0.093616,21,0.04187795528489877,
18.0,0.10404,19,0.043962674734887686,
16.0,0.093616,15,0.04187795528489878,
15.0,0.10404,12,0.043962674734887686,
15.0,0.093616,15,0.04187795528489878,
17.0,0.10404,13,0.043962674734887686,
17.0,0.093616,15,0.04187795528489878,
15.0,0.093616,13,0.04187795528489878,
17.0,0.083192,17,0.03979323583490987,
16.0,0.083192,15,0.03979323583490987,
15.0,0.083192,12,0.03979323583490987,
16.0,0.093616,15,0.04187795528489878,
16.0,0.093616,13,0.04187795528489878,
16.0,0.093616,15,0.04187795528489878,
14.0,0.093616,10,0.04187795528489878,
18.0,0.093616,13,0.04187795528489878,
20.0,0.093616,21,0.04187795528489877,
18.0,0.10404,19,0.043962674734887686,
19.0,0.10404,19,0.043962674734887686,
16.0,0.093616,15,0.04187795528489878,
15.0,0.093616,15,0.04187795528489878,
16.0,0.093616,15,0.04187795528489878,
14.0,0.10404,12,0.04396267473488769,
15.0,0.10404,13,0.04396267473488769,
15.0,0.10404,12,0.043962674734887686,
13.0,0.114464,9,0.0460473941848766,
17.0,0.10404,13,0.043962674734887686,
19.0,0.10404,19,0.043962674734887686,
17.0,0.093616,15,0.04187795528489878,
15.0,0.093616,13,0.04187795528489878,
16.0,0.093616,13,0.04187795528489878,
15.0,0.10404,13,0.04396267473488769,
13.0,0.10404,9,0.04396267473488769,
16.0,0.093616,12,0.04187795528489878,
15.0,0.10404,12,0.043962674734887686,
16.0,0.093616,13,0.04187795528489878,
17.0,0.10404,13,0.043962674734887686,
16.0,0.093616,13,0.04187795528489878,
13.0,0.093616,10,0.04187795528489878,
17.0,0.10404,13,0.043962674734887686,
15.0,0.10404,12,0.04396267473488769,
11.0,0.114464,9,0.0460473941848766,
17.0,0.10404,13,0.04396267473488769,
17.0,0.10404,13,0.04396267473488769,
10.0,0.114464,8,0.0460473941848766,
21.0,0.093616,21,0.04187795528489878,
20.0,0.093616,19,0.04187795528489878,
19.0,0.10404,19,0.04396267473488769,
18.0,0.10404,17,0.04396267473488769,
21.0,0.093616,21,0.04187795528489878,
20.0,0.093616,19,0.04187795528489878,
19.0,0.10404,19,0.04396267473488769,
18.0,0.10404,17,0.04396267473488769,
14.0,0.10404,10,0.043962674734887686,
11.0,0.114464,8,0.0460473941848766,
13.0,0.124888,10,0.04813211363486551,
10.0,0.135312,7,0.05021683308485442,
10.0,0.135312,8,0.05021683308485442,
14.0,0.166704,8,0.07156508644033849,
13.0,0.177128,9,0.0736498058903274,
13.0,0.177128,9,0.0736498058903274,
13.0,0.177128,9,0.0736498058903274,
11.0,0.187552,6,0.07573452534031631,
13.0,0.177128,9,0.0736498058903274,
10.0,0.187552,6,0.07573452534031631,
8.0,0.2084,4,0.07990396424029414,
20.0,0.041555,27,0.021941057392650152,
19.0,0.051979,25,0.024025776842639065,
19.0,0.041555,25,0.021941057392650152,
17.0,0.041555,23,0.021941057392650152,
18.0,0.051979,23,0.024025776842639065,
19.0,0.041555,27,0.021941057392650152,
16.0,0.041555,23,0.021941057392650152,
19.0,0.041555,25,0.021941057392650152,
17.0,0.041555,22,0.021941057392650152,
19.0,0.051979,25,0.024025776842639065,
19.0,0.051979,25,0.024025776842639065,
17.0,0.062403,22,0.026110496292627978,
19.0,0.051979,25,0.024025776842639065,
18.0,0.051979,23,0.024025776842639065,
15.0,0.062403,20,0.026110496292627978,
19.0,0.051979,25,0.024025776842639065,
16.0,0.051979,21,0.024025776842639065,
18.0,0.051979,23,0.024025776842639065,
18.0,0.062403,23,0.026110496292627978,
17.0,0.062403,21,0.026110496292627978,
22.0,0.051979,23,0.024025776842639065,
20.0,0.051979,21,0.024025776842639065,
22.0,0.051979,31,0.024025776842639065,
19.0,0.051979,27,0.024025776842639065,
19.0,0.041555,20,0.021941057392650152,
17.0,0.051979,21,0.024025776842639065,
17.0,0.041555,21,0.021941057392650152,
16.0,0.041555,23,0.021941057392650152,
16.0,0.051979,21,0.024025776842639065,
17.0,0.041555,22,0.021941057392650152,
14.0,0.041555,18,0.021941057392650152,
18.0,0.041555,21,0.021941057392650152,
16.0,0.041555,18,0.021941057392650152,
17.0,0.051979,21,0.024025776842639065,
18.0,0.051979,21,0.024025776842639065,
16.0,0.062403,18,0.026110496292627978,
17.0,0.051979,21,0.024025776842639065,
17.0,0.051979,21,0.024025776842639065,
13.0,0.062403,16,0.026110496292627978,
21.0,0.051979,29,0.024025776842639065,
18.0,0.051979,27,0.024025776842639065,
20.0,0.051979,27,0.024025776842639065,
20.0,0.062403,27,0.026110496292627978,
19.0,0.062403,25,0.026110496292627978,
19.0,0.051979,25,0.024025776842639065,
18.0,0.062403,23,0.026110496292627978,
18.0,0.051979,23,0.024025776842639065,
16.0,0.051979,21,0.024025776842639065,
17.0,0.062403,21,0.026110496292627978,
17.0,0.062403,23,0.026110496292627978,
14.0,0.062403,19,0.026110496292627978,
20.0,0.062403,21,0.026110496292627978,
22.0,0.051979,29,0.024025776842639065,
20.0,0.062403,27,0.026110496292627978,
20.0,0.051979,27,0.024025776842639065,
19.0,0.051979,27,0.024025776842639065,
19.0,0.062403,25,0.026110496292627978,
23.0,0.051979,31,0.024025776842639065,
20.0,0.051979,27,0.024025776842639065,
15.0,0.062403,20,0.026110496292627978,
12.0,0.062403,16,0.026110496292627978,
22.0,0.051979,23,0.024025776842639065,
20.0,0.062403,21,0.026110496292627978,
21.0,0.051979,21,0.024025776842639065,
19.0,0.062403,19,0.026110496292627978,
20.0,0.041555,27,0.021941057392650152,
19.0,0.051979,25,0.024025776842639065,
19.0,0.041555,25,0.021941057392650152,
17.0,0.041555,23,0.021941057392650152,
18.0,0.051979,23,0.024025776842639065,
19.0,0.041555,27,0.021941057392650152,
16.0,0.041555,23,0.021941057392650152,
19.0,0.041555,25,0.021941057392650152,
17.0,0.041555,22,0.021941057392650152,
19.0,0.051979,25,0.024025776842639065,
19.0,0.051979,25,0.024025776842639065,
17.0,0.062403,22,0.026110496292627978,
19.0,0.051979,25,0.024025776842639065,
18.0,0.051979,23,0.024025776842639065,
15.0,0.062403,20,0.026110496292627978,
19.0,0.051979,25,0.024025776842639065,
16.0,0.051979,21,0.024025776842639065,
18.0,0.051979,23,0.024025776842639065,
18.0,0.062403,23,0.026110496292627978,
17.0,0.062403,21,0.026110496292627978,
22.0,0.051979,23,0.024025776842639065,
20.0,0.051979,21,0.024025776842639065,
22.0,0.051979,31,0.024025776842639065,
19.0,0.051979,27,0.024025776842639065,
19.0,0.041555,20,0.021941057392650152,
17.0,0.051979,21,0.024025776842639065,
17.0,0.041555,21,0.021941057392650152,
16.0,0.041555,23,0.021941057392650152,
16.0,0.051979,21,0.024025776842639065,
17.0,0.041555,22,0.021941057392650152,
14.0,0.041555,18,0.021941057392650152,
18.0,0.041555,21,0.021941057392650152,
16.0,0.041555,18,0.021941057392650152,
17.0,0.051979,21,0.024025776842639065,
18.0,0.051979,21,0.024025776842639065,
16.0,0.062403,18,0.026110496292627978,
17.0,0.051979,21,0.024025776842639065,
17.0,0.051979,21,0.024025776842639065,
13.0,0.062403,16,0.026110496292627978,
21.0,0.051979,29,0.024025776842639065,
18.0,0.051979,27,0.024025776842639065,
20.0,0.051979,27,0.024025776842639065,
20.0,0.062403,27,0.026110496292627978,
19.0,0.062403,25,0.026110496292627978,
19.0,0.051979,25,0.024025776842639065,
18.0,0.062403,23,0.026110496292627978,
18.0,0.051979,23,0.024025776842639065,
16.0,0.051979,21,0.024025776842639065,
17.0,0.062403,21,0.026110496292627978,
17.0,0.062403,23,0.026110496292627978,
14.0,0.062403,19,0.026110496292627978,
20.0,0.062403,21,0.026110496292627978,
23.0,0.051979,31,0.024025776842639065,
20.0,0.051979,27,0.024025776842639065,
22.0,0.051979,29,0.024025776842639065,
20.0,0.062403,27,0.026110496292627978,
20.0,0.051979,27,0.024025776842639065,
19.0,0.051979,27,0.024025776842639065,
19.0,0.062403,25,0.026110496292627978,
15.0,0.062403,20,0.026110496292627978,
12.0,0.062403,16,0.026110496292627978,
22.0,0.051979,23,0.024025776842639065,
20.0,0.062403,21,0.026110496292627978,
21.0,0.051979,21,0.024025776842639065,
19.0,0.062403,19,0.026110496292627978,
14.0,0.093616,22,0.04187795528489878,
13.0,0.10404,20,0.043962674734887686,
13.0,0.093616,22,0.04187795528489878,
15.0,0.10404,26,0.043962674734887686,
13.0,0.093616,22,0.04187795528489878,
11.0,0.093616,17,0.04187795528489878,
15.0,0.10404,26,0.043962674734887686,
13.0,0.10404,20,0.04396267473488769,
10.0,0.114464,18,0.0460473941848766,
16.0,0.10404,26,0.04396267473488769,
16.0,0.10404,26,0.04396267473488769,
8.0,0.114464,15,0.0460473941848766,
18.0,0.093616,11,0.04187795528489874,
15.0,0.10404,12,0.04396267473488765,
16.0,0.093616,12,0.04187795528489874,
15.0,0.093616,14,0.04187795528489874,
15.0,0.10404,12,0.04396267473488765,
16.0,0.093616,14,0.04187795528489874,
13.0,0.093616,10,0.04187795528489874,
17.0,0.093616,12,0.04187795528489874,
14.0,0.093616,9,0.04187795528489874,
16.0,0.10404,12,0.04396267473488765,
16.0,0.10404,12,0.04396267473488765,
13.0,0.114464,9,0.046047394184876564,
16.0,0.10404,12,0.04396267473488765,
16.0,0.10404,12,0.04396267473488765,
12.0,0.114464,7,0.046047394184876564,
13.0,0.177128,9,0.0736498058903274,
11.0,0.187552,7,0.07573452534031631,
18.0,0.093616,11,0.04187795528489874,
15.0,0.10404,12,0.04396267473488765,
16.0,0.093616,12,0.04187795528489874,
15.0,0.093616,14,0.04187795528489874,
15.0,0.10404,12,0.04396267473488765,
16.0,0.093616,14,0.04187795528489874,
13.0,0.093616,10,0.04187795528489874,
17.0,0.093616,12,0.04187795528489874,
14.0,0.093616,9,0.04187795528489874,
16.0,0.10404,12,0.04396267473488765,
16.0,0.10404,12,0.04396267473488765,
13.0,0.114464,9,0.046047394184876564,
16.0,0.10404,12,0.04396267473488765,
16.0,0.10404,12,0.04396267473488765,
12.0,0.114464,7,0.046047394184876564,
13.0,0.177128,9,0.0736498058903274,
11.0,0.187552,7,0.07573452534031631,
18.0,0.041696,19,0.008338877799955647,
17.0,0.05212,20,0.010423597249944558,
17.0,0.05212,20,0.010423597249944558,
17.0,0.05212,20,0.010423597249944558,
14.0,0.062544,17,0.01250831669993347,
17.0,0.05212,20,0.010423597249944558,
14.0,0.062544,17,0.01250831669993347,
11.0,0.083392,16,0.016677755599911293,
7.0,0.2084,5,0.07990396424029414,
18.0,0.0,7,0.0,
17.0,0.010424,12,0.0020847194499889117,
17.0,0.0,12,0.0,
19.0,0.010424,12,0.0020847194499889117,
17.0,0.0,12,0.0,
14.0,0.0,9,0.0,
19.0,0.010424,12,0.0020847194499889117,
17.0,0.010424,12,0.0020847194499889117,
16.0,0.020848,9,0.004169438899977823,
19.0,0.010424,12,0.0020847194499889117,
19.0,0.010424,12,0.0020847194499889117,
13.0,0.020848,7,0.004169438899977823,
18.0,0.010424,12,0.0020847194499889117,
16.0,0.010424,15,0.0020847194499889117,
17.0,0.020848,13,0.004169438899977823,
18.0,0.020848,13,0.004169438899977823,
18.0,0.0,17,0.0,
17.0,0.010424,15,0.0020847194499889117,
16.0,0.0,15,0.0,
18.0,0.010424,13,0.0020847194499889117,
18.0,0.010424,15,0.0020847194499889117,
15.0,0.010424,13,0.0020847194499889117,
20.0,0.010424,21,0.0020847194499889117,
19.0,0.020848,19,0.004169438899977823,
18.0,0.010424,12,0.0020847194499889117,
15.0,0.020848,9,0.004169438899977823,
16.0,0.010424,15,0.0020847194499889117,
16.0,0.010424,15,0.0020847194499889117,
16.0,0.020848,13,0.004169438899977823,
17.0,0.020848,13,0.004169438899977823,
14.0,0.031272,10,0.006254158349966735,
18.0,0.020848,13,0.004169438899977823,
18.0,0.020848,19,0.004169438899977823,
17.0,0.010424,12,0.0020847194499889117,
16.0,0.020848,9,0.004169438899977823,
16.0,0.010424,13,0.0020847194499889117,
18.0,0.020848,13,0.004169438899977823,
16.0,0.010424,13,0.0020847194499889117,
13.0,0.010424,10,0.0020847194499889117,
18.0,0.020848,13,0.004169438899977823,
16.0,0.020848,13,0.004169438899977823,
15.0,0.031272,10,0.006254158349966735,
18.0,0.020848,13,0.004169438899977823,
18.0,0.020848,13,0.004169438899977823,
12.0,0.031272,8,0.006254158349966735,
14.0,0.041696,8,0.008338877799955647,
13.0,0.05212,9,0.010423597249944558,
20.0,0.010424,21,0.0020847194499889117,
19.0,0.020848,19,0.004169438899977823,
18.0,0.010424,19,0.0020847194499889117,
18.0,0.020848,17,0.004169438899977823,
18.0,0.0,17,0.0,
16.0,0.010424,15,0.0020847194499889117,
16.0,0.0,15,0.0,
15.0,0.0,12,0.0,
16.0,0.010424,13,0.0020847194499889117,
17.0,0.010424,15,0.0020847194499889117,
14.0,0.010424,10,0.0020847194499889117,
18.0,0.010424,13,0.0020847194499889117,
18.0,0.010424,15,0.0020847194499889117,
16.0,0.020848,13,0.004169438899977823,
15.0,0.010424,13,0.0020847194499889117,
16.0,0.010424,13,0.0020847194499889117,
12.0,0.020848,9,0.004169438899977823,
20.0,0.010424,21,0.0020847194499889117,
19.0,0.020848,19,0.004169438899977823,
18.0,0.010424,19,0.0020847194499889117,
18.0,0.020848,17,0.004169438899977823,
20.0,0.010424,21,0.0020847194499889117,
19.0,0.020848,19,0.004169438899977823,
18.0,0.020848,19,0.004169438899977823,
14.0,0.020848,11,0.004169438899977823,
13.0,0.031272,9,0.006254158349966735,
11.0,0.05212,8,0.010423597249944558,
18.0,0.0,17,0.0,
17.0,0.010424,15,0.0020847194499889117,
17.0,0.0,10,0.0,
19.0,0.010424,19,0.0020847194499889117,
17.0,0.0,17,0.0,
14.0,0.0,12,0.0,
19.0,0.010424,21,0.0020847194499889117,
17.0,0.010424,15,0.0020847194499889117,
16.0,0.020848,13,0.004169438899977823,
19.0,0.010424,19,0.0020847194499889117,
19.0,0.010424,21,0.0020847194499889117,
13.0,0.020848,11,0.004169438899977823,
17.0,0.010424,15,0.0020847194499889117,
15.0,0.010424,11,0.0020847194499889117,
16.0,0.020848,13,0.004169438899977823,
17.0,0.020848,17,0.004169438899977823,
16.0,0.0,15,0.0,
15.0,0.010424,13,0.0020847194499889117,
15.0,0.0,11,0.0,
17.0,0.010424,17,0.0020847194499889117,
17.0,0.010424,15,0.0020847194499889117,
14.0,0.010424,11,0.0020847194499889117,
18.0,0.010424,13,0.0020847194499889117,
17.0,0.020848,11,0.004169438899977823,
20.0,0.010424,21,0.0020847194499889117,
19.0,0.020848,19,0.004169438899977823,
19.0,0.010424,19,0.0020847194499889117,
17.0,0.020848,23,0.004169438899977823,
19.0,0.010424,21,0.0020847194499889117,
16.0,0.010424,16,0.0020847194499889117,
19.0,0.020848,25,0.004169438899977823,
19.0,0.020848,19,0.004169438899977823,
17.0,0.031272,17,0.006254158349966735,
19.0,0.020848,23,0.004169438899977823,
20.0,0.020848,25,0.004169438899977823,
14.0,0.031272,15,0.006254158349966735,
17.0,0.0,12,0.0,
16.0,0.010424,15,0.0020847194499889117,
16.0,0.0,9,0.0,
18.0,0.010424,13,0.0020847194499889117,
16.0,0.0,13,0.0,
13.0,0.0,10,0.0,
18.0,0.010424,13,0.0020847194499889117,
16.0,0.010424,13,0.0020847194499889117,
15.0,0.020848,10,0.004169438899977823,
18.0,0.010424,13,0.0020847194499889117,
18.0,0.010424,13,0.0020847194499889117,
12.0,0.020848,8,0.004169438899977823,
16.0,0.010424,13,0.0020847194499889117,
14.0,0.010424,10,0.0020847194499889117,
15.0,0.020848,13,0.004169438899977823,
16.0,0.020848,11,0.004169438899977823,
16.0,0.0,15,0.0,
15.0,0.010424,13,0.0020847194499889117,
14.0,0.0,12,0.0,
16.0,0.010424,11,0.0020847194499889117,
16.0,0.010424,13,0.0020847194499889117,
13.0,0.010424,10,0.0020847194499889117,
18.0,0.010424,19,0.0020847194499889117,
17.0,0.020848,17,0.004169438899977823,
18.0,0.010424,12,0.0020847194499889117,
16.0,0.020848,13,0.004169438899977823,
16.0,0.010424,13,0.0020847194499889117,
17.0,0.010424,15,0.0020847194499889117,
16.0,0.020848,13,0.004169438899977823,
17.0,0.020848,13,0.004169438899977823,
15.0,0.031272,11,0.006254158349966735,
18.0,0.020848,11,0.004169438899977823,
19.0,0.020848,19,0.004169438899977823,
19.0,0.010424,15,0.0020847194499889117,
18.0,0.020848,13,0.004169438899977823,
18.0,0.010424,13,0.0020847194499889117,
16.0,0.020848,9,0.004169438899977823,
18.0,0.010424,13,0.0020847194499889117,
15.0,0.010424,10,0.0020847194499889117,
18.0,0.020848,13,0.004169438899977823,
18.0,0.020848,13,0.004169438899977823,
16.0,0.031272,10,0.006254158349966735,
18.0,0.020848,13,0.004169438899977823,
19.0,0.020848,13,0.004169438899977823,
13.0,0.031272,8,0.006254158349966735,
18.0,0.010424,12,0.0020847194499889117,
17.0,0.020848,13,0.004169438899977823,
16.0,0.010424,13,0.0020847194499889117,
17.0,0.010424,15,0.0020847194499889117,
17.0,0.020848,13,0.004169438899977823,
17.0,0.020848,13,0.004169438899977823,
16.0,0.020848,13,0.004169438899977823,
18.0,0.020848,13,0.004169438899977823,
17.0,0.020848,9,0.004169438899977823,
14.0,0.031272,10,0.006254158349966735,
15.0,0.020848,10,0.004169438899977823,
15.0,0.020848,12,0.004169438899977823,
14.0,0.031272,10,0.006254158349966735,
17.0,0.020848,13,0.004169438899977823,
16.0,0.031272,10,0.006254158349966735,
15.0,0.020848,13,0.004169438899977823,
17.0,0.031272,11,0.006254158349966735,
13.0,0.05212,9,0.010423597249944558,
19.0,0.020848,19,0.004169438899977823,
18.0,0.031272,17,0.006254158349966735,
18.0,0.010424,15,0.0020847194499889117,
17.0,0.020848,13,0.004169438899977823,
15.0,0.010424,13,0.0020847194499889117,
17.0,0.010424,15,0.0020847194499889117,
15.0,0.020848,13,0.004169438899977823,
17.0,0.020848,13,0.004169438899977823,
14.0,0.020848,11,0.004169438899977823,
19.0,0.020848,19,0.004169438899977823,
18.0,0.010424,12,0.0020847194499889117,
17.0,0.020848,13,0.004169438899977823,
16.0,0.010424,13,0.0020847194499889117,
16.0,0.010424,13,0.0020847194499889117,
16.0,0.020848,13,0.004169438899977823,
17.0,0.020848,13,0.004169438899977823,
15.0,0.020848,11,0.004169438899977823,
18.0,0.020848,11,0.004169438899977823,
15.0,0.020848,7,0.004169438899977823,
13.0,0.031272,8,0.006254158349966735,
12.0,0.020848,8,0.004169438899977823,
13.0,0.020848,10,0.004169438899977823,
11.0,0.031272,8,0.006254158349966735,
14.0,0.05212,8,0.010423597249944558,
18.0,0.0,17,0.0,
17.0,0.010424,15,0.0020847194499889117,
16.0,0.0,15,0.0,
17.0,0.0,17,0.0,
17.0,0.010424,15,0.0020847194499889117,
15.0,0.0,12,0.0,
14.0,0.0,12,0.0,
16.0,0.0,15,0.0,
14.0,0.0,12,0.0,
16.0,0.010424,13,0.0020847194499889117,
16.0,0.010424,15,0.0020847194499889117,
15.0,0.020848,12,0.004169438899977823,
16.0,0.010424,13,0.0020847194499889117,
17.0,0.010424,15,0.0020847194499889117,
13.0,0.020848,10,0.004169438899977823,
17.0,0.010424,15,0.0020847194499889117,
15.0,0.010424,13,0.0020847194499889117,
14.0,0.010424,10,0.0020847194499889117,
15.0,0.020848,13,0.004169438899977823,
15.0,0.020848,11,0.004169438899977823,
19.0,0.010424,21,0.0020847194499889117,
16.0,0.010424,16,0.0020847194499889117,
18.0,0.010424,13,0.0020847194499889117,
16.0,0.010424,11,0.0020847194499889117,
17.0,0.0,10,0.0,
15.0,0.010424,11,0.0020847194499889117,
15.0,0.0,11,0.0,
14.0,0.0,12,0.0,
14.0,0.010424,11,0.0020847194499889117,
14.0,0.0,12,0.0,
11.0,0.0,7,0.0,
14.0,0.0,11,0.0,
12.0,0.0,8,0.0,
14.0,0.010424,11,0.0020847194499889117,
15.0,0.010424,11,0.0020847194499889117,
13.0,0.020848,8,0.004169438899977823,
14.0,0.010424,11,0.0020847194499889117,
14.0,0.010424,11,0.0020847194499889117,
10.0,0.020848,6,0.004169438899977823,
19.0,0.010424,19,0.0020847194499889117,
17.0,0.010424,17,0.0020847194499889117,
16.0,0.010424,16,0.0020847194499889117,
17.0,0.020848,17,0.004169438899977823,
16.0,0.020848,15,0.004169438899977823,
17.0,0.010424,15,0.0020847194499889117,
16.0,0.020848,13,0.004169438899977823,
14.0,0.010424,10,0.0020847194499889117,
15.0,0.010424,13,0.0020847194499889117,
15.0,0.020848,11,0.004169438899977823,
16.0,0.020848,13,0.004169438899977823,
13.0,0.020848,8,0.004169438899977823,
17.0,0.020848,11,0.004169438899977823,
18.0,0.010424,13,0.0020847194499889117,
17.0,0.020848,11,0.004169438899977823,
16.0,0.010424,11,0.0020847194499889117,
16.0,0.020848,9,0.004169438899977823,
19.0,0.010424,21,0.0020847194499889117,
16.0,0.010424,16,0.0020847194499889117,
19.0,0.010424,19,0.0020847194499889117,
17.0,0.020848,17,0.004169438899977823,
16.0,0.010424,16,0.0020847194499889117,
16.0,0.010424,17,0.0020847194499889117,
16.0,0.020848,15,0.004169438899977823,
13.0,0.020848,11,0.004169438899977823,
10.0,0.020848,6,0.004169438899977823,
20.0,0.010424,21,0.0020847194499889117,
19.0,0.020848,19,0.004169438899977823,
19.0,0.010424,21,0.0020847194499889117,
19.0,0.020848,25,0.004169438899977823,
19.0,0.010424,19,0.0020847194499889117,
16.0,0.010424,16,0.0020847194499889117,
17.0,0.020848,23,0.004169438899977823,
19.0,0.020848,19,0.004169438899977823,
17.0,0.031272,17,0.006254158349966735,
20.0,0.020848,25,0.004169438899977823,
19.0,0.020848,23,0.004169438899977823,
14.0,0.031272,15,0.006254158349966735,
18.0,0.010424,19,0.0020847194499889117,
16.0,0.010424,17,0.0020847194499889117,
17.0,0.020848,17,0.004169438899977823,
16.0,0.020848,21,0.004169438899977823,
18.0,0.020848,17,0.004169438899977823,
16.0,0.031272,15,0.006254158349966735,
18.0,0.020848,19,0.004169438899977823,
17.0,0.031272,17,0.006254158349966735,
17.0,0.020848,17,0.004169438899977823,
15.0,0.031272,21,0.006254158349966735,
19.0,0.020848,19,0.004169438899977823,
16.0,0.020848,15,0.004169438899977823,
17.0,0.0,12,0.0,
16.0,0.010424,13,0.0020847194499889117,
16.0,0.0,13,0.0,
16.0,0.0,15,0.0,
16.0,0.010424,13,0.0020847194499889117,
16.0,0.0,15,0.0,
14.0,0.0,11,0.0,
14.0,0.0,9,0.0,
13.0,0.0,10,0.0,
15.0,0.010424,13,0.0020847194499889117,
16.0,0.010424,13,0.0020847194499889117,
14.0,0.020848,10,0.004169438899977823,
16.0,0.010424,13,0.0020847194499889117,
15.0,0.010424,13,0.0020847194499889117,
12.0,0.020848,8,0.004169438899977823,
16.0,0.010424,15,0.0020847194499889117,
15.0,0.010424,13,0.0020847194499889117,
13.0,0.010424,10,0.0020847194499889117,
15.0,0.020848,13,0.004169438899977823,
14.0,0.020848,11,0.004169438899977823,
18.0,0.010424,13,0.0020847194499889117,
15.0,0.010424,10,0.0020847194499889117,
18.0,0.010424,19,0.0020847194499889117,
16.0,0.010424,17,0.0020847194499889117,
16.0,0.0,9,0.0,
14.0,0.010424,10,0.0020847194499889117,
13.0,0.0,10,0.0,
14.0,0.0,12,0.0,
13.0,0.010424,10,0.0020847194499889117,
14.0,0.0,12,0.0,
12.0,0.0,8,0.0,
13.0,0.0,10,0.0,
10.0,0.0,5,0.0,
13.0,0.010424,10,0.0020847194499889117,
14.0,0.010424,10,0.0020847194499889117,
12.0,0.020848,7,0.004169438899977823,
13.0,0.010424,10,0.0020847194499889117,
13.0,0.010424,10,0.0020847194499889117,
9.0,0.020848,5,0.004169438899977823,
18.0,0.010424,13,0.0020847194499889117,
16.0,0.010424,11,0.0020847194499889117,
15.0,0.010424,10,0.0020847194499889117,
16.0,0.020848,11,0.004169438899977823,
15.0,0.020848,9,0.004169438899977823,
16.0,0.010424,13,0.0020847194499889117,
15.0,0.020848,13,0.004169438899977823,
15.0,0.010424,13,0.0020847194499889117,
13.0,0.010424,10,0.0020847194499889117,
14.0,0.020848,11,0.004169438899977823,
15.0,0.020848,10,0.004169438899977823,
12.0,0.020848,7,0.004169438899977823,
17.0,0.020848,17,0.004169438899977823,
18.0,0.010424,13,0.0020847194499889117,
15.0,0.010424,10,0.0020847194499889117,
18.0,0.010424,13,0.0020847194499889117,
16.0,0.020848,11,0.004169438899977823,
16.0,0.010424,11,0.0020847194499889117,
15.0,0.010424,10,0.0020847194499889117,
15.0,0.020848,9,0.004169438899977823,
12.0,0.020848,8,0.004169438899977823,
9.0,0.020848,5,0.004169438899977823,
18.0,0.010424,19,0.0020847194499889117,
17.0,0.020848,17,0.004169438899977823,
16.0,0.010424,17,0.0020847194499889117,
16.0,0.020848,21,0.004169438899977823,
18.0,0.010424,12,0.0020847194499889117,
16.0,0.020848,13,0.004169438899977823,
16.0,0.010424,13,0.0020847194499889117,
17.0,0.010424,15,0.0020847194499889117,
16.0,0.020848,13,0.004169438899977823,
16.0,0.010424,13,0.0020847194499889117,
14.0,0.010424,11,0.0020847194499889117,
15.0,0.010424,13,0.0020847194499889117,
13.0,0.010424,10,0.0020847194499889117,
13.0,0.020848,9,0.004169438899977823,
17.0,0.020848,13,0.004169438899977823,
14.0,0.031272,10,0.006254158349966735,
16.0,0.020848,13,0.004169438899977823,
16.0,0.020848,13,0.004169438899977823,
12.0,0.031272,8,0.006254158349966735,
17.0,0.020848,13,0.004169438899977823,
15.0,0.031272,11,0.006254158349966735,
15.0,0.020848,11,0.004169438899977823,
14.0,0.020848,11,0.004169438899977823,
12.0,0.031272,7,0.006254158349966735,
18.0,0.020848,11,0.004169438899977823,
15.0,0.020848,9,0.004169438899977823,
19.0,0.020848,19,0.004169438899977823,
16.0,0.020848,15,0.004169438899977823,
19.0,0.010424,15,0.0020847194499889117,
18.0,0.020848,13,0.004169438899977823,
18.0,0.010424,13,0.0020847194499889117,
18.0,0.020848,13,0.004169438899977823,
18.0,0.010424,13,0.0020847194499889117,
15.0,0.010424,10,0.0020847194499889117,
16.0,0.020848,9,0.004169438899977823,
18.0,0.020848,13,0.004169438899977823,
16.0,0.031272,10,0.006254158349966735,
19.0,0.020848,13,0.004169438899977823,
18.0,0.020848,13,0.004169438899977823,
13.0,0.031272,8,0.006254158349966735,
18.0,0.010424,13,0.0020847194499889117,
16.0,0.010424,11,0.0020847194499889117,
17.0,0.020848,11,0.004169438899977823,
16.0,0.020848,9,0.004169438899977823,
18.0,0.020848,17,0.004169438899977823,
16.0,0.031272,15,0.006254158349966735,
18.0,0.020848,13,0.004169438899977823,
17.0,0.031272,11,0.006254158349966735,
16.0,0.020848,11,0.004169438899977823,
14.0,0.031272,7,0.006254158349966735,
18.0,0.020848,11,0.004169438899977823,
15.0,0.020848,9,0.004169438899977823,
18.0,0.010424,12,0.0020847194499889117,
17.0,0.020848,13,0.004169438899977823,
16.0,0.010424,13,0.0020847194499889117,
17.0,0.010424,15,0.0020847194499889117,
17.0,0.020848,13,0.004169438899977823,
16.0,0.010424,15,0.0020847194499889117,
15.0,0.010424,11,0.0020847194499889117,
16.0,0.010424,13,0.0020847194499889117,
14.0,0.010424,10,0.0020847194499889117,
17.0,0.020848,13,0.004169438899977823,
15.0,0.020848,9,0.004169438899977823,
14.0,0.031272,10,0.006254158349966735,
16.0,0.020848,13,0.004169438899977823,
16.0,0.020848,13,0.004169438899977823,
13.0,0.031272,8,0.006254158349966735,
17.0,0.020848,13,0.004169438899977823,
16.0,0.020848,13,0.004169438899977823,
15.0,0.020848,13,0.004169438899977823,
14.0,0.031272,10,0.006254158349966735,
15.0,0.031272,11,0.006254158349966735,
18.0,0.020848,13,0.004169438899977823,
16.0,0.020848,11,0.004169438899977823,
18.0,0.020848,19,0.004169438899977823,
17.0,0.020848,17,0.004169438899977823,
17.0,0.020848,9,0.004169438899977823,
14.0,0.031272,10,0.006254158349966735,
15.0,0.020848,10,0.004169438899977823,
15.0,0.020848,12,0.004169438899977823,
14.0,0.031272,10,0.006254158349966735,
15.0,0.020848,12,0.004169438899977823,
13.0,0.020848,8,0.004169438899977823,
14.0,0.020848,10,0.004169438899977823,
12.0,0.020848,7,0.004169438899977823,
14.0,0.031272,10,0.006254158349966735,
14.0,0.031272,10,0.006254158349966735,
11.0,0.041696,5,0.008338877799955647,
14.0,0.031272,10,0.006254158349966735,
14.0,0.031272,10,0.006254158349966735,
10.0,0.041696,5,0.008338877799955647,
17.0,0.020848,13,0.004169438899977823,
15.0,0.020848,13,0.004169438899977823,
15.0,0.020848,13,0.004169438899977823,
14.0,0.031272,10,0.006254158349966735,
15.0,0.031272,11,0.006254158349966735,
16.0,0.031272,10,0.006254158349966735,
13.0,0.041696,7,0.008338877799955647,
17.0,0.031272,11,0.006254158349966735,
17.0,0.031272,17,0.006254158349966735,
13.0,0.05212,9,0.010423597249944558,
10.0,0.062544,6,0.01250831669993347,
19.0,0.020848,19,0.004169438899977823,
18.0,0.031272,17,0.006254158349966735,
17.0,0.020848,17,0.004169438899977823,
15.0,0.031272,21,0.006254158349966735,
18.0,0.020848,13,0.004169438899977823,
17.0,0.031272,11,0.006254158349966735,
16.0,0.020848,11,0.004169438899977823,
14.0,0.031272,7,0.006254158349966735,
11.0,0.062544,6,0.01250831669993347,
18.0,0.010424,15,0.0020847194499889117,
17.0,0.020848,13,0.004169438899977823,
15.0,0.010424,13,0.0020847194499889117,
17.0,0.010424,15,0.0020847194499889117,
15.0,0.020848,13,0.004169438899977823,
16.0,0.010424,13,0.0020847194499889117,
14.0,0.010424,11,0.0020847194499889117,
16.0,0.010424,13,0.0020847194499889117,
13.0,0.010424,10,0.0020847194499889117,
16.0,0.020848,13,0.004169438899977823,
16.0,0.020848,13,0.004169438899977823,
14.0,0.031272,10,0.006254158349966735,
12.0,0.020848,9,0.004169438899977823,
16.0,0.020848,13,0.004169438899977823,
11.0,0.031272,8,0.006254158349966735,
17.0,0.020848,13,0.004169438899977823,
14.0,0.020848,11,0.004169438899977823,
15.0,0.020848,11,0.004169438899977823,
15.0,0.031272,11,0.006254158349966735,
11.0,0.031272,7,0.006254158349966735,
19.0,0.020848,19,0.004169438899977823,
16.0,0.020848,15,0.004169438899977823,
18.0,0.020848,11,0.004169438899977823,
15.0,0.020848,9,0.004169438899977823,
18.0,0.010424,12,0.0020847194499889117,
17.0,0.020848,13,0.004169438899977823,
16.0,0.010424,13,0.0020847194499889117,
16.0,0.010424,13,0.0020847194499889117,
16.0,0.020848,13,0.004169438899977823,
17.0,0.010424,15,0.0020847194499889117,
14.0,0.010424,11,0.0020847194499889117,
15.0,0.010424,13,0.0020847194499889117,
13.0,0.010424,10,0.0020847194499889117,
16.0,0.020848,13,0.004169438899977823,
16.0,0.020848,13,0.004169438899977823,
14.0,0.031272,10,0.006254158349966735,
16.0,0.020848,13,0.004169438899977823,
13.0,0.020848,9,0.004169438899977823,
12.0,0.031272,8,0.006254158349966735,
17.0,0.020848,13,0.004169438899977823,
15.0,0.020848,11,0.004169438899977823,
14.0,0.020848,11,0.004169438899977823,
15.0,0.031272,11,0.006254158349966735,
12.0,0.031272,7,0.006254158349966735,
18.0,0.020848,11,0.004169438899977823,
15.0,0.020848,9,0.004169438899977823,
19.0,0.020848,19,0.004169438899977823,
16.0,0.020848,15,0.004169438899977823,
15.0,0.020848,7,0.004169438899977823,
13.0,0.031272,8,0.006254158349966735,
12.0,0.020848,8,0.004169438899977823,
13.0,0.020848,10,0.004169438899977823,
11.0,0.031272,8,0.006254158349966735,
13.0,0.020848,10,0.004169438899977823,
10.0,0.020848,6,0.004169438899977823,
12.0,0.020848,8,0.004169438899977823,
9.0,0.020848,5,0.004169438899977823,
12.0,0.031272,8,0.006254158349966735,
13.0,0.031272,8,0.006254158349966735,
10.0,0.041696,5,0.008338877799955647,
11.0,0.031272,8,0.006254158349966735,
12.0,0.031272,8,0.006254158349966735,
7.0,0.041696,3,0.008338877799955647,
14.0,0.05212,8,0.010423597249944558,
11.0,0.062544,6,0.01250831669993347,
17.0,0.010424,12,0.0020847194499889117,
16.0,0.020848,13,0.004169438899977823,
16.0,0.010424,13,0.0020847194499889117,
18.0,0.020848,13,0.004169438899977823,
16.0,0.010424,13,0.0020847194499889117,
13.0,0.010424,10,0.0020847194499889117,
18.0,0.020848,13,0.004169438899977823,
16.0,0.020848,9,0.004169438899977823,
15.0,0.031272,10,0.006254158349966735,
18.0,0.020848,13,0.004169438899977823,
18.0,0.020848,13,0.004169438899977823,
12.0,0.031272,8,0.006254158349966735,
17.0,0.020848,13,0.004169438899977823,
15.0,0.020848,13,0.004169438899977823,
16.0,0.031272,10,0.006254158349966735,
17.0,0.031272,11,0.006254158349966735,
17.0,0.010424,15,0.0020847194499889117,
16.0,0.020848,13,0.004169438899977823,
15.0,0.010424,13,0.0020847194499889117,
17.0,0.020848,11,0.004169438899977823,
17.0,0.020848,13,0.004169438899977823,
14.0,0.020848,11,0.004169438899977823,
19.0,0.020848,19,0.004169438899977823,
17.0,0.031272,17,0.006254158349966735,
17.0,0.020848,13,0.004169438899977823,
14.0,0.031272,10,0.006254158349966735,
15.0,0.020848,13,0.004169438899977823,
15.0,0.020848,13,0.004169438899977823,
15.0,0.031272,11,0.006254158349966735,
16.0,0.031272,10,0.006254158349966735,
13.0,0.041696,7,0.008338877799955647,
17.0,0.031272,11,0.006254158349966735,
17.0,0.031272,17,0.006254158349966735,
16.0,0.020848,9,0.004169438899977823,
15.0,0.031272,10,0.006254158349966735,
15.0,0.020848,10,0.004169438899977823,
16.0,0.031272,10,0.006254158349966735,
15.0,0.020848,10,0.004169438899977823,
12.0,0.020848,7,0.004169438899977823,
16.0,0.031272,10,0.006254158349966735,
15.0,0.031272,10,0.006254158349966735,
10.0,0.041696,5,0.008338877799955647,
16.0,0.031272,10,0.006254158349966735,
16.0,0.031272,10,0.006254158349966735,
9.0,0.041696,5,0.008338877799955647,
13.0,0.05212,9,0.010423597249944558,
10.0,0.062544,6,0.01250831669993347,
19.0,0.020848,19,0.004169438899977823,
17.0,0.031272,17,0.006254158349966735,
17.0,0.020848,17,0.004169438899977823,
16.0,0.031272,15,0.006254158349966735,
17.0,0.010424,15,0.0020847194499889117,
15.0,0.020848,13,0.004169438899977823,
15.0,0.010424,13,0.0020847194499889117,
14.0,0.010424,10,0.0020847194499889117,
15.0,0.020848,11,0.004169438899977823,
16.0,0.020848,13,0.004169438899977823,
13.0,0.020848,8,0.004169438899977823,
17.0,0.020848,11,0.004169438899977823,
17.0,0.020848,13,0.004169438899977823,
15.0,0.031272,11,0.006254158349966735,
14.0,0.020848,11,0.004169438899977823,
15.0,0.020848,11,0.004169438899977823,
11.0,0.031272,7,0.006254158349966735,
19.0,0.020848,19,0.004169438899977823,
17.0,0.031272,17,0.006254158349966735,
17.0,0.020848,17,0.004169438899977823,
16.0,0.031272,15,0.006254158349966735,
19.0,0.020848,19,0.004169438899977823,
17.0,0.031272,17,0.006254158349966735,
17.0,0.031272,17,0.006254158349966735,
13.0,0.031272,9,0.006254158349966735,
10.0,0.041696,7,0.008338877799955647,
8.0,0.062544,6,0.01250831669993347,
20.0,0.010424,21,0.0020847194499889117,
19.0,0.020848,19,0.004169438899977823,
19.0,0.010424,19,0.0020847194499889117,
19.0,0.020848,23,0.004169438899977823,
19.0,0.010424,21,0.0020847194499889117,
16.0,0.010424,16,0.0020847194499889117,
20.0,0.020848,25,0.004169438899977823,
19.0,0.020848,19,0.004169438899977823,
17.0,0.031272,17,0.006254158349966735,
17.0,0.020848,23,0.004169438899977823,
19.0,0.020848,25,0.004169438899977823,
14.0,0.031272,15,0.006254158349966735,
19.0,0.020848,19,0.004169438899977823,
17.0,0.020848,17,0.004169438899977823,
18.0,0.031272,17,0.006254158349966735,
15.0,0.031272,21,0.006254158349966735,
18.0,0.010424,19,0.0020847194499889117,
17.0,0.020848,17,0.004169438899977823,
17.0,0.010424,17,0.0020847194499889117,
17.0,0.020848,21,0.004169438899977823,
19.0,0.020848,19,0.004169438899977823,
16.0,0.020848,15,0.004169438899977823,
18.0,0.020848,17,0.004169438899977823,
16.0,0.031272,15,0.006254158349966735,
20.0,0.010424,21,0.0020847194499889117,
19.0,0.020848,19,0.004169438899977823,
19.0,0.010424,21,0.0020847194499889117,
20.0,0.020848,25,0.004169438899977823,
19.0,0.010424,19,0.0020847194499889117,
16.0,0.010424,16,0.0020847194499889117,
19.0,0.020848,23,0.004169438899977823,
19.0,0.020848,19,0.004169438899977823,
17.0,0.031272,17,0.006254158349966735,
19.0,0.020848,25,0.004169438899977823,
17.0,0.020848,23,0.004169438899977823,
14.0,0.031272,15,0.006254158349966735,
19.0,0.020848,19,0.004169438899977823,
17.0,0.020848,17,0.004169438899977823,
18.0,0.031272,17,0.006254158349966735,
15.0,0.031272,21,0.006254158349966735,
18.0,0.010424,19,0.0020847194499889117,
17.0,0.020848,17,0.004169438899977823,
17.0,0.010424,17,0.0020847194499889117,
17.0,0.020848,21,0.004169438899977823,
19.0,0.020848,19,0.004169438899977823,
16.0,0.020848,15,0.004169438899977823,
18.0,0.020848,17,0.004169438899977823,
16.0,0.031272,15,0.006254158349966735,
14.0,0.020848,10,0.004169438899977823,
13.0,0.031272,8,0.006254158349966735,
13.0,0.020848,10,0.004169438899977823,
14.0,0.031272,14,0.006254158349966735,
13.0,0.020848,10,0.004169438899977823,
10.0,0.020848,5,0.004169438899977823,
14.0,0.031272,14,0.006254158349966735,
13.0,0.031272,8,0.006254158349966735,
10.0,0.041696,6,0.008338877799955647,
14.0,0.031272,14,0.006254158349966735,
14.0,0.031272,14,0.006254158349966735,
7.0,0.041696,4,0.008338877799955647,
19.0,0.010424,15,0.0020847194499889117,
18.0,0.020848,13,0.004169438899977823,
18.0,0.010424,13,0.0020847194499889117,
18.0,0.020848,13,0.004169438899977823,
18.0,0.010424,13,0.0020847194499889117,
15.0,0.010424,10,0.0020847194499889117,
19.0,0.020848,13,0.004169438899977823,
18.0,0.020848,13,0.004169438899977823,
16.0,0.031272,10,0.006254158349966735,
16.0,0.020848,9,0.004169438899977823,
18.0,0.020848,13,0.004169438899977823,
13.0,0.031272,8,0.006254158349966735,
18.0,0.020848,13,0.004169438899977823,
16.0,0.020848,11,0.004169438899977823,
17.0,0.031272,11,0.006254158349966735,
14.0,0.031272,7,0.006254158349966735,
18.0,0.010424,13,0.0020847194499889117,
17.0,0.020848,11,0.004169438899977823,
16.0,0.010424,11,0.0020847194499889117,
16.0,0.020848,9,0.004169438899977823,
18.0,0.020848,11,0.004169438899977823,
15.0,0.020848,9,0.004169438899977823,
18.0,0.020848,17,0.004169438899977823,
16.0,0.031272,15,0.006254158349966735,
19.0,0.010424,15,0.0020847194499889117,
18.0,0.020848,13,0.004169438899977823,
18.0,0.010424,13,0.0020847194499889117,
19.0,0.020848,13,0.004169438899977823,
18.0,0.010424,13,0.0020847194499889117,
15.0,0.010424,10,0.0020847194499889117,
18.0,0.020848,13,0.004169438899977823,
18.0,0.020848,13,0.004169438899977823,
16.0,0.031272,10,0.006254158349966735,
18.0,0.020848,13,0.004169438899977823,
16.0,0.020848,9,0.004169438899977823,
13.0,0.031272,8,0.006254158349966735,
18.0,0.020848,13,0.004169438899977823,
16.0,0.020848,11,0.004169438899977823,
17.0,0.031272,11,0.006254158349966735,
14.0,0.031272,7,0.006254158349966735,
18.0,0.010424,13,0.0020847194499889117,
17.0,0.020848,11,0.004169438899977823,
16.0,0.010424,11,0.0020847194499889117,
16.0,0.020848,9,0.004169438899977823,
18.0,0.020848,11,0.004169438899977823,
15.0,0.020848,9,0.004169438899977823,
18.0,0.020848,17,0.004169438899977823,
16.0,0.031272,15,0.006254158349966735,
13.0,0.020848,7,0.004169438899977823,
12.0,0.031272,8,0.006254158349966735,
12.0,0.020848,8,0.004169438899977823,
13.0,0.031272,8,0.006254158349966735,
12.0,0.020848,8,0.004169438899977823,
9.0,0.020848,5,0.004169438899977823,
13.0,0.031272,8,0.006254158349966735,
12.0,0.031272,8,0.006254158349966735,
9.0,0.041696,5,0.008338877799955647,
13.0,0.031272,8,0.006254158349966735,
13.0,0.031272,8,0.006254158349966735,
6.0,0.041696,3,0.008338877799955647,
12.0,0.05212,8,0.010423597249944558,
9.0,0.062544,6,0.01250831669993347,
14.0,0.041696,8,0.008338877799955647,
13.0,0.05212,9,0.010423597249944558,
13.0,0.05212,9,0.010423597249944558,
13.0,0.05212,9,0.010423597249944558,
10.0,0.062544,6,0.01250831669993347,
13.0,0.05212,9,0.010423597249944558,
10.0,0.062544,6,0.01250831669993347,
7.0,0.083392,4,0.016677755599911293,
11.0,0.05212,8,0.010423597249944558,
8.0,0.062544,6,0.01250831669993347,
14.0,0.05212,8,0.010423597249944558,
11.0,0.062544,6,0.01250831669993347,
14.0,0.05212,8,0.010423597249944558,
11.0,0.062544,6,0.01250831669993347,
12.0,0.05212,8,0.010423597249944558,
9.0,0.062544,6,0.01250831669993347,
4.0,0.083392,2,0.016677755599911293,
18.0,0.041696,19,0.008338877799955647,
17.0,0.05212,20,0.010423597249944558,
17.0,0.05212,20,0.010423597249944558,
17.0,0.05212,20,0.010423597249944558,
14.0,0.062544,17,0.01250831669993347,
17.0,0.05212,20,0.010423597249944558,
14.0,0.062544,17,0.01250831669993347,
11.0,0.083392,16,0.016677755599911293,
9.0,0.083392,24,0.016677755599911293,
15.0,0.166704,8,0.07156508644033849,
14.0,0.177128,9,0.0736498058903274,
14.0,0.177128,9,0.0736498058903274,
14.0,0.177128,9,0.0736498058903274,
11.0,0.187552,6,0.07573452534031631,
14.0,0.177128,9,0.0736498058903274,
11.0,0.187552,6,0.07573452534031631,
8.0,0.2084,5,0.07990396424029414,
21.0,0.041555,22,0.021941057392650152,
20.0,0.051979,20,0.024025776842639065,
20.0,0.041555,20,0.021941057392650152,
23.0,0.051979,18,0.024025776842639065,
20.0,0.041555,20,0.021941057392650152,
17.0,0.041555,17,0.021941057392650152,
23.0,0.051979,20,0.024025776842639065,
20.0,0.051979,20,0.024025776842639065,
18.0,0.062403,17,0.026110496292627978,
23.0,0.051979,20,0.024025776842639065,
23.0,0.051979,18,0.024025776842639065,
16.0,0.062403,15,0.026110496292627978,
20.0,0.051979,17,0.024025776842639065,
19.0,0.051979,18,0.024025776842639065,
19.0,0.062403,18,0.026110496292627978,
21.0,0.062403,16,0.026110496292627978,
20.0,0.041555,17,0.021941057392650152,
19.0,0.051979,18,0.024025776842639065,
19.0,0.041555,18,0.021941057392650152,
22.0,0.051979,16,0.024025776842639065,
21.0,0.051979,15,0.024025776842639065,
18.0,0.051979,16,0.024025776842639065,
23.0,0.051979,24,0.024025776842639065,
21.0,0.062403,22,0.026110496292627978,
20.0,0.051979,20,0.024025776842639065,
18.0,0.062403,17,0.026110496292627974,
19.0,0.051979,18,0.024025776842639065,
20.0,0.051979,18,0.024025776842639065,
19.0,0.062403,16,0.026110496292627974,
19.0,0.062403,18,0.026110496292627978,
17.0,0.072827,15,0.028195215742616887,
21.0,0.062403,18,0.026110496292627978,
23.0,0.062403,24,0.026110496292627978,
20.0,0.051979,20,0.024025776842639065,
19.0,0.062403,17,0.026110496292627974,
19.0,0.051979,18,0.024025776842639065,
21.0,0.062403,16,0.026110496292627974,
19.0,0.051979,18,0.024025776842639065,
16.0,0.051979,15,0.024025776842639065,
22.0,0.062403,18,0.026110496292627974,
19.0,0.062403,18,0.026110496292627978,
16.0,0.072827,15,0.028195215742616887,
21.0,0.062403,18,0.026110496292627978,
22.0,0.062403,18,0.026110496292627978,
14.0,0.072827,13,0.028195215742616887,
17.0,0.083251,15,0.0302799351926058,
15.0,0.093675,13,0.03236465464259471,
24.0,0.051979,24,0.024025776842639065,
22.0,0.062403,22,0.026110496292627974,
23.0,0.051979,24,0.024025776842639065,
22.0,0.062403,22,0.026110496292627974,
20.0,0.041555,22,0.021941057392650152,
20.0,0.051979,20,0.024025776842639065,
19.0,0.041555,20,0.021941057392650152,
18.0,0.041555,17,0.021941057392650152,
19.0,0.051979,18,0.024025776842639065,
19.0,0.051979,20,0.024025776842639065,
17.0,0.051979,15,0.024025776842639065,
22.0,0.051979,18,0.024025776842639065,
21.0,0.051979,20,0.024025776842639065,
19.0,0.062403,18,0.026110496292627974,
18.0,0.051979,18,0.024025776842639065,
19.0,0.051979,18,0.024025776842639065,
16.0,0.062403,14,0.026110496292627974,
24.0,0.051979,26,0.024025776842639065,
23.0,0.062403,24,0.026110496292627974,
23.0,0.051979,24,0.024025776842639065,
22.0,0.062403,22,0.026110496292627974,
23.0,0.051979,26,0.024025776842639065,
22.0,0.062403,24,0.026110496292627978,
23.0,0.062403,24,0.026110496292627978,
17.0,0.062403,16,0.026110496292627978,
15.0,0.072827,14,0.028195215742616887,
14.0,0.093675,13,0.03236465464259471,
20.0,0.041555,20,0.021941057392650152,
19.0,0.051979,18,0.024025776842639065,
19.0,0.041555,20,0.021941057392650152,
23.0,0.051979,24,0.024025776842639065,
19.0,0.041555,18,0.021941057392650152,
17.0,0.041555,15,0.021941057392650152,
23.0,0.051979,22,0.024025776842639065,
19.0,0.051979,18,0.024025776842639065,
18.0,0.062403,16,0.026110496292627978,
22.0,0.051979,24,0.024025776842639065,
22.0,0.051979,22,0.024025776842639065,
16.0,0.062403,14,0.026110496292627978,
18.0,0.051979,18,0.024025776842639065,
18.0,0.051979,16,0.024025776842639065,
17.0,0.062403,16,0.026110496292627978,
21.0,0.062403,20,0.026110496292627978,
19.0,0.041555,18,0.021941057392650152,
18.0,0.051979,16,0.024025776842639065,
17.0,0.041555,16,0.021941057392650152,
21.0,0.051979,20,0.024025776842639065,
19.0,0.051979,18,0.024025776842639065,
17.0,0.051979,14,0.024025776842639065,
21.0,0.051979,16,0.024025776842639065,
19.0,0.062403,14,0.026110496292627978,
23.0,0.051979,24,0.024025776842639065,
22.0,0.062403,22,0.026110496292627974,
22.0,0.051979,24,0.024025776842639065,
22.0,0.062403,28,0.026110496292627974,
22.0,0.051979,24,0.024025776842639065,
20.0,0.051979,19,0.024025776842639065,
21.0,0.062403,28,0.026110496292627974,
22.0,0.062403,22,0.026110496292627978,
19.0,0.072827,20,0.028195215742616887,
22.0,0.062403,28,0.026110496292627978,
22.0,0.062403,28,0.026110496292627978,
17.0,0.072827,18,0.028195215742616887,
20.0,0.041555,20,0.021941057392650152,
19.0,0.051979,18,0.024025776842639065,
19.0,0.041555,18,0.021941057392650152,
22.0,0.051979,18,0.024025776842639065,
19.0,0.041555,17,0.021941057392650152,
16.0,0.041555,15,0.021941057392650152,
22.0,0.051979,18,0.024025776842639065,
19.0,0.051979,18,0.024025776842639065,
17.0,0.062403,15,0.026110496292627978,
22.0,0.051979,18,0.024025776842639065,
22.0,0.051979,16,0.024025776842639065,
15.0,0.062403,13,0.026110496292627978,
19.0,0.051979,18,0.024025776842639065,
18.0,0.051979,15,0.024025776842639065,
18.0,0.062403,16,0.026110496292627978,
20.0,0.062403,14,0.026110496292627978,
20.0,0.041555,18,0.021941057392650152,
19.0,0.051979,16,0.024025776842639065,
18.0,0.041555,15,0.021941057392650152,
21.0,0.051979,14,0.024025776842639065,
20.0,0.051979,16,0.024025776842639065,
17.0,0.051979,13,0.024025776842639065,
23.0,0.051979,22,0.024025776842639065,
21.0,0.062403,20,0.026110496292627978,
20.0,0.051979,18,0.024025776842639065,
18.0,0.062403,16,0.026110496292627974,
19.0,0.051979,18,0.024025776842639065,
20.0,0.051979,18,0.024025776842639065,
19.0,0.062403,16,0.026110496292627974,
19.0,0.062403,16,0.026110496292627978,
17.0,0.072827,14,0.028195215742616887,
21.0,0.062403,16,0.026110496292627978,
23.0,0.062403,22,0.026110496292627978,
23.0,0.051979,15,0.024025776842639065,
22.0,0.062403,16,0.026110496292627974,
23.0,0.051979,16,0.024025776842639065,
22.0,0.062403,16,0.026110496292627974,
23.0,0.051979,16,0.024025776842639065,
20.0,0.051979,13,0.024025776842639065,
21.0,0.062403,14,0.026110496292627974,
22.0,0.062403,16,0.026110496292627978,
17.0,0.072827,13,0.028195215742616887,
23.0,0.062403,16,0.026110496292627978,
23.0,0.062403,16,0.026110496292627978,
16.0,0.072827,11,0.028195215742616887,
19.0,0.051979,20,0.024025776842639065,
18.0,0.062403,18,0.026110496292627978,
18.0,0.051979,18,0.024025776842639065,
18.0,0.051979,18,0.024025776842639065,
18.0,0.062403,16,0.026110496292627978,
18.0,0.062403,18,0.026110496292627978,
17.0,0.062403,16,0.026110496292627978,
20.0,0.062403,16,0.026110496292627978,
18.0,0.062403,17,0.026110496292627978,
16.0,0.072827,15,0.028195215742616887,
16.0,0.062403,15,0.026110496292627978,
17.0,0.062403,15,0.026110496292627978,
16.0,0.072827,13,0.028195215742616887,
18.0,0.062403,18,0.026110496292627978,
17.0,0.072827,15,0.028195215742616887,
17.0,0.062403,16,0.026110496292627978,
18.0,0.072827,14,0.028195215742616887,
15.0,0.093675,13,0.03236465464259471,
22.0,0.062403,22,0.026110496292627978,
20.0,0.072827,20,0.028195215742616887,
20.0,0.051979,18,0.024025776842639065,
18.0,0.062403,18,0.026110496292627978,
18.0,0.051979,16,0.024025776842639065,
19.0,0.051979,18,0.024025776842639065,
18.0,0.062403,16,0.026110496292627978,
19.0,0.062403,16,0.026110496292627978,
17.0,0.062403,14,0.026110496292627978,
23.0,0.062403,22,0.026110496292627978,
20.0,0.051979,20,0.024025776842639065,
19.0,0.062403,18,0.026110496292627978,
19.0,0.051979,18,0.024025776842639065,
19.0,0.051979,16,0.024025776842639065,
19.0,0.062403,16,0.026110496292627978,
19.0,0.062403,18,0.026110496292627978,
18.0,0.062403,14,0.026110496292627978,
21.0,0.062403,16,0.026110496292627978,
17.0,0.062403,15,0.026110496292627978,
15.0,0.072827,13,0.028195215742616887,
15.0,0.062403,13,0.026110496292627978,
16.0,0.062403,13,0.026110496292627978,
15.0,0.072827,11,0.028195215742616887,
18.0,0.093675,13,0.03236465464259471,
22.0,0.083111,15,0.043882114785300304,
20.0,0.093535,16,0.04596683423528922,
21.0,0.083111,16,0.043882114785300304,
21.0,0.083111,18,0.043882114785300304,
21.0,0.093535,16,0.04596683423528922,
21.0,0.083111,18,0.043882114785300304,
19.0,0.083111,14,0.043882114785300304,
20.0,0.083111,13,0.043882114785300304,
19.0,0.083111,13,0.043882114785300304,
20.0,0.093535,16,0.04596683423528922,
20.0,0.093535,16,0.04596683423528922,
18.0,0.103959,13,0.04805155368527813,
21.0,0.093535,16,0.04596683423528922,
20.0,0.093535,16,0.04596683423528922,
17.0,0.103959,11,0.04805155368527813,
21.0,0.093535,18,0.04596683423528922,
20.0,0.093535,16,0.04596683423528922,
19.0,0.093535,14,0.04596683423528922,
19.0,0.103959,16,0.04805155368527813,
19.0,0.103959,14,0.04805155368527813,
24.0,0.093535,16,0.04596683423528922,
22.0,0.093535,14,0.04596683423528922,
24.0,0.093535,22,0.04596683423528922,
22.0,0.093535,20,0.04596683423528922,
21.0,0.083111,13,0.043882114785300304,
19.0,0.093535,14,0.04596683423528922,
18.0,0.083111,13,0.043882114785300304,
19.0,0.083111,16,0.043882114785300304,
19.0,0.093535,14,0.04596683423528922,
20.0,0.083111,16,0.043882114785300304,
17.0,0.083111,12,0.043882114785300304,
19.0,0.083111,14,0.043882114785300304,
16.0,0.083111,11,0.043882114785300304,
19.0,0.093535,14,0.04596683423528922,
19.0,0.093535,14,0.04596683423528922,
16.0,0.103959,11,0.04805155368527813,
19.0,0.093535,14,0.04596683423528922,
19.0,0.093535,14,0.04596683423528922,
15.0,0.103959,9,0.04805155368527813,
23.0,0.093535,16,0.04596683423528922,
21.0,0.093535,14,0.04596683423528922,
21.0,0.093535,14,0.04596683423528922,
20.0,0.103959,14,0.04805155368527813,
20.0,0.103959,12,0.04805155368527813,
21.0,0.093535,16,0.04596683423528922,
19.0,0.103959,16,0.04805155368527813,
20.0,0.093535,16,0.04596683423528922,
19.0,0.093535,14,0.04596683423528922,
19.0,0.103959,14,0.04805155368527813,
18.0,0.103959,13,0.04805155368527813,
16.0,0.103959,11,0.04805155368527813,
21.0,0.103959,20,0.04805155368527813,
23.0,0.093535,16,0.04596683423528922,
20.0,0.103959,14,0.04805155368527813,
21.0,0.093535,14,0.04596683423528922,
21.0,0.093535,14,0.04596683423528922,
20.0,0.103959,12,0.04805155368527813,
24.0,0.093535,16,0.04596683423528922,
22.0,0.093535,14,0.04596683423528922,
16.0,0.103959,11,0.04805155368527813,
14.0,0.103959,9,0.04805155368527813,
24.0,0.093535,22,0.04596683423528922,
21.0,0.103959,20,0.04805155368527813,
22.0,0.093535,20,0.04596683423528922,
20.0,0.103959,24,0.04805155368527813,
21.0,0.124747,16,0.06173429322755998,
18.0,0.135171,16,0.06381901267754889,
20.0,0.124747,17,0.06173429322755998,
20.0,0.124747,19,0.06173429322755998,
19.0,0.135171,17,0.06381901267754889,
19.0,0.124747,17,0.06173429322755998,
18.0,0.124747,15,0.06173429322755998,
19.0,0.124747,17,0.06173429322755998,
18.0,0.124747,14,0.06173429322755998,
18.0,0.135171,15,0.06381901267754889,
19.0,0.135171,17,0.06381901267754889,
16.0,0.145595,14,0.0659037321275378,
19.0,0.135171,17,0.06381901267754889,
19.0,0.135171,17,0.06381901267754889,
15.0,0.145595,12,0.0659037321275378,
19.0,0.135171,17,0.06381901267754889,
16.0,0.145595,14,0.0659037321275378,
17.0,0.135171,15,0.06381901267754889,
17.0,0.135171,15,0.06381901267754889,
16.0,0.145595,13,0.0659037321275378,
21.0,0.135171,15,0.06381901267754889,
19.0,0.135171,13,0.06381901267754889,
21.0,0.135171,23,0.06381901267754889,
19.0,0.135171,19,0.06381901267754889,
24.0,0.083111,24,0.043882114785300304,
23.0,0.093535,22,0.04596683423528922,
23.0,0.083111,22,0.043882114785300304,
26.0,0.093535,20,0.04596683423528922,
23.0,0.083111,22,0.043882114785300304,
20.0,0.083111,19,0.043882114785300304,
26.0,0.093535,22,0.04596683423528922,
23.0,0.093535,22,0.04596683423528922,
21.0,0.103959,19,0.04805155368527813,
26.0,0.093535,22,0.04596683423528922,
26.0,0.093535,20,0.04596683423528922,
19.0,0.103959,17,0.04805155368527813,
22.0,0.093535,22,0.04596683423528922,
21.0,0.093535,20,0.04596683423528922,
21.0,0.103959,20,0.04805155368527813,
23.0,0.103959,18,0.04805155368527813,
23.0,0.083111,20,0.043882114785300304,
22.0,0.093535,18,0.04596683423528922,
21.0,0.083111,20,0.043882114785300304,
24.0,0.093535,18,0.04596683423528922,
23.0,0.093535,20,0.04596683423528922,
21.0,0.093535,18,0.04596683423528922,
26.0,0.093535,26,0.04596683423528922,
24.0,0.103959,24,0.04805155368527813,
23.0,0.083111,20,0.043882114785300304,
20.0,0.093535,18,0.04596683423528922,
22.0,0.083111,20,0.043882114785300304,
21.0,0.083111,20,0.043882114785300304,
21.0,0.093535,18,0.04596683423528922,
22.0,0.093535,18,0.04596683423528922,
19.0,0.103959,16,0.04805155368527813,
24.0,0.093535,18,0.04596683423528922,
24.0,0.093535,24,0.04596683423528922,
26.0,0.093535,26,0.04596683423528922,
24.0,0.093535,24,0.04596683423528922,
24.0,0.103959,24,0.04805155368527813,
23.0,0.103959,28,0.04805155368527813,
22.0,0.093535,22,0.04596683423528922,
20.0,0.103959,20,0.04805155368527813,
21.0,0.093535,20,0.04596683423528922,
20.0,0.093535,18,0.04596683423528922,
20.0,0.103959,18,0.04805155368527813,
21.0,0.103959,20,0.04805155368527813,
19.0,0.103959,16,0.04805155368527813,
23.0,0.103959,18,0.04805155368527813,
23.0,0.093535,20,0.04596683423528922,
20.0,0.103959,18,0.04805155368527813,
21.0,0.093535,18,0.04596683423528922,
21.0,0.093535,18,0.04596683423528922,
20.0,0.103959,16,0.04805155368527813,
23.0,0.124747,19,0.06173429322755998,
20.0,0.135171,16,0.06381901267754889,
22.0,0.124747,17,0.06173429322755998,
22.0,0.124747,17,0.06173429322755998,
21.0,0.135171,15,0.06381901267754889,
22.0,0.135171,17,0.06381901267754889,
19.0,0.145595,14,0.0659037321275378,
24.0,0.135171,17,0.06381901267754889,
25.0,0.135171,23,0.06381901267754889,
21.0,0.135171,17,0.06381901267754889,
18.0,0.145595,14,0.0659037321275378,
19.0,0.135171,15,0.06381901267754889,
19.0,0.135171,15,0.06381901267754889,
18.0,0.145595,13,0.0659037321275378,
20.0,0.124747,19,0.06173429322756002,
19.0,0.135171,16,0.06381901267754893,
20.0,0.124747,17,0.06173429322756002,
21.0,0.135171,15,0.06381901267754893,
20.0,0.124747,17,0.06173429322756002,
17.0,0.124747,14,0.06173429322756002,
22.0,0.135171,17,0.06381901267754893,
19.0,0.135171,17,0.06381901267754893,
16.0,0.145595,14,0.06590373212753783,
21.0,0.135171,17,0.06381901267754893,
22.0,0.135171,17,0.06381901267754893,
15.0,0.145595,12,0.06590373212753783,
19.0,0.124747,17,0.06173429322756002,
18.0,0.124747,15,0.06173429322756002,
18.0,0.135171,15,0.06381901267754893,
19.0,0.135171,13,0.06381901267754893,
22.0,0.135171,21,0.06381901267754893,
18.0,0.145595,19,0.06590373212753783,
18.0,0.135171,17,0.06381901267754893,
17.0,0.145595,14,0.06590373212753783,
17.0,0.135171,15,0.06381901267754893,
18.0,0.145595,13,0.06590373212753783,
19.0,0.135171,15,0.06381901267754893,
17.0,0.135171,13,0.06381901267754893,
17.0,0.208259,13,0.09350614383298864,
15.0,0.218683,11,0.09559086328297756,
15.0,0.218683,11,0.09559086328297756,
21.0,0.083111,24,0.043882114785300304,
20.0,0.093535,25,0.04596683423528922,
20.0,0.083111,25,0.043882114785300304,
18.0,0.083111,25,0.043882114785300304,
19.0,0.093535,25,0.04596683423528922,
20.0,0.083111,27,0.043882114785300304,
17.0,0.083111,23,0.043882114785300304,
20.0,0.083111,25,0.043882114785300304,
18.0,0.083111,22,0.043882114785300304,
20.0,0.093535,25,0.04596683423528922,
19.0,0.093535,25,0.04596683423528922,
17.0,0.103959,22,0.04805155368527813,
20.0,0.093535,25,0.04596683423528922,
19.0,0.093535,23,0.04596683423528922,
16.0,0.103959,20,0.04805155368527813,
19.0,0.093535,25,0.04596683423528922,
16.0,0.093535,23,0.04596683423528922,
18.0,0.093535,23,0.04596683423528922,
17.0,0.103959,23,0.04805155368527813,
17.0,0.103959,21,0.04805155368527813,
21.0,0.093535,23,0.04596683423528922,
19.0,0.093535,21,0.04596683423528922,
21.0,0.093535,31,0.04596683423528922,
18.0,0.093535,27,0.04596683423528922,
23.0,0.083111,29,0.043882114785300304,
22.0,0.093535,27,0.04596683423528922,
22.0,0.083111,27,0.043882114785300304,
20.0,0.083111,25,0.043882114785300304,
21.0,0.093535,25,0.04596683423528922,
22.0,0.093535,27,0.04596683423528922,
19.0,0.093535,23,0.04596683423528922,
25.0,0.093535,25,0.04596683423528922,
22.0,0.083111,25,0.043882114785300304,
20.0,0.093535,23,0.04596683423528922,
20.0,0.083111,23,0.043882114785300304,
19.0,0.083111,23,0.043882114785300304,
19.0,0.093535,21,0.04596683423528922,
24.0,0.093535,31,0.04596683423528922,
21.0,0.093535,27,0.04596683423528922,
17.0,0.135171,24,0.06381901267754893,
15.0,0.145595,22,0.06590373212753783,
16.0,0.135171,22,0.06381901267754893,
16.0,0.145595,26,0.06590373212753783,
20.0,0.135171,16,0.06381901267754889,
17.0,0.145595,14,0.0659037321275378,
18.0,0.135171,14,0.06381901267754889,
18.0,0.135171,14,0.06381901267754889,
17.0,0.145595,12,0.0659037321275378,
15.0,0.218683,11,0.09559086328297756,
20.0,0.041555,27,0.021941057392650152,
19.0,0.051979,25,0.024025776842639065,
19.0,0.041555,25,0.021941057392650152,
19.0,0.041555,27,0.021941057392650152,
19.0,0.051979,25,0.024025776842639065,
17.0,0.041555,23,0.021941057392650152,
16.0,0.041555,23,0.021941057392650152,
19.0,0.041555,25,0.021941057392650152,
17.0,0.041555,22,0.021941057392650152,
18.0,0.051979,23,0.024025776842639065,
19.0,0.051979,25,0.024025776842639065,
17.0,0.062403,22,0.026110496292627978,
18.0,0.051979,23,0.024025776842639065,
19.0,0.051979,25,0.024025776842639065,
15.0,0.062403,20,0.026110496292627978,
19.0,0.051979,25,0.024025776842639065,
18.0,0.051979,23,0.024025776842639065,
16.0,0.051979,21,0.024025776842639065,
18.0,0.062403,23,0.026110496292627978,
17.0,0.062403,21,0.026110496292627978,
23.0,0.051979,31,0.024025776842639065,
20.0,0.051979,27,0.024025776842639065,
22.0,0.051979,23,0.024025776842639065,
21.0,0.051979,21,0.024025776842639065,
19.0,0.041555,20,0.021941057392650152,
18.0,0.051979,21,0.024025776842639065,
17.0,0.041555,21,0.021941057392650152,
17.0,0.041555,22,0.021941057392650152,
17.0,0.051979,21,0.024025776842639065,
16.0,0.041555,23,0.021941057392650152,
14.0,0.041555,18,0.021941057392650152,
18.0,0.041555,21,0.021941057392650152,
16.0,0.041555,18,0.021941057392650152,
17.0,0.051979,21,0.024025776842639065,
17.0,0.051979,21,0.024025776842639065,
16.0,0.062403,18,0.026110496292627978,
16.0,0.051979,21,0.024025776842639065,
17.0,0.051979,21,0.024025776842639065,
13.0,0.062403,16,0.026110496292627978,
22.0,0.051979,29,0.024025776842639065,
20.0,0.051979,27,0.024025776842639065,
19.0,0.051979,27,0.024025776842639065,
20.0,0.062403,27,0.026110496292627978,
19.0,0.062403,25,0.026110496292627978,
19.0,0.051979,25,0.024025776842639065,
18.0,0.062403,23,0.026110496292627978,
16.0,0.051979,21,0.024025776842639065,
18.0,0.051979,23,0.024025776842639065,
17.0,0.062403,21,0.026110496292627978,
17.0,0.062403,23,0.026110496292627978,
14.0,0.062403,19,0.026110496292627978,
20.0,0.062403,21,0.026110496292627978,
21.0,0.051979,23,0.024025776842639065,
19.0,0.062403,21,0.026110496292627978,
20.0,0.051979,21,0.024025776842639065,
19.0,0.062403,19,0.026110496292627978,
21.0,0.051979,29,0.024025776842639065,
20.0,0.062403,27,0.026110496292627978,
18.0,0.051979,27,0.024025776842639065,
20.0,0.051979,27,0.024025776842639065,
19.0,0.062403,25,0.026110496292627978,
22.0,0.051979,31,0.024025776842639065,
19.0,0.051979,27,0.024025776842639065,
15.0,0.062403,21,0.026110496292627978,
12.0,0.062403,17,0.026110496292627978,
21.0,0.083111,24,0.043882114785300304,
19.0,0.093535,25,0.04596683423528922,
20.0,0.083111,25,0.043882114785300304,
20.0,0.083111,27,0.043882114785300304,
20.0,0.093535,25,0.04596683423528922,
18.0,0.083111,25,0.043882114785300304,
17.0,0.083111,23,0.043882114785300304,
20.0,0.083111,25,0.043882114785300304,
18.0,0.083111,22,0.043882114785300304,
19.0,0.093535,23,0.04596683423528922,
20.0,0.093535,25,0.04596683423528922,
17.0,0.103959,22,0.04805155368527813,
19.0,0.093535,25,0.04596683423528922,
20.0,0.093535,25,0.04596683423528922,
16.0,0.103959,20,0.04805155368527813,
19.0,0.093535,25,0.04596683423528922,
17.0,0.103959,23,0.04805155368527813,
16.0,0.093535,23,0.04596683423528922,
18.0,0.093535,23,0.04596683423528922,
17.0,0.103959,21,0.04805155368527813,
21.0,0.093535,23,0.04596683423528922,
19.0,0.093535,21,0.04596683423528922,
21.0,0.093535,31,0.04596683423528922,
18.0,0.093535,27,0.04596683423528922,
23.0,0.083111,29,0.043882114785300304,
22.0,0.083111,27,0.043882114785300304,
20.0,0.083111,25,0.043882114785300304,
22.0,0.093535,27,0.04596683423528922,
21.0,0.093535,25,0.04596683423528922,
22.0,0.093535,27,0.04596683423528922,
19.0,0.093535,23,0.04596683423528922,
24.0,0.093535,25,0.04596683423528922,
22.0,0.083111,25,0.043882114785300304,
20.0,0.083111,23,0.043882114785300304,
19.0,0.083111,23,0.043882114785300304,
19.0,0.093535,23,0.04596683423528922,
19.0,0.093535,21,0.04596683423528922,
24.0,0.093535,31,0.04596683423528922,
21.0,0.093535,27,0.04596683423528922,
22.0,0.124747,24,0.06173429322755998,
20.0,0.124747,20,0.06173429322755998,
21.0,0.135171,22,0.06381901267754889,
22.0,0.135171,26,0.06381901267754889,
20.0,0.135171,22,0.06381901267754889,
18.0,0.135171,18,0.06381901267754889,
20.0,0.124747,24,0.06173429322756002,
19.0,0.124747,22,0.06173429322756002,
17.0,0.124747,20,0.06173429322756002,
18.0,0.135171,22,0.06381901267754893,
18.0,0.135171,20,0.06381901267754893,
18.0,0.135171,22,0.06381901267754893,
15.0,0.135171,18,0.06381901267754893,
20.0,0.135171,20,0.06381901267754893,
19.0,0.083111,27,0.043882114785300304,
17.0,0.093535,28,0.04596683423528922,
17.0,0.083111,28,0.043882114785300304,
16.0,0.083111,30,0.043882114785300304,
16.0,0.093535,28,0.04596683423528922,
16.0,0.083111,30,0.043882114785300304,
13.0,0.083111,26,0.043882114785300304,
17.0,0.083111,28,0.043882114785300304,
15.0,0.083111,25,0.043882114785300304,
16.0,0.093535,28,0.04596683423528922,
17.0,0.093535,28,0.04596683423528922,
15.0,0.103959,25,0.04805155368527813,
16.0,0.093535,28,0.04596683423528922,
16.0,0.093535,28,0.04596683423528922,
12.0,0.103959,23,0.04805155368527813,
22.0,0.083111,24,0.043882114785300304,
19.0,0.083111,20,0.043882114785300304,
19.0,0.083111,20,0.043882114785300304,
16.0,0.083111,16,0.043882114785300304,
15.0,0.135171,18,0.06381901267754893,
12.0,0.135171,14,0.06381901267754893,
18.0,0.135171,21,0.06381901267754889,
15.0,0.135171,17,0.06381901267754889,
20.0,0.083111,13,0.043882114785300304,
18.0,0.093535,14,0.04596683423528922,
19.0,0.083111,14,0.043882114785300304,
19.0,0.083111,16,0.043882114785300304,
19.0,0.093535,14,0.04596683423528922,
19.0,0.083111,16,0.043882114785300304,
17.0,0.083111,12,0.043882114785300304,
17.0,0.083111,11,0.043882114785300304,
16.0,0.083111,11,0.043882114785300304,
18.0,0.093535,14,0.04596683423528922,
18.0,0.093535,14,0.04596683423528922,
16.0,0.103959,11,0.04805155368527813,
19.0,0.093535,14,0.04596683423528922,
18.0,0.093535,14,0.04596683423528922,
15.0,0.103959,9,0.04805155368527813,
19.0,0.093535,16,0.04596683423528922,
18.0,0.093535,14,0.04596683423528922,
16.0,0.093535,12,0.04596683423528922,
17.0,0.103959,14,0.04805155368527813,
17.0,0.103959,12,0.04805155368527813,
22.0,0.093535,14,0.04596683423528922,
19.0,0.093535,12,0.04596683423528922,
22.0,0.093535,20,0.04596683423528922,
20.0,0.093535,18,0.04596683423528922,
19.0,0.083111,11,0.043882114785300304,
17.0,0.093535,12,0.04596683423528922,
16.0,0.083111,11,0.043882114785300304,
17.0,0.083111,14,0.043882114785300304,
16.0,0.093535,12,0.04596683423528922,
17.0,0.083111,14,0.043882114785300304,
15.0,0.083111,10,0.043882114785300304,
16.0,0.083111,12,0.043882114785300304,
13.0,0.083111,9,0.043882114785300304,
16.0,0.093535,12,0.04596683423528922,
17.0,0.093535,12,0.04596683423528922,
14.0,0.103959,9,0.04805155368527813,
16.0,0.093535,12,0.04596683423528922,
16.0,0.093535,12,0.04596683423528922,
12.0,0.103959,7,0.04805155368527813,
21.0,0.093535,14,0.04596683423528922,
19.0,0.093535,12,0.04596683423528922,
18.0,0.093535,12,0.04596683423528922,
18.0,0.103959,12,0.04805155368527813,
18.0,0.103959,10,0.04805155368527813,
19.0,0.093535,14,0.04596683423528922,
17.0,0.103959,14,0.04805155368527813,
18.0,0.093535,14,0.04596683423528922,
16.0,0.093535,12,0.04596683423528922,
17.0,0.103959,12,0.04805155368527813,
16.0,0.103959,11,0.04805155368527813,
14.0,0.103959,9,0.04805155368527813,
19.0,0.103959,18,0.04805155368527813,
21.0,0.093535,14,0.04596683423528922,
18.0,0.103959,12,0.04805155368527813,
19.0,0.093535,12,0.04596683423528922,
18.0,0.093535,12,0.04596683423528922,
18.0,0.103959,10,0.04805155368527813,
22.0,0.093535,14,0.04596683423528922,
19.0,0.093535,12,0.04596683423528922,
14.0,0.103959,9,0.04805155368527813,
11.0,0.103959,7,0.04805155368527813,
22.0,0.093535,20,0.04596683423528922,
19.0,0.103959,18,0.04805155368527813,
20.0,0.093535,18,0.04596683423528922,
18.0,0.103959,22,0.04805155368527813,
20.0,0.083192,14,0.039793235834909825,
19.0,0.093616,15,0.04187795528489874,
19.0,0.083192,15,0.039793235834909825,
19.0,0.083192,17,0.039793235834909825,
19.0,0.093616,15,0.04187795528489874,
19.0,0.083192,17,0.039793235834909825,
17.0,0.083192,13,0.039793235834909825,
19.0,0.083192,15,0.039793235834909825,
17.0,0.083192,12,0.039793235834909825,
19.0,0.093616,15,0.04187795528489874,
17.0,0.093616,11,0.04187795528489874,
16.0,0.10404,12,0.04396267473488765,
18.0,0.093616,15,0.04187795528489874,
18.0,0.093616,15,0.04187795528489874,
15.0,0.10404,10,0.04396267473488765,
19.0,0.093616,15,0.04187795528489874,
18.0,0.093616,15,0.04187795528489874,
18.0,0.093616,15,0.04187795528489874,
16.0,0.10404,12,0.04396267473488765,
17.0,0.10404,13,0.04396267473488765,
21.0,0.093616,15,0.04187795528489874,
20.0,0.093616,13,0.04187795528489874,
22.0,0.093616,21,0.04187795528489874,
20.0,0.093616,19,0.04187795528489874,
19.0,0.093616,12,0.04187795528489874,
17.0,0.10404,12,0.04396267473488765,
17.0,0.093616,13,0.04187795528489874,
18.0,0.093616,15,0.04187795528489874,
17.0,0.10404,13,0.04396267473488765,
17.0,0.093616,15,0.04187795528489874,
16.0,0.093616,11,0.04187795528489874,
18.0,0.093616,13,0.04187795528489874,
16.0,0.093616,10,0.04187795528489874,
17.0,0.10404,13,0.04396267473488765,
16.0,0.10404,12,0.04396267473488765,
14.0,0.114464,9,0.046047394184876564,
16.0,0.10404,13,0.04396267473488765,
17.0,0.10404,13,0.04396267473488765,
13.0,0.114464,8,0.046047394184876564,
19.0,0.093616,15,0.04187795528489874,
18.0,0.093616,15,0.04187795528489874,
18.0,0.093616,15,0.04187795528489874,
16.0,0.10404,12,0.04396267473488765,
17.0,0.10404,13,0.04396267473488765,
17.0,0.10404,12,0.04396267473488765,
14.0,0.114464,9,0.046047394184876564,
19.0,0.10404,13,0.04396267473488765,
20.0,0.10404,19,0.04396267473488765,
15.0,0.124888,10,0.04813211363486547,
12.0,0.135312,7,0.05021683308485438,
23.0,0.093616,21,0.04187795528489874,
20.0,0.10404,19,0.04396267473488765,
21.0,0.093616,19,0.04187795528489874,
17.0,0.10404,23,0.04396267473488765,
22.0,0.093616,15,0.04187795528489874,
20.0,0.10404,13,0.04396267473488765,
21.0,0.093616,13,0.04187795528489874,
17.0,0.10404,9,0.04396267473488765,
14.0,0.135312,8,0.05021683308485438,
21.0,0.124747,16,0.06173429322755998,
19.0,0.135171,17,0.06381901267754889,
20.0,0.124747,17,0.06173429322755998,
19.0,0.124747,17,0.06173429322755998,
19.0,0.135171,17,0.06381901267754889,
20.0,0.124747,19,0.06173429322755998,
17.0,0.124747,15,0.06173429322755998,
19.0,0.124747,17,0.06173429322755998,
18.0,0.124747,14,0.06173429322755998,
19.0,0.135171,17,0.06381901267754889,
18.0,0.135171,16,0.06381901267754889,
16.0,0.145595,14,0.0659037321275378,
19.0,0.135171,17,0.06381901267754889,
18.0,0.135171,15,0.06381901267754889,
15.0,0.145595,12,0.0659037321275378,
19.0,0.135171,17,0.06381901267754889,
17.0,0.135171,15,0.06381901267754889,
17.0,0.135171,15,0.06381901267754889,
16.0,0.145595,14,0.0659037321275378,
16.0,0.145595,13,0.0659037321275378,
21.0,0.135171,15,0.06381901267754889,
19.0,0.135171,13,0.06381901267754889,
21.0,0.135171,23,0.06381901267754889,
18.0,0.135171,19,0.06381901267754889,
19.0,0.166383,9,0.07958647166981965,
16.0,0.176807,10,0.08167119111980856,
17.0,0.166383,10,0.07958647166981965,
17.0,0.166383,12,0.07958647166981965,
16.0,0.176807,10,0.08167119111980856,
17.0,0.166383,12,0.07958647166981965,
14.0,0.166383,8,0.07958647166981965,
17.0,0.166383,10,0.07958647166981965,
14.0,0.166383,7,0.07958647166981965,
16.0,0.176807,10,0.08167119111980856,
16.0,0.176807,11,0.08167119111980856,
13.0,0.187231,5,0.08375591056979748,
16.0,0.176807,10,0.08167119111980856,
16.0,0.176807,10,0.08167119111980856,
11.0,0.187231,5,0.08375591056979748,
23.0,0.124747,19,0.06173429322755998,
22.0,0.124747,17,0.06173429322755998,
22.0,0.124747,17,0.06173429322755998,
20.0,0.135171,16,0.06381901267754889,
21.0,0.135171,15,0.06381901267754889,
22.0,0.135171,17,0.06381901267754889,
19.0,0.145595,14,0.0659037321275378,
24.0,0.135171,17,0.06381901267754889,
25.0,0.135171,23,0.06381901267754889,
21.0,0.135171,17,0.06381901267754889,
19.0,0.135171,15,0.06381901267754889,
19.0,0.135171,15,0.06381901267754889,
18.0,0.145595,14,0.0659037321275378,
18.0,0.145595,13,0.0659037321275378,
22.0,0.166383,14,0.07958647166981965,
19.0,0.176807,11,0.08167119111980856,
19.0,0.176807,11,0.08167119111980856,
16.0,0.187231,5,0.08375591056979748,
19.0,0.166383,14,0.07958647166981969,
18.0,0.166383,14,0.07958647166981969,
18.0,0.166383,14,0.07958647166981969,
16.0,0.176807,11,0.08167119111980861,
17.0,0.176807,12,0.08167119111980861,
17.0,0.176807,11,0.0816711911198086,
14.0,0.187231,8,0.0837559105697975,
19.0,0.176807,12,0.0816711911198086,
19.0,0.176807,18,0.0816711911198086,
15.0,0.249895,8,0.1113583222752483,
12.0,0.260319,5,0.11344304172523723,
22.0,0.124747,24,0.06173429322755998,
21.0,0.135171,22,0.06381901267754889,
20.0,0.124747,20,0.06173429322755998,
22.0,0.135171,26,0.06381901267754889,
20.0,0.135171,22,0.06381901267754889,
18.0,0.135171,18,0.06381901267754889,
17.0,0.176807,11,0.08167119111980856,
14.0,0.187231,9,0.08375591056979748,
10.0,0.260319,6,0.11344304172523723,
18.0,0.093616,11,0.04187795528489874,
16.0,0.10404,12,0.04396267473488765,
16.0,0.093616,12,0.04187795528489874,
16.0,0.093616,14,0.04187795528489874,
16.0,0.10404,12,0.04396267473488765,
15.0,0.093616,14,0.04187795528489874,
13.0,0.093616,10,0.04187795528489874,
17.0,0.093616,12,0.04187795528489874,
14.0,0.093616,9,0.04187795528489874,
16.0,0.10404,12,0.04396267473488765,
15.0,0.10404,12,0.04396267473488765,
13.0,0.114464,9,0.046047394184876564,
15.0,0.10404,12,0.04396267473488765,
16.0,0.10404,12,0.04396267473488765,
12.0,0.114464,7,0.046047394184876564,
20.0,0.135171,16,0.06381901267754889,
18.0,0.135171,14,0.06381901267754889,
18.0,0.135171,14,0.06381901267754889,
17.0,0.145595,14,0.0659037321275378,
17.0,0.145595,12,0.0659037321275378,
17.0,0.176807,11,0.08167119111980856,
14.0,0.187231,9,0.08375591056979748,
18.0,0.135171,21,0.06381901267754889,
15.0,0.135171,17,0.06381901267754889,
11.0,0.187231,8,0.08375591056979748,
17.0,0.166383,7,0.07958647166981965,
14.0,0.176807,8,0.08167119111980856,
14.0,0.166383,8,0.07958647166981965,
14.0,0.166383,10,0.07958647166981965,
13.0,0.176807,8,0.08167119111980856,
14.0,0.166383,10,0.07958647166981965,
11.0,0.166383,6,0.07958647166981965,
14.0,0.166383,8,0.07958647166981965,
11.0,0.166383,5,0.07958647166981965,
13.0,0.176807,8,0.08167119111980856,
14.0,0.176807,8,0.08167119111980856,
11.0,0.187231,5,0.08375591056979748,
13.0,0.176807,8,0.08167119111980856,
13.0,0.176807,8,0.08167119111980856,
8.0,0.187231,3,0.08375591056979748,
14.0,0.249895,7,0.1113583222752483,
11.0,0.260319,5,0.11344304172523723,
21.0,0.041555,22,0.021941057392650152,
20.0,0.051979,20,0.024025776842639065,
20.0,0.041555,20,0.021941057392650152,
23.0,0.051979,20,0.024025776842639065,
20.0,0.041555,20,0.021941057392650152,
17.0,0.041555,17,0.021941057392650152,
23.0,0.051979,18,0.024025776842639065,
20.0,0.051979,20,0.024025776842639065,
18.0,0.062403,17,0.026110496292627978,
23.0,0.051979,18,0.024025776842639065,
23.0,0.051979,20,0.024025776842639065,
16.0,0.062403,15,0.026110496292627978,
20.0,0.051979,20,0.024025776842639065,
19.0,0.051979,18,0.024025776842639065,
19.0,0.062403,18,0.026110496292627978,
21.0,0.062403,18,0.026110496292627978,
20.0,0.041555,22,0.021941057392650152,
19.0,0.051979,20,0.024025776842639065,
19.0,0.041555,20,0.021941057392650152,
22.0,0.051979,18,0.024025776842639065,
21.0,0.051979,20,0.024025776842639065,
18.0,0.051979,18,0.024025776842639065,
23.0,0.051979,26,0.024025776842639065,
22.0,0.062403,24,0.026110496292627978,
20.0,0.051979,17,0.024025776842639065,
18.0,0.062403,17,0.026110496292627974,
19.0,0.051979,18,0.024025776842639065,
20.0,0.051979,20,0.024025776842639065,
19.0,0.062403,18,0.026110496292627974,
19.0,0.062403,18,0.026110496292627978,
17.0,0.072827,15,0.028195215742616887,
21.0,0.062403,16,0.026110496292627978,
23.0,0.062403,24,0.026110496292627978,
20.0,0.051979,20,0.024025776842639065,
19.0,0.062403,17,0.026110496292627974,
19.0,0.051979,18,0.024025776842639065,
22.0,0.062403,18,0.026110496292627974,
19.0,0.051979,18,0.024025776842639065,
16.0,0.051979,15,0.024025776842639065,
21.0,0.062403,16,0.026110496292627974,
19.0,0.062403,18,0.026110496292627978,
16.0,0.072827,15,0.028195215742616887,
22.0,0.062403,18,0.026110496292627978,
21.0,0.062403,18,0.026110496292627978,
14.0,0.072827,13,0.028195215742616887,
17.0,0.083251,15,0.0302799351926058,
15.0,0.093675,13,0.03236465464259471,
24.0,0.051979,26,0.024025776842639065,
23.0,0.062403,24,0.026110496292627974,
23.0,0.051979,24,0.024025776842639065,
22.0,0.062403,22,0.026110496292627974,
20.0,0.041555,17,0.021941057392650152,
20.0,0.051979,18,0.024025776842639065,
19.0,0.041555,18,0.021941057392650152,
18.0,0.041555,17,0.021941057392650152,
19.0,0.051979,18,0.024025776842639065,
19.0,0.051979,18,0.024025776842639065,
17.0,0.051979,15,0.024025776842639065,
22.0,0.051979,16,0.024025776842639065,
21.0,0.051979,15,0.024025776842639065,
19.0,0.062403,16,0.026110496292627974,
18.0,0.051979,16,0.024025776842639065,
19.0,0.051979,18,0.024025776842639065,
16.0,0.062403,14,0.026110496292627974,
24.0,0.051979,24,0.024025776842639065,
22.0,0.062403,22,0.026110496292627974,
23.0,0.051979,24,0.024025776842639065,
22.0,0.062403,22,0.026110496292627974,
23.0,0.051979,24,0.024025776842639065,
21.0,0.062403,22,0.026110496292627978,
23.0,0.062403,24,0.026110496292627978,
17.0,0.062403,16,0.026110496292627978,
15.0,0.072827,14,0.028195215742616887,
14.0,0.093675,13,0.03236465464259471,
20.0,0.041555,20,0.021941057392650152,
19.0,0.051979,18,0.024025776842639065,
19.0,0.041555,18,0.021941057392650152,
23.0,0.051979,22,0.024025776842639065,
19.0,0.041555,20,0.021941057392650152,
17.0,0.041555,15,0.021941057392650152,
23.0,0.051979,24,0.024025776842639065,
19.0,0.051979,18,0.024025776842639065,
18.0,0.062403,16,0.026110496292627978,
22.0,0.051979,22,0.024025776842639065,
22.0,0.051979,24,0.024025776842639065,
16.0,0.062403,14,0.026110496292627978,
18.0,0.051979,18,0.024025776842639065,
18.0,0.051979,16,0.024025776842639065,
17.0,0.062403,16,0.026110496292627978,
21.0,0.062403,20,0.026110496292627978,
19.0,0.041555,18,0.021941057392650152,
18.0,0.051979,16,0.024025776842639065,
17.0,0.041555,16,0.021941057392650152,
21.0,0.051979,20,0.024025776842639065,
19.0,0.051979,18,0.024025776842639065,
17.0,0.051979,14,0.024025776842639065,
21.0,0.051979,16,0.024025776842639065,
19.0,0.062403,14,0.026110496292627978,
23.0,0.051979,24,0.024025776842639065,
22.0,0.062403,22,0.026110496292627974,
22.0,0.051979,24,0.024025776842639065,
21.0,0.062403,28,0.026110496292627974,
22.0,0.051979,24,0.024025776842639065,
20.0,0.051979,19,0.024025776842639065,
22.0,0.062403,28,0.026110496292627974,
22.0,0.062403,22,0.026110496292627978,
19.0,0.072827,20,0.028195215742616887,
22.0,0.062403,28,0.026110496292627978,
22.0,0.062403,28,0.026110496292627978,
17.0,0.072827,18,0.028195215742616887,
20.0,0.041555,20,0.021941057392650152,
19.0,0.051979,18,0.024025776842639065,
19.0,0.041555,17,0.021941057392650152,
22.0,0.051979,18,0.024025776842639065,
19.0,0.041555,18,0.021941057392650152,
16.0,0.041555,15,0.021941057392650152,
22.0,0.051979,18,0.024025776842639065,
19.0,0.051979,18,0.024025776842639065,
17.0,0.062403,15,0.026110496292627978,
22.0,0.051979,16,0.024025776842639065,
22.0,0.051979,18,0.024025776842639065,
15.0,0.062403,13,0.026110496292627978,
19.0,0.051979,18,0.024025776842639065,
18.0,0.051979,15,0.024025776842639065,
18.0,0.062403,16,0.026110496292627978,
20.0,0.062403,14,0.026110496292627978,
20.0,0.041555,18,0.021941057392650152,
19.0,0.051979,16,0.024025776842639065,
18.0,0.041555,15,0.021941057392650152,
21.0,0.051979,14,0.024025776842639065,
20.0,0.051979,16,0.024025776842639065,
17.0,0.051979,13,0.024025776842639065,
23.0,0.051979,22,0.024025776842639065,
21.0,0.062403,20,0.026110496292627978,
20.0,0.051979,18,0.024025776842639065,
18.0,0.062403,16,0.026110496292627974,
19.0,0.051979,18,0.024025776842639065,
20.0,0.051979,18,0.024025776842639065,
19.0,0.062403,16,0.026110496292627974,
19.0,0.062403,16,0.026110496292627978,
17.0,0.072827,14,0.028195215742616887,
21.0,0.062403,16,0.026110496292627978,
23.0,0.062403,22,0.026110496292627978,
23.0,0.051979,15,0.024025776842639065,
22.0,0.062403,16,0.026110496292627974,
23.0,0.051979,16,0.024025776842639065,
21.0,0.062403,14,0.026110496292627974,
23.0,0.051979,16,0.024025776842639065,
20.0,0.051979,13,0.024025776842639065,
22.0,0.062403,16,0.026110496292627974,
22.0,0.062403,16,0.026110496292627978,
17.0,0.072827,13,0.028195215742616887,
23.0,0.062403,16,0.026110496292627978,
23.0,0.062403,16,0.026110496292627978,
16.0,0.072827,11,0.028195215742616887,
19.0,0.051979,20,0.024025776842639065,
18.0,0.062403,18,0.026110496292627978,
18.0,0.051979,18,0.024025776842639065,
18.0,0.051979,18,0.024025776842639065,
18.0,0.062403,16,0.026110496292627978,
18.0,0.062403,18,0.026110496292627978,
17.0,0.062403,16,0.026110496292627978,
20.0,0.062403,16,0.026110496292627978,
18.0,0.062403,17,0.026110496292627978,
16.0,0.072827,15,0.028195215742616887,
16.0,0.062403,15,0.026110496292627978,
17.0,0.062403,15,0.026110496292627978,
16.0,0.072827,13,0.028195215742616887,
18.0,0.062403,18,0.026110496292627978,
17.0,0.072827,15,0.028195215742616887,
17.0,0.062403,16,0.026110496292627978,
18.0,0.072827,14,0.028195215742616887,
15.0,0.093675,13,0.03236465464259471,
22.0,0.062403,22,0.026110496292627978,
20.0,0.072827,20,0.028195215742616887,
20.0,0.051979,18,0.024025776842639065,
18.0,0.062403,18,0.026110496292627978,
18.0,0.051979,16,0.024025776842639065,
19.0,0.051979,18,0.024025776842639065,
18.0,0.062403,16,0.026110496292627978,
19.0,0.062403,16,0.026110496292627978,
17.0,0.062403,14,0.026110496292627978,
23.0,0.062403,22,0.026110496292627978,
20.0,0.051979,20,0.024025776842639065,
19.0,0.062403,18,0.026110496292627978,
19.0,0.051979,18,0.024025776842639065,
19.0,0.051979,16,0.024025776842639065,
19.0,0.062403,16,0.026110496292627978,
19.0,0.062403,18,0.026110496292627978,
18.0,0.062403,14,0.026110496292627978,
21.0,0.062403,16,0.026110496292627978,
17.0,0.062403,15,0.026110496292627978,
15.0,0.072827,13,0.028195215742616887,
15.0,0.062403,13,0.026110496292627978,
16.0,0.062403,13,0.026110496292627978,
15.0,0.072827,11,0.028195215742616887,
18.0,0.093675,13,0.03236465464259471,
24.0,0.083111,24,0.043882114785300304,
23.0,0.093535,22,0.04596683423528922,
23.0,0.083111,22,0.043882114785300304,
26.0,0.093535,22,0.04596683423528922,
23.0,0.083111,22,0.043882114785300304,
20.0,0.083111,19,0.043882114785300304,
26.0,0.093535,20,0.04596683423528922,
23.0,0.093535,22,0.04596683423528922,
21.0,0.103959,19,0.04805155368527813,
26.0,0.093535,20,0.04596683423528922,
26.0,0.093535,22,0.04596683423528922,
19.0,0.103959,17,0.04805155368527813,
22.0,0.093535,22,0.04596683423528922,
21.0,0.093535,20,0.04596683423528922,
21.0,0.103959,20,0.04805155368527813,
23.0,0.103959,18,0.04805155368527813,
23.0,0.083111,20,0.043882114785300304,
22.0,0.093535,18,0.04596683423528922,
21.0,0.083111,20,0.043882114785300304,
24.0,0.093535,18,0.04596683423528922,
23.0,0.093535,20,0.04596683423528922,
21.0,0.093535,18,0.04596683423528922,
26.0,0.093535,26,0.04596683423528922,
24.0,0.103959,24,0.04805155368527813,
23.0,0.083111,20,0.043882114785300304,
20.0,0.093535,18,0.04596683423528922,
22.0,0.083111,20,0.043882114785300304,
21.0,0.083111,20,0.043882114785300304,
21.0,0.093535,18,0.04596683423528922,
22.0,0.093535,18,0.04596683423528922,
19.0,0.103959,16,0.04805155368527813,
24.0,0.093535,18,0.04596683423528922,
24.0,0.093535,24,0.04596683423528922,
26.0,0.093535,26,0.04596683423528922,
24.0,0.093535,24,0.04596683423528922,
24.0,0.103959,24,0.04805155368527813,
23.0,0.103959,28,0.04805155368527813,
22.0,0.093535,22,0.04596683423528922,
20.0,0.103959,20,0.04805155368527813,
21.0,0.093535,20,0.04596683423528922,
20.0,0.093535,18,0.04596683423528922,
20.0,0.103959,18,0.04805155368527813,
21.0,0.103959,20,0.04805155368527813,
19.0,0.103959,16,0.04805155368527813,
23.0,0.103959,18,0.04805155368527813,
23.0,0.093535,20,0.04596683423528922,
20.0,0.103959,18,0.04805155368527813,
21.0,0.093535,18,0.04596683423528922,
21.0,0.093535,18,0.04596683423528922,
20.0,0.103959,16,0.04805155368527813,
23.0,0.124747,19,0.06173429322755998,
20.0,0.135171,16,0.06381901267754889,
22.0,0.124747,17,0.06173429322755998,
22.0,0.124747,17,0.06173429322755998,
21.0,0.135171,15,0.06381901267754889,
22.0,0.135171,17,0.06381901267754889,
19.0,0.145595,14,0.0659037321275378,
24.0,0.135171,17,0.06381901267754889,
25.0,0.135171,23,0.06381901267754889,
21.0,0.135171,17,0.06381901267754889,
18.0,0.145595,14,0.0659037321275378,
19.0,0.135171,15,0.06381901267754889,
19.0,0.135171,15,0.06381901267754889,
18.0,0.145595,13,0.0659037321275378,
22.0,0.083111,15,0.043882114785300304,
20.0,0.093535,16,0.04596683423528922,
21.0,0.083111,16,0.043882114785300304,
21.0,0.083111,18,0.043882114785300304,
21.0,0.093535,16,0.04596683423528922,
21.0,0.083111,18,0.043882114785300304,
19.0,0.083111,14,0.043882114785300304,
20.0,0.083111,13,0.043882114785300304,
19.0,0.083111,13,0.043882114785300304,
20.0,0.093535,16,0.04596683423528922,
20.0,0.093535,16,0.04596683423528922,
18.0,0.103959,13,0.04805155368527813,
21.0,0.093535,16,0.04596683423528922,
20.0,0.093535,16,0.04596683423528922,
17.0,0.103959,11,0.04805155368527813,
21.0,0.093535,18,0.04596683423528922,
20.0,0.093535,16,0.04596683423528922,
19.0,0.093535,14,0.04596683423528922,
19.0,0.103959,16,0.04805155368527813,
19.0,0.103959,14,0.04805155368527813,
24.0,0.093535,16,0.04596683423528922,
22.0,0.093535,14,0.04596683423528922,
24.0,0.093535,22,0.04596683423528922,
22.0,0.093535,20,0.04596683423528922,
21.0,0.083111,13,0.043882114785300304,
19.0,0.093535,14,0.04596683423528922,
18.0,0.083111,13,0.043882114785300304,
19.0,0.083111,16,0.043882114785300304,
19.0,0.093535,14,0.04596683423528922,
20.0,0.083111,16,0.043882114785300304,
17.0,0.083111,12,0.043882114785300304,
19.0,0.083111,14,0.043882114785300304,
16.0,0.083111,11,0.043882114785300304,
19.0,0.093535,14,0.04596683423528922,
19.0,0.093535,14,0.04596683423528922,
16.0,0.103959,11,0.04805155368527813,
19.0,0.093535,14,0.04596683423528922,
19.0,0.093535,14,0.04596683423528922,
15.0,0.103959,9,0.04805155368527813,
23.0,0.093535,16,0.04596683423528922,
21.0,0.093535,14,0.04596683423528922,
21.0,0.093535,14,0.04596683423528922,
20.0,0.103959,14,0.04805155368527813,
20.0,0.103959,12,0.04805155368527813,
21.0,0.093535,16,0.04596683423528922,
19.0,0.103959,16,0.04805155368527813,
20.0,0.093535,16,0.04596683423528922,
19.0,0.093535,14,0.04596683423528922,
19.0,0.103959,14,0.04805155368527813,
18.0,0.103959,13,0.04805155368527813,
16.0,0.103959,11,0.04805155368527813,
21.0,0.103959,20,0.04805155368527813,
24.0,0.093535,16,0.04596683423528922,
22.0,0.093535,14,0.04596683423528922,
23.0,0.093535,16,0.04596683423528922,
20.0,0.103959,14,0.04805155368527813,
21.0,0.093535,14,0.04596683423528922,
21.0,0.093535,14,0.04596683423528922,
20.0,0.103959,12,0.04805155368527813,
16.0,0.103959,11,0.04805155368527813,
14.0,0.103959,9,0.04805155368527813,
24.0,0.093535,22,0.04596683423528922,
21.0,0.103959,20,0.04805155368527813,
22.0,0.093535,20,0.04596683423528922,
20.0,0.103959,24,0.04805155368527813,
21.0,0.124747,16,0.06173429322755998,
18.0,0.135171,16,0.06381901267754889,
20.0,0.124747,17,0.06173429322755998,
20.0,0.124747,19,0.06173429322755998,
19.0,0.135171,17,0.06381901267754889,
19.0,0.124747,17,0.06173429322755998,
18.0,0.124747,15,0.06173429322755998,
19.0,0.124747,17,0.06173429322755998,
18.0,0.124747,14,0.06173429322755998,
18.0,0.135171,15,0.06381901267754889,
19.0,0.135171,17,0.06381901267754889,
16.0,0.145595,14,0.0659037321275378,
19.0,0.135171,17,0.06381901267754889,
19.0,0.135171,17,0.06381901267754889,
15.0,0.145595,12,0.0659037321275378,
19.0,0.135171,17,0.06381901267754889,
16.0,0.145595,14,0.0659037321275378,
17.0,0.135171,15,0.06381901267754889,
17.0,0.135171,15,0.06381901267754889,
16.0,0.145595,13,0.0659037321275378,
21.0,0.135171,15,0.06381901267754889,
19.0,0.135171,13,0.06381901267754889,
21.0,0.135171,23,0.06381901267754889,
19.0,0.135171,19,0.06381901267754889,
20.0,0.124747,19,0.06173429322756002,
19.0,0.135171,16,0.06381901267754893,
20.0,0.124747,17,0.06173429322756002,
22.0,0.135171,17,0.06381901267754893,
20.0,0.124747,17,0.06173429322756002,
17.0,0.124747,14,0.06173429322756002,
21.0,0.135171,15,0.06381901267754893,
19.0,0.135171,17,0.06381901267754893,
16.0,0.145595,14,0.06590373212753783,
22.0,0.135171,17,0.06381901267754893,
21.0,0.135171,17,0.06381901267754893,
15.0,0.145595,12,0.06590373212753783,
19.0,0.124747,17,0.06173429322756002,
18.0,0.124747,15,0.06173429322756002,
18.0,0.135171,15,0.06381901267754893,
19.0,0.135171,13,0.06381901267754893,
22.0,0.135171,21,0.06381901267754893,
18.0,0.145595,19,0.06590373212753783,
18.0,0.135171,17,0.06381901267754893,
17.0,0.145595,14,0.06590373212753783,
17.0,0.135171,15,0.06381901267754893,
18.0,0.145595,13,0.06590373212753783,
19.0,0.135171,15,0.06381901267754893,
17.0,0.135171,13,0.06381901267754893,
17.0,0.208259,13,0.09350614383298864,
15.0,0.218683,11,0.09559086328297756,
15.0,0.218683,11,0.09559086328297756,
23.0,0.083111,29,0.043882114785300304,
22.0,0.093535,27,0.04596683423528922,
22.0,0.083111,27,0.043882114785300304,
20.0,0.083111,25,0.043882114785300304,
21.0,0.093535,25,0.04596683423528922,
22.0,0.093535,27,0.04596683423528922,
19.0,0.093535,23,0.04596683423528922,
25.0,0.093535,25,0.04596683423528922,
22.0,0.083111,25,0.043882114785300304,
20.0,0.093535,23,0.04596683423528922,
20.0,0.083111,23,0.043882114785300304,
19.0,0.083111,23,0.043882114785300304,
19.0,0.093535,21,0.04596683423528922,
24.0,0.093535,31,0.04596683423528922,
21.0,0.093535,27,0.04596683423528922,
21.0,0.083111,24,0.043882114785300304,
20.0,0.093535,25,0.04596683423528922,
20.0,0.083111,25,0.043882114785300304,
18.0,0.083111,25,0.043882114785300304,
19.0,0.093535,25,0.04596683423528922,
20.0,0.083111,27,0.043882114785300304,
17.0,0.083111,23,0.043882114785300304,
20.0,0.083111,25,0.043882114785300304,
18.0,0.083111,22,0.043882114785300304,
20.0,0.093535,25,0.04596683423528922,
19.0,0.093535,25,0.04596683423528922,
17.0,0.103959,22,0.04805155368527813,
20.0,0.093535,25,0.04596683423528922,
19.0,0.093535,23,0.04596683423528922,
16.0,0.103959,20,0.04805155368527813,
19.0,0.093535,25,0.04596683423528922,
16.0,0.093535,23,0.04596683423528922,
18.0,0.093535,23,0.04596683423528922,
17.0,0.103959,23,0.04805155368527813,
17.0,0.103959,21,0.04805155368527813,
21.0,0.093535,23,0.04596683423528922,
19.0,0.093535,21,0.04596683423528922,
21.0,0.093535,31,0.04596683423528922,
18.0,0.093535,27,0.04596683423528922,
17.0,0.135171,24,0.06381901267754893,
15.0,0.145595,22,0.06590373212753783,
16.0,0.135171,22,0.06381901267754893,
16.0,0.145595,26,0.06590373212753783,
20.0,0.135171,16,0.06381901267754889,
17.0,0.145595,14,0.0659037321275378,
18.0,0.135171,14,0.06381901267754889,
18.0,0.135171,14,0.06381901267754889,
17.0,0.145595,12,0.0659037321275378,
15.0,0.218683,11,0.09559086328297756,
20.0,0.041555,27,0.021941057392650152,
19.0,0.051979,25,0.024025776842639065,
19.0,0.041555,25,0.021941057392650152,
19.0,0.041555,27,0.021941057392650152,
19.0,0.051979,25,0.024025776842639065,
17.0,0.041555,23,0.021941057392650152,
16.0,0.041555,23,0.021941057392650152,
19.0,0.041555,25,0.021941057392650152,
17.0,0.041555,22,0.021941057392650152,
18.0,0.051979,23,0.024025776842639065,
19.0,0.051979,25,0.024025776842639065,
17.0,0.062403,22,0.026110496292627978,
18.0,0.051979,23,0.024025776842639065,
19.0,0.051979,25,0.024025776842639065,
15.0,0.062403,20,0.026110496292627978,
19.0,0.051979,25,0.024025776842639065,
18.0,0.051979,23,0.024025776842639065,
16.0,0.051979,21,0.024025776842639065,
18.0,0.062403,23,0.026110496292627978,
17.0,0.062403,21,0.026110496292627978,
23.0,0.051979,31,0.024025776842639065,
20.0,0.051979,27,0.024025776842639065,
22.0,0.051979,23,0.024025776842639065,
21.0,0.051979,21,0.024025776842639065,
19.0,0.041555,20,0.021941057392650152,
18.0,0.051979,21,0.024025776842639065,
17.0,0.041555,21,0.021941057392650152,
17.0,0.041555,22,0.021941057392650152,
17.0,0.051979,21,0.024025776842639065,
16.0,0.041555,23,0.021941057392650152,
14.0,0.041555,18,0.021941057392650152,
18.0,0.041555,21,0.021941057392650152,
16.0,0.041555,18,0.021941057392650152,
17.0,0.051979,21,0.024025776842639065,
17.0,0.051979,21,0.024025776842639065,
16.0,0.062403,18,0.026110496292627978,
16.0,0.051979,21,0.024025776842639065,
17.0,0.051979,21,0.024025776842639065,
13.0,0.062403,16,0.026110496292627978,
22.0,0.051979,29,0.024025776842639065,
20.0,0.051979,27,0.024025776842639065,
19.0,0.051979,27,0.024025776842639065,
20.0,0.062403,27,0.026110496292627978,
19.0,0.062403,25,0.026110496292627978,
19.0,0.051979,25,0.024025776842639065,
18.0,0.062403,23,0.026110496292627978,
16.0,0.051979,21,0.024025776842639065,
18.0,0.051979,23,0.024025776842639065,
17.0,0.062403,21,0.026110496292627978,
17.0,0.062403,23,0.026110496292627978,
14.0,0.062403,19,0.026110496292627978,
20.0,0.062403,21,0.026110496292627978,
21.0,0.051979,23,0.024025776842639065,
19.0,0.062403,21,0.026110496292627978,
20.0,0.051979,21,0.024025776842639065,
19.0,0.062403,19,0.026110496292627978,
22.0,0.051979,31,0.024025776842639065,
19.0,0.051979,27,0.024025776842639065,
21.0,0.051979,29,0.024025776842639065,
20.0,0.062403,27,0.026110496292627978,
18.0,0.051979,27,0.024025776842639065,
20.0,0.051979,27,0.024025776842639065,
19.0,0.062403,25,0.026110496292627978,
15.0,0.062403,21,0.026110496292627978,
12.0,0.062403,17,0.026110496292627978,
23.0,0.083111,29,0.043882114785300304,
22.0,0.083111,27,0.043882114785300304,
20.0,0.083111,25,0.043882114785300304,
22.0,0.093535,27,0.04596683423528922,
21.0,0.093535,25,0.04596683423528922,
22.0,0.093535,27,0.04596683423528922,
19.0,0.093535,23,0.04596683423528922,
24.0,0.093535,25,0.04596683423528922,
22.0,0.083111,25,0.043882114785300304,
20.0,0.083111,23,0.043882114785300304,
19.0,0.083111,23,0.043882114785300304,
19.0,0.093535,23,0.04596683423528922,
19.0,0.093535,21,0.04596683423528922,
24.0,0.093535,31,0.04596683423528922,
21.0,0.093535,27,0.04596683423528922,
22.0,0.124747,24,0.06173429322755998,
20.0,0.124747,20,0.06173429322755998,
21.0,0.135171,22,0.06381901267754889,
22.0,0.135171,26,0.06381901267754889,
20.0,0.135171,22,0.06381901267754889,
18.0,0.135171,18,0.06381901267754889,
21.0,0.083111,24,0.043882114785300304,
19.0,0.093535,25,0.04596683423528922,
20.0,0.083111,25,0.043882114785300304,
20.0,0.083111,27,0.043882114785300304,
20.0,0.093535,25,0.04596683423528922,
18.0,0.083111,25,0.043882114785300304,
17.0,0.083111,23,0.043882114785300304,
20.0,0.083111,25,0.043882114785300304,
18.0,0.083111,22,0.043882114785300304,
19.0,0.093535,23,0.04596683423528922,
20.0,0.093535,25,0.04596683423528922,
17.0,0.103959,22,0.04805155368527813,
19.0,0.093535,25,0.04596683423528922,
20.0,0.093535,25,0.04596683423528922,
16.0,0.103959,20,0.04805155368527813,
19.0,0.093535,25,0.04596683423528922,
17.0,0.103959,23,0.04805155368527813,
16.0,0.093535,23,0.04596683423528922,
18.0,0.093535,23,0.04596683423528922,
17.0,0.103959,21,0.04805155368527813,
21.0,0.093535,23,0.04596683423528922,
19.0,0.093535,21,0.04596683423528922,
21.0,0.093535,31,0.04596683423528922,
18.0,0.093535,27,0.04596683423528922,
20.0,0.124747,24,0.06173429322756002,
19.0,0.124747,22,0.06173429322756002,
17.0,0.124747,20,0.06173429322756002,
18.0,0.135171,22,0.06381901267754893,
18.0,0.135171,20,0.06381901267754893,
18.0,0.135171,22,0.06381901267754893,
15.0,0.135171,18,0.06381901267754893,
20.0,0.135171,20,0.06381901267754893,
22.0,0.083111,24,0.043882114785300304,
19.0,0.083111,20,0.043882114785300304,
19.0,0.083111,20,0.043882114785300304,
16.0,0.083111,16,0.043882114785300304,
19.0,0.083111,27,0.043882114785300304,
17.0,0.093535,28,0.04596683423528922,
17.0,0.083111,28,0.043882114785300304,
16.0,0.083111,30,0.043882114785300304,
16.0,0.093535,28,0.04596683423528922,
16.0,0.083111,30,0.043882114785300304,
13.0,0.083111,26,0.043882114785300304,
17.0,0.083111,28,0.043882114785300304,
15.0,0.083111,25,0.043882114785300304,
16.0,0.093535,28,0.04596683423528922,
17.0,0.093535,28,0.04596683423528922,
15.0,0.103959,25,0.04805155368527813,
16.0,0.093535,28,0.04596683423528922,
16.0,0.093535,28,0.04596683423528922,
12.0,0.103959,23,0.04805155368527813,
15.0,0.135171,18,0.06381901267754893,
12.0,0.135171,14,0.06381901267754893,
18.0,0.135171,21,0.06381901267754889,
15.0,0.135171,17,0.06381901267754889,
20.0,0.083111,13,0.043882114785300304,
18.0,0.093535,14,0.04596683423528922,
19.0,0.083111,14,0.043882114785300304,
19.0,0.083111,16,0.043882114785300304,
19.0,0.093535,14,0.04596683423528922,
19.0,0.083111,16,0.043882114785300304,
17.0,0.083111,12,0.043882114785300304,
17.0,0.083111,11,0.043882114785300304,
16.0,0.083111,11,0.043882114785300304,
18.0,0.093535,14,0.04596683423528922,
18.0,0.093535,14,0.04596683423528922,
16.0,0.103959,11,0.04805155368527813,
19.0,0.093535,14,0.04596683423528922,
18.0,0.093535,14,0.04596683423528922,
15.0,0.103959,9,0.04805155368527813,
19.0,0.093535,16,0.04596683423528922,
18.0,0.093535,14,0.04596683423528922,
16.0,0.093535,12,0.04596683423528922,
17.0,0.103959,14,0.04805155368527813,
17.0,0.103959,12,0.04805155368527813,
22.0,0.093535,14,0.04596683423528922,
19.0,0.093535,12,0.04596683423528922,
22.0,0.093535,20,0.04596683423528922,
20.0,0.093535,18,0.04596683423528922,
19.0,0.083111,11,0.043882114785300304,
17.0,0.093535,12,0.04596683423528922,
16.0,0.083111,11,0.043882114785300304,
17.0,0.083111,14,0.043882114785300304,
16.0,0.093535,12,0.04596683423528922,
17.0,0.083111,14,0.043882114785300304,
15.0,0.083111,10,0.043882114785300304,
16.0,0.083111,12,0.043882114785300304,
13.0,0.083111,9,0.043882114785300304,
16.0,0.093535,12,0.04596683423528922,
17.0,0.093535,12,0.04596683423528922,
14.0,0.103959,9,0.04805155368527813,
16.0,0.093535,12,0.04596683423528922,
16.0,0.093535,12,0.04596683423528922,
12.0,0.103959,7,0.04805155368527813,
21.0,0.093535,14,0.04596683423528922,
19.0,0.093535,12,0.04596683423528922,
18.0,0.093535,12,0.04596683423528922,
18.0,0.103959,12,0.04805155368527813,
18.0,0.103959,10,0.04805155368527813,
19.0,0.093535,14,0.04596683423528922,
17.0,0.103959,14,0.04805155368527813,
18.0,0.093535,14,0.04596683423528922,
16.0,0.093535,12,0.04596683423528922,
17.0,0.103959,12,0.04805155368527813,
16.0,0.103959,11,0.04805155368527813,
14.0,0.103959,9,0.04805155368527813,
19.0,0.103959,18,0.04805155368527813,
22.0,0.093535,14,0.04596683423528922,
19.0,0.093535,12,0.04596683423528922,
21.0,0.093535,14,0.04596683423528922,
18.0,0.103959,12,0.04805155368527813,
19.0,0.093535,12,0.04596683423528922,
18.0,0.093535,12,0.04596683423528922,
18.0,0.103959,10,0.04805155368527813,
14.0,0.103959,9,0.04805155368527813,
11.0,0.103959,7,0.04805155368527813,
22.0,0.093535,20,0.04596683423528922,
19.0,0.103959,18,0.04805155368527813,
20.0,0.093535,18,0.04596683423528922,
18.0,0.103959,22,0.04805155368527813,
20.0,0.083192,14,0.039793235834909825,
19.0,0.093616,15,0.04187795528489874,
19.0,0.083192,15,0.039793235834909825,
19.0,0.083192,17,0.039793235834909825,
19.0,0.093616,15,0.04187795528489874,
19.0,0.083192,17,0.039793235834909825,
17.0,0.083192,13,0.039793235834909825,
19.0,0.083192,15,0.039793235834909825,
17.0,0.083192,12,0.039793235834909825,
19.0,0.093616,15,0.04187795528489874,
17.0,0.093616,11,0.04187795528489874,
16.0,0.10404,12,0.04396267473488765,
18.0,0.093616,15,0.04187795528489874,
18.0,0.093616,15,0.04187795528489874,
15.0,0.10404,10,0.04396267473488765,
19.0,0.093616,15,0.04187795528489874,
18.0,0.093616,15,0.04187795528489874,
18.0,0.093616,15,0.04187795528489874,
16.0,0.10404,12,0.04396267473488765,
17.0,0.10404,13,0.04396267473488765,
21.0,0.093616,15,0.04187795528489874,
20.0,0.093616,13,0.04187795528489874,
22.0,0.093616,21,0.04187795528489874,
20.0,0.093616,19,0.04187795528489874,
19.0,0.093616,12,0.04187795528489874,
17.0,0.10404,12,0.04396267473488765,
17.0,0.093616,13,0.04187795528489874,
18.0,0.093616,15,0.04187795528489874,
17.0,0.10404,13,0.04396267473488765,
17.0,0.093616,15,0.04187795528489874,
16.0,0.093616,11,0.04187795528489874,
18.0,0.093616,13,0.04187795528489874,
16.0,0.093616,10,0.04187795528489874,
17.0,0.10404,13,0.04396267473488765,
16.0,0.10404,12,0.04396267473488765,
14.0,0.114464,9,0.046047394184876564,
16.0,0.10404,13,0.04396267473488765,
17.0,0.10404,13,0.04396267473488765,
13.0,0.114464,8,0.046047394184876564,
19.0,0.093616,15,0.04187795528489874,
18.0,0.093616,15,0.04187795528489874,
18.0,0.093616,15,0.04187795528489874,
16.0,0.10404,12,0.04396267473488765,
17.0,0.10404,13,0.04396267473488765,
17.0,0.10404,12,0.04396267473488765,
14.0,0.114464,9,0.046047394184876564,
19.0,0.10404,13,0.04396267473488765,
20.0,0.10404,19,0.04396267473488765,
15.0,0.124888,10,0.04813211363486547,
12.0,0.135312,7,0.05021683308485438,
23.0,0.093616,21,0.04187795528489874,
20.0,0.10404,19,0.04396267473488765,
21.0,0.093616,19,0.04187795528489874,
17.0,0.10404,23,0.04396267473488765,
22.0,0.093616,15,0.04187795528489874,
20.0,0.10404,13,0.04396267473488765,
21.0,0.093616,13,0.04187795528489874,
17.0,0.10404,9,0.04396267473488765,
14.0,0.135312,8,0.05021683308485438,
23.0,0.124747,19,0.06173429322755998,
22.0,0.124747,17,0.06173429322755998,
22.0,0.124747,17,0.06173429322755998,
20.0,0.135171,16,0.06381901267754889,
21.0,0.135171,15,0.06381901267754889,
22.0,0.135171,17,0.06381901267754889,
19.0,0.145595,14,0.0659037321275378,
24.0,0.135171,17,0.06381901267754889,
25.0,0.135171,23,0.06381901267754889,
21.0,0.135171,17,0.06381901267754889,
19.0,0.135171,15,0.06381901267754889,
19.0,0.135171,15,0.06381901267754889,
18.0,0.145595,14,0.0659037321275378,
18.0,0.145595,13,0.0659037321275378,
22.0,0.166383,14,0.07958647166981965,
19.0,0.176807,11,0.08167119111980856,
19.0,0.176807,11,0.08167119111980856,
16.0,0.187231,5,0.08375591056979748,
21.0,0.124747,16,0.06173429322755998,
19.0,0.135171,17,0.06381901267754889,
20.0,0.124747,17,0.06173429322755998,
19.0,0.124747,17,0.06173429322755998,
19.0,0.135171,17,0.06381901267754889,
20.0,0.124747,19,0.06173429322755998,
17.0,0.124747,15,0.06173429322755998,
19.0,0.124747,17,0.06173429322755998,
18.0,0.124747,14,0.06173429322755998,
19.0,0.135171,17,0.06381901267754889,
18.0,0.135171,16,0.06381901267754889,
16.0,0.145595,14,0.0659037321275378,
19.0,0.135171,17,0.06381901267754889,
18.0,0.135171,15,0.06381901267754889,
15.0,0.145595,12,0.0659037321275378,
19.0,0.135171,17,0.06381901267754889,
17.0,0.135171,15,0.06381901267754889,
17.0,0.135171,15,0.06381901267754889,
16.0,0.145595,14,0.0659037321275378,
16.0,0.145595,13,0.0659037321275378,
21.0,0.135171,15,0.06381901267754889,
19.0,0.135171,13,0.06381901267754889,
21.0,0.135171,23,0.06381901267754889,
18.0,0.135171,19,0.06381901267754889,
19.0,0.166383,9,0.07958647166981965,
16.0,0.176807,10,0.08167119111980856,
17.0,0.166383,10,0.07958647166981965,
17.0,0.166383,12,0.07958647166981965,
16.0,0.176807,10,0.08167119111980856,
17.0,0.166383,12,0.07958647166981965,
14.0,0.166383,8,0.07958647166981965,
17.0,0.166383,10,0.07958647166981965,
14.0,0.166383,7,0.07958647166981965,
16.0,0.176807,10,0.08167119111980856,
16.0,0.176807,11,0.08167119111980856,
13.0,0.187231,5,0.08375591056979748,
16.0,0.176807,10,0.08167119111980856,
16.0,0.176807,10,0.08167119111980856,
11.0,0.187231,5,0.08375591056979748,
19.0,0.166383,14,0.07958647166981969,
18.0,0.166383,14,0.07958647166981969,
18.0,0.166383,14,0.07958647166981969,
16.0,0.176807,11,0.08167119111980861,
17.0,0.176807,12,0.08167119111980861,
17.0,0.176807,11,0.0816711911198086,
14.0,0.187231,8,0.0837559105697975,
19.0,0.176807,12,0.0816711911198086,
19.0,0.176807,18,0.0816711911198086,
15.0,0.249895,8,0.1113583222752483,
12.0,0.260319,5,0.11344304172523723,
22.0,0.124747,24,0.06173429322755998,
21.0,0.135171,22,0.06381901267754889,
20.0,0.124747,20,0.06173429322755998,
22.0,0.135171,26,0.06381901267754889,
20.0,0.135171,22,0.06381901267754889,
18.0,0.135171,18,0.06381901267754889,
17.0,0.176807,11,0.08167119111980856,
14.0,0.187231,9,0.08375591056979748,
10.0,0.260319,6,0.11344304172523723,
18.0,0.093616,11,0.04187795528489874,
16.0,0.10404,12,0.04396267473488765,
16.0,0.093616,12,0.04187795528489874,
16.0,0.093616,14,0.04187795528489874,
16.0,0.10404,12,0.04396267473488765,
15.0,0.093616,14,0.04187795528489874,
13.0,0.093616,10,0.04187795528489874,
17.0,0.093616,12,0.04187795528489874,
14.0,0.093616,9,0.04187795528489874,
16.0,0.10404,12,0.04396267473488765,
15.0,0.10404,12,0.04396267473488765,
13.0,0.114464,9,0.046047394184876564,
15.0,0.10404,12,0.04396267473488765,
16.0,0.10404,12,0.04396267473488765,
12.0,0.114464,7,0.046047394184876564,
20.0,0.135171,16,0.06381901267754889,
18.0,0.135171,14,0.06381901267754889,
18.0,0.135171,14,0.06381901267754889,
17.0,0.145595,14,0.0659037321275378,
17.0,0.145595,12,0.0659037321275378,
17.0,0.176807,11,0.08167119111980856,
14.0,0.187231,9,0.08375591056979748,
18.0,0.135171,21,0.06381901267754889,
15.0,0.135171,17,0.06381901267754889,
11.0,0.187231,8,0.08375591056979748,
17.0,0.166383,7,0.07958647166981965,
14.0,0.176807,8,0.08167119111980856,
14.0,0.166383,8,0.07958647166981965,
14.0,0.166383,10,0.07958647166981965,
13.0,0.176807,8,0.08167119111980856,
14.0,0.166383,10,0.07958647166981965,
11.0,0.166383,6,0.07958647166981965,
14.0,0.166383,8,0.07958647166981965,
11.0,0.166383,5,0.07958647166981965,
13.0,0.176807,8,0.08167119111980856,
14.0,0.176807,8,0.08167119111980856,
11.0,0.187231,5,0.08375591056979748,
13.0,0.176807,8,0.08167119111980856,
13.0,0.176807,8,0.08167119111980856,
8.0,0.187231,3,0.08375591056979748,
14.0,0.249895,7,0.1113583222752483,
11.0,0.260319,5,0.11344304172523723,
17.0,0.083192,14,0.03979323583490987,
16.0,0.093616,15,0.04187795528489878,
17.0,0.083192,15,0.03979323583490987,
19.0,0.093616,15,0.04187795528489878,
17.0,0.083192,15,0.03979323583490987,
14.0,0.083192,12,0.03979323583490987,
19.0,0.093616,15,0.04187795528489878,
16.0,0.093616,11,0.04187795528489877,
14.0,0.10404,12,0.043962674734887686,
19.0,0.093616,15,0.04187795528489877,
19.0,0.093616,15,0.04187795528489877,
13.0,0.10404,10,0.043962674734887686,
16.0,0.093616,15,0.04187795528489878,
15.0,0.093616,15,0.04187795528489878,
15.0,0.10404,12,0.043962674734887686,
17.0,0.10404,13,0.043962674734887686,
17.0,0.083192,17,0.03979323583490987,
16.0,0.093616,15,0.04187795528489878,
15.0,0.083192,15,0.03979323583490987,
18.0,0.093616,13,0.04187795528489878,
17.0,0.093616,15,0.04187795528489878,
15.0,0.093616,13,0.04187795528489878,
20.0,0.093616,21,0.04187795528489877,
18.0,0.10404,19,0.043962674734887686,
16.0,0.093616,15,0.04187795528489878,
14.0,0.10404,12,0.04396267473488769,
15.0,0.093616,15,0.04187795528489878,
16.0,0.093616,15,0.04187795528489878,
15.0,0.10404,13,0.04396267473488769,
15.0,0.10404,12,0.043962674734887686,
13.0,0.114464,9,0.0460473941848766,
17.0,0.10404,13,0.043962674734887686,
19.0,0.10404,19,0.043962674734887686,
16.0,0.093616,12,0.04187795528489878,
15.0,0.10404,12,0.04396267473488769,
16.0,0.093616,13,0.04187795528489878,
17.0,0.10404,13,0.04396267473488769,
16.0,0.093616,13,0.04187795528489878,
13.0,0.093616,10,0.04187795528489878,
17.0,0.10404,13,0.04396267473488769,
15.0,0.10404,12,0.043962674734887686,
11.0,0.114464,9,0.0460473941848766,
17.0,0.10404,13,0.043962674734887686,
17.0,0.10404,13,0.043962674734887686,
10.0,0.114464,8,0.0460473941848766,
13.0,0.124888,10,0.04813211363486551,
10.0,0.135312,7,0.05021683308485442,
21.0,0.093616,21,0.04187795528489878,
19.0,0.10404,19,0.04396267473488769,
19.0,0.093616,19,0.04187795528489878,
17.0,0.10404,17,0.04396267473488769,
17.0,0.083192,17,0.03979323583490987,
16.0,0.093616,15,0.04187795528489878,
15.0,0.083192,15,0.03979323583490987,
15.0,0.083192,12,0.03979323583490987,
16.0,0.093616,13,0.04187795528489878,
16.0,0.093616,15,0.04187795528489878,
14.0,0.093616,10,0.04187795528489878,
18.0,0.093616,13,0.04187795528489878,
17.0,0.093616,15,0.04187795528489878,
15.0,0.10404,13,0.04396267473488769,
15.0,0.093616,13,0.04187795528489878,
16.0,0.093616,13,0.04187795528489878,
13.0,0.10404,9,0.04396267473488769,
21.0,0.093616,21,0.04187795528489878,
19.0,0.10404,19,0.04396267473488769,
19.0,0.093616,19,0.04187795528489878,
17.0,0.10404,17,0.04396267473488769,
20.0,0.093616,21,0.04187795528489877,
18.0,0.10404,19,0.043962674734887686,
19.0,0.10404,19,0.043962674734887686,
14.0,0.10404,11,0.043962674734887686,
11.0,0.114464,9,0.0460473941848766,
10.0,0.135312,8,0.05021683308485442,
20.0,0.124747,19,0.06173429322756002,
19.0,0.135171,17,0.06381901267754893,
20.0,0.124747,17,0.06173429322756002,
21.0,0.135171,17,0.06381901267754893,
20.0,0.124747,17,0.06173429322756002,
17.0,0.124747,14,0.06173429322756002,
22.0,0.135171,17,0.06381901267754893,
19.0,0.135171,16,0.06381901267754893,
16.0,0.145595,14,0.06590373212753783,
21.0,0.135171,15,0.06381901267754893,
22.0,0.135171,17,0.06381901267754893,
15.0,0.145595,12,0.06590373212753783,
18.0,0.135171,17,0.06381901267754893,
17.0,0.135171,15,0.06381901267754893,
17.0,0.145595,14,0.06590373212753783,
18.0,0.145595,13,0.06590373212753783,
19.0,0.124747,17,0.06173429322756002,
18.0,0.135171,15,0.06381901267754893,
17.0,0.124747,15,0.06173429322756002,
19.0,0.135171,13,0.06381901267754893,
19.0,0.135171,15,0.06381901267754893,
17.0,0.135171,13,0.06381901267754893,
22.0,0.135171,21,0.06381901267754893,
18.0,0.145595,19,0.06590373212753783,
19.0,0.166383,14,0.07958647166981969,
16.0,0.176807,11,0.08167119111980861,
18.0,0.166383,14,0.07958647166981969,
18.0,0.166383,14,0.07958647166981969,
17.0,0.176807,12,0.08167119111980861,
17.0,0.176807,11,0.0816711911198086,
14.0,0.187231,8,0.0837559105697975,
19.0,0.176807,12,0.0816711911198086,
19.0,0.176807,18,0.0816711911198086,
20.0,0.124747,19,0.06173429322756002,
19.0,0.135171,17,0.06381901267754893,
20.0,0.124747,17,0.06173429322756002,
22.0,0.135171,17,0.06381901267754893,
20.0,0.124747,17,0.06173429322756002,
17.0,0.124747,14,0.06173429322756002,
21.0,0.135171,17,0.06381901267754893,
19.0,0.135171,16,0.06381901267754893,
16.0,0.145595,14,0.06590373212753783,
22.0,0.135171,17,0.06381901267754893,
21.0,0.135171,15,0.06381901267754893,
15.0,0.145595,12,0.06590373212753783,
18.0,0.135171,17,0.06381901267754893,
17.0,0.135171,15,0.06381901267754893,
17.0,0.145595,14,0.06590373212753783,
18.0,0.145595,13,0.06590373212753783,
19.0,0.124747,17,0.06173429322756002,
18.0,0.135171,15,0.06381901267754893,
17.0,0.124747,15,0.06173429322756002,
19.0,0.135171,13,0.06381901267754893,
19.0,0.135171,15,0.06381901267754893,
17.0,0.135171,13,0.06381901267754893,
22.0,0.135171,21,0.06381901267754893,
18.0,0.145595,19,0.06590373212753783,
19.0,0.166383,14,0.07958647166981969,
16.0,0.176807,11,0.08167119111980861,
18.0,0.166383,14,0.07958647166981969,
18.0,0.166383,14,0.07958647166981969,
17.0,0.176807,12,0.08167119111980861,
17.0,0.176807,11,0.0816711911198086,
14.0,0.187231,8,0.0837559105697975,
19.0,0.176807,12,0.0816711911198086,
19.0,0.176807,18,0.0816711911198086,
16.0,0.166383,9,0.07958647166981973,
15.0,0.176807,10,0.08167119111980864,
16.0,0.166383,10,0.07958647166981973,
17.0,0.176807,10,0.08167119111980864,
16.0,0.166383,10,0.07958647166981973,
13.0,0.166383,7,0.07958647166981973,
17.0,0.176807,10,0.08167119111980864,
15.0,0.176807,11,0.08167119111980864,
10.0,0.187231,5,0.08375591056979755,
17.0,0.176807,10,0.08167119111980864,
17.0,0.176807,10,0.08167119111980864,
9.0,0.187231,5,0.08375591056979755,
13.0,0.249895,8,0.11135832227524836,
9.0,0.260319,5,0.11344304172523725,
20.0,0.124747,24,0.06173429322756002,
18.0,0.135171,22,0.06381901267754893,
18.0,0.124747,22,0.06173429322756002,
17.0,0.124747,20,0.06173429322756002,
18.0,0.135171,20,0.06381901267754893,
18.0,0.135171,22,0.06381901267754893,
15.0,0.135171,18,0.06381901267754893,
19.0,0.135171,20,0.06381901267754893,
20.0,0.124747,24,0.06173429322756002,
18.0,0.135171,22,0.06381901267754893,
18.0,0.124747,22,0.06173429322756002,
17.0,0.124747,20,0.06173429322756002,
18.0,0.135171,20,0.06381901267754893,
18.0,0.135171,22,0.06381901267754893,
15.0,0.135171,18,0.06381901267754893,
19.0,0.135171,20,0.06381901267754893,
14.0,0.176807,19,0.08167119111980864,
10.0,0.187231,17,0.08375591056979755,
14.0,0.093616,22,0.04187795528489878,
13.0,0.10404,20,0.04396267473488769,
13.0,0.093616,22,0.04187795528489878,
16.0,0.10404,26,0.04396267473488769,
13.0,0.093616,22,0.04187795528489878,
11.0,0.093616,17,0.04187795528489878,
16.0,0.10404,26,0.04396267473488769,
13.0,0.10404,20,0.043962674734887686,
10.0,0.114464,18,0.0460473941848766,
15.0,0.10404,26,0.043962674734887686,
15.0,0.10404,26,0.043962674734887686,
8.0,0.114464,16,0.0460473941848766,
17.0,0.135171,24,0.06381901267754893,
16.0,0.135171,22,0.06381901267754893,
15.0,0.145595,22,0.06590373212753783,
16.0,0.145595,26,0.06590373212753783,
17.0,0.135171,24,0.06381901267754893,
16.0,0.135171,22,0.06381901267754893,
15.0,0.145595,22,0.06590373212753783,
16.0,0.145595,26,0.06590373212753783,
14.0,0.176807,19,0.08167119111980864,
10.0,0.187231,17,0.08375591056979755,
15.0,0.135171,18,0.06381901267754893,
12.0,0.135171,14,0.06381901267754893,
15.0,0.135171,18,0.06381901267754893,
12.0,0.135171,14,0.06381901267754893,
7.0,0.187231,24,0.08375591056979755,
14.0,0.166383,7,0.07958647166981973,
13.0,0.176807,8,0.08167119111980864,
13.0,0.166383,8,0.07958647166981973,
15.0,0.176807,8,0.08167119111980864,
13.0,0.166383,8,0.07958647166981973,
10.0,0.166383,5,0.07958647166981973,
15.0,0.176807,8,0.08167119111980864,
13.0,0.176807,8,0.08167119111980864,
8.0,0.187231,5,0.08375591056979755,
15.0,0.176807,8,0.08167119111980864,
15.0,0.176807,8,0.08167119111980864,
7.0,0.187231,3,0.08375591056979755,
14.0,0.166704,8,0.07156508644033849,
17.0,0.208259,13,0.09350614383298864,
17.0,0.208259,13,0.09350614383298864,
13.0,0.177128,9,0.0736498058903274,
13.0,0.249895,8,0.11135832227524836,
13.0,0.177128,9,0.0736498058903274,
15.0,0.218683,11,0.09559086328297756,
15.0,0.249895,8,0.1113583222752483,
13.0,0.177128,9,0.0736498058903274,
15.0,0.218683,11,0.09559086328297756,
15.0,0.218683,11,0.09559086328297756,
10.0,0.187552,6,0.07573452534031631,
9.0,0.260319,5,0.11344304172523725,
13.0,0.177128,9,0.0736498058903274,
11.0,0.187552,6,0.07573452534031631,
15.0,0.218683,11,0.09559086328297756,
12.0,0.260319,5,0.11344304172523723,
15.0,0.249895,8,0.1113583222752483,
12.0,0.260319,5,0.11344304172523723,
8.0,0.2084,4,0.07990396424029414,
5.0,0.333407,2,0.14313017288067698,
15.0,0.166704,8,0.07156508644033849,
14.0,0.177128,9,0.0736498058903274,
14.0,0.177128,9,0.0736498058903274,
14.0,0.177128,9,0.0736498058903274,
11.0,0.187552,6,0.07573452534031631,
14.0,0.177128,9,0.0736498058903274,
11.0,0.187552,6,0.07573452534031631,
8.0,0.2084,5,0.07990396424029414,
13.0,0.177128,9,0.0736498058903274,
11.0,0.187552,7,0.07573452534031631,
16.0,0.218683,11,0.09559086328297756,
10.0,0.260319,6,0.11344304172523723,
14.0,0.249895,7,0.1113583222752483,
11.0,0.260319,5,0.11344304172523723,
13.0,0.177128,9,0.0736498058903274,
11.0,0.187552,7,0.07573452534031631,
16.0,0.218683,11,0.09559086328297756,
10.0,0.260319,6,0.11344304172523723,
14.0,0.249895,7,0.1113583222752483,
11.0,0.260319,5,0.11344304172523723,
7.0,0.2084,5,0.07990396424029414,
3.0,0.333407,1,0.14313017288067698,
