complexity,cost,feature_complexity,feature_cost,freqs
16.0,0.0,10,0.0,136.0
15.0,0.00841,9,0.0,63.0
16.0,0.00841,9,0.0,61.0
16.0,0.019994,8,0.0,56.0
16.0,0.00841,9,0.0,50.0
13.0,0.01682,8,0.0,49.0
16.0,0.019994,8,0.0,48.0
15.0,0.00841,9,0.0,15.0
14.0,0.01682,8,0.0,12.0
16.0,0.019994,8,0.0,11.0
16.0,0.019994,8,0.0,8.0
12.0,0.03364,7,0.0,3.0
15.0,0.007663,9,0.0015324922671683982,3.0
14.0,0.016073,8,0.0015324922671683982,3.0
14.0,0.016073,8,0.0015324922671683982,2.0
15.0,0.027657,7,0.0015324922671683982,2.0
16.0,0.018822,8,0.0020823654965893604,1.0
15.0,0.027232,7,0.0020823654965893604,1.0
16.0,0.007663,9,0.0015324922671683982,1.0
14.0,0.016073,8,0.0015324922671683982,1.0
15.0,0.016073,8,0.0015324922671683982,1.0
15.0,0.027657,7,0.0015324922671683982,1.0
16.0,0.018822,8,0.0020823654965893604,1.0
14.0,0.027232,7,0.0020823654965893604,
16.0,0.018822,8,0.0020823654965893604,
15.0,0.027232,7,0.0020823654965893604,
16.0,0.03217,7,0.002434987314493744,
15.0,0.047119,6,0.002695544270070782,
15.0,0.007008,9,0.0,
12.0,0.015418,8,0.0,
14.0,0.015418,8,0.0,
14.0,0.027002,7,0.0,
14.0,0.015418,8,0.0,
12.0,0.023828,7,0.0,
14.0,0.027002,7,0.0,
14.0,0.015418,8,0.0,
11.0,0.023828,7,0.0,
15.0,0.027002,7,0.0,
15.0,0.027002,7,0.0,
11.0,0.040648,6,0.0,
16.0,0.01771,8,0.0021402864816817717,
15.0,0.02612,7,0.0021402864816817717,
15.0,0.02612,7,0.0021402864816817717,
16.0,0.037704,6,0.0021402864816817717,
15.0,0.007663,9,0.0015324922671683982,
14.0,0.015326,8,0.0030649845343367964,
14.0,0.016073,8,0.0015324922671683982,
14.0,0.015326,8,0.0030649845343367964,
15.0,0.026485,7,0.0036148577637577584,
14.0,0.016073,8,0.0015324922671683982,
13.0,0.023736,7,0.0030649845343367964,
15.0,0.027657,7,0.0015324922671683982,
15.0,0.026485,7,0.0036148577637577584,
15.0,0.039833,6,0.003967479581662142,
16.0,0.018822,8,0.0020823654965893604,
15.0,0.026485,7,0.003614857763757759,
15.0,0.027232,7,0.0020823654965893604,
16.0,0.037645,6,0.004164730993178721,
16.0,0.01183,8,0.0021402864816817717,
15.0,0.02024,7,0.0021402864816817717,
15.0,0.02024,7,0.0021402864816817717,
16.0,0.031824,6,0.0021402864816817717,
11.0,0.030744,7,0.0030649845343367972,
10.0,0.039154,6,0.0030649845343367972,
16.0,0.01771,8,0.0021402864816817717,
14.0,0.02612,7,0.0021402864816817717,
15.0,0.02612,7,0.0021402864816817717,
14.0,0.037704,6,0.0021402864816817717,
14.0,0.045453,6,0.003689979935918384,
16.0,0.007663,9,0.0015324922671683982,
14.0,0.015326,8,0.0030649845343367964,
15.0,0.016073,8,0.0015324922671683982,
13.0,0.015326,8,0.0030649845343367964,
14.0,0.026485,7,0.0036148577637577584,
14.0,0.016073,8,0.0015324922671683982,
12.0,0.023736,7,0.0030649845343367964,
15.0,0.026485,7,0.0036148577637577584,
15.0,0.027657,7,0.0015324922671683982,
16.0,0.01771,8,0.0021402864816817717,
14.0,0.02612,7,0.0021402864816817717,
15.0,0.02612,7,0.0021402864816817717,
14.0,0.037704,6,0.0021402864816817717,
16.0,0.018822,8,0.0020823654965893604,
15.0,0.026485,7,0.003614857763757759,
14.0,0.027232,7,0.0020823654965893604,
14.0,0.026485,7,0.003614857763757759,
12.0,0.037645,6,0.004164730993178721,
14.0,0.045453,6,0.003689979935918384,
16.0,0.018822,8,0.0020823654965893604,
15.0,0.026485,7,0.003614857763757759,
15.0,0.027232,7,0.0020823654965893604,
16.0,0.037645,6,0.004164730993178721,
12.0,0.030744,7,0.0030649845343367964,
11.0,0.039154,6,0.0030649845343367964,
16.0,0.03217,7,0.002434987314493744,
15.0,0.039833,6,0.003967479581662142,
15.0,0.047119,6,0.0026955442700707832,
11.0,0.061473,5,0.004164730993178721,
16.0,0.007663,9,0.0015324922671683982,
14.0,0.014671,8,0.0015324922671683982,
13.0,0.015326,8,0.0030649845343367964,
14.0,0.025373,7,0.0036727787488501696,
15.0,0.015326,8,0.0030649845343367964,
12.0,0.022989,7,0.004597476801505194,
15.0,0.025373,7,0.0036727787488501696,
14.0,0.016073,8,0.0015324922671683982,
13.0,0.023081,7,0.0015324922671683982,
14.0,0.026485,7,0.003614857763757759,
15.0,0.026485,7,0.003614857763757759,
11.0,0.038407,6,0.004597476801505194,
14.0,0.015326,8,0.0030649845343367964,
12.0,0.022989,7,0.004597476801505194,
13.0,0.023736,7,0.0030649845343367964,
13.0,0.034148,6,0.005147350030926157,
15.0,0.019493,7,0.00367277874885017,
14.0,0.027903,6,0.00367277874885017,
15.0,0.016073,8,0.0015324922671683982,
14.0,0.023081,7,0.0015324922671683982,
13.0,0.023736,7,0.0030649845343367964,
13.0,0.033783,6,0.0036727787488501696,
15.0,0.026485,7,0.003614857763757759,
12.0,0.034148,6,0.005147350030926156,
15.0,0.027657,7,0.0015324922671683982,
14.0,0.034665,6,0.0015324922671683982,
15.0,0.039833,6,0.003967479581662142,
16.0,0.007008,9,0.0,
14.0,0.015418,8,0.0,
13.0,0.015418,8,0.0,
14.0,0.027002,7,0.0,
15.0,0.015418,8,0.0,
12.0,0.023828,7,0.0,
15.0,0.027002,7,0.0,
15.0,0.015418,8,0.0,
13.0,0.023828,7,0.0,
14.0,0.027002,7,0.0,
15.0,0.027002,7,0.0,
11.0,0.040648,6,0.0,
14.0,0.014671,8,0.0015324922671683982,
12.0,0.023081,7,0.0015324922671683982,
13.0,0.023081,7,0.0015324922671683982,
13.0,0.034665,6,0.0015324922671683982,
15.0,0.02583,7,0.0020823654965893604,
14.0,0.03424,6,0.0020823654965893604,
15.0,0.014671,8,0.0015324922671683982,
14.0,0.023081,7,0.0015324922671683982,
13.0,0.023081,7,0.0015324922671683982,
13.0,0.034665,6,0.0015324922671683982,
15.0,0.02583,7,0.0020823654965893604,
12.0,0.03424,6,0.0020823654965893604,
15.0,0.02583,7,0.0020823654965893604,
14.0,0.03424,6,0.0020823654965893604,
15.0,0.039178,6,0.002434987314493744,
13.0,0.054127,5,0.0026955442700707832,
16.0,0.01771,8,0.0021402864816817717,
15.0,0.025373,7,0.00367277874885017,
15.0,0.02612,7,0.0021402864816817717,
15.0,0.025373,7,0.00367277874885017,
15.0,0.036533,6,0.004222651978271132,
15.0,0.02612,7,0.0021402864816817717,
14.0,0.033783,6,0.00367277874885017,
15.0,0.037704,6,0.0021402864816817717,
15.0,0.036533,6,0.004222651978271132,
15.0,0.04988,5,0.004575273796175516,
16.0,0.018822,8,0.0020823654965893604,
14.0,0.02583,7,0.0020823654965893604,
14.0,0.026485,7,0.003614857763757759,
11.0,0.036533,6,0.004222651978271132,
15.0,0.026485,7,0.003614857763757759,
12.0,0.034148,6,0.005147350030926157,
13.0,0.036533,6,0.004222651978271132,
15.0,0.027232,7,0.0020823654965893604,
12.0,0.03424,6,0.0020823654965893604,
14.0,0.037645,6,0.004164730993178721,
15.0,0.037645,6,0.004164730993178721,
10.0,0.049566,5,0.005147350030926157,
16.0,0.016661,8,0.0,
14.0,0.025071,7,0.0,
14.0,0.025071,7,0.0,
11.0,0.036655,6,0.0,
15.0,0.025071,7,0.0,
12.0,0.033481,6,0.0,
13.0,0.036655,6,0.0,
15.0,0.025071,7,0.0,
12.0,0.033481,6,0.0,
14.0,0.036655,6,0.0,
15.0,0.036655,6,0.0,
10.0,0.050301,5,0.0,
14.0,0.043824,6,0.003750392938420743,
12.0,0.052234,5,0.003750392938420743,
15.0,0.007663,9,0.0015324922671683982,
14.0,0.015326,8,0.0030649845343367964,
14.0,0.016073,8,0.0015324922671683982,
15.0,0.026485,7,0.0036148577637577584,
14.0,0.014671,8,0.0015324922671683982,
11.0,0.023081,7,0.0015324922671683982,
15.0,0.025373,7,0.00367277874885017,
14.0,0.015326,8,0.0030649845343367964,
13.0,0.022989,7,0.004597476801505194,
15.0,0.026485,7,0.003614857763757759,
15.0,0.019493,7,0.0036727787488501696,
10.0,0.038407,6,0.004597476801505195,
14.0,0.016073,8,0.0015324922671683982,
13.0,0.023736,7,0.0030649845343367964,
13.0,0.023081,7,0.0015324922671683982,
14.0,0.033783,6,0.00367277874885017,
15.0,0.027657,7,0.0015324922671683982,
13.0,0.034665,6,0.0015324922671683982,
14.0,0.015326,8,0.0030649845343367964,
13.0,0.022989,7,0.004597476801505194,
13.0,0.023736,7,0.0030649845343367964,
14.0,0.034148,6,0.005147350030926157,
15.0,0.025373,7,0.0036727787488501696,
13.0,0.033783,6,0.0036727787488501696,
15.0,0.026485,7,0.0036148577637577584,
14.0,0.034148,6,0.005147350030926156,
13.0,0.053116,5,0.005222472203086782,
16.0,0.018822,8,0.0020823654965893604,
15.0,0.026485,7,0.003614857763757759,
14.0,0.027232,7,0.0020823654965893604,
15.0,0.026485,7,0.003614857763757759,
14.0,0.037645,6,0.004164730993178721,
15.0,0.02583,7,0.0020823654965893604,
13.0,0.03424,6,0.0020823654965893604,
16.0,0.030653,6,0.004222651978271132,
15.0,0.036533,6,0.004222651978271132,
16.0,0.01771,8,0.0021402864816817717,
15.0,0.025373,7,0.00367277874885017,
15.0,0.02612,7,0.0021402864816817717,
14.0,0.025373,7,0.00367277874885017,
14.0,0.036533,6,0.0042226519782711325,
15.0,0.02612,7,0.0021402864816817717,
13.0,0.033783,6,0.00367277874885017,
16.0,0.036533,6,0.004222651978271132,
15.0,0.037704,6,0.0021402864816817717,
12.0,0.030744,7,0.0030649845343367972,
11.0,0.038407,6,0.004597476801505195,
11.0,0.039154,6,0.0030649845343367972,
11.0,0.038407,6,0.004597476801505195,
11.0,0.049566,5,0.005147350030926158,
16.0,0.03217,7,0.002434987314493744,
14.0,0.039178,6,0.002434987314493744,
15.0,0.039833,6,0.003967479581662142,
13.0,0.04988,5,0.0045752737961755165,
16.0,0.029364,7,0.002540368877350982,
14.0,0.037774,6,0.002540368877350982,
15.0,0.037774,6,0.002540368877350982,
13.0,0.049358,5,0.002540368877350982,
10.0,0.059644,5,0.004597476801505195,
16.0,0.018822,8,0.0020823654965893604,
15.0,0.026485,7,0.003614857763757759,
15.0,0.027232,7,0.0020823654965893604,
14.0,0.037645,6,0.004164730993178721,
15.0,0.02583,7,0.0020823654965893604,
12.0,0.03424,6,0.0020823654965893604,
15.0,0.036533,6,0.004222651978271132,
15.0,0.026485,7,0.003614857763757759,
14.0,0.034148,6,0.005147350030926157,
15.0,0.037645,6,0.004164730993178721,
16.0,0.030653,6,0.0042226519782711325,
11.0,0.049566,5,0.005147350030926157,
15.0,0.047119,6,0.002695544270070783,
13.0,0.054127,5,0.002695544270070783,
12.0,0.061473,5,0.004164730993178721,
11.0,0.076573,4,0.005254131406333871,
16.0,0.007663,9,0.0015324922671683982,
15.0,0.015326,8,0.0030649845343367964,
15.0,0.016073,8,0.0015324922671683982,
15.0,0.015326,8,0.0030649845343367964,
15.0,0.026485,7,0.0036148577637577584,
13.0,0.015326,8,0.0030649845343367964,
12.0,0.022989,7,0.004597476801505194,
15.0,0.014671,8,0.0015324922671683982,
13.0,0.023081,7,0.0015324922671683982,
14.0,0.025373,7,0.00367277874885017,
14.0,0.015326,8,0.0030649845343367964,
13.0,0.022989,7,0.004597476801505194,
14.0,0.026485,7,0.003614857763757759,
15.0,0.025373,7,0.00367277874885017,
11.0,0.038407,6,0.004597476801505195,
14.0,0.014671,8,0.0015324922671683982,
14.0,0.023081,7,0.0015324922671683982,
12.0,0.022334,7,0.0030649845343367964,
13.0,0.022334,7,0.0030649845343367964,
13.0,0.033493,6,0.003614857763757759,
15.0,0.025373,7,0.00367277874885017,
14.0,0.033036,6,0.0052052710160185684,
15.0,0.025373,7,0.0036727787488501696,
12.0,0.033036,6,0.005205271016018568,
15.0,0.024324,7,0.0015324922671683982,
13.0,0.032734,6,0.0015324922671683982,
15.0,0.037027,6,0.00407286114451938,
13.0,0.015326,8,0.0030649845343367964,
12.0,0.022989,7,0.004597476801505194,
13.0,0.023736,7,0.0030649845343367964,
12.0,0.022989,7,0.004597476801505194,
12.0,0.034148,6,0.005147350030926157,
12.0,0.022989,7,0.004597476801505194,
9.0,0.030652,6,0.006129969068673592,
13.0,0.022334,7,0.0030649845343367964,
11.0,0.030744,6,0.0030649845343367964,
12.0,0.033036,6,0.0052052710160185684,
12.0,0.022989,7,0.004597476801505194,
11.0,0.030652,6,0.006129969068673592,
12.0,0.034148,6,0.005147350030926157,
12.0,0.033036,6,0.005205271016018568,
8.0,0.04607,5,0.006129969068673594,
14.0,0.025373,7,0.0036727787488501696,
13.0,0.033783,6,0.0036727787488501696,
12.0,0.033036,6,0.005205271016018568,
13.0,0.033036,6,0.0052052710160185684,
12.0,0.044196,5,0.005755144245439531,
15.0,0.016073,8,0.0015324922671683982,
13.0,0.023736,7,0.0030649845343367964,
12.0,0.023736,7,0.0030649845343367964,
14.0,0.023081,7,0.0015324922671683982,
13.0,0.033783,6,0.00367277874885017,
13.0,0.023081,7,0.0015324922671683982,
10.0,0.030744,6,0.0030649845343367964,
14.0,0.033783,6,0.00367277874885017,
14.0,0.032734,6,0.0015324922671683982,
15.0,0.027657,7,0.0015324922671683982,
14.0,0.034665,6,0.0015324922671683982,
13.0,0.034665,6,0.0015324922671683982,
12.0,0.044318,5,0.0015324922671683982,
15.0,0.026485,7,0.0036148577637577584,
12.0,0.034148,6,0.005147350030926157,
15.0,0.039833,6,0.003967479581662142,
14.0,0.026485,7,0.003614857763757759,
13.0,0.034148,6,0.005147350030926157,
12.0,0.034148,6,0.005147350030926156,
13.0,0.033493,6,0.003614857763757759,
12.0,0.044196,5,0.005755144245439531,
11.0,0.038407,6,0.004597476801505194,
8.0,0.04607,5,0.006129969068673592,
15.0,0.026485,7,0.003614857763757759,
14.0,0.034148,6,0.005147350030926157,
14.0,0.033493,6,0.003614857763757759,
14.0,0.044196,5,0.005755144245439531,
16.0,0.018822,8,0.0020823654965893604,
14.0,0.02583,7,0.0020823654965893604,
15.0,0.026485,7,0.003614857763757759,
13.0,0.036533,6,0.004222651978271132,
14.0,0.026485,7,0.003614857763757759,
12.0,0.034148,6,0.005147350030926157,
11.0,0.036533,6,0.004222651978271132,
15.0,0.027232,7,0.0020823654965893604,
12.0,0.03424,6,0.0020823654965893604,
15.0,0.037645,6,0.004164730993178721,
14.0,0.037645,6,0.004164730993178721,
10.0,0.049566,5,0.005147350030926157,
15.0,0.02583,7,0.0020823654965893604,
13.0,0.033493,6,0.003614857763757759,
14.0,0.03424,6,0.0020823654965893604,
12.0,0.044653,5,0.004164730993178721,
14.0,0.035484,6,0.0020823654965893604,
11.0,0.043894,5,0.0020823654965893604,
15.0,0.026485,7,0.003614857763757759,
13.0,0.033493,6,0.003614857763757759,
13.0,0.034148,6,0.005147350030926157,
10.0,0.044196,5,0.005755144245439531,
15.0,0.036533,6,0.004222651978271132,
12.0,0.044196,5,0.00575514424543953,
13.0,0.048186,5,0.004622734373940342,
16.0,0.037645,6,0.004164730993178721,
13.0,0.044653,5,0.004164730993178721,
16.0,0.007008,9,0.0,
14.0,0.014671,8,0.0015324922671683982,
15.0,0.015418,8,0.0,
15.0,0.014671,8,0.0015324922671683982,
15.0,0.02583,7,0.0020823654965893604,
15.0,0.014671,8,0.0015324922671683982,
13.0,0.022334,7,0.0030649845343367964,
13.0,0.014016,8,0.0,
12.0,0.022426,7,0.0,
14.0,0.024718,7,0.0021402864816817717,
14.0,0.014671,8,0.0015324922671683982,
13.0,0.022334,7,0.0030649845343367964,
15.0,0.02583,7,0.0020823654965893604,
14.0,0.024718,7,0.0021402864816817717,
11.0,0.037752,6,0.0030649845343367972,
14.0,0.015418,8,0.0,
14.0,0.023081,7,0.0015324922671683982,
12.0,0.022426,7,0.0,
13.0,0.023081,7,0.0015324922671683982,
13.0,0.033128,6,0.0021402864816817717,
15.0,0.02583,7,0.0020823654965893604,
14.0,0.033493,6,0.0036148577637577584,
15.0,0.027002,7,0.0,
12.0,0.03401,6,0.0,
15.0,0.02583,7,0.0020823654965893604,
13.0,0.033493,6,0.003614857763757759,
15.0,0.039178,6,0.002434987314493744,
13.0,0.015418,8,0.0,
12.0,0.023081,7,0.0015324922671683982,
12.0,0.023828,7,0.0,
13.0,0.023081,7,0.0015324922671683982,
12.0,0.03424,6,0.0020823654965893604,
13.0,0.023081,7,0.0015324922671683982,
11.0,0.030744,6,0.0030649845343367964,
12.0,0.022426,7,0.0,
9.0,0.030836,6,0.0,
12.0,0.033128,6,0.0021402864816817717,
12.0,0.023081,7,0.0015324922671683982,
11.0,0.030744,6,0.0030649845343367964,
12.0,0.03424,6,0.0020823654965893604,
12.0,0.033128,6,0.0021402864816817717,
8.0,0.046162,5,0.0030649845343367972,
14.0,0.027002,7,0.0,
13.0,0.034665,6,0.0015324922671683982,
12.0,0.03401,6,0.0,
13.0,0.034665,6,0.0015324922671683982,
12.0,0.044712,5,0.0021402864816817717,
15.0,0.015418,8,0.0,
13.0,0.023081,7,0.0015324922671683982,
14.0,0.023081,7,0.0015324922671683982,
12.0,0.022426,7,0.0,
13.0,0.033128,6,0.0021402864816817717,
13.0,0.023828,7,0.0,
11.0,0.030836,6,0.0,
14.0,0.03424,6,0.0020823654965893604,
14.0,0.03424,6,0.0020823654965893604,
15.0,0.027002,7,0.0,
12.0,0.03401,6,0.0,
15.0,0.02583,7,0.0020823654965893604,
14.0,0.03424,6,0.0020823654965893604,
13.0,0.033493,6,0.003614857763757759,
12.0,0.044653,5,0.004164730993178721,
15.0,0.039178,6,0.002434987314493744,
14.0,0.027002,7,0.0,
13.0,0.034665,6,0.0015324922671683982,
13.0,0.034665,6,0.0015324922671683982,
12.0,0.03401,6,0.0,
12.0,0.044712,5,0.0021402864816817717,
11.0,0.040648,6,0.0,
8.0,0.047656,5,0.0,
13.0,0.054127,5,0.002695544270070782,
15.0,0.02583,7,0.0020823654965893604,
14.0,0.033493,6,0.003614857763757759,
14.0,0.03424,6,0.0020823654965893604,
13.0,0.044653,5,0.004164730993178721,
13.0,0.054127,5,0.002695544270070783,
9.0,0.068481,4,0.004164730993178721,
16.0,0.016661,8,0.0,
14.0,0.025071,7,0.0,
15.0,0.025071,7,0.0,
13.0,0.036655,6,0.0,
14.0,0.025071,7,0.0,
12.0,0.033481,6,0.0,
11.0,0.036655,6,0.0,
15.0,0.025071,7,0.0,
12.0,0.033481,6,0.0,
15.0,0.036655,6,0.0,
14.0,0.036655,6,0.0,
10.0,0.050301,5,0.0,
15.0,0.024324,7,0.0015324922671683982,
13.0,0.032734,6,0.0015324922671683982,
14.0,0.032734,6,0.0015324922671683982,
12.0,0.044318,5,0.0015324922671683982,
14.0,0.035484,6,0.0020823654965893604,
11.0,0.043894,5,0.0020823654965893604,
15.0,0.024324,7,0.0015324922671683982,
13.0,0.032734,6,0.0015324922671683982,
13.0,0.032734,6,0.0015324922671683982,
10.0,0.044318,5,0.0015324922671683982,
15.0,0.035484,6,0.0020823654965893604,
12.0,0.043894,5,0.0020823654965893604,
13.0,0.048831,5,0.002434987314493744,
16.0,0.035484,6,0.0020823654965893604,
13.0,0.043894,5,0.0020823654965893604,
11.0,0.06378,4,0.002695544270070783,
16.0,0.01771,8,0.0021402864816817717,
15.0,0.025373,7,0.00367277874885017,
15.0,0.02612,7,0.0021402864816817717,
15.0,0.025373,7,0.00367277874885017,
15.0,0.036533,6,0.0042226519782711325,
14.0,0.025373,7,0.00367277874885017,
12.0,0.033036,6,0.005205271016018568,
14.0,0.024718,7,0.0021402864816817717,
12.0,0.033128,6,0.0021402864816817717,
12.0,0.03542,6,0.004280572963363543,
15.0,0.025373,7,0.00367277874885017,
14.0,0.033036,6,0.005205271016018568,
14.0,0.036533,6,0.0042226519782711325,
14.0,0.03542,6,0.004280572963363543,
11.0,0.048454,5,0.0052052710160185684,
15.0,0.02612,7,0.0021402864816817717,
14.0,0.033783,6,0.00367277874885017,
13.0,0.033783,6,0.00367277874885017,
13.0,0.033128,6,0.0021402864816817717,
11.0,0.04383,5,0.004280572963363543,
15.0,0.037704,6,0.0021402864816817717,
12.0,0.044712,5,0.0021402864816817717,
15.0,0.036533,6,0.0042226519782711325,
12.0,0.044196,5,0.00575514424543953,
15.0,0.04988,5,0.0045752737961755165,
16.0,0.036533,6,0.004222651978271132,
15.0,0.044196,5,0.005755144245439529,
14.0,0.043824,6,0.003750392938420743,
13.0,0.051487,5,0.0052828852055891405,
12.0,0.052234,5,0.003750392938420743,
13.0,0.062647,4,0.005832758435010103,
15.0,0.007008,9,0.0,
14.0,0.015418,8,0.0,
15.0,0.015418,8,0.0,
15.0,0.027002,7,0.0,
15.0,0.015418,8,0.0,
12.0,0.023828,7,0.0,
15.0,0.027002,7,0.0,
12.0,0.015418,8,0.0,
11.0,0.023828,7,0.0,
14.0,0.027002,7,0.0,
14.0,0.027002,7,0.0,
11.0,0.040648,6,0.0,
14.0,0.014671,8,0.0015324922671683982,
13.0,0.023081,7,0.0015324922671683982,
11.0,0.023081,7,0.0015324922671683982,
13.0,0.034665,6,0.0015324922671683982,
15.0,0.02583,7,0.0020823654965893604,
12.0,0.03424,6,0.0020823654965893604,
15.0,0.014671,8,0.0015324922671683982,
13.0,0.023081,7,0.0015324922671683982,
14.0,0.023081,7,0.0015324922671683982,
14.0,0.034665,6,0.0015324922671683982,
15.0,0.02583,7,0.0020823654965893604,
13.0,0.03424,6,0.0020823654965893604,
14.0,0.02583,7,0.0020823654965893604,
12.0,0.03424,6,0.0020823654965893604,
14.0,0.039178,6,0.002434987314493744,
13.0,0.054127,5,0.002695544270070782,
14.0,0.014016,8,0.0,
11.0,0.022426,7,0.0,
13.0,0.022426,7,0.0,
12.0,0.03401,6,0.0,
13.0,0.022426,7,0.0,
11.0,0.030836,6,0.0,
12.0,0.03401,6,0.0,
11.0,0.022426,7,0.0,
8.0,0.030836,6,0.0,
12.0,0.03401,6,0.0,
12.0,0.03401,6,0.0,
8.0,0.047656,5,0.0,
15.0,0.024718,7,0.0021402864816817717,
14.0,0.033128,6,0.0021402864816817717,
12.0,0.033128,6,0.0021402864816817717,
13.0,0.044712,5,0.0021402864816817717,
14.0,0.014671,8,0.0015324922671683982,
13.0,0.022334,7,0.0030649845343367964,
13.0,0.023081,7,0.0015324922671683982,
13.0,0.022334,7,0.0030649845343367964,
14.0,0.033493,6,0.0036148577637577584,
11.0,0.023081,7,0.0015324922671683982,
10.0,0.030744,6,0.0030649845343367964,
13.0,0.034665,6,0.0015324922671683982,
13.0,0.033493,6,0.0036148577637577584,
13.0,0.046841,5,0.003967479581662142,
15.0,0.02583,7,0.0020823654965893604,
14.0,0.033493,6,0.003614857763757759,
12.0,0.03424,6,0.0020823654965893604,
13.0,0.044653,5,0.004164730993178721,
15.0,0.018838,7,0.0021402864816817717,
14.0,0.027248,6,0.0021402864816817717,
12.0,0.027248,6,0.0021402864816817717,
13.0,0.038832,5,0.0021402864816817717,
10.0,0.037752,6,0.0030649845343367972,
7.0,0.046162,5,0.0030649845343367972,
15.0,0.024718,7,0.0021402864816817717,
12.0,0.033128,6,0.0021402864816817717,
14.0,0.033128,6,0.0021402864816817717,
11.0,0.044712,5,0.0021402864816817717,
12.0,0.052461,5,0.003689979935918384,
15.0,0.014671,8,0.0015324922671683982,
13.0,0.022334,7,0.0030649845343367964,
14.0,0.023081,7,0.0015324922671683982,
12.0,0.022334,7,0.0030649845343367964,
13.0,0.033493,6,0.0036148577637577584,
13.0,0.023081,7,0.0015324922671683982,
10.0,0.030744,6,0.0030649845343367964,
14.0,0.033493,6,0.0036148577637577584,
14.0,0.034665,6,0.0015324922671683982,
15.0,0.024718,7,0.0021402864816817717,
12.0,0.033128,6,0.0021402864816817717,
14.0,0.033128,6,0.0021402864816817717,
11.0,0.044712,5,0.0021402864816817717,
15.0,0.02583,7,0.0020823654965893604,
14.0,0.033493,6,0.003614857763757759,
13.0,0.03424,6,0.0020823654965893604,
13.0,0.033493,6,0.003614857763757759,
11.0,0.044653,5,0.004164730993178721,
12.0,0.052461,5,0.003689979935918384,
14.0,0.02583,7,0.0020823654965893604,
13.0,0.033493,6,0.003614857763757759,
12.0,0.03424,6,0.0020823654965893604,
13.0,0.044653,5,0.004164730993178721,
11.0,0.037752,6,0.0030649845343367964,
7.0,0.046162,5,0.0030649845343367964,
14.0,0.039178,6,0.002434987314493744,
13.0,0.046841,5,0.003967479581662142,
13.0,0.054127,5,0.0026955442700707832,
8.0,0.068481,4,0.004164730993178721,
16.0,0.01771,8,0.0021402864816817717,
15.0,0.024718,7,0.0021402864816817717,
14.0,0.025373,7,0.00367277874885017,
14.0,0.03542,6,0.004280572963363543,
15.0,0.025373,7,0.00367277874885017,
12.0,0.033036,6,0.0052052710160185684,
15.0,0.03542,6,0.004280572963363543,
14.0,0.02612,7,0.0021402864816817717,
12.0,0.033128,6,0.0021402864816817717,
11.0,0.036533,6,0.0042226519782711325,
13.0,0.036533,6,0.0042226519782711325,
10.0,0.048454,5,0.0052052710160185684,
15.0,0.025373,7,0.00367277874885017,
13.0,0.033036,6,0.0052052710160185684,
13.0,0.033783,6,0.00367277874885017,
10.0,0.044196,5,0.005755144245439531,
16.0,0.02954,6,0.004280572963363543,
13.0,0.03795,5,0.004280572963363543,
15.0,0.02612,7,0.0021402864816817717,
14.0,0.033128,6,0.0021402864816817717,
13.0,0.033783,6,0.00367277874885017,
12.0,0.04383,5,0.004280572963363543,
15.0,0.036533,6,0.0042226519782711325,
12.0,0.044196,5,0.00575514424543953,
14.0,0.037704,6,0.0021402864816817717,
11.0,0.044712,5,0.0021402864816817717,
13.0,0.04988,5,0.0045752737961755165,
16.0,0.016661,8,0.0,
15.0,0.025071,7,0.0,
14.0,0.025071,7,0.0,
14.0,0.036655,6,0.0,
15.0,0.025071,7,0.0,
12.0,0.033481,6,0.0,
15.0,0.036655,6,0.0,
14.0,0.025071,7,0.0,
12.0,0.033481,6,0.0,
11.0,0.036655,6,0.0,
13.0,0.036655,6,0.0,
10.0,0.050301,5,0.0,
15.0,0.024324,7,0.0015324922671683982,
13.0,0.032734,6,0.0015324922671683982,
13.0,0.032734,6,0.0015324922671683982,
10.0,0.044318,5,0.0015324922671683982,
16.0,0.035484,6,0.0020823654965893604,
13.0,0.043894,5,0.0020823654965893604,
15.0,0.024324,7,0.0015324922671683982,
14.0,0.032734,6,0.0015324922671683982,
13.0,0.032734,6,0.0015324922671683982,
12.0,0.044318,5,0.0015324922671683982,
15.0,0.035484,6,0.0020823654965893604,
12.0,0.043894,5,0.0020823654965893604,
14.0,0.035484,6,0.0020823654965893604,
11.0,0.043894,5,0.0020823654965893604,
13.0,0.048831,5,0.002434987314493744,
11.0,0.06378,4,0.0026955442700707832,
16.0,0.029364,7,0.0025403688773509812,
15.0,0.037027,6,0.00407286114451938,
15.0,0.037774,6,0.0025403688773509812,
15.0,0.037027,6,0.00407286114451938,
15.0,0.048186,5,0.004622734373940342,
14.0,0.037774,6,0.0025403688773509812,
13.0,0.045437,5,0.00407286114451938,
13.0,0.049358,5,0.0025403688773509812,
13.0,0.048186,5,0.004622734373940342,
12.0,0.061534,4,0.004975356191844726,
16.0,0.01771,8,0.0021402864816817717,
15.0,0.024718,7,0.0021402864816817717,
15.0,0.025373,7,0.00367277874885017,
15.0,0.03542,6,0.004280572963363543,
14.0,0.025373,7,0.00367277874885017,
12.0,0.033036,6,0.005205271016018568,
14.0,0.03542,6,0.004280572963363543,
14.0,0.02612,7,0.0021402864816817717,
12.0,0.033128,6,0.0021402864816817717,
13.0,0.036533,6,0.0042226519782711325,
11.0,0.036533,6,0.0042226519782711325,
10.0,0.048454,5,0.005205271016018568,
15.0,0.025373,7,0.00367277874885017,
13.0,0.033036,6,0.005205271016018568,
13.0,0.033783,6,0.00367277874885017,
10.0,0.044196,5,0.00575514424543953,
16.0,0.03542,6,0.004280572963363543,
13.0,0.04383,5,0.004280572963363543,
15.0,0.02612,7,0.0021402864816817717,
14.0,0.033128,6,0.0021402864816817717,
13.0,0.033783,6,0.00367277874885017,
12.0,0.04383,5,0.004280572963363543,
15.0,0.036533,6,0.0042226519782711325,
12.0,0.044196,5,0.005755144245439531,
14.0,0.037704,6,0.0021402864816817717,
11.0,0.044712,5,0.0021402864816817717,
13.0,0.04988,5,0.0045752737961755165,
12.0,0.030744,7,0.0030649845343367972,
11.0,0.037752,6,0.0030649845343367972,
11.0,0.038407,6,0.004597476801505195,
10.0,0.048454,5,0.0052052710160185684,
11.0,0.038407,6,0.004597476801505195,
8.0,0.04607,5,0.006129969068673593,
10.0,0.048454,5,0.0052052710160185684,
11.0,0.039154,6,0.0030649845343367972,
7.0,0.046162,5,0.0030649845343367972,
10.0,0.049566,5,0.005147350030926157,
10.0,0.049566,5,0.005147350030926157,
5.0,0.061488,4,0.006129969068673593,
16.0,0.016661,8,0.0,
15.0,0.025071,7,0.0,
15.0,0.025071,7,0.0,
15.0,0.036655,6,0.0,
14.0,0.025071,7,0.0,
12.0,0.033481,6,0.0,
14.0,0.036655,6,0.0,
14.0,0.025071,7,0.0,
12.0,0.033481,6,0.0,
13.0,0.036655,6,0.0,
11.0,0.036655,6,0.0,
10.0,0.050301,5,0.0,
15.0,0.024324,7,0.0015324922671683982,
13.0,0.032734,6,0.0015324922671683982,
13.0,0.032734,6,0.0015324922671683982,
10.0,0.044318,5,0.0015324922671683982,
16.0,0.035484,6,0.0020823654965893604,
13.0,0.043894,5,0.0020823654965893604,
15.0,0.024324,7,0.0015324922671683982,
14.0,0.032734,6,0.0015324922671683982,
13.0,0.032734,6,0.0015324922671683982,
12.0,0.044318,5,0.0015324922671683982,
15.0,0.035484,6,0.0020823654965893604,
12.0,0.043894,5,0.0020823654965893604,
14.0,0.035484,6,0.0020823654965893604,
11.0,0.043894,5,0.0020823654965893604,
13.0,0.048831,5,0.002434987314493744,
11.0,0.06378,4,0.002695544270070782,
12.0,0.028032,7,0.0,
11.0,0.036442,6,0.0,
11.0,0.036442,6,0.0,
10.0,0.048026,5,0.0,
11.0,0.036442,6,0.0,
8.0,0.044852,5,0.0,
10.0,0.048026,5,0.0,
11.0,0.036442,6,0.0,
8.0,0.044852,5,0.0,
10.0,0.048026,5,0.0,
10.0,0.048026,5,0.0,
5.0,0.061672,4,0.0,
15.0,0.042233,6,0.0028399573608401145,
13.0,0.050643,5,0.0028399573608401145,
13.0,0.050643,5,0.0028399573608401145,
11.0,0.062227,4,0.0028399573608401145,
16.0,0.029364,7,0.0025403688773509812,
15.0,0.037027,6,0.00407286114451938,
15.0,0.037774,6,0.0025403688773509812,
15.0,0.037027,6,0.00407286114451938,
15.0,0.048186,5,0.004622734373940342,
14.0,0.037774,6,0.0025403688773509812,
13.0,0.045437,5,0.00407286114451938,
13.0,0.049358,5,0.0025403688773509812,
13.0,0.048186,5,0.004622734373940342,
12.0,0.061534,4,0.004975356191844726,
15.0,0.042233,6,0.0028399573608401136,
13.0,0.050643,5,0.0028399573608401136,
13.0,0.050643,5,0.0028399573608401136,
11.0,0.062227,4,0.0028399573608401136,
11.0,0.057846,5,0.0042805729633635424,
8.0,0.066256,4,0.0042805729633635424,
16.0,0.01771,8,0.0021402864816817717,
15.0,0.025373,7,0.00367277874885017,
15.0,0.02612,7,0.0021402864816817717,
15.0,0.036533,6,0.0042226519782711325,
15.0,0.024718,7,0.0021402864816817717,
12.0,0.033128,6,0.0021402864816817717,
14.0,0.03542,6,0.004280572963363543,
15.0,0.025373,7,0.00367277874885017,
14.0,0.033036,6,0.005205271016018568,
16.0,0.036533,6,0.0042226519782711325,
15.0,0.02954,6,0.004280572963363543,
11.0,0.048454,5,0.0052052710160185684,
15.0,0.02612,7,0.0021402864816817717,
14.0,0.033783,6,0.00367277874885017,
14.0,0.033128,6,0.0021402864816817717,
13.0,0.04383,5,0.004280572963363543,
16.0,0.037704,6,0.0021402864816817717,
13.0,0.044712,5,0.0021402864816817717,
15.0,0.025373,7,0.00367277874885017,
14.0,0.033036,6,0.005205271016018568,
14.0,0.033783,6,0.00367277874885017,
14.0,0.044196,5,0.005755144245439531,
16.0,0.03542,6,0.004280572963363543,
13.0,0.04383,5,0.004280572963363543,
16.0,0.036533,6,0.0042226519782711325,
15.0,0.044196,5,0.00575514424543953,
13.0,0.063164,4,0.005830266417600156,
15.0,0.042233,6,0.002839957360840114,
13.0,0.050643,5,0.002839957360840114,
13.0,0.050643,5,0.002839957360840114,
11.0,0.062227,4,0.002839957360840114,
12.0,0.057846,5,0.004280572963363543,
9.0,0.066256,4,0.004280572963363543,
11.0,0.074604,4,0.005315211434778891,
15.0,0.007663,9,0.0015324922671683982,
14.0,0.015326,8,0.0030649845343367964,
14.0,0.016073,8,0.0015324922671683982,
14.0,0.015326,8,0.0030649845343367964,
15.0,0.026485,7,0.0036148577637577584,
14.0,0.015326,8,0.0030649845343367964,
12.0,0.022989,7,0.004597476801505194,
14.0,0.014671,8,0.0015324922671683982,
12.0,0.023081,7,0.0015324922671683982,
15.0,0.025373,7,0.00367277874885017,
13.0,0.015326,8,0.0030649845343367964,
12.0,0.022989,7,0.004597476801505194,
14.0,0.026485,7,0.003614857763757759,
14.0,0.025373,7,0.0036727787488501696,
11.0,0.038407,6,0.004597476801505195,
14.0,0.016073,8,0.0015324922671683982,
13.0,0.023736,7,0.0030649845343367964,
13.0,0.023081,7,0.0015324922671683982,
12.0,0.023736,7,0.0030649845343367964,
13.0,0.033783,6,0.0036727787488501696,
15.0,0.026485,7,0.0036148577637577584,
14.0,0.034148,6,0.005147350030926157,
15.0,0.027657,7,0.0015324922671683982,
13.0,0.034665,6,0.0015324922671683982,
15.0,0.026485,7,0.003614857763757759,
13.0,0.034148,6,0.005147350030926157,
14.0,0.039833,6,0.003967479581662143,
14.0,0.014671,8,0.0015324922671683982,
13.0,0.023081,7,0.0015324922671683982,
13.0,0.022334,7,0.0030649845343367964,
12.0,0.022334,7,0.0030649845343367964,
13.0,0.033493,6,0.003614857763757759,
11.0,0.023081,7,0.0015324922671683982,
10.0,0.030744,6,0.0030649845343367964,
13.0,0.034665,6,0.0015324922671683982,
13.0,0.033493,6,0.003614857763757759,
12.0,0.046841,5,0.003967479581662143,
15.0,0.025373,7,0.00367277874885017,
14.0,0.033036,6,0.0052052710160185684,
14.0,0.015326,8,0.0030649845343367964,
13.0,0.022989,7,0.004597476801505194,
13.0,0.023736,7,0.0030649845343367964,
13.0,0.022989,7,0.004597476801505194,
14.0,0.034148,6,0.005147350030926157,
13.0,0.022989,7,0.004597476801505194,
11.0,0.030652,6,0.006129969068673592,
13.0,0.022334,7,0.0030649845343367964,
11.0,0.030744,6,0.0030649845343367964,
14.0,0.033036,6,0.0052052710160185684,
12.0,0.022989,7,0.004597476801505194,
11.0,0.030652,6,0.006129969068673592,
12.0,0.034148,6,0.005147350030926157,
12.0,0.033036,6,0.005205271016018568,
10.0,0.04607,5,0.006129969068673594,
15.0,0.026485,7,0.003614857763757759,
14.0,0.034148,6,0.005147350030926157,
14.0,0.033493,6,0.003614857763757759,
14.0,0.034148,6,0.005147350030926157,
14.0,0.044196,5,0.005755144245439531,
15.0,0.019493,7,0.0036727787488501696,
14.0,0.027903,6,0.0036727787488501696,
14.0,0.027156,6,0.005205271016018568,
14.0,0.027156,6,0.0052052710160185684,
14.0,0.038316,5,0.005755144245439531,
10.0,0.038407,6,0.004597476801505195,
9.0,0.04607,5,0.006129969068673593,
15.0,0.025373,7,0.0036727787488501696,
13.0,0.033783,6,0.0036727787488501696,
13.0,0.033036,6,0.0052052710160185684,
10.0,0.044196,5,0.005755144245439531,
13.0,0.053116,5,0.005222472203086782,
15.0,0.024324,7,0.0015324922671683982,
13.0,0.032734,6,0.0015324922671683982,
13.0,0.032734,6,0.0015324922671683982,
10.0,0.044318,5,0.0015324922671683982,
13.0,0.051487,5,0.0052828852055891405,
14.0,0.037027,6,0.00407286114451938,
12.0,0.045437,5,0.00407286114451938,
9.0,0.067307,4,0.006129969068673593,
16.0,0.018822,8,0.0020823654965893604,
15.0,0.026485,7,0.003614857763757759,
14.0,0.027232,7,0.0020823654965893604,
15.0,0.026485,7,0.003614857763757759,
14.0,0.037645,6,0.004164730993178721,
14.0,0.026485,7,0.003614857763757759,
12.0,0.034148,6,0.005147350030926157,
15.0,0.02583,7,0.0020823654965893604,
12.0,0.03424,6,0.0020823654965893604,
14.0,0.036533,6,0.004222651978271132,
14.0,0.026485,7,0.003614857763757759,
12.0,0.034148,6,0.005147350030926157,
11.0,0.037645,6,0.004164730993178721,
14.0,0.036533,6,0.0042226519782711325,
10.0,0.049566,5,0.005147350030926157,
15.0,0.02583,7,0.0020823654965893604,
13.0,0.03424,6,0.0020823654965893604,
13.0,0.033493,6,0.003614857763757759,
13.0,0.033493,6,0.003614857763757759,
10.0,0.044653,5,0.004164730993178721,
16.0,0.036533,6,0.004222651978271132,
14.0,0.044196,5,0.005755144245439531,
15.0,0.036533,6,0.004222651978271132,
12.0,0.044196,5,0.005755144245439531,
15.0,0.035484,6,0.0020823654965893604,
12.0,0.043894,5,0.0020823654965893604,
14.0,0.048186,5,0.004622734373940342,
16.0,0.03217,7,0.002434987314493744,
15.0,0.039833,6,0.003967479581662142,
15.0,0.039178,6,0.002434987314493744,
14.0,0.039833,6,0.003967479581662142,
14.0,0.04988,5,0.0045752737961755165,
14.0,0.039178,6,0.002434987314493744,
12.0,0.046841,5,0.003967479581662142,
13.0,0.04988,5,0.0045752737961755165,
13.0,0.048831,5,0.002434987314493744,
10.0,0.061534,4,0.004975356191844726,
16.0,0.01771,8,0.0021402864816817717,
15.0,0.025373,7,0.00367277874885017,
15.0,0.02612,7,0.0021402864816817717,
14.0,0.025373,7,0.00367277874885017,
14.0,0.036533,6,0.0042226519782711325,
15.0,0.025373,7,0.00367277874885017,
12.0,0.033036,6,0.005205271016018568,
14.0,0.024718,7,0.0021402864816817717,
12.0,0.033128,6,0.0021402864816817717,
14.0,0.03542,6,0.004280572963363543,
14.0,0.025373,7,0.00367277874885017,
12.0,0.033036,6,0.005205271016018568,
14.0,0.036533,6,0.004222651978271132,
11.0,0.03542,6,0.004280572963363543,
10.0,0.048454,5,0.0052052710160185684,
15.0,0.02612,7,0.0021402864816817717,
13.0,0.033783,6,0.00367277874885017,
13.0,0.033128,6,0.0021402864816817717,
13.0,0.033783,6,0.00367277874885017,
10.0,0.04383,5,0.004280572963363543,
16.0,0.036533,6,0.0042226519782711325,
14.0,0.044196,5,0.005755144245439531,
15.0,0.037704,6,0.0021402864816817717,
12.0,0.044712,5,0.0021402864816817717,
15.0,0.036533,6,0.004222651978271132,
12.0,0.044196,5,0.00575514424543953,
14.0,0.04988,5,0.0045752737961755165,
16.0,0.029364,7,0.002540368877350982,
15.0,0.037774,6,0.002540368877350982,
15.0,0.037027,6,0.0040728611445193805,
14.0,0.037027,6,0.0040728611445193805,
14.0,0.048186,5,0.004622734373940343,
14.0,0.037774,6,0.002540368877350982,
12.0,0.045437,5,0.0040728611445193805,
13.0,0.049358,5,0.002540368877350982,
13.0,0.048186,5,0.004622734373940343,
10.0,0.061534,4,0.004975356191844727,
12.0,0.030744,7,0.0030649845343367972,
11.0,0.038407,6,0.004597476801505195,
11.0,0.039154,6,0.0030649845343367972,
11.0,0.038407,6,0.004597476801505195,
11.0,0.049566,5,0.005147350030926158,
11.0,0.038407,6,0.004597476801505195,
8.0,0.04607,5,0.006129969068673593,
11.0,0.037752,6,0.0030649845343367972,
8.0,0.046162,5,0.0030649845343367972,
11.0,0.048454,5,0.0052052710160185684,
11.0,0.038407,6,0.004597476801505195,
10.0,0.04607,5,0.006129969068673593,
10.0,0.049566,5,0.005147350030926158,
10.0,0.048454,5,0.0052052710160185684,
7.0,0.061488,4,0.006129969068673594,
10.0,0.059644,5,0.004597476801505195,
9.0,0.067307,4,0.006129969068673593,
16.0,0.018822,8,0.0020823654965893604,
15.0,0.026485,7,0.003614857763757759,
15.0,0.027232,7,0.0020823654965893604,
15.0,0.037645,6,0.004164730993178721,
15.0,0.02583,7,0.0020823654965893604,
12.0,0.03424,6,0.0020823654965893604,
16.0,0.036533,6,0.004222651978271132,
15.0,0.026485,7,0.003614857763757759,
14.0,0.034148,6,0.005147350030926157,
14.0,0.037645,6,0.004164730993178721,
15.0,0.030653,6,0.0042226519782711325,
11.0,0.049566,5,0.005147350030926157,
15.0,0.026485,7,0.003614857763757759,
14.0,0.033493,6,0.003614857763757759,
14.0,0.034148,6,0.005147350030926157,
14.0,0.038316,5,0.00575514424543953,
15.0,0.02583,7,0.0020823654965893604,
14.0,0.03424,6,0.0020823654965893604,
14.0,0.033493,6,0.003614857763757759,
13.0,0.044653,5,0.004164730993178721,
16.0,0.036533,6,0.004222651978271132,
15.0,0.044196,5,0.005755144245439531,
16.0,0.037645,6,0.004164730993178721,
13.0,0.044653,5,0.004164730993178721,
16.0,0.035484,6,0.0020823654965893604,
13.0,0.043894,5,0.0020823654965893604,
13.0,0.062647,4,0.005832758435010103,
15.0,0.047119,6,0.002695544270070783,
13.0,0.054127,5,0.002695544270070783,
13.0,0.054127,5,0.002695544270070783,
11.0,0.06378,4,0.002695544270070783,
12.0,0.061473,5,0.004164730993178721,
9.0,0.068481,4,0.004164730993178721,
11.0,0.076573,4,0.005254131406333871,
16.0,0.01771,8,0.0021402864816817717,
15.0,0.025373,7,0.00367277874885017,
15.0,0.02612,7,0.0021402864816817717,
16.0,0.036533,6,0.0042226519782711325,
15.0,0.024718,7,0.0021402864816817717,
12.0,0.033128,6,0.0021402864816817717,
15.0,0.03542,6,0.004280572963363543,
15.0,0.025373,7,0.00367277874885017,
14.0,0.033036,6,0.005205271016018568,
15.0,0.036533,6,0.0042226519782711325,
14.0,0.02954,6,0.004280572963363543,
11.0,0.048454,5,0.0052052710160185684,
15.0,0.02612,7,0.0021402864816817717,
14.0,0.033128,6,0.0021402864816817717,
14.0,0.033783,6,0.00367277874885017,
13.0,0.03795,5,0.004280572963363543,
15.0,0.025373,7,0.00367277874885017,
14.0,0.033783,6,0.00367277874885017,
14.0,0.033036,6,0.005205271016018568,
14.0,0.044196,5,0.00575514424543953,
16.0,0.036533,6,0.0042226519782711325,
15.0,0.044196,5,0.005755144245439531,
16.0,0.037704,6,0.0021402864816817717,
13.0,0.044712,5,0.0021402864816817717,
16.0,0.03542,6,0.004280572963363543,
13.0,0.04383,5,0.004280572963363543,
13.0,0.063164,4,0.005830266417600156,
15.0,0.042233,6,0.002839957360840114,
13.0,0.050643,5,0.002839957360840114,
13.0,0.050643,5,0.002839957360840114,
11.0,0.062227,4,0.002839957360840114,
12.0,0.057846,5,0.004280572963363543,
9.0,0.066256,4,0.004280572963363543,
11.0,0.074604,4,0.005315211434778891,
11.0,0.030744,7,0.0030649845343367972,
10.0,0.038407,6,0.004597476801505195,
10.0,0.039154,6,0.0030649845343367972,
11.0,0.049566,5,0.005147350030926158,
10.0,0.037752,6,0.0030649845343367972,
7.0,0.046162,5,0.0030649845343367972,
11.0,0.048454,5,0.005205271016018569,
10.0,0.038407,6,0.004597476801505195,
9.0,0.04607,5,0.006129969068673593,
11.0,0.049566,5,0.005147350030926158,
11.0,0.042574,5,0.005205271016018569,
6.0,0.061488,4,0.006129969068673594,
14.0,0.045453,6,0.003689979935918385,
12.0,0.052461,5,0.003689979935918385,
12.0,0.053116,5,0.005222472203086782,
12.0,0.057283,4,0.0058302664176001565,
14.0,0.043824,6,0.0037503929384207434,
12.0,0.052234,5,0.0037503929384207434,
12.0,0.051487,5,0.0052828852055891405,
12.0,0.062647,4,0.005832758435010104,
10.0,0.059644,5,0.004597476801505195,
9.0,0.067307,4,0.006129969068673593,
14.0,0.045453,6,0.003689979935918385,
12.0,0.053116,5,0.005222472203086782,
12.0,0.052461,5,0.003689979935918385,
12.0,0.063164,4,0.005830266417600157,
10.0,0.061473,5,0.004164730993178722,
7.0,0.068481,4,0.004164730993178722,
11.0,0.076573,4,0.005254131406333871,
14.0,0.043824,6,0.0037503929384207434,
12.0,0.051487,5,0.005282885205589141,
12.0,0.052234,5,0.0037503929384207434,
12.0,0.062647,4,0.005832758435010104,
10.0,0.057846,5,0.004280572963363543,
7.0,0.066256,4,0.004280572963363543,
11.0,0.074604,4,0.005315211434778891,
10.0,0.059644,5,0.004597476801505195,
9.0,0.067307,4,0.006129969068673593,
11.0,0.076573,4,0.005254131406333871,
11.0,0.074604,4,0.005315211434778891,
4.0,0.092324,3,0.006129969068673592,
16.0,0.070461,8,0.012409253273124102,
13.0,0.077469,7,0.012409253273124102,
15.0,0.077469,7,0.012409253273124102,
14.0,0.087122,6,0.012409253273124102,
15.0,0.077469,7,0.012409253273124102,
12.0,0.084477,6,0.012409253273124102,
14.0,0.087122,6,0.012409253273124102,
15.0,0.077469,7,0.012409253273124102,
12.0,0.084477,6,0.012409253273124102,
15.0,0.087122,6,0.012409253273124102,
15.0,0.087122,6,0.012409253273124102,
11.0,0.098493,5,0.012409253273124102,
16.0,0.078124,7,0.0139417455402925,
14.0,0.085132,6,0.0139417455402925,
15.0,0.085132,6,0.0139417455402925,
14.0,0.094785,5,0.0139417455402925,
15.0,0.088171,6,0.01454953975480587,
13.0,0.095179,5,0.01454953975480587,
15.0,0.078124,7,0.0139417455402925,
12.0,0.085132,6,0.0139417455402925,
14.0,0.085132,6,0.0139417455402925,
13.0,0.094785,5,0.0139417455402925,
15.0,0.088171,6,0.01454953975480587,
13.0,0.095179,5,0.01454953975480587,
14.0,0.099825,5,0.014949622150475083,
16.0,0.088171,6,0.014549539754805874,
13.0,0.095179,5,0.014549539754805874,
13.0,0.112694,4,0.015249210633964214,
16.0,0.078124,7,0.0139417455402925,
13.0,0.085787,6,0.015474237807460895,
14.0,0.085132,6,0.0139417455402925,
14.0,0.085787,6,0.015474237807460899,
14.0,0.095834,5,0.01608203202197427,
15.0,0.085132,6,0.0139417455402925,
12.0,0.092795,5,0.015474237807460895,
14.0,0.094785,5,0.0139417455402925,
15.0,0.095834,5,0.01608203202197427,
15.0,0.088171,6,0.01454953975480587,
14.0,0.095834,5,0.01608203202197427,
13.0,0.095179,5,0.01454953975480587,
13.0,0.105881,4,0.016689826236487643,
15.0,0.078871,7,0.012409253273124102,
12.0,0.085879,6,0.012409253273124102,
14.0,0.085879,6,0.012409253273124102,
12.0,0.095532,5,0.012409253273124102,
14.0,0.085879,6,0.012409253273124102,
11.0,0.092887,5,0.012409253273124102,
12.0,0.095532,5,0.012409253273124102,
12.0,0.085879,6,0.012409253273124102,
9.0,0.092887,5,0.012409253273124102,
13.0,0.095532,5,0.012409253273124102,
13.0,0.095532,5,0.012409253273124102,
8.0,0.106903,4,0.012409253273124102,
16.0,0.089283,6,0.014491618769713461,
14.0,0.096291,5,0.014491618769713461,
14.0,0.096291,5,0.014491618769713461,
11.0,0.105944,4,0.014491618769713461,
16.0,0.089283,6,0.014491618769713461,
14.0,0.096291,5,0.014491618769713461,
14.0,0.096291,5,0.014491618769713461,
11.0,0.105944,4,0.014491618769713461,
12.0,0.101205,5,0.015474237807460895,
9.0,0.108213,4,0.015474237807460895,
16.0,0.089283,6,0.014491618769713461,
13.0,0.096291,5,0.014491618769713461,
15.0,0.096291,5,0.014491618769713461,
13.0,0.105944,4,0.014491618769713461,
15.0,0.078124,7,0.0139417455402925,
14.0,0.085787,6,0.015474237807460899,
14.0,0.085132,6,0.0139417455402925,
13.0,0.085787,6,0.015474237807460899,
14.0,0.095834,5,0.01608203202197427,
12.0,0.085132,6,0.0139417455402925,
11.0,0.092795,5,0.015474237807460899,
14.0,0.095834,5,0.01608203202197427,
13.0,0.094785,5,0.0139417455402925,
12.0,0.107488,4,0.016482114417643478,
15.0,0.088171,6,0.014549539754805874,
14.0,0.095834,5,0.016082032021974273,
13.0,0.095179,5,0.014549539754805874,
14.0,0.095834,5,0.016082032021974273,
10.0,0.105881,4,0.016689826236487643,
14.0,0.099825,5,0.014949622150475083,
12.0,0.107488,4,0.01648211441764348,
16.0,0.089283,6,0.014491618769713461,
13.0,0.096291,5,0.014491618769713461,
15.0,0.096291,5,0.014491618769713461,
13.0,0.105944,4,0.014491618769713461,
16.0,0.088171,6,0.014549539754805874,
13.0,0.095179,5,0.014549539754805874,
15.0,0.095834,5,0.01608203202197427,
13.0,0.105881,4,0.016689826236487643,
13.0,0.112694,4,0.015249210633964214,
11.0,0.101205,5,0.015474237807460899,
8.0,0.108213,4,0.015474237807460899,
13.0,0.114285,4,0.016159646211544844,
13.0,0.114285,4,0.016159646211544844,
7.0,0.128307,3,0.016689826236487643,
12.0,0.131169,6,0.030823794098580253,
11.0,0.138832,5,0.03235628636574866,
11.0,0.139579,5,0.030823794098580253,
12.0,0.149992,4,0.03290615959516962,
11.0,0.138177,5,0.030823794098580253,
8.0,0.146587,4,0.030823794098580253,
12.0,0.14888,4,0.03296408058026203,
11.0,0.138832,5,0.03235628636574866,
10.0,0.146495,4,0.03388877863291705,
12.0,0.149992,4,0.03290615959516962,
12.0,0.14888,4,0.03296408058026203,
7.0,0.161913,3,0.03388877863291706,
15.0,0.105765,7,0.01715293657119495,
13.0,0.112773,6,0.01715293657119495,
13.0,0.112773,6,0.01715293657119495,
12.0,0.122426,5,0.01715293657119495,
14.0,0.112773,6,0.01715293657119495,
11.0,0.119781,5,0.01715293657119495,
13.0,0.122426,5,0.01715293657119495,
14.0,0.112773,6,0.01715293657119495,
11.0,0.119781,5,0.01715293657119495,
13.0,0.122426,5,0.01715293657119495,
14.0,0.122426,5,0.01715293657119495,
9.0,0.133797,4,0.01715293657119495,
15.0,0.113428,6,0.018685428838363348,
12.0,0.120436,5,0.018685428838363348,
14.0,0.120436,5,0.018685428838363348,
12.0,0.130089,4,0.018685428838363348,
14.0,0.123475,5,0.019293223052876726,
12.0,0.130483,4,0.019293223052876726,
14.0,0.113428,6,0.018685428838363348,
12.0,0.120436,5,0.018685428838363348,
12.0,0.120436,5,0.018685428838363348,
11.0,0.130089,4,0.018685428838363348,
15.0,0.123475,5,0.019293223052876722,
12.0,0.130483,4,0.019293223052876722,
14.0,0.135129,4,0.019693305448545934,
16.0,0.123475,5,0.019293223052876722,
13.0,0.130483,4,0.019293223052876722,
10.0,0.147998,3,0.01999289393203507,
15.0,0.100798,7,0.022461411426563556,
13.0,0.107806,6,0.022461411426563556,
13.0,0.108461,6,0.023993903693731958,
12.0,0.118508,5,0.02460169790824533,
14.0,0.108461,6,0.023993903693731954,
11.0,0.116124,5,0.025526395960900353,
13.0,0.118508,5,0.02460169790824533,
14.0,0.109208,6,0.022461411426563556,
11.0,0.116216,5,0.022461411426563556,
13.0,0.119621,5,0.02454377692315292,
14.0,0.119621,5,0.02454377692315292,
9.0,0.131542,4,0.025526395960900353,
15.0,0.107806,6,0.022461411426563556,
12.0,0.115469,5,0.023993903693731958,
14.0,0.116216,5,0.022461411426563556,
12.0,0.126629,4,0.02454377692315292,
14.0,0.117459,5,0.022461411426563556,
12.0,0.125869,4,0.022461411426563556,
14.0,0.108461,6,0.023993903693731958,
12.0,0.115469,5,0.023993903693731958,
12.0,0.116124,5,0.025526395960900353,
11.0,0.126171,4,0.026134190175413727,
15.0,0.118508,5,0.024601697908245332,
12.0,0.126171,4,0.026134190175413727,
14.0,0.130162,4,0.025001780303914537,
16.0,0.119621,5,0.02454377692315292,
13.0,0.126629,4,0.02454377692315292,
15.0,0.131169,6,0.030823794098580253,
14.0,0.138832,5,0.03235628636574866,
14.0,0.139579,5,0.030823794098580253,
14.0,0.138832,5,0.03235628636574866,
14.0,0.149992,4,0.03290615959516962,
14.0,0.138832,5,0.03235628636574866,
11.0,0.146495,4,0.03388877863291705,
14.0,0.138177,5,0.030823794098580253,
11.0,0.146587,4,0.030823794098580253,
14.0,0.14888,4,0.03296408058026203,
14.0,0.138832,5,0.03235628636574866,
13.0,0.146495,4,0.03388877863291705,
14.0,0.149992,4,0.03290615959516962,
13.0,0.14888,4,0.03296408058026203,
10.0,0.161913,3,0.03388877863291705,
15.0,0.105765,7,0.01715293657119495,
13.0,0.112773,6,0.01715293657119495,
14.0,0.112773,6,0.01715293657119495,
13.0,0.122426,5,0.01715293657119495,
13.0,0.112773,6,0.01715293657119495,
11.0,0.119781,5,0.01715293657119495,
12.0,0.122426,5,0.01715293657119495,
14.0,0.112773,6,0.01715293657119495,
11.0,0.119781,5,0.01715293657119495,
14.0,0.122426,5,0.01715293657119495,
13.0,0.122426,5,0.01715293657119495,
9.0,0.133797,4,0.01715293657119495,
15.0,0.113428,6,0.018685428838363348,
12.0,0.120436,5,0.018685428838363348,
14.0,0.120436,5,0.018685428838363348,
12.0,0.130089,4,0.018685428838363348,
14.0,0.123475,5,0.019293223052876726,
12.0,0.130483,4,0.019293223052876726,
14.0,0.113428,6,0.018685428838363348,
12.0,0.120436,5,0.018685428838363348,
12.0,0.120436,5,0.018685428838363348,
11.0,0.130089,4,0.018685428838363348,
15.0,0.123475,5,0.019293223052876726,
12.0,0.130483,4,0.019293223052876726,
14.0,0.135129,4,0.019693305448545934,
16.0,0.123475,5,0.019293223052876722,
13.0,0.130483,4,0.019293223052876722,
10.0,0.147998,3,0.01999289393203507,
15.0,0.105765,7,0.017152936571194953,
14.0,0.112773,6,0.017152936571194953,
13.0,0.112773,6,0.017152936571194953,
13.0,0.122426,5,0.017152936571194953,
14.0,0.112773,6,0.017152936571194953,
11.0,0.119781,5,0.017152936571194953,
14.0,0.122426,5,0.017152936571194953,
13.0,0.112773,6,0.017152936571194953,
11.0,0.119781,5,0.017152936571194953,
12.0,0.122426,5,0.017152936571194953,
13.0,0.122426,5,0.017152936571194953,
9.0,0.133797,4,0.017152936571194953,
14.0,0.113428,6,0.01868542883836335,
12.0,0.120436,5,0.01868542883836335,
12.0,0.120436,5,0.01868542883836335,
11.0,0.130089,4,0.01868542883836335,
16.0,0.117595,5,0.019293223052876726,
13.0,0.124603,4,0.019293223052876726,
15.0,0.113428,6,0.01868542883836335,
14.0,0.120436,5,0.01868542883836335,
12.0,0.120436,5,0.01868542883836335,
12.0,0.130089,4,0.01868542883836335,
15.0,0.123475,5,0.019293223052876726,
12.0,0.130483,4,0.019293223052876726,
14.0,0.123475,5,0.019293223052876726,
12.0,0.130483,4,0.019293223052876726,
14.0,0.135129,4,0.019693305448545934,
10.0,0.147998,3,0.019992893932035065,
15.0,0.105765,7,0.017152936571194953,
14.0,0.112773,6,0.017152936571194953,
14.0,0.112773,6,0.017152936571194953,
14.0,0.122426,5,0.017152936571194953,
13.0,0.112773,6,0.017152936571194953,
11.0,0.119781,5,0.017152936571194953,
13.0,0.122426,5,0.017152936571194953,
13.0,0.112773,6,0.017152936571194953,
11.0,0.119781,5,0.017152936571194953,
13.0,0.122426,5,0.017152936571194953,
12.0,0.122426,5,0.017152936571194953,
9.0,0.133797,4,0.017152936571194953,
14.0,0.113428,6,0.01868542883836335,
12.0,0.120436,5,0.01868542883836335,
12.0,0.120436,5,0.01868542883836335,
11.0,0.130089,4,0.01868542883836335,
16.0,0.123475,5,0.019293223052876722,
13.0,0.130483,4,0.019293223052876722,
15.0,0.113428,6,0.01868542883836335,
14.0,0.120436,5,0.01868542883836335,
12.0,0.120436,5,0.01868542883836335,
12.0,0.130089,4,0.01868542883836335,
15.0,0.123475,5,0.019293223052876722,
12.0,0.130483,4,0.019293223052876722,
14.0,0.123475,5,0.019293223052876726,
12.0,0.130483,4,0.019293223052876726,
14.0,0.135129,4,0.019693305448545934,
10.0,0.147998,3,0.01999289393203507,
13.0,0.141118,6,0.021494128603098905,
11.0,0.148126,5,0.021494128603098905,
12.0,0.148126,5,0.021494128603098905,
11.0,0.157779,4,0.021494128603098905,
12.0,0.148126,5,0.021494128603098905,
9.0,0.155134,4,0.021494128603098905,
11.0,0.157779,4,0.021494128603098905,
11.0,0.148126,5,0.021494128603098905,
8.0,0.155134,4,0.021494128603098905,
11.0,0.157779,4,0.021494128603098905,
11.0,0.157779,4,0.021494128603098905,
6.0,0.16915,3,0.021494128603098905,
15.0,0.171536,5,0.03096550394594603,
13.0,0.178544,4,0.03096550394594603,
13.0,0.178544,4,0.03096550394594603,
11.0,0.188198,3,0.03096550394594603,
13.0,0.131169,6,0.030823794098580257,
12.0,0.139579,5,0.030823794098580257,
12.0,0.138832,5,0.03235628636574865,
11.0,0.149992,4,0.03290615959516962,
12.0,0.138832,5,0.03235628636574865,
9.0,0.146495,4,0.033888778632917047,
11.0,0.149992,4,0.03290615959516962,
12.0,0.138177,5,0.030823794098580257,
8.0,0.146587,4,0.030823794098580257,
11.0,0.14888,4,0.03296408058026203,
11.0,0.14888,4,0.032964080580262026,
6.0,0.161913,3,0.03388877863291705,
15.0,0.171536,5,0.030965503945946028,
13.0,0.178544,4,0.030965503945946028,
13.0,0.178544,4,0.030965503945946028,
11.0,0.188198,3,0.030965503945946028,
11.0,0.201988,4,0.03887350005747138,
8.0,0.208996,3,0.03887350005747138,
15.0,0.171536,5,0.030965503945946028,
13.0,0.178544,4,0.030965503945946028,
13.0,0.178544,4,0.030965503945946028,
11.0,0.188198,3,0.030965503945946028,
12.0,0.201988,4,0.03887350005747138,
9.0,0.208996,3,0.03887350005747138,
10.0,0.232473,3,0.046116535262390713,
15.0,0.100798,7,0.022461411426563556,
13.0,0.107806,6,0.022461411426563556,
14.0,0.108461,6,0.023993903693731958,
13.0,0.118508,5,0.02460169790824533,
13.0,0.108461,6,0.023993903693731958,
11.0,0.116124,5,0.025526395960900353,
12.0,0.118508,5,0.02460169790824533,
14.0,0.109208,6,0.022461411426563556,
11.0,0.116216,5,0.022461411426563556,
14.0,0.119621,5,0.02454377692315292,
13.0,0.119621,5,0.02454377692315292,
9.0,0.131542,4,0.025526395960900353,
15.0,0.107806,6,0.022461411426563556,
12.0,0.115469,5,0.023993903693731958,
14.0,0.116216,5,0.022461411426563556,
12.0,0.126629,4,0.02454377692315292,
14.0,0.117459,5,0.022461411426563556,
12.0,0.125869,4,0.022461411426563556,
14.0,0.108461,6,0.023993903693731958,
12.0,0.115469,5,0.023993903693731958,
12.0,0.116124,5,0.025526395960900356,
11.0,0.126171,4,0.026134190175413727,
15.0,0.118508,5,0.02460169790824533,
12.0,0.126171,4,0.026134190175413727,
14.0,0.130162,4,0.025001780303914537,
16.0,0.119621,5,0.02454377692315292,
13.0,0.126629,4,0.02454377692315292,
15.0,0.095833,7,0.026347155860867267,
14.0,0.102841,6,0.026347155860867267,
13.0,0.103495,6,0.02787964812803567,
13.0,0.113543,5,0.028487442342549036,
14.0,0.103495,6,0.02787964812803567,
11.0,0.111158,5,0.029412140395204064,
14.0,0.113543,5,0.028487442342549036,
13.0,0.104243,6,0.026347155860867267,
11.0,0.111251,5,0.026347155860867267,
12.0,0.114655,5,0.02842952135745663,
13.0,0.114655,5,0.02842952135745663,
9.0,0.126576,4,0.029412140395204064,
14.0,0.103495,6,0.02787964812803567,
12.0,0.111158,5,0.02941214039520407,
12.0,0.111905,5,0.02787964812803567,
11.0,0.122318,4,0.02996201362462503,
16.0,0.107663,5,0.028487442342549036,
13.0,0.116073,4,0.028487442342549036,
15.0,0.104243,6,0.026347155860867267,
14.0,0.111251,5,0.026347155860867267,
12.0,0.111905,5,0.02787964812803567,
12.0,0.121953,4,0.028487442342549036,
15.0,0.114655,5,0.02842952135745663,
12.0,0.122318,4,0.02996201362462503,
14.0,0.115827,5,0.026347155860867267,
12.0,0.122835,4,0.026347155860867267,
14.0,0.128002,4,0.028782143175361017,
15.0,0.095833,7,0.026347155860867267,
14.0,0.102841,6,0.026347155860867267,
14.0,0.103495,6,0.02787964812803567,
14.0,0.113543,5,0.02848744234254904,
13.0,0.103495,6,0.02787964812803567,
11.0,0.111158,5,0.029412140395204064,
13.0,0.113543,5,0.02848744234254904,
13.0,0.104243,6,0.026347155860867267,
11.0,0.111251,5,0.026347155860867267,
13.0,0.114655,5,0.02842952135745663,
12.0,0.114655,5,0.02842952135745663,
9.0,0.126576,4,0.029412140395204064,
14.0,0.103495,6,0.027879648128035665,
12.0,0.111158,5,0.029412140395204067,
12.0,0.111905,5,0.027879648128035665,
11.0,0.122318,4,0.029962013624625028,
16.0,0.113543,5,0.02848744234254904,
13.0,0.121953,4,0.02848744234254904,
15.0,0.104243,6,0.026347155860867267,
14.0,0.111251,5,0.026347155860867267,
12.0,0.111905,5,0.02787964812803567,
12.0,0.121953,4,0.02848744234254904,
15.0,0.114655,5,0.028429521357456633,
12.0,0.122318,4,0.029962013624625028,
14.0,0.115827,5,0.026347155860867267,
12.0,0.122835,4,0.026347155860867267,
14.0,0.128002,4,0.028782143175361014,
13.0,0.131169,6,0.03082379409858022,
12.0,0.138177,5,0.03082379409858022,
12.0,0.138832,5,0.032356286365748624,
11.0,0.14888,4,0.03296408058026199,
12.0,0.138832,5,0.032356286365748624,
9.0,0.146495,4,0.03388877863291702,
11.0,0.14888,4,0.03296408058026199,
12.0,0.139579,5,0.03082379409858022,
8.0,0.146587,4,0.03082379409858022,
11.0,0.149992,4,0.032906159595169585,
11.0,0.149992,4,0.032906159595169585,
6.0,0.161913,3,0.03388877863291702,
13.0,0.121226,6,0.03727639504498398,
12.0,0.129636,5,0.03727639504498398,
12.0,0.129636,5,0.03727639504498398,
11.0,0.14122,4,0.03727639504498398,
12.0,0.129636,5,0.03727639504498398,
9.0,0.138046,4,0.03727639504498398,
11.0,0.14122,4,0.03727639504498398,
12.0,0.129636,5,0.03727639504498398,
9.0,0.138046,4,0.03727639504498398,
11.0,0.14122,4,0.03727639504498398,
11.0,0.14122,4,0.03727639504498398,
6.0,0.154866,3,0.03727639504498398,
15.0,0.131169,6,0.030823794098580253,
14.0,0.138832,5,0.03235628636574865,
14.0,0.139579,5,0.030823794098580253,
14.0,0.138832,5,0.03235628636574866,
14.0,0.149992,4,0.03290615959516961,
14.0,0.138832,5,0.03235628636574865,
11.0,0.146495,4,0.03388877863291705,
14.0,0.138177,5,0.030823794098580253,
11.0,0.146587,4,0.030823794098580253,
14.0,0.14888,4,0.03296408058026203,
14.0,0.138832,5,0.03235628636574866,
13.0,0.146495,4,0.03388877863291705,
14.0,0.149992,4,0.03290615959516962,
13.0,0.14888,4,0.03296408058026203,
10.0,0.161913,3,0.03388877863291705,
15.0,0.171536,5,0.03096550394594603,
13.0,0.178544,4,0.03096550394594603,
13.0,0.178544,4,0.03096550394594603,
11.0,0.188198,3,0.03096550394594603,
12.0,0.201988,4,0.03887350005747138,
9.0,0.208996,3,0.03887350005747138,
10.0,0.232473,3,0.046116535262390713,
12.0,0.131169,6,0.03082379409858022,
11.0,0.138832,5,0.03235628636574862,
11.0,0.139579,5,0.03082379409858022,
12.0,0.149992,4,0.03290615959516958,
11.0,0.138177,5,0.03082379409858022,
8.0,0.146587,4,0.03082379409858022,
12.0,0.14888,4,0.03296408058026199,
11.0,0.138832,5,0.03235628636574862,
10.0,0.146495,4,0.03388877863291701,
12.0,0.149992,4,0.03290615959516957,
12.0,0.142999,4,0.03296408058026199,
7.0,0.161913,3,0.03388877863291701,
12.0,0.201988,4,0.038873500057471345,
9.0,0.208996,3,0.038873500057471345,
11.0,0.232473,3,0.046116535262390713,
11.0,0.232473,3,0.04611653526239071,
5.0,0.262991,2,0.052899235160060544,
16.0,0.059469,8,0.010491915871336278,
13.0,0.067879,7,0.010491915871336278,
15.0,0.067879,7,0.010491915871336278,
14.0,0.079464,6,0.010491915871336278,
15.0,0.067879,7,0.010491915871336278,
12.0,0.076289,6,0.010491915871336278,
14.0,0.079464,6,0.010491915871336278,
15.0,0.067879,7,0.010491915871336278,
12.0,0.076289,6,0.010491915871336278,
15.0,0.079464,6,0.010491915871336278,
15.0,0.079464,6,0.010491915871336278,
11.0,0.093109,5,0.010491915871336278,
16.0,0.067132,7,0.012024408138504677,
14.0,0.075542,6,0.012024408138504677,
15.0,0.075542,6,0.012024408138504677,
14.0,0.087127,5,0.012024408138504677,
15.0,0.078292,6,0.012574281367925638,
13.0,0.086702,5,0.012574281367925638,
15.0,0.067132,7,0.012024408138504677,
12.0,0.075542,6,0.012024408138504677,
14.0,0.075542,6,0.012024408138504677,
13.0,0.087127,5,0.012024408138504677,
15.0,0.078292,6,0.012574281367925638,
13.0,0.086702,5,0.012574281367925638,
14.0,0.091639,5,0.012926903185830022,
16.0,0.078292,6,0.01257428136792564,
13.0,0.086702,5,0.01257428136792564,
13.0,0.106588,4,0.013187460141407063,
16.0,0.067132,7,0.012024408138504677,
14.0,0.075542,6,0.012024408138504677,
13.0,0.074795,6,0.013556900405673077,
15.0,0.074795,6,0.013556900405673075,
14.0,0.085955,5,0.014106773635094038,
15.0,0.075542,6,0.012024408138504677,
12.0,0.083205,5,0.013556900405673077,
14.0,0.087127,5,0.012024408138504677,
16.0,0.085955,5,0.014106773635094038,
15.0,0.078292,6,0.012574281367925638,
14.0,0.085955,5,0.014106773635094036,
13.0,0.086702,5,0.012574281367925638,
14.0,0.097114,4,0.014656646864514998,
15.0,0.066477,7,0.010491915871336278,
12.0,0.074887,6,0.010491915871336278,
14.0,0.074887,6,0.010491915871336278,
12.0,0.086472,5,0.010491915871336278,
14.0,0.074887,6,0.010491915871336278,
11.0,0.083297,5,0.010491915871336278,
12.0,0.086472,5,0.010491915871336278,
12.0,0.074887,6,0.010491915871336278,
9.0,0.083297,5,0.010491915871336278,
13.0,0.086472,5,0.010491915871336278,
13.0,0.086472,5,0.010491915871336278,
8.0,0.100117,4,0.010491915871336278,
16.0,0.07718,6,0.012632202353018051,
14.0,0.08559,5,0.012632202353018051,
14.0,0.08559,5,0.012632202353018051,
11.0,0.097174,4,0.012632202353018051,
16.0,0.07718,6,0.012632202353018051,
14.0,0.08559,5,0.012632202353018051,
14.0,0.08559,5,0.012632202353018051,
11.0,0.097174,4,0.012632202353018051,
12.0,0.090213,5,0.013556900405673077,
9.0,0.098623,4,0.013556900405673077,
16.0,0.07718,6,0.012632202353018051,
13.0,0.08559,5,0.012632202353018051,
15.0,0.08559,5,0.012632202353018051,
13.0,0.097174,4,0.012632202353018051,
15.0,0.067132,7,0.012024408138504677,
14.0,0.075542,6,0.012024408138504677,
15.0,0.074795,6,0.013556900405673075,
13.0,0.074795,6,0.013556900405673075,
14.0,0.085955,5,0.014106773635094036,
12.0,0.075542,6,0.012024408138504677,
11.0,0.083205,5,0.013556900405673075,
13.0,0.087127,5,0.012024408138504677,
14.0,0.085955,5,0.014106773635094036,
13.0,0.099302,4,0.01445939545299842,
15.0,0.078292,6,0.012574281367925638,
13.0,0.086702,5,0.012574281367925638,
14.0,0.085955,5,0.014106773635094038,
14.0,0.085955,5,0.014106773635094036,
11.0,0.097114,4,0.014656646864514998,
14.0,0.091639,5,0.012926903185830022,
13.0,0.099302,4,0.01445939545299842,
16.0,0.078292,6,0.01257428136792564,
13.0,0.086702,5,0.01257428136792564,
16.0,0.085955,5,0.014106773635094038,
14.0,0.097114,4,0.014656646864514998,
13.0,0.106588,4,0.013187460141407063,
16.0,0.07718,6,0.012632202353018051,
13.0,0.08559,5,0.012632202353018051,
15.0,0.08559,5,0.012632202353018051,
13.0,0.097174,4,0.012632202353018051,
11.0,0.090213,5,0.013556900405673077,
8.0,0.098623,4,0.013556900405673077,
13.0,0.104923,4,0.014181895807254664,
13.0,0.104923,4,0.014181895807254664,
8.0,0.120942,3,0.014656646864515,
13.0,0.12993,6,0.02290116914446038,
12.0,0.137593,5,0.024433661411628775,
12.0,0.13834,5,0.02290116914446038,
13.0,0.148753,4,0.024983534641049743,
12.0,0.136938,5,0.02290116914446038,
9.0,0.145348,4,0.02290116914446038,
13.0,0.14764,4,0.02504145562614215,
12.0,0.137593,5,0.024433661411628775,
11.0,0.145256,4,0.025966153678797177,
13.0,0.148753,4,0.024983534641049743,
13.0,0.14764,4,0.02504145562614215,
8.0,0.160674,3,0.025966153678797177,
13.0,0.165234,5,0.027644852442531228,
11.0,0.172242,4,0.027644852442531228,
12.0,0.172897,4,0.02917734470969963,
13.0,0.182945,3,0.029785138924212997,
14.0,0.160267,5,0.032953327297899834,
12.0,0.168677,4,0.032953327297899834,
13.0,0.16793,4,0.03448581956506823,
14.0,0.17909,3,0.03503569279448919,
13.0,0.165234,5,0.027644852442531228,
12.0,0.172897,4,0.029177344709699623,
11.0,0.172242,4,0.027644852442531228,
13.0,0.182945,3,0.029785138924213004,
14.0,0.165234,5,0.027644852442531228,
14.0,0.172897,4,0.02917734470969963,
12.0,0.172242,4,0.027644852442531228,
13.0,0.182945,3,0.029785138924213004,
14.0,0.165234,5,0.02764485244253123,
14.0,0.172897,4,0.02917734470969963,
12.0,0.172242,4,0.02764485244253123,
13.0,0.182945,3,0.029785138924213,
11.0,0.200587,4,0.031986044474435184,
8.0,0.207595,3,0.031986044474435184,
13.0,0.231006,3,0.0414574198172823,
14.0,0.160267,5,0.032953327297899834,
13.0,0.16793,4,0.03448581956506823,
12.0,0.168677,4,0.032953327297899834,
14.0,0.17909,3,0.03503569279448919,
15.0,0.155302,5,0.036839071732203556,
14.0,0.163712,4,0.036839071732203556,
13.0,0.163712,4,0.036839071732203556,
13.0,0.175296,3,0.036839071732203556,
15.0,0.155302,5,0.036839071732203556,
14.0,0.163712,4,0.036839071732203556,
13.0,0.163712,4,0.036839071732203556,
13.0,0.175296,3,0.036839071732203556,
12.0,0.190639,4,0.0413157099699165,
9.0,0.199049,3,0.0413157099699165,
13.0,0.231006,3,0.04145741981728231,
12.0,0.190639,4,0.0413157099699165,
9.0,0.199049,3,0.0413157099699165,
9.0,0.261458,2,0.049365415928807624,
12.0,0.128824,6,0.031803015902509085,
11.0,0.136487,5,0.03333550816967748,
11.0,0.137234,5,0.031803015902509085,
12.0,0.147646,4,0.03388538139909844,
11.0,0.135832,5,0.031803015902509085,
8.0,0.144242,4,0.031803015902509085,
12.0,0.146534,4,0.033943302384190854,
11.0,0.136487,5,0.03333550816967748,
10.0,0.14415,4,0.034868000436845875,
12.0,0.147646,4,0.03388538139909844,
12.0,0.146534,4,0.033943302384190854,
7.0,0.159568,3,0.03486800043684588,
8.0,0.259993,2,0.06262681000108931,
16.0,0.967165,9,0.19343271956047314,
15.0,0.975575,8,0.19343271956047314,
16.0,0.975575,8,0.19343271956047314,
16.0,0.987159,7,0.19343271956047314,
16.0,0.975575,8,0.19343271956047314,
13.0,0.983985,7,0.19343271956047314,
16.0,0.987159,7,0.19343271956047314,
15.0,0.975575,8,0.19343271956047314,
14.0,0.983985,7,0.19343271956047314,
16.0,0.987159,7,0.19343271956047314,
16.0,0.987159,7,0.19343271956047314,
12.0,1.000805,6,0.19343271956047314,
15.0,0.974827,8,0.19496521182764157,
14.0,0.983237,7,0.19496521182764157,
14.0,0.983237,7,0.19496521182764157,
15.0,0.994822,6,0.19496521182764157,
16.0,0.985987,7,0.1955150850570625,
15.0,0.994397,6,0.1955150850570625,
15.0,0.974827,8,0.19496521182764154,
14.0,0.983237,7,0.19496521182764154,
15.0,0.983237,7,0.19496521182764154,
15.0,0.994822,6,0.19496521182764154,
16.0,0.985987,7,0.1955150850570625,
14.0,0.994397,6,0.1955150850570625,
16.0,0.985987,7,0.1955150850570625,
15.0,0.994397,6,0.1955150850570625,
16.0,0.999334,6,0.1958677068749669,
14.0,1.014283,5,0.19612826383054394,
15.0,0.974173,8,0.19343271956047314,
12.0,0.982583,7,0.19343271956047314,
14.0,0.982583,7,0.19343271956047314,
14.0,0.994167,6,0.19343271956047314,
14.0,0.982583,7,0.19343271956047314,
12.0,0.990993,6,0.19343271956047314,
14.0,0.994167,6,0.19343271956047314,
14.0,0.982583,7,0.19343271956047314,
11.0,0.990993,6,0.19343271956047314,
15.0,0.994167,6,0.19343271956047314,
15.0,0.994167,6,0.19343271956047314,
11.0,1.007813,5,0.19343271956047314,
16.0,0.984875,7,0.19557300604215494,
15.0,0.993285,6,0.19557300604215494,
15.0,0.993285,6,0.19557300604215494,
16.0,1.004869,5,0.19557300604215494,
15.0,0.974827,8,0.19496521182764157,
13.0,0.98249,7,0.19649770409481,
14.0,0.983237,7,0.19496521182764157,
14.0,0.98249,7,0.19649770409480996,
14.0,0.99365,6,0.19704757732423092,
14.0,0.983237,7,0.19496521182764157,
12.0,0.9909,6,0.19649770409481,
15.0,0.994822,6,0.19496521182764157,
15.0,0.99365,6,0.19704757732423092,
14.0,1.006997,5,0.19740019914213533,
16.0,0.985987,7,0.1955150850570625,
15.0,0.99365,6,0.1970475773242309,
15.0,0.994397,6,0.1955150850570625,
16.0,1.004809,5,0.19759745055365185,
16.0,0.978995,7,0.19557300604215494,
15.0,0.987405,6,0.19557300604215494,
15.0,0.987405,6,0.19557300604215494,
16.0,0.998989,5,0.19557300604215494,
11.0,0.997908,6,0.19649770409481,
10.0,1.006318,5,0.19649770409481,
16.0,0.984875,7,0.19557300604215494,
14.0,0.993285,6,0.19557300604215494,
15.0,0.993285,6,0.19557300604215494,
14.0,1.004869,5,0.19557300604215494,
14.0,1.012618,5,0.19712269949639152,
15.0,0.974827,8,0.19496521182764154,
14.0,0.98249,7,0.19649770409480996,
15.0,0.983237,7,0.19496521182764154,
13.0,0.98249,7,0.19649770409480996,
14.0,0.99365,6,0.19704757732423092,
14.0,0.983237,7,0.19496521182764154,
12.0,0.9909,6,0.19649770409480996,
15.0,0.99365,6,0.1970475773242309,
15.0,0.994822,6,0.19496521182764154,
16.0,0.984875,7,0.19557300604215494,
14.0,0.993285,6,0.19557300604215494,
15.0,0.993285,6,0.19557300604215494,
14.0,1.004869,5,0.19557300604215494,
16.0,0.985987,7,0.1955150850570625,
14.0,0.99365,6,0.19704757732423092,
14.0,0.994397,6,0.1955150850570625,
14.0,0.99365,6,0.19704757732423092,
11.0,1.004809,5,0.19759745055365185,
14.0,1.012618,5,0.19712269949639152,
16.0,0.985987,7,0.1955150850570625,
15.0,0.99365,6,0.19704757732423092,
15.0,0.994397,6,0.1955150850570625,
16.0,1.004809,5,0.19759745055365185,
12.0,0.997908,6,0.19649770409480996,
11.0,1.006318,5,0.19649770409480996,
16.0,0.999334,6,0.1958677068749669,
14.0,1.006997,5,0.19740019914213533,
14.0,1.014283,5,0.19612826383054394,
10.0,1.028637,4,0.19759745055365185,
15.0,0.974827,8,0.19496521182764157,
14.0,0.981835,7,0.19496521182764157,
13.0,0.98249,7,0.19649770409480996,
14.0,0.992538,6,0.19710549830932336,
15.0,0.98249,7,0.19649770409480996,
12.0,0.990153,6,0.19803019636197836,
15.0,0.992538,6,0.19710549830932336,
15.0,0.983237,7,0.19496521182764157,
13.0,0.990245,6,0.19496521182764157,
14.0,0.99365,6,0.1970475773242309,
15.0,0.99365,6,0.1970475773242309,
11.0,1.005571,5,0.19803019636197836,
14.0,0.98249,7,0.19649770409481,
12.0,0.990153,6,0.19803019636197838,
13.0,0.9909,6,0.19649770409481,
13.0,1.001313,5,0.19858006959139932,
15.0,0.986658,6,0.19710549830932336,
14.0,0.995068,5,0.19710549830932336,
15.0,0.983237,7,0.19496521182764157,
14.0,0.990245,6,0.19496521182764157,
13.0,0.9909,6,0.19649770409480996,
13.0,1.000948,5,0.19710549830932336,
15.0,0.99365,6,0.1970475773242309,
12.0,1.001313,5,0.19858006959139932,
15.0,0.994822,6,0.19496521182764157,
14.0,1.00183,5,0.19496521182764157,
15.0,1.006997,5,0.1974001991421353,
16.0,0.974173,8,0.19343271956047314,
14.0,0.982583,7,0.19343271956047314,
13.0,0.982583,7,0.19343271956047314,
14.0,0.994167,6,0.19343271956047314,
15.0,0.982583,7,0.19343271956047314,
12.0,0.990993,6,0.19343271956047314,
15.0,0.994167,6,0.19343271956047314,
15.0,0.982583,7,0.19343271956047314,
13.0,0.990993,6,0.19343271956047314,
14.0,0.994167,6,0.19343271956047314,
15.0,0.994167,6,0.19343271956047314,
11.0,1.007813,5,0.19343271956047314,
14.0,0.981835,7,0.19496521182764157,
12.0,0.990245,6,0.19496521182764157,
13.0,0.990245,6,0.19496521182764157,
13.0,1.00183,5,0.19496521182764157,
15.0,0.992995,6,0.1955150850570625,
14.0,1.001405,5,0.1955150850570625,
15.0,0.981835,7,0.19496521182764154,
14.0,0.990245,6,0.19496521182764154,
13.0,0.990245,6,0.19496521182764154,
13.0,1.00183,5,0.19496521182764154,
15.0,0.992995,6,0.1955150850570625,
12.0,1.001405,5,0.1955150850570625,
15.0,0.992995,6,0.1955150850570625,
14.0,1.001405,5,0.1955150850570625,
15.0,1.006342,5,0.1958677068749669,
12.0,1.021291,4,0.19612826383054394,
16.0,0.984875,7,0.19557300604215494,
14.0,0.992538,6,0.19710549830932336,
15.0,0.993285,6,0.19557300604215494,
15.0,0.992538,6,0.19710549830932333,
14.0,1.003697,5,0.19765537153874427,
15.0,0.993285,6,0.19557300604215494,
13.0,1.000948,5,0.19710549830932336,
15.0,1.004869,5,0.19557300604215494,
15.0,1.003697,5,0.1976553715387443,
14.0,1.017045,4,0.1980079933566487,
16.0,0.985987,7,0.1955150850570625,
14.0,0.992995,6,0.1955150850570625,
14.0,0.99365,6,0.19704757732423092,
11.0,1.003697,5,0.1976553715387443,
15.0,0.99365,6,0.19704757732423092,
12.0,1.001313,5,0.19858006959139934,
13.0,1.003697,5,0.1976553715387443,
15.0,0.994397,6,0.1955150850570625,
12.0,1.001405,5,0.1955150850570625,
14.0,1.004809,5,0.19759745055365185,
15.0,1.004809,5,0.19759745055365185,
10.0,1.016731,4,0.19858006959139934,
16.0,0.983826,7,0.19343271956047314,
14.0,0.992236,6,0.19343271956047314,
14.0,0.992236,6,0.19343271956047314,
11.0,1.00382,5,0.19343271956047314,
15.0,0.992236,6,0.19343271956047314,
12.0,1.000646,5,0.19343271956047314,
13.0,1.00382,5,0.19343271956047314,
15.0,0.992236,6,0.19343271956047314,
12.0,1.000646,5,0.19343271956047314,
14.0,1.00382,5,0.19343271956047314,
15.0,1.00382,5,0.19343271956047314,
10.0,1.017466,4,0.19343271956047314,
14.0,1.010989,5,0.1971831124988939,
12.0,1.019399,4,0.1971831124988939,
15.0,0.974827,8,0.19496521182764154,
14.0,0.98249,7,0.19649770409480996,
14.0,0.983237,7,0.19496521182764154,
15.0,0.99365,6,0.1970475773242309,
14.0,0.981835,7,0.19496521182764154,
11.0,0.990245,6,0.19496521182764154,
15.0,0.992538,6,0.19710549830932333,
14.0,0.98249,7,0.19649770409480996,
12.0,0.990153,6,0.19803019636197838,
15.0,0.99365,6,0.1970475773242309,
15.0,0.986658,6,0.19710549830932333,
10.0,1.005571,5,0.19803019636197838,
14.0,0.983237,7,0.19496521182764154,
13.0,0.9909,6,0.19649770409480996,
13.0,0.990245,6,0.19496521182764154,
14.0,1.000948,5,0.19710549830932333,
15.0,0.994822,6,0.19496521182764154,
13.0,1.00183,5,0.19496521182764154,
14.0,0.98249,7,0.19649770409480993,
13.0,0.990153,6,0.19803019636197836,
13.0,0.9909,6,0.19649770409480993,
14.0,1.001313,5,0.1985800695913993,
15.0,0.992538,6,0.19710549830932333,
13.0,1.000948,5,0.19710549830932333,
15.0,0.99365,6,0.1970475773242309,
12.0,1.001313,5,0.19858006959139932,
12.0,1.020281,4,0.19865519176355995,
16.0,0.985987,7,0.19551508505706253,
15.0,0.99365,6,0.19704757732423095,
14.0,0.994397,6,0.19551508505706253,
15.0,0.99365,6,0.19704757732423092,
14.0,1.004809,5,0.19759745055365185,
15.0,0.992995,6,0.19551508505706253,
13.0,1.001405,5,0.19551508505706253,
16.0,0.997817,5,0.19765537153874432,
15.0,1.003697,5,0.1976553715387443,
16.0,0.984875,7,0.19557300604215494,
15.0,0.992538,6,0.19710549830932336,
15.0,0.993285,6,0.19557300604215494,
14.0,0.992538,6,0.19710549830932333,
14.0,1.003697,5,0.19765537153874427,
15.0,0.993285,6,0.19557300604215494,
13.0,1.000948,5,0.19710549830932333,
16.0,1.003697,5,0.1976553715387443,
15.0,1.004869,5,0.19557300604215494,
12.0,0.997908,6,0.19649770409480996,
11.0,1.005571,5,0.19803019636197838,
11.0,1.006318,5,0.19649770409480996,
11.0,1.005571,5,0.19803019636197836,
10.0,1.016731,4,0.19858006959139932,
16.0,0.999334,6,0.1958677068749669,
14.0,1.006342,5,0.1958677068749669,
15.0,1.006997,5,0.1974001991421353,
13.0,1.017045,4,0.1980079933566487,
16.0,0.996528,6,0.1959730884378241,
14.0,1.004938,5,0.1959730884378241,
15.0,1.004938,5,0.1959730884378241,
13.0,1.016523,4,0.1959730884378241,
10.0,1.026809,4,0.19803019636197838,
16.0,0.985987,7,0.1955150850570625,
15.0,0.99365,6,0.19704757732423092,
15.0,0.994397,6,0.1955150850570625,
14.0,1.004809,5,0.19759745055365185,
15.0,0.992995,6,0.1955150850570625,
12.0,1.001405,5,0.1955150850570625,
15.0,1.003697,5,0.1976553715387443,
15.0,0.99365,6,0.19704757732423092,
13.0,1.001313,5,0.19858006959139934,
15.0,1.004809,5,0.19759745055365185,
16.0,0.997817,5,0.1976553715387443,
11.0,1.016731,4,0.19858006959139934,
14.0,1.014283,5,0.19612826383054394,
12.0,1.021291,4,0.19612826383054394,
11.0,1.028637,4,0.19759745055365185,
10.0,1.043738,3,0.19868685096680705,
16.0,0.974827,8,0.19496521182764157,
14.0,0.98249,7,0.19649770409481,
15.0,0.983237,7,0.19496521182764157,
15.0,0.98249,7,0.19649770409480996,
15.0,0.99365,6,0.1970475773242309,
13.0,0.98249,7,0.19649770409480996,
12.0,0.990153,6,0.19803019636197838,
15.0,0.981835,7,0.19496521182764157,
13.0,0.990245,6,0.19496521182764157,
14.0,0.992538,6,0.19710549830932333,
14.0,0.98249,7,0.19649770409480996,
13.0,0.990153,6,0.19803019636197838,
14.0,0.99365,6,0.19704757732423092,
15.0,0.992538,6,0.19710549830932333,
11.0,1.005571,5,0.19803019636197838,
14.0,0.981835,7,0.19496521182764157,
14.0,0.990245,6,0.19496521182764157,
12.0,0.989498,6,0.19649770409480996,
13.0,0.989498,6,0.19649770409480996,
13.0,1.000658,5,0.19704757732423092,
15.0,0.992538,6,0.19710549830932336,
14.0,1.000201,5,0.19863799057649176,
15.0,0.992538,6,0.19710549830932336,
12.0,1.000201,5,0.19863799057649176,
15.0,0.991489,6,0.19496521182764157,
13.0,0.999899,5,0.19496521182764157,
15.0,1.004191,5,0.1975055807049925,
13.0,0.98249,7,0.19649770409480996,
12.0,0.990153,6,0.19803019636197838,
13.0,0.9909,6,0.19649770409480996,
12.0,0.990153,6,0.19803019636197836,
12.0,1.001313,5,0.19858006959139932,
12.0,0.990153,6,0.19803019636197838,
9.0,0.997816,5,0.19956268862914678,
13.0,0.989498,6,0.19649770409480996,
11.0,0.997908,5,0.19649770409480996,
12.0,1.000201,5,0.19863799057649176,
12.0,0.990153,6,0.19803019636197836,
11.0,0.997816,5,0.19956268862914678,
12.0,1.001313,5,0.19858006959139934,
12.0,1.000201,5,0.19863799057649176,
8.0,1.013234,4,0.19956268862914678,
14.0,0.992538,6,0.19710549830932336,
13.0,1.000948,5,0.19710549830932336,
12.0,1.000201,5,0.19863799057649176,
13.0,1.000201,5,0.19863799057649176,
12.0,1.01136,4,0.1991878638059127,
15.0,0.983237,7,0.19496521182764157,
13.0,0.9909,6,0.19649770409481,
12.0,0.9909,6,0.19649770409480996,
14.0,0.990245,6,0.19496521182764157,
13.0,1.000948,5,0.19710549830932333,
13.0,0.990245,6,0.19496521182764157,
10.0,0.997908,5,0.19649770409480996,
14.0,1.000948,5,0.19710549830932336,
14.0,0.999899,5,0.19496521182764157,
15.0,0.994822,6,0.19496521182764157,
14.0,1.00183,5,0.19496521182764157,
13.0,1.00183,5,0.19496521182764157,
12.0,1.011483,4,0.19496521182764157,
15.0,0.99365,6,0.1970475773242309,
12.0,1.001313,5,0.1985800695913993,
15.0,1.006997,5,0.1974001991421353,
14.0,0.99365,6,0.1970475773242309,
13.0,1.001313,5,0.19858006959139932,
12.0,1.001313,5,0.1985800695913993,
13.0,1.000658,5,0.1970475773242309,
12.0,1.01136,4,0.1991878638059127,
11.0,1.005571,5,0.19803019636197836,
8.0,1.013234,4,0.19956268862914678,
15.0,0.99365,6,0.19704757732423092,
14.0,1.001313,5,0.19858006959139934,
14.0,1.000658,5,0.19704757732423092,
13.0,1.01136,4,0.19918786380591272,
16.0,0.985987,7,0.1955150850570625,
14.0,0.992995,6,0.1955150850570625,
15.0,0.99365,6,0.19704757732423092,
13.0,1.003697,5,0.1976553715387443,
14.0,0.99365,6,0.19704757732423092,
12.0,1.001313,5,0.19858006959139934,
11.0,1.003697,5,0.1976553715387443,
15.0,0.994397,6,0.1955150850570625,
12.0,1.001405,5,0.1955150850570625,
15.0,1.004809,5,0.19759745055365185,
14.0,1.004809,5,0.19759745055365185,
10.0,1.016731,4,0.19858006959139934,
15.0,0.992995,6,0.1955150850570625,
13.0,1.000658,5,0.19704757732423092,
14.0,1.001405,5,0.1955150850570625,
12.0,1.011817,4,0.19759745055365185,
14.0,1.002648,5,0.1955150850570625,
11.0,1.011058,4,0.1955150850570625,
15.0,0.99365,6,0.1970475773242309,
13.0,1.000658,5,0.1970475773242309,
13.0,1.001313,5,0.19858006959139932,
10.0,1.01136,4,0.1991878638059127,
15.0,1.003697,5,0.1976553715387443,
12.0,1.01136,4,0.1991878638059127,
13.0,1.015351,4,0.19805545393441348,
16.0,1.004809,5,0.19759745055365185,
13.0,1.011817,4,0.19759745055365185,
16.0,0.974173,8,0.19343271956047314,
14.0,0.981835,7,0.19496521182764157,
15.0,0.982583,7,0.19343271956047314,
15.0,0.981835,7,0.19496521182764154,
15.0,0.992995,6,0.1955150850570625,
15.0,0.981835,7,0.19496521182764157,
13.0,0.989498,6,0.19649770409480996,
13.0,0.981181,7,0.19343271956047314,
12.0,0.989591,6,0.19343271956047314,
14.0,0.991883,6,0.19557300604215494,
14.0,0.981835,7,0.19496521182764154,
13.0,0.989498,6,0.19649770409480996,
15.0,0.992995,6,0.19551508505706253,
14.0,0.991883,6,0.19557300604215494,
11.0,1.004916,5,0.19649770409480996,
14.0,0.982583,7,0.19343271956047314,
14.0,0.990245,6,0.19496521182764154,
12.0,0.989591,6,0.19343271956047314,
13.0,0.990245,6,0.19496521182764154,
13.0,1.000293,5,0.19557300604215494,
15.0,0.992995,6,0.1955150850570625,
14.0,1.000658,5,0.1970475773242309,
15.0,0.994167,6,0.19343271956047314,
12.0,1.001175,5,0.19343271956047314,
15.0,0.992995,6,0.1955150850570625,
13.0,1.000658,5,0.19704757732423092,
15.0,1.006342,5,0.1958677068749669,
13.0,0.982583,7,0.19343271956047314,
12.0,0.990245,6,0.19496521182764157,
12.0,0.990993,6,0.19343271956047314,
13.0,0.990245,6,0.19496521182764154,
12.0,1.001405,5,0.1955150850570625,
13.0,0.990245,6,0.19496521182764157,
11.0,0.997908,5,0.19649770409480996,
12.0,0.989591,6,0.19343271956047314,
9.0,0.998001,5,0.19343271956047314,
12.0,1.000293,5,0.19557300604215494,
12.0,0.990245,6,0.19496521182764154,
11.0,0.997908,5,0.19649770409480996,
12.0,1.001405,5,0.19551508505706253,
12.0,1.000293,5,0.19557300604215494,
8.0,1.013326,4,0.19649770409480996,
14.0,0.994167,6,0.19343271956047314,
13.0,1.00183,5,0.19496521182764154,
12.0,1.001175,5,0.19343271956047314,
13.0,1.00183,5,0.19496521182764154,
12.0,1.011877,4,0.19557300604215494,
15.0,0.982583,7,0.19343271956047314,
13.0,0.990245,6,0.19496521182764157,
14.0,0.990245,6,0.19496521182764157,
12.0,0.989591,6,0.19343271956047314,
13.0,1.000293,5,0.19557300604215494,
13.0,0.990993,6,0.19343271956047314,
11.0,0.998001,5,0.19343271956047314,
14.0,1.001405,5,0.1955150850570625,
14.0,1.001405,5,0.1955150850570625,
15.0,0.994167,6,0.19343271956047314,
12.0,1.001175,5,0.19343271956047314,
15.0,0.992995,6,0.1955150850570625,
14.0,1.001405,5,0.1955150850570625,
13.0,1.000658,5,0.1970475773242309,
12.0,1.011817,4,0.19759745055365185,
15.0,1.006342,5,0.1958677068749669,
14.0,0.994167,6,0.19343271956047314,
13.0,1.00183,5,0.19496521182764157,
13.0,1.00183,5,0.19496521182764157,
12.0,1.001175,5,0.19343271956047314,
12.0,1.011877,4,0.19557300604215494,
11.0,1.007813,5,0.19343271956047314,
8.0,1.014821,4,0.19343271956047314,
12.0,1.021291,4,0.19612826383054394,
15.0,0.992995,6,0.1955150850570625,
14.0,1.000658,5,0.19704757732423092,
14.0,1.001405,5,0.1955150850570625,
12.0,1.011817,4,0.19759745055365185,
12.0,1.021291,4,0.19612826383054394,
8.0,1.035645,3,0.19759745055365185,
16.0,0.983826,7,0.19343271956047314,
14.0,0.992236,6,0.19343271956047314,
15.0,0.992236,6,0.19343271956047314,
13.0,1.00382,5,0.19343271956047314,
14.0,0.992236,6,0.19343271956047314,
12.0,1.000646,5,0.19343271956047314,
11.0,1.00382,5,0.19343271956047314,
15.0,0.992236,6,0.19343271956047314,
12.0,1.000646,5,0.19343271956047314,
15.0,1.00382,5,0.19343271956047314,
14.0,1.00382,5,0.19343271956047314,
10.0,1.017466,4,0.19343271956047314,
15.0,0.991489,6,0.19496521182764157,
13.0,0.999899,5,0.19496521182764157,
14.0,0.999899,5,0.19496521182764157,
12.0,1.011483,4,0.19496521182764157,
14.0,1.002648,5,0.1955150850570625,
11.0,1.011058,4,0.1955150850570625,
15.0,0.991489,6,0.19496521182764154,
13.0,0.999899,5,0.19496521182764154,
13.0,0.999899,5,0.19496521182764154,
10.0,1.011483,4,0.19496521182764154,
15.0,1.002648,5,0.19551508505706253,
12.0,1.011058,4,0.19551508505706253,
13.0,1.015996,4,0.1958677068749669,
16.0,1.002648,5,0.1955150850570625,
13.0,1.011058,4,0.1955150850570625,
10.0,1.030944,3,0.19612826383054394,
16.0,0.984875,7,0.19557300604215494,
14.0,0.992538,6,0.19710549830932336,
15.0,0.993285,6,0.19557300604215494,
15.0,0.992538,6,0.19710549830932333,
14.0,1.003697,5,0.19765537153874427,
14.0,0.992538,6,0.19710549830932333,
12.0,1.000201,5,0.19863799057649176,
14.0,0.991883,6,0.19557300604215494,
12.0,1.000293,5,0.19557300604215494,
11.0,1.002585,5,0.19771329252383674,
15.0,0.992538,6,0.19710549830932333,
12.0,1.000201,5,0.19863799057649176,
14.0,1.003697,5,0.1976553715387443,
14.0,1.002585,5,0.1977132925238367,
10.0,1.015619,4,0.19863799057649176,
15.0,0.993285,6,0.19557300604215494,
13.0,1.000948,5,0.19710549830932336,
13.0,1.000948,5,0.19710549830932333,
13.0,1.000293,5,0.19557300604215494,
10.0,1.010995,4,0.19771329252383674,
15.0,1.004869,5,0.19557300604215494,
12.0,1.011877,4,0.19557300604215494,
15.0,1.003697,5,0.1976553715387443,
12.0,1.01136,4,0.1991878638059127,
14.0,1.017045,4,0.1980079933566487,
16.0,1.003697,5,0.1976553715387443,
13.0,1.01136,4,0.19918786380591272,
14.0,1.010989,5,0.1971831124988939,
12.0,1.018652,4,0.19871560476606231,
12.0,1.019399,4,0.1971831124988939,
11.0,1.029811,3,0.19926547799548328,
15.0,0.974173,8,0.19343271956047314,
14.0,0.982583,7,0.19343271956047314,
15.0,0.982583,7,0.19343271956047314,
15.0,0.994167,6,0.19343271956047314,
15.0,0.982583,7,0.19343271956047314,
12.0,0.990993,6,0.19343271956047314,
15.0,0.994167,6,0.19343271956047314,
12.0,0.982583,7,0.19343271956047314,
11.0,0.990993,6,0.19343271956047314,
14.0,0.994167,6,0.19343271956047314,
14.0,0.994167,6,0.19343271956047314,
11.0,1.007813,5,0.19343271956047314,
14.0,0.981835,7,0.19496521182764157,
13.0,0.990245,6,0.19496521182764157,
11.0,0.990245,6,0.19496521182764157,
13.0,1.00183,5,0.19496521182764157,
15.0,0.992995,6,0.1955150850570625,
12.0,1.001405,5,0.1955150850570625,
15.0,0.981835,7,0.19496521182764154,
13.0,0.990245,6,0.19496521182764154,
14.0,0.990245,6,0.19496521182764154,
14.0,1.00183,5,0.19496521182764154,
15.0,0.992995,6,0.1955150850570625,
13.0,1.001405,5,0.1955150850570625,
14.0,0.992995,6,0.1955150850570625,
12.0,1.001405,5,0.1955150850570625,
14.0,1.006342,5,0.1958677068749669,
12.0,1.021291,4,0.19612826383054394,
14.0,0.981181,7,0.19343271956047314,
11.0,0.989591,6,0.19343271956047314,
13.0,0.989591,6,0.19343271956047314,
12.0,1.001175,5,0.19343271956047314,
13.0,0.989591,6,0.19343271956047314,
11.0,0.998001,5,0.19343271956047314,
12.0,1.001175,5,0.19343271956047314,
11.0,0.989591,6,0.19343271956047314,
8.0,0.998001,5,0.19343271956047314,
12.0,1.001175,5,0.19343271956047314,
12.0,1.001175,5,0.19343271956047314,
8.0,1.014821,4,0.19343271956047314,
15.0,0.991883,6,0.19557300604215494,
14.0,1.000293,5,0.19557300604215494,
12.0,1.000293,5,0.19557300604215494,
13.0,1.011877,4,0.19557300604215494,
14.0,0.981835,7,0.19496521182764157,
12.0,0.989498,6,0.19649770409481,
13.0,0.990245,6,0.19496521182764157,
13.0,0.989498,6,0.19649770409480996,
13.0,1.000658,5,0.19704757732423092,
11.0,0.990245,6,0.19496521182764157,
10.0,0.997908,5,0.19649770409481,
13.0,1.00183,5,0.19496521182764157,
13.0,1.000658,5,0.19704757732423092,
12.0,1.014005,4,0.19740019914213533,
15.0,0.992995,6,0.1955150850570625,
14.0,1.000658,5,0.1970475773242309,
12.0,1.001405,5,0.1955150850570625,
13.0,1.011817,4,0.19759745055365185,
15.0,0.986003,6,0.19557300604215494,
14.0,0.994413,5,0.19557300604215494,
12.0,0.994413,5,0.19557300604215494,
13.0,1.005997,4,0.19557300604215494,
10.0,1.004916,5,0.19649770409481,
7.0,1.013326,4,0.19649770409481,
15.0,0.991883,6,0.19557300604215494,
12.0,1.000293,5,0.19557300604215494,
14.0,1.000293,5,0.19557300604215494,
11.0,1.011877,4,0.19557300604215494,
12.0,1.019626,4,0.19712269949639152,
15.0,0.981835,7,0.19496521182764154,
13.0,0.989498,6,0.19649770409480996,
14.0,0.990245,6,0.19496521182764154,
12.0,0.989498,6,0.19649770409480996,
13.0,1.000658,5,0.19704757732423092,
13.0,0.990245,6,0.19496521182764154,
10.0,0.997908,5,0.19649770409480996,
14.0,1.000658,5,0.1970475773242309,
14.0,1.00183,5,0.19496521182764154,
15.0,0.991883,6,0.19557300604215494,
12.0,1.000293,5,0.19557300604215494,
14.0,1.000293,5,0.19557300604215494,
11.0,1.011877,4,0.19557300604215494,
15.0,0.992995,6,0.1955150850570625,
13.0,1.000658,5,0.19704757732423092,
13.0,1.001405,5,0.1955150850570625,
13.0,1.000658,5,0.19704757732423092,
10.0,1.011817,4,0.19759745055365185,
12.0,1.019626,4,0.19712269949639152,
14.0,0.992995,6,0.1955150850570625,
13.0,1.000658,5,0.19704757732423092,
12.0,1.001405,5,0.1955150850570625,
13.0,1.011817,4,0.19759745055365185,
11.0,1.004916,5,0.19649770409480996,
7.0,1.013326,4,0.19649770409480996,
14.0,1.006342,5,0.1958677068749669,
12.0,1.014005,4,0.19740019914213533,
12.0,1.021291,4,0.19612826383054394,
7.0,1.035645,3,0.19759745055365185,
16.0,0.984875,7,0.19557300604215494,
15.0,0.991883,6,0.19557300604215494,
14.0,0.992538,6,0.19710549830932333,
14.0,1.002585,5,0.1977132925238367,
15.0,0.992538,6,0.19710549830932333,
12.0,1.000201,5,0.19863799057649173,
15.0,1.002585,5,0.1977132925238367,
14.0,0.993285,6,0.19557300604215494,
12.0,1.000293,5,0.19557300604215494,
11.0,1.003697,5,0.19765537153874427,
13.0,1.003697,5,0.19765537153874427,
10.0,1.015619,4,0.19863799057649173,
15.0,0.992538,6,0.19710549830932336,
13.0,1.000201,5,0.19863799057649176,
13.0,1.000948,5,0.19710549830932336,
10.0,1.01136,4,0.1991878638059127,
16.0,0.996705,5,0.19771329252383674,
13.0,1.005115,4,0.19771329252383674,
15.0,0.993285,6,0.19557300604215494,
14.0,1.000293,5,0.19557300604215494,
13.0,1.000948,5,0.19710549830932333,
12.0,1.010995,4,0.1977132925238367,
15.0,1.003697,5,0.19765537153874427,
12.0,1.01136,4,0.1991878638059127,
14.0,1.004869,5,0.19557300604215494,
11.0,1.011877,4,0.19557300604215494,
13.0,1.017045,4,0.19800799335664868,
16.0,0.983826,7,0.19343271956047314,
15.0,0.992236,6,0.19343271956047314,
14.0,0.992236,6,0.19343271956047314,
14.0,1.00382,5,0.19343271956047314,
15.0,0.992236,6,0.19343271956047314,
12.0,1.000646,5,0.19343271956047314,
15.0,1.00382,5,0.19343271956047314,
14.0,0.992236,6,0.19343271956047314,
12.0,1.000646,5,0.19343271956047314,
11.0,1.00382,5,0.19343271956047314,
13.0,1.00382,5,0.19343271956047314,
10.0,1.017466,4,0.19343271956047314,
15.0,0.991489,6,0.19496521182764157,
13.0,0.999899,5,0.19496521182764157,
13.0,0.999899,5,0.19496521182764157,
10.0,1.011483,4,0.19496521182764157,
16.0,1.002648,5,0.1955150850570625,
13.0,1.011058,4,0.1955150850570625,
15.0,0.991489,6,0.19496521182764154,
14.0,0.999899,5,0.19496521182764154,
13.0,0.999899,5,0.19496521182764154,
12.0,1.011483,4,0.19496521182764154,
15.0,1.002648,5,0.1955150850570625,
12.0,1.011058,4,0.1955150850570625,
14.0,1.002648,5,0.1955150850570625,
11.0,1.011058,4,0.1955150850570625,
13.0,1.015996,4,0.1958677068749669,
10.0,1.030944,3,0.19612826383054394,
16.0,0.996528,6,0.1959730884378241,
14.0,1.004191,5,0.19750558070499252,
15.0,1.004938,5,0.1959730884378241,
15.0,1.004191,5,0.19750558070499255,
14.0,1.015351,4,0.19805545393441348,
14.0,1.004938,5,0.1959730884378241,
12.0,1.012601,4,0.19750558070499252,
13.0,1.016523,4,0.1959730884378241,
13.0,1.015351,4,0.19805545393441346,
10.0,1.028698,3,0.19840807575231786,
16.0,0.984875,7,0.19557300604215494,
15.0,0.991883,6,0.19557300604215494,
15.0,0.992538,6,0.19710549830932333,
15.0,1.002585,5,0.1977132925238367,
14.0,0.992538,6,0.19710549830932333,
12.0,1.000201,5,0.19863799057649173,
14.0,1.002585,5,0.1977132925238367,
14.0,0.993285,6,0.19557300604215494,
12.0,1.000293,5,0.19557300604215494,
13.0,1.003697,5,0.19765537153874427,
11.0,1.003697,5,0.19765537153874427,
10.0,1.015619,4,0.19863799057649173,
15.0,0.992538,6,0.19710549830932336,
13.0,1.000201,5,0.19863799057649176,
13.0,1.000948,5,0.19710549830932336,
10.0,1.01136,4,0.1991878638059127,
16.0,1.002585,5,0.19771329252383674,
13.0,1.010995,4,0.19771329252383674,
15.0,0.993285,6,0.19557300604215494,
14.0,1.000293,5,0.19557300604215494,
13.0,1.000948,5,0.19710549830932333,
12.0,1.010995,4,0.1977132925238367,
15.0,1.003697,5,0.19765537153874427,
12.0,1.01136,4,0.1991878638059127,
14.0,1.004869,5,0.19557300604215494,
11.0,1.011877,4,0.19557300604215494,
13.0,1.017045,4,0.19800799335664868,
12.0,0.997908,6,0.19649770409480996,
11.0,1.004916,5,0.19649770409480996,
11.0,1.005571,5,0.19803019636197838,
10.0,1.015619,4,0.19863799057649176,
11.0,1.005571,5,0.19803019636197838,
8.0,1.013234,4,0.19956268862914678,
10.0,1.015619,4,0.19863799057649176,
11.0,1.006318,5,0.19649770409480996,
7.0,1.013326,4,0.19649770409480996,
10.0,1.016731,4,0.1985800695913993,
10.0,1.016731,4,0.1985800695913993,
5.0,1.028652,3,0.19956268862914678,
16.0,0.983826,7,0.19343271956047314,
15.0,0.992236,6,0.19343271956047314,
15.0,0.992236,6,0.19343271956047314,
15.0,1.00382,5,0.19343271956047314,
14.0,0.992236,6,0.19343271956047314,
12.0,1.000646,5,0.19343271956047314,
14.0,1.00382,5,0.19343271956047314,
14.0,0.992236,6,0.19343271956047314,
12.0,1.000646,5,0.19343271956047314,
13.0,1.00382,5,0.19343271956047314,
11.0,1.00382,5,0.19343271956047314,
10.0,1.017466,4,0.19343271956047314,
15.0,0.991489,6,0.19496521182764157,
13.0,0.999899,5,0.19496521182764157,
13.0,0.999899,5,0.19496521182764157,
10.0,1.011483,4,0.19496521182764157,
16.0,1.002648,5,0.1955150850570625,
13.0,1.011058,4,0.1955150850570625,
15.0,0.991489,6,0.19496521182764154,
14.0,0.999899,5,0.19496521182764154,
13.0,0.999899,5,0.19496521182764154,
12.0,1.011483,4,0.19496521182764154,
15.0,1.002648,5,0.1955150850570625,
12.0,1.011058,4,0.1955150850570625,
14.0,1.002648,5,0.1955150850570625,
11.0,1.011058,4,0.1955150850570625,
13.0,1.015996,4,0.1958677068749669,
10.0,1.030944,3,0.19612826383054394,
12.0,0.995197,6,0.19343271956047314,
11.0,1.003607,5,0.19343271956047314,
11.0,1.003607,5,0.19343271956047314,
10.0,1.015191,4,0.19343271956047314,
11.0,1.003607,5,0.19343271956047314,
8.0,1.012017,4,0.19343271956047314,
10.0,1.015191,4,0.19343271956047314,
11.0,1.003607,5,0.19343271956047314,
8.0,1.012017,4,0.19343271956047314,
10.0,1.015191,4,0.19343271956047314,
10.0,1.015191,4,0.19343271956047314,
4.0,1.028837,3,0.19343271956047314,
14.0,1.009397,5,0.19627267692131323,
12.0,1.017807,4,0.19627267692131323,
12.0,1.017807,4,0.19627267692131323,
10.0,1.029392,3,0.19627267692131323,
16.0,0.996528,6,0.1959730884378241,
14.0,1.004191,5,0.19750558070499252,
15.0,1.004938,5,0.1959730884378241,
15.0,1.004191,5,0.19750558070499255,
14.0,1.015351,4,0.19805545393441348,
14.0,1.004938,5,0.1959730884378241,
12.0,1.012601,4,0.19750558070499252,
13.0,1.016523,4,0.1959730884378241,
13.0,1.015351,4,0.19805545393441346,
10.0,1.028698,3,0.19840807575231786,
14.0,1.009397,5,0.19627267692131323,
12.0,1.017807,4,0.19627267692131323,
12.0,1.017807,4,0.19627267692131323,
10.0,1.029392,3,0.19627267692131323,
10.0,1.025011,4,0.19771329252383674,
7.0,1.033421,3,0.19771329252383674,
16.0,0.984875,7,0.1955730060421549,
15.0,0.992538,6,0.19710549830932333,
15.0,0.993285,6,0.1955730060421549,
15.0,1.003697,5,0.19765537153874427,
15.0,0.991883,6,0.1955730060421549,
12.0,1.000293,5,0.1955730060421549,
14.0,1.002585,5,0.1977132925238367,
15.0,0.992538,6,0.19710549830932333,
13.0,1.000201,5,0.19863799057649176,
16.0,1.003697,5,0.19765537153874427,
15.0,0.996705,5,0.1977132925238367,
11.0,1.015619,4,0.19863799057649176,
15.0,0.993285,6,0.1955730060421549,
14.0,1.000948,5,0.19710549830932333,
14.0,1.000293,5,0.1955730060421549,
12.0,1.010995,4,0.1977132925238367,
16.0,1.004869,5,0.1955730060421549,
13.0,1.011877,4,0.1955730060421549,
15.0,0.992538,6,0.19710549830932333,
14.0,1.000201,5,0.19863799057649176,
14.0,1.000948,5,0.19710549830932333,
13.0,1.01136,4,0.1991878638059127,
16.0,1.002585,5,0.1977132925238367,
13.0,1.010995,4,0.1977132925238367,
16.0,1.003697,5,0.19765537153874427,
13.0,1.01136,4,0.1991878638059127,
11.0,1.030328,3,0.1992629859780733,
14.0,1.009397,5,0.19627267692131325,
12.0,1.017807,4,0.19627267692131325,
12.0,1.017807,4,0.19627267692131325,
10.0,1.029392,3,0.19627267692131325,
11.0,1.025011,4,0.1977132925238367,
8.0,1.033421,3,0.1977132925238367,
10.0,1.041769,3,0.198747930995252,
15.0,0.974827,8,0.19496521182764154,
14.0,0.98249,7,0.19649770409480996,
14.0,0.983237,7,0.19496521182764154,
14.0,0.98249,7,0.19649770409480993,
15.0,0.99365,6,0.1970475773242309,
14.0,0.98249,7,0.19649770409480996,
12.0,0.990153,6,0.19803019636197836,
14.0,0.981835,7,0.19496521182764154,
12.0,0.990245,6,0.19496521182764154,
15.0,0.992538,6,0.19710549830932333,
13.0,0.98249,7,0.19649770409480993,
12.0,0.990153,6,0.19803019636197836,
14.0,0.99365,6,0.19704757732423092,
14.0,0.992538,6,0.19710549830932333,
11.0,1.005571,5,0.19803019636197836,
14.0,0.983237,7,0.19496521182764154,
13.0,0.9909,6,0.19649770409480993,
13.0,0.990245,6,0.19496521182764154,
12.0,0.9909,6,0.19649770409480993,
13.0,1.000948,5,0.19710549830932333,
15.0,0.99365,6,0.1970475773242309,
13.0,1.001313,5,0.1985800695913993,
15.0,0.994822,6,0.19496521182764154,
13.0,1.00183,5,0.19496521182764154,
15.0,0.99365,6,0.1970475773242309,
13.0,1.001313,5,0.19858006959139932,
14.0,1.006997,5,0.1974001991421353,
14.0,0.981835,7,0.19496521182764154,
13.0,0.990245,6,0.19496521182764154,
13.0,0.989498,6,0.19649770409480996,
12.0,0.989498,6,0.19649770409480993,
13.0,1.000658,5,0.19704757732423092,
11.0,0.990245,6,0.19496521182764154,
10.0,0.997908,5,0.19649770409480993,
13.0,1.00183,5,0.19496521182764154,
13.0,1.000658,5,0.1970475773242309,
12.0,1.014005,4,0.1974001991421353,
15.0,0.992538,6,0.19710549830932333,
13.0,1.000201,5,0.19863799057649173,
14.0,0.98249,7,0.19649770409480996,
12.0,0.990153,6,0.19803019636197838,
13.0,0.9909,6,0.19649770409480996,
13.0,0.990153,6,0.19803019636197836,
12.0,1.001313,5,0.19858006959139932,
13.0,0.990153,6,0.19803019636197838,
11.0,0.997816,5,0.19956268862914678,
13.0,0.989498,6,0.19649770409480996,
11.0,0.997908,5,0.19649770409480996,
12.0,1.000201,5,0.19863799057649176,
12.0,0.990153,6,0.19803019636197836,
9.0,0.997816,5,0.19956268862914678,
12.0,1.001313,5,0.19858006959139934,
12.0,1.000201,5,0.19863799057649176,
8.0,1.013234,4,0.19956268862914678,
15.0,0.99365,6,0.1970475773242309,
14.0,1.001313,5,0.1985800695913993,
14.0,1.000658,5,0.1970475773242309,
13.0,1.001313,5,0.1985800695913993,
13.0,1.01136,4,0.1991878638059127,
15.0,0.986658,6,0.19710549830932333,
14.0,0.995068,5,0.19710549830932333,
14.0,0.994321,5,0.19863799057649176,
13.0,0.994321,5,0.19863799057649173,
13.0,1.00548,4,0.19918786380591272,
10.0,1.005571,5,0.19803019636197838,
8.0,1.013234,4,0.19956268862914678,
15.0,0.992538,6,0.19710549830932333,
13.0,1.000948,5,0.19710549830932333,
13.0,1.000201,5,0.19863799057649176,
10.0,1.01136,4,0.1991878638059127,
12.0,1.020281,4,0.19865519176355995,
15.0,0.991489,6,0.19496521182764154,
13.0,0.999899,5,0.19496521182764154,
13.0,0.999899,5,0.19496521182764154,
10.0,1.011483,4,0.19496521182764154,
12.0,1.018652,4,0.19871560476606231,
14.0,1.004191,5,0.19750558070499252,
12.0,1.012601,4,0.19750558070499252,
7.0,1.034472,3,0.19956268862914678,
16.0,0.985987,7,0.19551508505706253,
15.0,0.99365,6,0.19704757732423095,
14.0,0.994397,6,0.19551508505706253,
15.0,0.99365,6,0.19704757732423092,
14.0,1.004809,5,0.19759745055365185,
14.0,0.99365,6,0.19704757732423092,
12.0,1.001313,5,0.19858006959139934,
15.0,0.992995,6,0.19551508505706253,
12.0,1.001405,5,0.19551508505706253,
14.0,1.003697,5,0.1976553715387443,
14.0,0.99365,6,0.19704757732423092,
12.0,1.001313,5,0.19858006959139934,
11.0,1.004809,5,0.19759745055365185,
14.0,1.003697,5,0.19765537153874427,
10.0,1.016731,4,0.19858006959139934,
15.0,0.992995,6,0.19551508505706253,
13.0,1.001405,5,0.19551508505706253,
13.0,1.000658,5,0.19704757732423092,
13.0,1.000658,5,0.19704757732423092,
10.0,1.011817,4,0.19759745055365185,
16.0,1.003697,5,0.19765537153874432,
13.0,1.01136,4,0.19918786380591272,
15.0,1.003697,5,0.1976553715387443,
12.0,1.01136,4,0.1991878638059127,
15.0,1.002648,5,0.19551508505706253,
12.0,1.011058,4,0.19551508505706253,
14.0,1.015351,4,0.19805545393441346,
16.0,0.999334,6,0.1958677068749669,
15.0,1.006997,5,0.1974001991421353,
15.0,1.006342,5,0.1958677068749669,
14.0,1.006997,5,0.1974001991421353,
14.0,1.017045,4,0.19800799335664868,
14.0,1.006342,5,0.1958677068749669,
12.0,1.014005,4,0.1974001991421353,
13.0,1.017045,4,0.1980079933566487,
13.0,1.015996,4,0.1958677068749669,
10.0,1.028698,3,0.19840807575231786,
16.0,0.984875,7,0.19557300604215494,
15.0,0.992538,6,0.19710549830932336,
15.0,0.993285,6,0.19557300604215494,
14.0,0.992538,6,0.19710549830932333,
14.0,1.003697,5,0.19765537153874427,
15.0,0.992538,6,0.19710549830932333,
12.0,1.000201,5,0.19863799057649176,
14.0,0.991883,6,0.19557300604215494,
12.0,1.000293,5,0.19557300604215494,
14.0,1.002585,5,0.1977132925238367,
14.0,0.992538,6,0.19710549830932333,
12.0,1.000201,5,0.19863799057649176,
14.0,1.003697,5,0.19765537153874427,
11.0,1.002585,5,0.1977132925238367,
10.0,1.015619,4,0.19863799057649176,
15.0,0.993285,6,0.19557300604215494,
13.0,1.000948,5,0.19710549830932333,
13.0,1.000293,5,0.19557300604215494,
13.0,1.000948,5,0.19710549830932333,
10.0,1.010995,4,0.1977132925238367,
16.0,1.003697,5,0.1976553715387443,
13.0,1.01136,4,0.1991878638059127,
15.0,1.004869,5,0.19557300604215494,
12.0,1.011877,4,0.19557300604215494,
15.0,1.003697,5,0.1976553715387443,
12.0,1.01136,4,0.1991878638059127,
14.0,1.017045,4,0.19800799335664868,
16.0,0.996528,6,0.1959730884378241,
15.0,1.004938,5,0.1959730884378241,
15.0,1.004191,5,0.1975055807049925,
14.0,1.004191,5,0.19750558070499252,
14.0,1.015351,4,0.19805545393441346,
14.0,1.004938,5,0.1959730884378241,
12.0,1.012601,4,0.19750558070499252,
13.0,1.016523,4,0.1959730884378241,
13.0,1.015351,4,0.19805545393441348,
10.0,1.028698,3,0.19840807575231786,
12.0,0.997908,6,0.19649770409480996,
11.0,1.005571,5,0.19803019636197838,
11.0,1.006318,5,0.19649770409480996,
11.0,1.005571,5,0.19803019636197836,
10.0,1.016731,4,0.19858006959139932,
11.0,1.005571,5,0.19803019636197838,
8.0,1.013234,4,0.19956268862914678,
11.0,1.004916,5,0.19649770409480996,
8.0,1.013326,4,0.19649770409480996,
10.0,1.015619,4,0.19863799057649176,
11.0,1.005571,5,0.19803019636197836,
8.0,1.013234,4,0.19956268862914678,
10.0,1.016731,4,0.19858006959139934,
10.0,1.015619,4,0.19863799057649176,
5.0,1.028652,3,0.19956268862914678,
10.0,1.026809,4,0.19803019636197838,
7.0,1.034472,3,0.19956268862914678,
16.0,0.985987,7,0.1955150850570625,
15.0,0.99365,6,0.19704757732423092,
15.0,0.994397,6,0.1955150850570625,
15.0,1.004809,5,0.19759745055365185,
15.0,0.992995,6,0.1955150850570625,
12.0,1.001405,5,0.1955150850570625,
16.0,1.003697,5,0.1976553715387443,
15.0,0.99365,6,0.19704757732423092,
13.0,1.001313,5,0.19858006959139934,
14.0,1.004809,5,0.19759745055365185,
15.0,0.997817,5,0.1976553715387443,
11.0,1.016731,4,0.19858006959139934,
15.0,0.99365,6,0.19704757732423092,
14.0,1.000658,5,0.19704757732423092,
14.0,1.001313,5,0.19858006959139934,
13.0,1.00548,4,0.19918786380591272,
15.0,0.992995,6,0.1955150850570625,
14.0,1.001405,5,0.1955150850570625,
14.0,1.000658,5,0.19704757732423092,
12.0,1.011817,4,0.19759745055365185,
16.0,1.003697,5,0.1976553715387443,
13.0,1.01136,4,0.19918786380591272,
16.0,1.004809,5,0.19759745055365185,
13.0,1.011817,4,0.19759745055365185,
16.0,1.002648,5,0.1955150850570625,
13.0,1.011058,4,0.1955150850570625,
11.0,1.029811,3,0.19926547799548328,
14.0,1.014283,5,0.19612826383054394,
12.0,1.021291,4,0.19612826383054394,
12.0,1.021291,4,0.19612826383054394,
10.0,1.030944,3,0.19612826383054394,
11.0,1.028637,4,0.19759745055365185,
8.0,1.035645,3,0.19759745055365185,
10.0,1.043738,3,0.19868685096680705,
16.0,0.984875,7,0.1955730060421549,
15.0,0.992538,6,0.19710549830932333,
15.0,0.993285,6,0.1955730060421549,
16.0,1.003697,5,0.19765537153874427,
15.0,0.991883,6,0.1955730060421549,
12.0,1.000293,5,0.1955730060421549,
15.0,1.002585,5,0.1977132925238367,
15.0,0.992538,6,0.19710549830932333,
13.0,1.000201,5,0.19863799057649176,
15.0,1.003697,5,0.19765537153874427,
14.0,0.996705,5,0.1977132925238367,
11.0,1.015619,4,0.19863799057649176,
15.0,0.993285,6,0.1955730060421549,
14.0,1.000293,5,0.1955730060421549,
14.0,1.000948,5,0.19710549830932333,
12.0,1.005115,4,0.1977132925238367,
15.0,0.992538,6,0.19710549830932333,
14.0,1.000948,5,0.19710549830932333,
14.0,1.000201,5,0.19863799057649176,
13.0,1.01136,4,0.1991878638059127,
16.0,1.003697,5,0.19765537153874427,
13.0,1.01136,4,0.1991878638059127,
16.0,1.004869,5,0.1955730060421549,
13.0,1.011877,4,0.1955730060421549,
16.0,1.002585,5,0.1977132925238367,
13.0,1.010995,4,0.1977132925238367,
11.0,1.030328,3,0.1992629859780733,
14.0,1.009397,5,0.19627267692131325,
12.0,1.017807,4,0.19627267692131325,
12.0,1.017807,4,0.19627267692131325,
10.0,1.029392,3,0.19627267692131325,
11.0,1.025011,4,0.1977132925238367,
8.0,1.033421,3,0.1977132925238367,
10.0,1.041769,3,0.198747930995252,
11.0,0.997908,6,0.19649770409480993,
10.0,1.005571,5,0.19803019636197836,
10.0,1.006318,5,0.19649770409480993,
11.0,1.016731,4,0.1985800695913993,
10.0,1.004916,5,0.19649770409480993,
7.0,1.013326,4,0.19649770409480993,
11.0,1.015619,4,0.19863799057649173,
10.0,1.005571,5,0.19803019636197836,
8.0,1.013234,4,0.19956268862914678,
11.0,1.016731,4,0.1985800695913993,
11.0,1.009739,4,0.19863799057649173,
5.0,1.028652,3,0.19956268862914678,
14.0,1.012618,5,0.19712269949639152,
12.0,1.019626,4,0.19712269949639152,
12.0,1.020281,4,0.19865519176355995,
11.0,1.024448,3,0.19926298597807332,
14.0,1.010989,5,0.1971831124988939,
12.0,1.019399,4,0.1971831124988939,
12.0,1.018652,4,0.19871560476606231,
11.0,1.029811,3,0.19926547799548325,
10.0,1.026809,4,0.19803019636197836,
7.0,1.034472,3,0.19956268862914678,
14.0,1.012618,5,0.19712269949639152,
12.0,1.020281,4,0.19865519176355995,
12.0,1.019626,4,0.19712269949639152,
11.0,1.030328,3,0.19926298597807332,
10.0,1.028637,4,0.19759745055365185,
7.0,1.035645,3,0.19759745055365185,
10.0,1.043738,3,0.19868685096680702,
14.0,1.010989,5,0.1971831124988939,
12.0,1.018652,4,0.19871560476606231,
12.0,1.019399,4,0.1971831124988939,
11.0,1.029811,3,0.19926547799548325,
10.0,1.025011,4,0.1977132925238367,
7.0,1.033421,3,0.1977132925238367,
10.0,1.041769,3,0.198747930995252,
10.0,1.026809,4,0.19803019636197836,
7.0,1.034472,3,0.19956268862914678,
10.0,1.043738,3,0.19868685096680702,
10.0,1.041769,3,0.198747930995252,
2.0,1.059488,2,0.19956268862914678,
15.0,1.039756,7,0.2079518052438737,
14.0,1.047419,6,0.20948429751104214,
15.0,1.048166,6,0.2079518052438737,
15.0,1.047419,6,0.20948429751104208,
16.0,1.058579,5,0.21003417074046304,
15.0,1.047419,6,0.20948429751104208,
14.0,1.055082,5,0.21101678977821053,
15.0,1.046764,6,0.2079518052438737,
14.0,1.055174,5,0.2079518052438737,
16.0,1.057466,5,0.21009209172555549,
14.0,1.047419,6,0.20948429751104208,
13.0,1.055082,5,0.21101678977821053,
16.0,1.058579,5,0.21003417074046304,
16.0,1.057466,5,0.21009209172555549,
13.0,1.0705,4,0.21101678977821053,
14.0,1.048166,6,0.2079518052438737,
13.0,1.055829,5,0.20948429751104214,
14.0,1.055829,5,0.20948429751104208,
14.0,1.055174,5,0.2079518052438737,
15.0,1.065876,4,0.21009209172555549,
16.0,1.059751,5,0.2079518052438737,
15.0,1.066759,4,0.2079518052438737,
16.0,1.058579,5,0.21003417074046304,
15.0,1.066242,4,0.21156666300763144,
16.0,1.071926,4,0.21038679255836745,
15.0,1.058579,5,0.21003417074046304,
14.0,1.066242,4,0.2115666630076315,
14.0,1.047419,6,0.20948429751104208,
13.0,1.055082,5,0.21101678977821053,
14.0,1.055829,5,0.20948429751104208,
14.0,1.055082,5,0.21101678977821048,
14.0,1.066242,4,0.21156666300763144,
14.0,1.055082,5,0.21101678977821048,
13.0,1.062745,4,0.21254928204537893,
14.0,1.054427,5,0.20948429751104208,
13.0,1.062837,4,0.20948429751104208,
14.0,1.065129,4,0.21162458399272388,
13.0,1.055082,5,0.21101678977821048,
11.0,1.062745,4,0.21254928204537893,
14.0,1.066242,4,0.21156666300763144,
14.0,1.065129,4,0.21162458399272388,
10.0,1.078163,3,0.21254928204537893,
15.0,1.058579,5,0.21003417074046304,
14.0,1.066242,4,0.2115666630076315,
15.0,1.066242,4,0.21156666300763144,
15.0,1.065587,4,0.21003417074046304,
14.0,1.076289,3,0.21217445722214484,
14.0,1.046764,6,0.2079518052438737,
13.0,1.054427,5,0.20948429751104214,
14.0,1.055174,5,0.2079518052438737,
14.0,1.054427,5,0.20948429751104208,
15.0,1.065587,4,0.21003417074046304,
11.0,1.055174,5,0.2079518052438737,
10.0,1.062837,4,0.20948429751104214,
13.0,1.066759,4,0.2079518052438737,
13.0,1.065587,4,0.21003417074046304,
13.0,1.078934,3,0.21038679255836745,
16.0,1.057466,5,0.21009209172555549,
15.0,1.065129,4,0.21162458399272388,
13.0,1.065876,4,0.21009209172555549,
11.0,1.076289,3,0.21217445722214479,
16.0,1.056417,5,0.2079518052438737,
15.0,1.064827,4,0.2079518052438737,
13.0,1.064827,4,0.2079518052438737,
11.0,1.076412,3,0.2079518052438737,
16.0,1.06912,4,0.21049217412122467,
13.0,1.07753,3,0.21049217412122467,
15.0,1.057466,5,0.21009209172555543,
14.0,1.065129,4,0.21162458399272388,
15.0,1.065876,4,0.21009209172555543,
15.0,1.065129,4,0.21162458399272388,
14.0,1.076289,3,0.21217445722214484,
15.0,1.057466,5,0.21009209172555543,
14.0,1.065129,4,0.21162458399272388,
10.0,1.0705,4,0.21101678977821048,
8.0,1.078163,3,0.21254928204537893,
12.0,1.08521,3,0.2116417851797921,
12.0,1.083581,3,0.2117021981822944,
8.0,1.099401,2,0.21254928204537893,
15.0,1.039756,7,0.2079518052438737,
14.0,1.047419,6,0.2094842975110421,
15.0,1.048166,6,0.2079518052438737,
15.0,1.047419,6,0.20948429751104208,
16.0,1.058579,5,0.21003417074046302,
15.0,1.047419,6,0.2094842975110421,
14.0,1.055082,5,0.2110167897782105,
15.0,1.046764,6,0.2079518052438737,
14.0,1.055174,5,0.2079518052438737,
16.0,1.057466,5,0.21009209172555549,
14.0,1.047419,6,0.20948429751104208,
13.0,1.055082,5,0.2110167897782105,
16.0,1.058579,5,0.21003417074046307,
16.0,1.057466,5,0.21009209172555549,
13.0,1.0705,4,0.2110167897782105,
14.0,1.048166,6,0.2079518052438737,
13.0,1.055829,5,0.2094842975110421,
14.0,1.055829,5,0.2094842975110421,
14.0,1.055174,5,0.2079518052438737,
15.0,1.065876,4,0.21009209172555549,
16.0,1.059751,5,0.2079518052438737,
15.0,1.066759,4,0.2079518052438737,
16.0,1.058579,5,0.21003417074046304,
15.0,1.066242,4,0.2115666630076314,
16.0,1.071926,4,0.21038679255836745,
15.0,1.058579,5,0.21003417074046304,
14.0,1.066242,4,0.21156666300763147,
14.0,1.046764,6,0.2079518052438737,
13.0,1.054427,5,0.2094842975110421,
14.0,1.055174,5,0.2079518052438737,
14.0,1.054427,5,0.20948429751104208,
15.0,1.065587,4,0.21003417074046302,
11.0,1.055174,5,0.2079518052438737,
10.0,1.062837,4,0.2094842975110421,
13.0,1.066759,4,0.2079518052438737,
13.0,1.065587,4,0.21003417074046304,
13.0,1.078934,3,0.21038679255836745,
16.0,1.057466,5,0.21009209172555549,
15.0,1.065129,4,0.21162458399272388,
13.0,1.065876,4,0.21009209172555549,
11.0,1.076289,3,0.21217445722214479,
16.0,1.056417,5,0.2079518052438737,
15.0,1.064827,4,0.2079518052438737,
13.0,1.064827,4,0.2079518052438737,
11.0,1.076412,3,0.2079518052438737,
16.0,1.06912,4,0.21049217412122465,
13.0,1.07753,3,0.21049217412122465,
15.0,1.057466,5,0.21009209172555543,
14.0,1.065129,4,0.21162458399272385,
14.0,1.047419,6,0.20948429751104208,
13.0,1.055082,5,0.2110167897782105,
14.0,1.055829,5,0.20948429751104208,
14.0,1.055082,5,0.21101678977821048,
14.0,1.066242,4,0.2115666630076314,
14.0,1.055082,5,0.2110167897782105,
13.0,1.062745,4,0.2125492820453789,
14.0,1.054427,5,0.20948429751104208,
13.0,1.062837,4,0.20948429751104208,
14.0,1.065129,4,0.21162458399272388,
13.0,1.055082,5,0.21101678977821048,
11.0,1.062745,4,0.2125492820453789,
14.0,1.066242,4,0.21156666300763147,
14.0,1.065129,4,0.21162458399272388,
10.0,1.078163,3,0.2125492820453789,
15.0,1.058579,5,0.21003417074046304,
14.0,1.066242,4,0.21156666300763147,
15.0,1.066242,4,0.21156666300763147,
15.0,1.065587,4,0.21003417074046304,
14.0,1.076289,3,0.21217445722214484,
15.0,1.057466,5,0.21009209172555543,
14.0,1.065129,4,0.21162458399272385,
15.0,1.065876,4,0.21009209172555543,
15.0,1.065129,4,0.21162458399272388,
14.0,1.076289,3,0.2121744572221448,
10.0,1.0705,4,0.21101678977821048,
8.0,1.078163,3,0.2125492820453789,
12.0,1.08521,3,0.21164178517979207,
12.0,1.083581,3,0.21170219818229444,
8.0,1.099401,2,0.2125492820453789,
11.0,1.112436,5,0.2194050261923935,
10.0,1.120099,4,0.2209375184595619,
10.0,1.120846,4,0.2194050261923935,
11.0,1.131258,3,0.22148739168898285,
10.0,1.119444,4,0.2194050261923935,
7.0,1.127854,3,0.2194050261923935,
11.0,1.130146,3,0.22154531267407526,
10.0,1.120099,4,0.2209375184595619,
9.0,1.127762,3,0.22247001072673028,
11.0,1.131258,3,0.22148739168898285,
11.0,1.130146,3,0.22154531267407526,
6.0,1.14318,2,0.22247001072673028,
15.0,0.09412,7,0.022210665201456852,
13.0,0.10253,6,0.022210665201456852,
13.0,0.101782,6,0.02374315746862525,
12.0,0.112942,5,0.024293030698046215,
14.0,0.101782,6,0.02374315746862525,
11.0,0.109445,5,0.02527564973579365,
13.0,0.112942,5,0.024293030698046215,
14.0,0.101128,6,0.022210665201456852,
11.0,0.109538,5,0.022210665201456852,
13.0,0.11183,5,0.024350951683138625,
14.0,0.11183,5,0.024350951683138625,
9.0,0.124863,4,0.02527564973579365,
14.0,0.16458,5,0.03461991847458095,
12.0,0.171588,4,0.03461991847458095,
11.0,0.194918,4,0.04467207662802041,
12.0,0.194918,4,0.04467207662802041,
12.0,0.189952,4,0.04855782106232414,
13.0,0.189952,4,0.04855782106232414,
10.0,0.225289,3,0.05303445930003709,
15.0,0.10253,6,0.022210665201456852,
12.0,0.110192,5,0.02374315746862525,
14.0,0.109538,5,0.022210665201456852,
12.0,0.12024,4,0.024350951683138625,
12.0,0.198362,3,0.04855782106232414,
14.0,0.114114,5,0.022210665201456852,
12.0,0.121122,4,0.022210665201456852,
13.0,0.199885,4,0.03936360177265181,
12.0,0.206893,3,0.03936360177265181,
14.0,0.101782,6,0.02374315746862525,
12.0,0.110192,5,0.02374315746862525,
12.0,0.109445,5,0.02527564973579365,
11.0,0.120605,4,0.02582552296521461,
13.0,0.172243,4,0.03615241074174935,
10.0,0.202581,3,0.04620456889518881,
15.0,0.112942,5,0.02429303069804621,
12.0,0.120605,4,0.02582552296521461,
14.0,0.126289,4,0.0246456525159506,
16.0,0.11183,5,0.02435095168313862,
13.0,0.12024,4,0.02435095168313862,
13.0,0.18229,3,0.036760204956262726,
15.0,0.089261,7,0.014519539569353639,
13.0,0.097671,6,0.014519539569353639,
13.0,0.097671,6,0.014519539569353639,
12.0,0.109256,5,0.014519539569353639,
14.0,0.097671,6,0.014519539569353639,
11.0,0.106081,5,0.014519539569353639,
13.0,0.109256,5,0.014519539569353639,
14.0,0.097671,6,0.014519539569353639,
11.0,0.106081,5,0.014519539569353639,
13.0,0.109256,5,0.014519539569353639,
14.0,0.109256,5,0.014519539569353639,
9.0,0.122901,4,0.014519539569353639,
15.0,0.096924,6,0.01605203183652204,
12.0,0.105334,5,0.01605203183652204,
14.0,0.105334,5,0.01605203183652204,
12.0,0.116918,4,0.01605203183652204,
14.0,0.108084,5,0.016601905065943,
12.0,0.116494,4,0.016601905065943,
14.0,0.096924,6,0.016052031836522037,
12.0,0.105334,5,0.016052031836522037,
12.0,0.105334,5,0.016052031836522037,
11.0,0.116918,4,0.016052031836522037,
15.0,0.108084,5,0.016601905065943,
12.0,0.116494,4,0.016601905065943,
14.0,0.121431,4,0.016954526883847385,
16.0,0.108084,5,0.016601905065943,
13.0,0.116494,4,0.016601905065943,
10.0,0.13638,3,0.017215083839424425,
13.0,0.159722,5,0.02692879284247774,
11.0,0.168132,4,0.02692879284247774,
12.0,0.167385,4,0.02846128510964614,
13.0,0.178544,3,0.029011158339067103,
11.0,0.195026,4,0.03167247614054859,
9.0,0.202689,3,0.033204968407716993,
12.0,0.195026,4,0.03167247614054859,
12.0,0.195026,4,0.0316724761405486,
11.0,0.202689,3,0.033204968407716993,
13.0,0.195026,4,0.03167247614054859,
10.0,0.230379,3,0.036013668172452544,
13.0,0.190059,4,0.036980950995917194,
12.0,0.198469,3,0.036980950995917194,
11.0,0.260798,2,0.04548504351529967,
15.0,0.128824,6,0.03180301590250908,
14.0,0.136487,5,0.03333550816967748,
14.0,0.137234,5,0.03180301590250908,
14.0,0.136487,5,0.03333550816967748,
14.0,0.147646,4,0.03388538139909844,
14.0,0.136487,5,0.03333550816967748,
11.0,0.14415,4,0.034868000436845875,
14.0,0.135832,5,0.03180301590250908,
11.0,0.144242,4,0.03180301590250908,
14.0,0.146534,4,0.03394330238419085,
14.0,0.136487,5,0.03333550816967748,
13.0,0.14415,4,0.034868000436845875,
13.0,0.147646,4,0.03388538139909844,
14.0,0.146534,4,0.03394330238419085,
10.0,0.159568,3,0.034868000436845875,
10.0,0.259993,2,0.06262681000108936,
15.0,1.112436,5,0.2194050261923934,
14.0,1.120099,4,0.22093751845956183,
14.0,1.120846,4,0.2194050261923934,
14.0,1.120099,4,0.2209375184595618,
13.0,1.131258,3,0.22148739168898274,
14.0,1.120099,4,0.22093751845956183,
11.0,1.127762,3,0.22247001072673023,
14.0,1.119444,4,0.2194050261923934,
11.0,1.127854,3,0.2194050261923934,
13.0,1.130146,3,0.2215453126740752,
14.0,1.120099,4,0.2209375184595618,
11.0,1.127762,3,0.22247001072673023,
13.0,1.131258,3,0.22148739168898277,
13.0,1.130146,3,0.22154531267407518,
8.0,1.14318,2,0.22247001072673023,
9.0,1.185203,3,0.22971183034548354,
6.0,1.192866,2,0.23124432261265193,
15.0,0.09412,7,0.022210665201456852,
13.0,0.10253,6,0.022210665201456852,
14.0,0.101782,6,0.02374315746862525,
13.0,0.112942,5,0.024293030698046215,
13.0,0.101782,6,0.02374315746862525,
11.0,0.109445,5,0.02527564973579365,
12.0,0.112942,5,0.024293030698046215,
14.0,0.101128,6,0.022210665201456852,
11.0,0.109538,5,0.022210665201456852,
14.0,0.11183,5,0.024350951683138625,
13.0,0.11183,5,0.024350951683138625,
9.0,0.124863,4,0.02527564973579365,
14.0,0.16458,5,0.03461991847458095,
12.0,0.171588,4,0.03461991847458095,
12.0,0.194918,4,0.04467207662802041,
11.0,0.194918,4,0.04467207662802041,
13.0,0.189952,4,0.04855782106232414,
12.0,0.189952,4,0.04855782106232414,
10.0,0.225289,3,0.05303445930003709,
15.0,0.10253,6,0.022210665201456852,
12.0,0.110192,5,0.02374315746862525,
14.0,0.109538,5,0.022210665201456852,
12.0,0.12024,4,0.024350951683138625,
12.0,0.198362,3,0.04855782106232414,
14.0,0.114114,5,0.022210665201456852,
12.0,0.121122,4,0.022210665201456852,
13.0,0.199885,4,0.03936360177265181,
12.0,0.206893,3,0.03936360177265181,
14.0,0.101782,6,0.02374315746862525,
12.0,0.110192,5,0.02374315746862525,
12.0,0.109445,5,0.02527564973579365,
11.0,0.120605,4,0.025825522965214613,
13.0,0.172243,4,0.03615241074174935,
10.0,0.202581,3,0.04620456889518881,
15.0,0.112942,5,0.02429303069804621,
12.0,0.120605,4,0.02582552296521461,
14.0,0.126289,4,0.0246456525159506,
16.0,0.11183,5,0.024350951683138625,
13.0,0.12024,4,0.024350951683138625,
13.0,0.18229,3,0.03676020495626273,
15.0,0.098979,7,0.02820029092173673,
14.0,0.107389,6,0.02820029092173673,
13.0,0.106642,6,0.02973278318890513,
13.0,0.117802,5,0.030282656418326094,
14.0,0.106642,6,0.02973278318890513,
11.0,0.114305,5,0.03126527545607353,
14.0,0.117802,5,0.030282656418326094,
13.0,0.105987,6,0.02820029092173673,
11.0,0.114397,5,0.02820029092173673,
12.0,0.116689,5,0.0303405774034185,
13.0,0.116689,5,0.0303405774034185,
9.0,0.129723,4,0.03126527545607353,
14.0,0.106642,6,0.02973278318890513,
12.0,0.114305,5,0.03126527545607353,
12.0,0.11365,5,0.02973278318890513,
11.0,0.124352,4,0.031873069670586895,
16.0,0.117802,5,0.030282656418326094,
13.0,0.12481,4,0.030282656418326094,
15.0,0.105987,6,0.02820029092173673,
14.0,0.114397,5,0.02820029092173673,
12.0,0.11365,5,0.02973278318890513,
12.0,0.12481,4,0.030282656418326094,
15.0,0.116689,5,0.030340577403418504,
12.0,0.124352,4,0.0318730696705869,
14.0,0.11564,5,0.02820029092173673,
12.0,0.12405,4,0.02820029092173673,
14.0,0.128343,4,0.030740659799087716,
15.0,0.16944,5,0.04060954419486083,
14.0,0.176448,4,0.04060954419486083,
13.0,0.176448,4,0.04060954419486083,
13.0,0.186101,3,0.04060954419486083,
12.0,0.199777,4,0.05066170234830028,
12.0,0.206785,3,0.05066170234830028,
13.0,0.199777,4,0.05066170234830028,
11.0,0.194812,4,0.054547446782604,
10.0,0.202475,3,0.0560799390497724,
12.0,0.194812,4,0.054547446782604,
10.0,0.230149,3,0.05902408502031696,
13.0,0.138563,6,0.041966300119474303,
12.0,0.145571,5,0.041966300119474303,
12.0,0.145571,5,0.041966300119474303,
11.0,0.155224,4,0.041966300119474303,
12.0,0.145571,5,0.041966300119474303,
9.0,0.152579,4,0.041966300119474303,
11.0,0.155224,4,0.041966300119474303,
12.0,0.145571,5,0.041966300119474303,
9.0,0.152579,4,0.041966300119474303,
11.0,0.155224,4,0.041966300119474303,
11.0,0.155224,4,0.041966300119474303,
6.0,0.166595,3,0.041966300119474303,
7.0,0.259789,2,0.0792426951644583,
15.0,0.098979,7,0.02820029092173673,
14.0,0.107389,6,0.02820029092173673,
14.0,0.106642,6,0.02973278318890513,
14.0,0.117802,5,0.030282656418326094,
13.0,0.106642,6,0.02973278318890513,
11.0,0.114305,5,0.03126527545607353,
13.0,0.117802,5,0.030282656418326094,
13.0,0.105987,6,0.02820029092173673,
11.0,0.114397,5,0.02820029092173673,
13.0,0.116689,5,0.0303405774034185,
12.0,0.116689,5,0.0303405774034185,
9.0,0.129723,4,0.03126527545607353,
14.0,0.106642,6,0.02973278318890513,
12.0,0.114305,5,0.03126527545607353,
12.0,0.11365,5,0.02973278318890513,
11.0,0.124352,4,0.031873069670586895,
16.0,0.117802,5,0.030282656418326094,
13.0,0.12481,4,0.030282656418326094,
15.0,0.105987,6,0.02820029092173673,
14.0,0.114397,5,0.02820029092173673,
12.0,0.11365,5,0.02973278318890513,
12.0,0.12481,4,0.030282656418326094,
15.0,0.116689,5,0.030340577403418504,
12.0,0.124352,4,0.0318730696705869,
14.0,0.11564,5,0.02820029092173673,
12.0,0.12405,4,0.02820029092173673,
14.0,0.128343,4,0.030740659799087716,
15.0,0.16944,5,0.04060954419486083,
14.0,0.176448,4,0.04060954419486083,
13.0,0.176448,4,0.04060954419486083,
13.0,0.186101,3,0.04060954419486083,
13.0,0.199777,4,0.05066170234830028,
12.0,0.199777,4,0.05066170234830028,
12.0,0.206785,3,0.05066170234830028,
12.0,0.194812,4,0.054547446782604,
11.0,0.194812,4,0.054547446782604,
10.0,0.202475,3,0.0560799390497724,
10.0,0.230149,3,0.05902408502031696,
13.0,0.128824,6,0.031803015902509085,
12.0,0.137234,5,0.031803015902509085,
12.0,0.136487,5,0.03333550816967748,
11.0,0.147646,4,0.03388538139909844,
12.0,0.136487,5,0.03333550816967748,
9.0,0.14415,4,0.034868000436845875,
11.0,0.147646,4,0.03388538139909844,
12.0,0.135832,5,0.031803015902509085,
8.0,0.144242,4,0.031803015902509085,
11.0,0.146534,4,0.033943302384190854,
11.0,0.146534,4,0.033943302384190854,
6.0,0.159568,3,0.034868000436845875,
12.0,0.199285,4,0.04421226917563319,
9.0,0.206293,3,0.04421226917563319,
10.0,0.229622,3,0.05426442732907264,
10.0,0.229622,3,0.05426442732907264,
10.0,0.224656,3,0.05815017176337636,
10.0,0.224656,3,0.05815017176337636,
6.0,0.259993,2,0.06262681000108931,
13.0,1.123652,5,0.2210739349504676,
12.0,1.13066,4,0.2210739349504676,
12.0,1.13066,4,0.2210739349504676,
11.0,1.140313,3,0.2210739349504676,
12.0,1.13066,4,0.2210739349504676,
9.0,1.137668,3,0.2210739349504676,
11.0,1.140313,3,0.2210739349504676,
12.0,1.13066,4,0.2210739349504676,
9.0,1.137668,3,0.2210739349504676,
11.0,1.140313,3,0.2210739349504676,
11.0,1.140313,3,0.2210739349504676,
5.0,1.151684,2,0.2210739349504676,
13.0,1.112436,5,0.21940502619239338,
12.0,1.120846,4,0.21940502619239338,
12.0,1.120099,4,0.2209375184595618,
11.0,1.131258,3,0.22148739168898274,
12.0,1.120099,4,0.2209375184595618,
9.0,1.127762,3,0.2224700107267302,
11.0,1.131258,3,0.22148739168898274,
12.0,1.119444,4,0.21940502619239338,
8.0,1.127854,3,0.21940502619239338,
11.0,1.130146,3,0.22154531267407515,
11.0,1.130146,3,0.22154531267407515,
6.0,1.14318,2,0.2224700107267302,
12.0,1.190818,3,0.23047976406132947,
9.0,1.197826,2,0.23047976406132947,
13.0,1.190818,3,0.23047976406132947,
10.0,1.197826,2,0.23047976406132947,
15.0,0.089261,7,0.014519539569353639,
13.0,0.097671,6,0.014519539569353639,
14.0,0.097671,6,0.014519539569353639,
13.0,0.109256,5,0.014519539569353639,
13.0,0.097671,6,0.014519539569353639,
11.0,0.106081,5,0.014519539569353639,
12.0,0.109256,5,0.014519539569353639,
14.0,0.097671,6,0.014519539569353639,
11.0,0.106081,5,0.014519539569353639,
14.0,0.109256,5,0.014519539569353639,
13.0,0.109256,5,0.014519539569353639,
9.0,0.122901,4,0.014519539569353639,
15.0,0.096924,6,0.016052031836522037,
12.0,0.105334,5,0.016052031836522037,
14.0,0.105334,5,0.016052031836522037,
12.0,0.116918,4,0.016052031836522037,
14.0,0.108084,5,0.016601905065943,
12.0,0.116494,4,0.016601905065943,
14.0,0.096924,6,0.016052031836522037,
12.0,0.105334,5,0.016052031836522037,
12.0,0.105334,5,0.016052031836522037,
11.0,0.116918,4,0.016052031836522037,
15.0,0.108084,5,0.016601905065943,
12.0,0.116494,4,0.016601905065943,
14.0,0.121431,4,0.016954526883847385,
16.0,0.108084,5,0.016601905065943,
13.0,0.116494,4,0.016601905065943,
10.0,0.13638,3,0.017215083839424425,
13.0,0.159722,5,0.02692879284247774,
12.0,0.167385,4,0.02846128510964614,
11.0,0.168132,4,0.02692879284247774,
13.0,0.178544,3,0.029011158339067103,
12.0,0.195026,4,0.03167247614054859,
13.0,0.190059,4,0.036980950995917194,
12.0,0.198469,3,0.036980950995917194,
11.0,0.195026,4,0.03167247614054859,
9.0,0.202689,3,0.033204968407716993,
13.0,0.195026,4,0.0316724761405486,
12.0,0.195026,4,0.03167247614054859,
11.0,0.202689,3,0.03320496840771699,
10.0,0.230379,3,0.036013668172452544,
11.0,0.260798,2,0.04548504351529966,
15.0,0.089261,7,0.014519539569353625,
14.0,0.097671,6,0.014519539569353625,
13.0,0.097671,6,0.014519539569353625,
13.0,0.109256,5,0.014519539569353625,
14.0,0.097671,6,0.014519539569353625,
11.0,0.106081,5,0.014519539569353625,
14.0,0.109256,5,0.014519539569353625,
13.0,0.097671,6,0.014519539569353625,
11.0,0.106081,5,0.014519539569353625,
12.0,0.109256,5,0.014519539569353625,
13.0,0.109256,5,0.014519539569353625,
9.0,0.122901,4,0.014519539569353625,
14.0,0.096924,6,0.016052031836522023,
12.0,0.105334,5,0.016052031836522023,
12.0,0.105334,5,0.016052031836522023,
11.0,0.116918,4,0.016052031836522023,
16.0,0.108084,5,0.016601905065942987,
13.0,0.116494,4,0.016601905065942987,
15.0,0.096924,6,0.016052031836522023,
14.0,0.105334,5,0.016052031836522023,
12.0,0.105334,5,0.016052031836522023,
12.0,0.116918,4,0.016052031836522023,
15.0,0.108084,5,0.016601905065942984,
12.0,0.116494,4,0.016601905065942984,
14.0,0.108084,5,0.016601905065942984,
12.0,0.116494,4,0.016601905065942984,
14.0,0.121431,4,0.016954526883847368,
10.0,0.13638,3,0.01721508383942441,
14.0,0.159722,5,0.026928792842477726,
14.0,0.167385,4,0.028461285109646125,
12.0,0.168132,4,0.026928792842477726,
13.0,0.178544,3,0.029011158339067086,
12.0,0.195026,4,0.03167247614054858,
11.0,0.202689,3,0.03320496840771697,
13.0,0.195026,4,0.03167247614054858,
11.0,0.195026,4,0.03167247614054858,
9.0,0.202689,3,0.03320496840771698,
12.0,0.195026,4,0.03167247614054858,
10.0,0.230379,3,0.03601366817245253,
11.0,0.260798,2,0.04548504351529965,
13.0,0.128824,6,0.03180301590250907,
12.0,0.135832,5,0.03180301590250907,
12.0,0.136487,5,0.033335508169677466,
11.0,0.146534,4,0.03394330238419084,
12.0,0.136487,5,0.033335508169677466,
9.0,0.14415,4,0.03486800043684587,
11.0,0.146534,4,0.03394330238419084,
12.0,0.137234,5,0.03180301590250907,
8.0,0.144242,4,0.03180301590250907,
11.0,0.147646,4,0.03388538139909843,
11.0,0.147646,4,0.03388538139909843,
6.0,0.159568,3,0.03486800043684587,
7.0,0.259993,2,0.06262681000108934,
15.0,0.089261,7,0.014519539569353625,
14.0,0.097671,6,0.014519539569353625,
14.0,0.097671,6,0.014519539569353625,
14.0,0.109256,5,0.014519539569353625,
13.0,0.097671,6,0.014519539569353625,
11.0,0.106081,5,0.014519539569353625,
13.0,0.109256,5,0.014519539569353625,
13.0,0.097671,6,0.014519539569353625,
11.0,0.106081,5,0.014519539569353625,
13.0,0.109256,5,0.014519539569353625,
12.0,0.109256,5,0.014519539569353625,
9.0,0.122901,4,0.014519539569353625,
14.0,0.096924,6,0.016052031836522023,
12.0,0.105334,5,0.016052031836522023,
12.0,0.105334,5,0.016052031836522023,
11.0,0.116918,4,0.016052031836522023,
16.0,0.108084,5,0.016601905065942984,
13.0,0.116494,4,0.016601905065942984,
15.0,0.096924,6,0.016052031836522023,
14.0,0.105334,5,0.016052031836522023,
12.0,0.105334,5,0.016052031836522023,
12.0,0.116918,4,0.016052031836522023,
15.0,0.108084,5,0.016601905065942984,
12.0,0.116494,4,0.016601905065942984,
14.0,0.108084,5,0.016601905065942984,
12.0,0.116494,4,0.016601905065942984,
14.0,0.121431,4,0.016954526883847368,
10.0,0.13638,3,0.017215083839424404,
14.0,0.159722,5,0.026928792842477726,
14.0,0.167385,4,0.028461285109646125,
12.0,0.168132,4,0.026928792842477726,
13.0,0.178544,3,0.029011158339067086,
13.0,0.195026,4,0.03167247614054858,
12.0,0.195026,4,0.03167247614054858,
11.0,0.202689,3,0.03320496840771698,
12.0,0.195026,4,0.03167247614054858,
11.0,0.195026,4,0.03167247614054858,
9.0,0.202689,3,0.03320496840771697,
10.0,0.230379,3,0.03601366817245253,
11.0,0.260798,2,0.045485043515299646,
13.0,0.119091,6,0.018211178352165274,
11.0,0.127501,5,0.018211178352165274,
12.0,0.127501,5,0.018211178352165274,
11.0,0.139085,4,0.018211178352165274,
12.0,0.127501,5,0.018211178352165274,
9.0,0.135911,4,0.018211178352165274,
11.0,0.139085,4,0.018211178352165274,
11.0,0.127501,5,0.018211178352165274,
8.0,0.135911,4,0.018211178352165274,
11.0,0.139085,4,0.018211178352165274,
11.0,0.139085,4,0.018211178352165274,
6.0,0.152731,3,0.018211178352165274,
11.0,0.189552,4,0.030620431625289376,
8.0,0.197962,3,0.030620431625289376,
10.0,0.224856,3,0.035364114923360224,
10.0,0.224856,3,0.035364114923360224,
10.0,0.224856,3,0.035364114923360224,
10.0,0.224856,3,0.035364114923360224,
4.0,0.260209,2,0.039705306955264176,
15.0,0.153831,5,0.029266337955735792,
13.0,0.162241,4,0.029266337955735792,
13.0,0.162241,4,0.029266337955735792,
11.0,0.173826,3,0.029266337955735792,
11.0,0.259596,2,0.046419274526930746,
15.0,0.153831,5,0.02926633795573579,
13.0,0.162241,4,0.02926633795573579,
13.0,0.162241,4,0.02926633795573579,
11.0,0.173826,3,0.02926633795573579,
11.0,0.259596,2,0.046419274526930746,
12.0,0.188625,4,0.038378533176811315,
9.0,0.197035,3,0.038378533176811315,
13.0,1.112436,5,0.21940502619239355,
12.0,1.119444,4,0.21940502619239355,
12.0,1.120099,4,0.22093751845956194,
11.0,1.130146,3,0.22154531267407535,
12.0,1.120099,4,0.22093751845956194,
9.0,1.127762,3,0.22247001072673037,
11.0,1.130146,3,0.22154531267407535,
12.0,1.120846,4,0.21940502619239355,
8.0,1.127854,3,0.21940502619239355,
11.0,1.131258,3,0.2214873916889829,
11.0,1.131258,3,0.2214873916889829,
6.0,1.14318,2,0.22247001072673037,
13.0,1.101223,5,0.2176307022285848,
12.0,1.109633,4,0.2176307022285848,
12.0,1.109633,4,0.2176307022285848,
11.0,1.121217,3,0.2176307022285848,
12.0,1.109633,4,0.2176307022285848,
9.0,1.118043,3,0.2176307022285848,
11.0,1.121217,3,0.2176307022285848,
12.0,1.109633,4,0.2176307022285848,
9.0,1.118043,3,0.2176307022285848,
11.0,1.121217,3,0.2176307022285848,
11.0,1.121217,3,0.2176307022285848,
5.0,1.134863,2,0.2176307022285848,
13.0,1.179588,3,0.228920752352394,
10.0,1.187998,2,0.228920752352394,
15.0,0.153831,5,0.02926633795573579,
13.0,0.162241,4,0.02926633795573579,
13.0,0.162241,4,0.02926633795573579,
11.0,0.173826,3,0.02926633795573579,
13.0,0.224292,3,0.041675591228859894,
11.0,0.259596,2,0.04641927452693075,
12.0,0.188625,4,0.038378533176811315,
9.0,0.197035,3,0.038378533176811315,
11.0,0.223472,3,0.046648304898884094,
13.0,1.179588,3,0.22892075235239392,
10.0,1.187998,2,0.22892075235239392,
15.0,0.128824,6,0.03180301590250908,
14.0,0.136487,5,0.03333550816967747,
14.0,0.137234,5,0.03180301590250908,
14.0,0.136487,5,0.03333550816967748,
14.0,0.147646,4,0.03388538139909844,
14.0,0.136487,5,0.03333550816967747,
11.0,0.14415,4,0.034868000436845875,
14.0,0.135832,5,0.03180301590250908,
11.0,0.144242,4,0.03180301590250908,
14.0,0.146534,4,0.033943302384190854,
14.0,0.136487,5,0.03333550816967748,
13.0,0.14415,4,0.034868000436845875,
13.0,0.147646,4,0.03388538139909844,
14.0,0.146534,4,0.033943302384190854,
10.0,0.159568,3,0.034868000436845875,
10.0,0.259993,2,0.06262681000108934,
19.0,1.039756,7,0.20795180524387363,
18.0,1.047419,6,0.20948429751104206,
18.0,1.048166,6,0.20795180524387363,
18.0,1.047419,6,0.20948429751104208,
19.0,1.058579,5,0.21003417074046302,
18.0,1.047419,6,0.20948429751104206,
16.0,1.055082,5,0.21101678977821045,
18.0,1.046764,6,0.20795180524387363,
16.0,1.055174,5,0.20795180524387363,
19.0,1.057466,5,0.21009209172555543,
18.0,1.047419,6,0.20948429751104203,
17.0,1.055082,5,0.21101678977821045,
18.0,1.058579,5,0.21003417074046302,
18.0,1.057466,5,0.21009209172555543,
15.0,1.0705,4,0.21101678977821045,
18.0,1.048166,6,0.20795180524387363,
17.0,1.055829,5,0.20948429751104208,
17.0,1.055174,5,0.20795180524387363,
17.0,1.055829,5,0.20948429751104203,
17.0,1.065876,4,0.21009209172555543,
19.0,1.058579,5,0.210034170740463,
18.0,1.066242,4,0.21156666300763138,
19.0,1.059751,5,0.20795180524387363,
17.0,1.066759,4,0.20795180524387363,
19.0,1.058579,5,0.21003417074046302,
17.0,1.066242,4,0.21156666300763144,
18.0,1.071926,4,0.2103867925583674,
18.0,1.046764,6,0.20795180524387363,
17.0,1.055174,5,0.20795180524387363,
17.0,1.054427,5,0.20948429751104206,
17.0,1.054427,5,0.20948429751104203,
17.0,1.065587,4,0.21003417074046302,
15.0,1.055174,5,0.20795180524387363,
14.0,1.062837,4,0.20948429751104203,
17.0,1.066759,4,0.20795180524387363,
17.0,1.065587,4,0.21003417074046302,
15.0,1.078934,3,0.2103867925583674,
19.0,1.057466,5,0.21009209172555543,
18.0,1.065129,4,0.21162458399272382,
18.0,1.047419,6,0.20948429751104206,
17.0,1.055082,5,0.21101678977821048,
17.0,1.055829,5,0.20948429751104206,
17.0,1.055082,5,0.2110167897782105,
17.0,1.066242,4,0.21156666300763144,
17.0,1.055082,5,0.21101678977821048,
15.0,1.062745,4,0.21254928204537887,
17.0,1.054427,5,0.20948429751104206,
15.0,1.062837,4,0.20948429751104206,
17.0,1.065129,4,0.21162458399272385,
17.0,1.055082,5,0.21101678977821045,
14.0,1.062745,4,0.21254928204537887,
16.0,1.066242,4,0.21156666300763144,
16.0,1.065129,4,0.21162458399272385,
12.0,1.078163,3,0.21254928204537887,
19.0,1.058579,5,0.210034170740463,
18.0,1.066242,4,0.21156666300763144,
18.0,1.065587,4,0.210034170740463,
17.0,1.066242,4,0.21156666300763138,
16.0,1.076289,3,0.21217445722214479,
19.0,1.051586,5,0.21009209172555543,
18.0,1.059996,4,0.21009209172555543,
18.0,1.059249,4,0.21162458399272385,
17.0,1.059249,4,0.21162458399272382,
16.0,1.070409,3,0.2121744572221448,
14.0,1.0705,4,0.21101678977821048,
12.0,1.078163,3,0.21254928204537887,
19.0,1.057466,5,0.21009209172555543,
17.0,1.065876,4,0.21009209172555543,
17.0,1.065129,4,0.21162458399272385,
13.0,1.076289,3,0.2121744572221448,
16.0,1.08521,3,0.21164178517979204,
19.0,1.056417,5,0.20795180524387363,
17.0,1.064827,4,0.20795180524387363,
17.0,1.064827,4,0.20795180524387363,
13.0,1.076412,3,0.20795180524387363,
16.0,1.083581,3,0.2117021981822944,
18.0,1.06912,4,0.21049217412122462,
15.0,1.07753,3,0.21049217412122462,
10.0,1.099401,2,0.21254928204537887,
15.0,1.112436,5,0.2194050261923934,
14.0,1.120099,4,0.22093751845956183,
14.0,1.120846,4,0.2194050261923934,
14.0,1.120099,4,0.2209375184595618,
13.0,1.131258,3,0.22148739168898274,
14.0,1.120099,4,0.22093751845956183,
11.0,1.127762,3,0.22247001072673023,
14.0,1.119444,4,0.2194050261923934,
11.0,1.127854,3,0.2194050261923934,
13.0,1.130146,3,0.2215453126740752,
14.0,1.120099,4,0.2209375184595618,
11.0,1.127762,3,0.22247001072673023,
13.0,1.131258,3,0.22148739168898277,
13.0,1.130146,3,0.22154531267407518,
8.0,1.14318,2,0.22247001072673023,
9.0,1.185203,3,0.22971183034548354,
6.0,1.192866,2,0.23124432261265193,
13.0,1.190818,3,0.23047976406132947,
10.0,1.197826,2,0.23047976406132947,
15.0,0.153831,5,0.02926633795573579,
13.0,0.162241,4,0.02926633795573579,
13.0,0.162241,4,0.02926633795573579,
11.0,0.173826,3,0.02926633795573579,
13.0,0.224292,3,0.041675591228859894,
11.0,0.259596,2,0.04641927452693075,
12.0,0.188625,4,0.03837853317681132,
9.0,0.197035,3,0.03837853317681132,
11.0,0.223472,3,0.04664830489888412,
13.0,1.179588,3,0.22892075235239398,
10.0,1.187998,2,0.22892075235239398,
12.0,0.128824,6,0.03180301590250907,
11.0,0.136487,5,0.033335508169677466,
11.0,0.137234,5,0.03180301590250907,
12.0,0.147646,4,0.03388538139909843,
11.0,0.135832,5,0.03180301590250907,
8.0,0.144242,4,0.03180301590250907,
12.0,0.146534,4,0.03394330238419085,
11.0,0.136487,5,0.033335508169677466,
10.0,0.14415,4,0.03486800043684586,
12.0,0.147646,4,0.03388538139909843,
12.0,0.140654,4,0.03394330238419085,
7.0,0.159568,3,0.03486800043684586,
12.0,0.199285,4,0.04421226917563317,
9.0,0.206293,3,0.04421226917563317,
8.0,0.259993,2,0.06262681000108934,
11.0,0.188625,4,0.038378533176811315,
8.0,0.197035,3,0.038378533176811315,
8.0,0.259086,2,0.05078778644993542,
10.0,0.223472,3,0.046648304898884135,
10.0,0.223472,3,0.046648304898884135,
5.0,0.258371,2,0.054334495727106434,
12.0,1.112436,5,0.21940502619239333,
11.0,1.120099,4,0.22093751845956175,
11.0,1.120846,4,0.21940502619239333,
12.0,1.131258,3,0.22148739168898268,
11.0,1.119444,4,0.21940502619239333,
8.0,1.127854,3,0.21940502619239333,
12.0,1.130146,3,0.22154531267407512,
11.0,1.120099,4,0.22093751845956175,
9.0,1.127762,3,0.22247001072673017,
12.0,1.131258,3,0.22148739168898268,
12.0,1.124266,3,0.22154531267407512,
6.0,1.14318,2,0.22247001072673017,
9.0,1.185203,3,0.22971183034548354,
6.0,1.192866,2,0.23124432261265196,
13.0,1.190818,3,0.23047976406132947,
10.0,1.197826,2,0.23047976406132947,
12.0,1.179588,3,0.22892075235239398,
9.0,1.187998,2,0.22892075235239398,
9.0,1.185203,3,0.22971183034548354,
6.0,1.192866,2,0.23124432261265196,
2.0,1.258056,1,0.23928011206231709,
